id,date,x_s,UTM_E,UTM_N
usa_NC_0049_0230,14-Mar-1962,42.7317204441025,422353.887569613,4045349.77482165
usa_NC_0049_0229,14-Mar-1962,30.3187543453651,422369.084681717,4045210.37559949
usa_NC_0049_0228,14-Mar-1962,21.1869366943826,422380.622481618,4045106.03365547
usa_NC_0049_0227,14-Mar-1962,15.1766600744167,422393.455859315,4045011.13834244
usa_NC_0049_0226,14-Mar-1962,19.7424595914461,422412.139325549,4044940.93997795
usa_NC_0049_0225,14-Mar-1962,15.953172935948,422418.194793266,4044891.29825617
usa_NC_0049_0224,01-Jan-1925,-26.8766980735888,422385.536552955,4044836.15825649
usa_NC_0049_0223,14-Mar-1962,15.2321620769877,422437.105873183,4044792.98060411
usa_NC_0049_0222,14-Mar-1962,2.57996571627804,422434.372637632,4044742.0906767
usa_NC_0049_0221,14-Mar-1962,3.08908626877928,422444.690522935,4044693.05432185
usa_NC_0049_0220,14-Mar-1962,-2.68489508389371,422448.777912033,4044643.13309191
usa_NC_0049_0219,14-Mar-1962,-6.95899034017921,422454.352630049,4044593.4230935
usa_NC_0049_0218,14-Mar-1962,-3.05205420385121,422468.042604781,4044544.85164364
usa_NC_0049_0217,14-Mar-1962,-1.88036413791045,422479.027445472,4044495.85889132
usa_NC_0049_0216,01-Jan-1925,-45.528915076588,422445.57115211,4044440.53467122
usa_NC_0049_0215,14-Mar-1962,-13.3772365022685,422487.273630345,4044395.91981552
usa_NC_0049_0214,14-Mar-1962,-20.6632635280819,422489.872635539,4044345.73057954
usa_NC_0049_0213,14-Mar-1962,-24.4363069391193,422495.954819823,4044296.03805235
usa_NC_0049_0212,14-Mar-1962,-22.744441581245,422507.45483241,4044247.12180225
usa_NC_0049_0211,14-Mar-1962,-23.1262856369707,422516.898746983,4044197.91225641
usa_NC_0049_0210,14-Mar-1962,-27.4635965858875,422522.421454271,4044148.13992994
usa_NC_0049_0209,14-Mar-1962,-28.4250646728443,422531.290582011,4044098.84883205
usa_NC_0049_0208,14-Mar-1962,-29.612413520132,422539.935665586,4044049.52619571
usa_NC_0049_0207,14-Mar-1962,-35.1101827419443,422544.308274649,4043999.58721417
usa_NC_0049_0206,14-Mar-1962,-38.7622243026217,422550.510449296,4043949.91172011
usa_NC_0049_0205,14-Mar-1962,-34.6282372025195,422564.429299554,4043901.35360267
usa_NC_0049_0204,14-Mar-1962,-34.4924851817844,422574.385160382,4043852.22353883
usa_NC_0049_0203,14-Mar-1962,-32.365845126776,422586.313752254,4043803.38130717
usa_NC_0049_0202,14-Mar-1962,-32.1325828036146,422596.365679133,4043754.26811805
usa_NC_0049_0201,14-Mar-1962,-30.901543370142,422607.406071936,4043705.30024032
usa_NC_0049_0200,01-Jan-1925,-105.124336771334,422543.680527432,4043645.42487767
usa_NC_0049_0199,14-Mar-1962,-47.2208658097463,422610.87653918,4043604.65019049
usa_NC_0049_0198,14-Mar-1962,-55.4444451687141,422612.549101418,4043554.31260262
usa_NC_0049_0197,14-Mar-1962,-62.9812215574096,422614.902560631,4043504.07251917
usa_NC_0049_0196,14-Mar-1962,-66.8569065506439,422620.883507512,4043454.36281013
usa_NC_0049_0195,14-Mar-1962,-69.4242168427876,422628.160711416,4043404.84318609
usa_NC_0049_0194,14-Mar-1962,-73.0768034696866,422634.362787251,4043355.16540488
usa_NC_0049_0193,14-Mar-1962,-74.4574362436441,422642.815512832,4043305.81901235
usa_NC_0049_0192,14-Mar-1962,-78.231976001275,422648.896865336,4043256.12301138
usa_NC_0049_0191,14-Mar-1962,-79.7657741593488,422657.197817437,4043206.75449988
usa_NC_0049_0190,14-Mar-1962,-80.0011413529847,422666.784762952,4043157.57669035
usa_NC_0049_0189,14-Mar-1962,-82.1622912232718,422674.464190178,4043108.11695236
usa_NC_0049_0188,14-Mar-1962,-82.9426654298088,422683.511111607,4043058.86028632
usa_NC_0049_0187,14-Mar-1962,-94.6094528528338,422681.776585971,4043008.00128693
usa_NC_0049_0186,14-Mar-1962,-103.37760093209,422682.913369593,4042957.56583338
usa_NC_0049_0185,14-Mar-1962,-106.271023956773,422689.868215318,4042907.99515629
usa_NC_0049_0184,14-Mar-1962,-110.140670520102,422695.856429591,4042858.27989448
usa_NC_0049_0183,14-Mar-1962,-106.035055199316,422709.741742085,4042809.7448226
usa_NC_0049_0182,14-Mar-1962,-111.145655076368,422714.501168978,4042759.84590463
usa_NC_0049_0181,14-Mar-1962,-110.576590806842,422724.884269976,4042710.78909734
usa_NC_0049_0180,14-Mar-1962,-117.210700062567,422728.1355596,4042660.66252371
usa_NC_0049_0179,14-Mar-1962,-130.206073382874,422725.089436231,4042609.58706602
usa_NC_0049_0178,14-Mar-1962,-137.553559079138,422727.635473265,4042559.34925996
usa_NC_0049_0177,14-Mar-1962,-140.202402679113,422734.833284805,4042509.81085536
usa_NC_0049_0176,14-Mar-1962,-141.096039484582,422743.768599043,4042460.53469944
usa_NC_0049_0175,14-Mar-1962,-139.59509986931,422755.07408237,4042411.61759352
usa_NC_0049_0174,14-Mar-1962,-138.825327526149,422765.655535734,4042362.59243205
usa_NC_0049_0173,14-Mar-1962,-135.389772221382,422778.875259,4042313.96869453
usa_NC_0049_0172,14-Mar-1962,-133.937525080025,422790.131570613,4042265.04916953
usa_NC_0049_0171,14-Mar-1962,-138.664246440595,422795.272302757,4042215.20110802
usa_NC_0049_0170,01-Jan-1925,-175.623841905786,422768.51395127,4042160.49368609
usa_NC_0049_0169,01-Jan-1925,-180.021760014894,422773.981789403,4042110.68664836
usa_NC_0049_0168,01-Jan-1925,-182.722734718196,422781.125744576,4042061.15172004
usa_NC_0049_0167,01-Jan-1925,-187.164186695565,422786.538388188,4042011.39872956
usa_NC_0049_0166,14-Mar-1962,-130.130731555015,422852.785354052,4041970.93346364
usa_NC_0049_0165,01-Jan-1925,-191.512061830646,422801.851448215,4041912.57790687
usa_NC_0049_0164,01-Jan-1925,-193.199334436541,422809.989573615,4041863.2410136
usa_NC_0049_0163,01-Jan-1925,-196.524095954792,422816.507270974,4041813.65673696
usa_NC_0049_0162,01-Jan-1925,-197.804091499324,422825.057520791,4041764.33587952
usa_NC_0049_0161,01-Jan-1925,-196.379249172976,422836.328336181,4041715.20391698
usa_NC_0049_0160,01-Jan-1925,-199.338468830844,422843.261142256,4041665.40775403
usa_NC_0049_0159,14-Mar-1962,-159.148059118057,422892.869787143,4041622.25160962
usa_NC_0049_0158,14-Mar-1962,-157.222357137139,422904.625756656,4041573.2477958
usa_NC_0049_0157,01-Jan-1925,-203.074666469243,422869.14413516,4041516.81261594
usa_NC_0049_0156,01-Jan-1925,-202.091514452931,422879.973929653,4041467.63360492
usa_NC_0049_0155,01-Jan-1925,-203.460287939629,422888.478145783,4041418.09005604
usa_NC_0049_0154,01-Jan-1925,-203.0253778213,422898.764293664,4041368.83380838
usa_NC_0049_0153,01-Jan-1925,-208.939295955341,422902.777178843,4041318.57128336
usa_NC_0049_0152,01-Jan-1925,-209.327285670909,422912.249680789,4041269.18731242
usa_NC_0049_0151,01-Jan-1925,-205.851101140523,422925.53771267,4041220.42907652
usa_NC_0049_0150,01-Jan-1925,-204.665255668837,422936.562185241,4041171.31023086
usa_NC_0049_0149,01-Jan-1925,-204.707057897642,422946.373448383,4041121.99767379
usa_NC_0049_0148,01-Jan-1925,-207.304183308312,422953.661669091,4041072.27076179
usa_NC_0049_0147,01-Jan-1925,-203.517795831363,422967.249722041,4041023.59416963
usa_NC_0049_0146,01-Jan-1925,-204.500512354408,422976.129954062,4040974.13906445
usa_NC_0049_0145,01-Jan-1925,-208.040369451916,422982.487056159,4040924.26076745
usa_NC_0049_0144,01-Jan-1925,-210.603354550803,422989.808129895,4040874.54367515
usa_NC_0049_0143,01-Jan-1925,-211.586928422078,422998.686853947,4040825.0917411
usa_NC_0049_0142,01-Jan-1925,-212.645984905698,423007.490687248,4040775.6293773
usa_NC_0049_0141,01-Jan-1925,-215.323094902725,423014.698997971,4040725.89417871
usa_NC_0049_0140,01-Jan-1925,-215.119809878724,423024.746436756,4040676.6504663
usa_NC_0049_0139,01-Jan-1925,-211.085822642487,423038.56794579,4040628.06915057
usa_NC_0049_0138,01-Jan-1925,-209.01124341231,423050.456649453,4040579.16085197
usa_NC_0049_0137,01-Jan-1925,-208.60021390087,423060.705062395,4040529.97157395
usa_NC_0049_0136,01-Jan-1925,-208.750566217536,423070.400131579,4040480.6865303
usa_NC_0049_0135,01-Jan-1925,-205.912929764947,423083.037623831,4040431.92513007
usa_NC_0049_0134,01-Jan-1925,-205.890423485678,423092.902442782,4040382.67274587
usa_NC_0049_0133,01-Jan-1925,-208.987863949336,423099.696040451,4040332.86785041
usa_NC_0049_0132,01-Jan-1925,-208.482669368796,423110.036446097,4040283.6987599
usa_NC_0049_0131,01-Jan-1925,-207.847927498576,423120.504146631,4040234.55375796
usa_NC_0049_0130,01-Jan-1925,-207.913461611298,423130.282647415,4040185.28404486
usa_NC_0049_0129,01-Jan-1925,-207.289329629434,423140.73956728,4040136.13884789
usa_NC_0049_0128,01-Jan-1925,-206.875008869003,423150.989913085,4040086.95669335
usa_NC_0049_0127,01-Jan-1925,-203.094834853454,423164.549772433,4040038.3894833
usa_NC_0049_0126,01-Jan-1925,-197.119998875775,423180.265920145,4039990.2314372
usa_NC_0049_0125,01-Jan-1925,-197.053227612391,423198.723763857,4039898.2022436
usa_NC_0049_0124,01-Jan-1925,-205.682357645771,423210.530967294,4039795.07747352
usa_NC_0049_0123,01-Oct-1925,-226.645807363321,423209.114517,4039695.18297177
usa_NC_0049_0122,01-Oct-1925,-223.325454926646,423230.53753284,4039604.91897673
usa_NC_0049_0121,01-Jan-1858,-301.650213588504,423186.030435271,4039427.93372971
usa_NC_0049_0120,01-Jan-1858,-305.763362820464,423212.263941145,4039275.6607935
usa_NC_0049_0119,01-Jan-1858,-306.204070489268,423246.296611654,4039103.09952453
usa_NC_0049_0118,14-Mar-1962,-194.027766743938,423401.587867275,4038898.43431601
usa_NC_0049_0117,14-Mar-1962,-187.720008689711,423448.393387211,4038696.39243668
usa_NC_0049_0116,14-Mar-1962,-184.390250553635,423506.819113946,4038421.00104794
usa_NC_0049_0115,01-Jan-1857,-238.287019659414,423564.932780271,4037855.12671075
usa_NC_0049_0114,01-Jan-1857,-189.664087417997,423710.435530063,4037375.11439088
usa_NC_0049_0113,01-Jan-1857,-146.041462488651,423841.065062459,4036944.0150991
usa_NC_0049_0112,01-Jan-1857,-114.670670469335,423934.966415524,4036634.19246123
usa_NC_0049_0111,01-Jan-1857,-88.1457511999406,424007.959261515,4036404.27382367
usa_NC_0049_0110,01-Jan-1857,-66.416220444356,424058.953588487,4036259.97165018
usa_NC_0049_0109,01-Jan-1857,40.6943644281073,424182.95045084,4036186.06335531
usa_NC_0049_0108,01-Jan-1857,-3.06547778783852,424156.47483697,4036095.23725253
usa_NC_0049_0107,01-Jan-1857,5.42310790918668,424174.510062032,4036048.30211667
usa_NC_0049_0106,01-Jan-1857,63.8122310809154,424240.853799773,4036014.27096011
usa_NC_0049_0105,01-Jan-1857,61.6164339520683,424248.545539872,4035964.57278825
usa_NC_0049_0104,01-Jan-1857,60.4458825572499,424257.229811382,4035915.13976342
usa_NC_0049_0103,01-Jan-1857,60.5144024590079,424267.113620132,4035866.02716888
usa_NC_0049_0102,01-Jan-1857,60.9013371270171,424277.305685931,4035816.99690959
usa_NC_0049_0101,01-Jan-1857,61.3465195702718,424287.554137734,4035767.98173004
usa_NC_0049_0100,01-Jan-1857,2.23862057317751,424240.149356243,4035703.56713701
usa_NC_0049_0099,01-Jan-1857,50.8124577354661,424296.991128852,4035666.9969338
usa_NC_0049_0098,01-Jan-1857,48.6017328656171,424304.668455103,4035617.29471336
usa_NC_0049_0097,01-Jan-1857,-2.82888175547964,424264.696093633,4035554.86506253
usa_NC_0049_0096,01-Jan-1857,1.55012602515217,424278.75293093,4035506.86682247
usa_NC_0049_0095,01-Jan-1857,9.75238750377889,424296.511052479,4035459.85721536
usa_NC_0049_0094,01-Jan-1857,22.660423603985,424318.824829392,4035414.06442529
usa_NC_0049_0093,01-Jan-1857,32.4927069845401,424338.160969806,4035367.47632646
usa_NC_0049_0092,01-Jan-1857,93.2188964274251,424406.767409734,4035334.04853241
usa_NC_0049_0091,01-Jan-1857,94.1443042383296,424417.480820982,4035285.15726016
usa_NC_0049_0090,01-Jan-1857,92.2590831491095,424425.473266895,4035235.53920933
usa_NC_0049_0089,01-Jan-1857,90.2729799275266,424433.368050912,4035185.8950625
usa_NC_0049_0088,01-Jan-1857,89.6588016687094,424442.590992007,4035136.60567744
usa_NC_0049_0087,01-Jan-1857,89.5525821117401,424452.305686623,4035087.44764388
usa_NC_0049_0086,01-Jan-1857,43.5565865247652,424417.594573535,4035026.42327672
usa_NC_0049_0085,01-Jan-1857,101.011493628223,424483.03409038,4034992.14958677
usa_NC_0049_0084,01-Jan-1857,98.6744349979454,424490.589113639,4034942.41469608
usa_NC_0049_0083,01-Jan-1857,96.4581897802736,424498.261095267,4034892.71105009
usa_NC_0049_0082,01-Jan-1857,94.2556423149517,424505.946340123,4034843.01093381
usa_NC_0049_0081,01-Jan-1857,92.7525834780031,424514.308756929,4034793.49170219
usa_NC_0049_0080,01-Jan-1857,91.8703368924521,424523.272180636,4034744.13300379
usa_NC_0049_0079,01-Jan-1857,90.8025995143312,424532.056032224,4034694.72633467
usa_NC_0049_0078,01-Jan-1857,89.7101848389343,424540.815992976,4034645.31328836
usa_NC_0049_0077,01-Jan-1857,38.921675074705,424501.465250752,4034583.0496816
usa_NC_0049_0076,01-Jan-1857,40.5549072413755,424512.863910726,4034534.3414146
usa_NC_0049_0075,01-Jan-1857,42.760249627368,424524.816424829,4034485.78110942
usa_NC_0049_0074,01-Jan-1857,47.3750457367441,424539.10152376,4034437.84386338
usa_NC_0049_0073,01-Jan-1857,51.1585912920482,424552.581892514,4034389.69165998
usa_NC_0049_0072,01-Jan-1857,56.8462882735244,424567.905668517,4034342.03182971
usa_NC_0049_0071,01-Jan-1857,63.0928246214849,424583.770454327,4034294.51651378
usa_NC_0049_0070,01-Jan-1857,115.686185896845,424644.503521892,4034258.98568741
usa_NC_0049_0069,01-Jan-1857,113.489433731126,424652.194374402,4034209.28708353
usa_NC_0049_0068,01-Jan-1857,111.157157391137,424659.729497842,4034159.67618447
usa_NC_0049_0067,01-Jan-1857,59.2186407828171,424619.179451061,4034097.54550636
usa_NC_0049_0066,01-Jan-1857,61.7475828690676,424631.365431005,4034049.46827992
usa_NC_0049_0065,01-Jan-1857,65.326294821346,424644.568391229,4034001.65900344
usa_NC_0049_0064,01-Jan-1857,70.8507220060246,424659.657859433,4033954.33852084
usa_NC_0049_0063,01-Jan-1857,76.394042857683,424674.767089709,4033907.01556164
usa_NC_0049_0062,01-Jan-1857,81.023612982724,424688.991388175,4033859.45798021
usa_NC_0049_0061,01-Jan-1857,137.527938471825,424753.554160692,4033824.72073543
usa_NC_0049_0060,01-Jan-1857,138.707730087065,424764.447543546,4033776.227017
usa_NC_0049_0059,01-Jan-1857,85.0509345579926,424722.094383576,4033714.35088395
usa_NC_0049_0058,01-Jan-1857,88.8290187263178,424735.492176696,4033666.58404875
usa_NC_0049_0057,01-Jan-1857,147.803653660945,424802.51904561,4033632.12229558
usa_NC_0049_0056,01-Jan-1857,145.96372239075,424810.474349727,4033582.9212441
usa_NC_0049_0055,01-Jan-1857,93.0278316425279,424768.750631413,4033521.57414917
usa_NC_0049_0054,01-Jan-1857,148.68682341248,424832.602702614,4033486.07952073
usa_NC_0049_0053,01-Jan-1857,95.4459117271763,424790.546713786,4033424.83861573
usa_NC_0049_0052,01-Jan-1857,154.700375702627,424857.928630707,4033390.02812354
usa_NC_0049_0051,01-Jan-1857,99.0160243763635,424813.459397381,4033328.39436992
usa_NC_0049_0050,01-Jan-1857,101.34961885279,424825.448593864,4033280.30500236
usa_NC_0049_0049,01-Jan-1857,104.307821799401,424838.045673421,4033232.36113036
usa_NC_0049_0048,01-Jan-1857,162.195361318766,424904.163325325,4033196.90165578
usa_NC_0049_0047,01-Jan-1857,161.549800997512,424913.264524836,4033148.06135876
usa_NC_0049_0046,01-Jan-1857,161.004629426553,424922.461255999,4033099.2553004
usa_NC_0049_0045,01-Jan-1857,160.059069895181,424931.265216382,4033050.37151058
usa_NC_0049_0044,01-Jan-1857,159.199629524405,424940.150663456,4033001.51942354
usa_NC_0049_0043,01-Jan-1857,158.381100274965,424949.073746001,4032952.68777661
usa_NC_0049_0042,01-Jan-1857,157.777922116442,424958.206556214,4032903.90557706
usa_NC_0049_0041,01-Jan-1857,157.154434254421,424967.319607951,4032855.11860964
usa_NC_0049_0040,01-Jan-1857,156.571498539861,424976.472334824,4032806.34004312
usa_NC_0049_0039,01-Jan-1857,155.891789139983,424985.530591121,4032757.54037672
usa_NC_0049_0038,01-Jan-1857,100.549809203135,424941.160860425,4032697.15590152
usa_NC_0049_0037,01-Jan-1857,101.821446358667,424952.110308045,4032648.85033017
usa_NC_0049_0036,01-Jan-1857,104.722804864126,424964.654905852,4032600.87900175
usa_NC_0049_0035,01-Jan-1857,107.640778210625,424977.217978914,4032552.9000069
usa_NC_0049_0034,01-Jan-1857,110.609002478269,424989.832464147,4032504.92017229
usa_NC_0049_0033,01-Jan-1857,114.163198556185,425003.022851251,4032457.04870433
usa_NC_0049_0032,01-Jan-1857,118.186357114221,425016.675096546,4032409.25918553
usa_NC_0049_0031,01-Jan-1857,122.234604803434,425030.354827405,4032361.46015627
usa_NC_0049_0030,01-Jan-1857,182.79045212566,425099.407606458,4032324.92940606
usa_NC_0049_0029,01-Jan-1857,183.071585783735,425109.41804882,4032276.26812316
usa_NC_0049_0028,01-Jan-1857,183.440858360784,425119.515524512,4032227.62109302
usa_NC_0049_0027,01-Jan-1857,181.769161033404,425127.611909822,4032178.57256821
usa_NC_0049_0026,01-Jan-1857,180.079434159245,425135.690024791,4032129.52346468
usa_NC_0049_0025,01-Jan-1857,178.402792698397,425143.780393376,4032080.47981837
usa_NC_0049_0024,01-Jan-1857,176.736698897921,425151.880531411,4032031.44111004
usa_NC_0049_0023,01-Jan-1857,174.966638424105,425159.877997034,4031982.38563884
usa_NC_0049_0022,01-Jan-1857,172.885122464869,425167.569188241,4031933.2734259
usa_NC_0049_0021,01-Jan-1857,170.443733188506,425174.906029283,4031884.09796909
usa_NC_0049_0020,01-Jan-1857,167.958325378092,425182.197411448,4031834.92536535
usa_NC_0049_0019,01-Jan-1857,165.492635758937,425189.507830011,4031785.75812436
usa_NC_0049_0018,01-Jan-1857,163.785059786474,425197.588171145,4031736.60679081
usa_NC_0049_0017,01-Jan-1857,162.956503164135,425206.571921289,4031687.42036776
usa_NC_0049_0016,01-Jan-1857,161.56460942084,425215.001670845,4031638.13148765
usa_NC_0049_0015,01-Jan-1857,159.636490549302,425222.904083811,4031588.74507473
usa_NC_0049_0014,01-Jan-1857,157.657355446529,425230.756328192,4031539.34937259
usa_NC_0049_0013,01-Jan-1857,155.753860093624,425238.682958438,4031489.96742875
usa_NC_0049_0012,01-Jan-1857,153.73084863203,425246.492051893,4031440.56375539
usa_NC_0049_0011,01-Jan-1857,151.786314532453,425254.378323718,4031391.1743468
usa_NC_0049_0010,01-Jan-1857,149.808142886675,425262.231515619,4031341.77881974
usa_NC_0049_0009,01-Jan-1857,147.865229812605,425270.119379663,4031292.38971568
usa_NC_0049_0008,01-Jan-1857,145.893691372536,425277.979094772,4031242.99539534
usa_NC_0049_0007,01-Jan-1857,144.612877691794,425286.346023336,4031194.58777077
usa_NC_0049_0006,01-Jan-1857,144.943374987054,425296.641671667,4031144.75112847
usa_NC_0049_0005,01-Jan-1857,145.391643207805,425306.881078159,4031095.7969627
usa_NC_0049_0004,01-Jan-1857,145.131766186235,425316.424078172,4031046.71399167
usa_NC_0049_0003,01-Jan-1857,144.021489902862,425325.130778264,4030997.47632831
usa_NC_0049_0002,01-Jan-1857,142.813409042598,425333.739761791,4030948.22854825
usa_NC_0049_0001,01-Jan-1857,141.662505557271,425342.39887752,4030899.02168169
usa_NC_0048_0148,01-Jan-1857,141.1429575037,425351.678902933,4030849.92955249
usa_NC_0048_0147,01-Jan-1857,141.409743998261,425361.73232806,4030800.97994976
usa_NC_0048_0146,01-Jan-1857,141.759630079038,425371.867555615,4030752.04505993
usa_NC_0048_0145,01-Jan-1857,142.043617470028,425381.938037257,4030703.09788151
usa_NC_0048_0144,01-Jan-1857,142.343909234224,425392.024626098,4030654.15330289
usa_NC_0048_0143,01-Jan-1857,142.736927389983,425402.202497936,4030605.22512141
usa_NC_0048_0142,01-Jan-1857,143.16139033223,425412.411376549,4030556.30224288
usa_NC_0048_0141,01-Jan-1857,143.734702656383,425422.766764336,4030507.40580199
usa_NC_0048_0140,01-Jan-1857,144.362782153435,425433.176121201,4030458.51877342
usa_NC_0048_0139,01-Jan-1857,88.0723914745013,425387.588646051,4030399.3883141
usa_NC_0048_0138,01-Jan-1857,88.7973020957343,425398.091487676,4030350.52761195
usa_NC_0048_0137,01-Jan-1857,89.5279651259762,425408.600089162,4030301.66744162
usa_NC_0048_0136,01-Jan-1857,91.3016442852399,425420.135027919,4030252.99392897
usa_NC_0048_0135,01-Jan-1857,150.853450267685,425488.52078334,4030214.67728172
usa_NC_0048_0134,01-Jan-1857,151.217600648071,425498.671110999,4030165.73962045
usa_NC_0048_0133,01-Jan-1857,151.561712455149,425508.801793297,4030116.79800888
usa_NC_0048_0132,01-Jan-1857,151.472019813768,425517.369567489,4030073.46393569
usa_NC_0048_0131,01-Jan-1857,150.627502275023,425527.466766221,4030018.62394631
usa_NC_0048_0130,01-Jan-1857,149.873286607579,425536.516727579,4029969.48556242
usa_NC_0048_0129,01-Jan-1857,149.15968015526,425545.60665195,4029920.35443003
usa_NC_0048_0128,01-Jan-1857,148.394777362089,425554.646089157,4029871.21417322
usa_NC_0048_0127,01-Jan-1857,147.657042875363,425563.712264511,4029822.07875698
usa_NC_0048_0126,01-Jan-1857,148.343205422071,425574.179921431,4029773.19638887
usa_NC_0048_0125,01-Jan-1857,149.335095637331,425584.948600594,4029724.36781554
usa_NC_0048_0124,01-Jan-1857,150.287227438726,425595.678283519,4029675.5314945
usa_NC_0048_0123,01-Jan-1857,150.665425053131,425605.843152959,4029626.59274809
usa_NC_0048_0122,01-Jan-1857,151.064345370376,425616.028527317,4029577.65714174
usa_NC_0048_0121,01-Jan-1857,151.386589095629,425626.138525804,4029528.70744013
usa_NC_0048_0120,01-Jan-1857,151.746032329093,425636.285249556,4029479.76379213
usa_NC_0048_0119,01-Jan-1857,152.09632778013,425646.423071507,4029430.81800811
usa_NC_0048_0118,01-Jan-1857,152.442050187294,425656.556494548,4029381.87090023
usa_NC_0048_0117,01-Jan-1857,152.866141123292,425666.76718217,4029332.93707028
usa_NC_0048_0116,01-Jan-1857,152.064363709025,425675.770981647,4029283.78697543
usa_NC_0048_0115,01-Jan-1857,150.326760181695,425683.853357766,4029234.47221818
usa_NC_0048_0114,01-Jan-1857,148.699626761806,425692.044469695,4029185.17706933
usa_NC_0048_0113,01-Jan-1857,149.661637861143,425702.4496337,4029138.01517935
usa_NC_0048_0112,01-Jan-1857,96.0741336312813,425659.808677256,4029077.93290229
usa_NC_0048_0111,01-Jan-1857,152.63487652884,425725.30150739,4029038.82921704
usa_NC_0048_0110,01-Jan-1857,149.059916861985,425731.580561046,4028989.16236437
usa_NC_0048_0109,01-Jan-1857,145.599087484561,425737.972001802,4028939.51552671
usa_NC_0048_0108,01-Jan-1857,142.443321883427,425744.663856574,4028889.92213957
usa_NC_0048_0107,01-Jan-1857,139.141580510593,425751.787542786,4028837.42274714
usa_NC_0048_0106,01-Jan-1857,136.7116184798,425758.618550659,4028790.83698531
usa_NC_0048_0105,01-Jan-1857,136.631279594711,425768.33899508,4028741.78225462
usa_NC_0048_0104,01-Jan-1857,136.565528956018,425778.073807597,4028692.73006893
usa_NC_0048_0103,01-Jan-1857,135.90561518347,425787.223503127,4028643.57382962
usa_NC_0048_0102,01-Jan-1857,134.214948502058,425795.358139535,4028594.23707556
usa_NC_0048_0101,01-Jan-1857,132.442017686706,425803.411762035,4028544.88592612
usa_NC_0048_0100,01-Jan-1857,132.566360094841,425813.335057688,4028495.86060381
usa_NC_0048_0099,01-Jan-1857,133.245806827279,425823.810001162,4028446.9074982
usa_NC_0048_0098,01-Jan-1857,77.7654396326675,425778.983931844,4028388.10047916
usa_NC_0048_0097,01-Jan-1857,132.744832626688,425842.928158734,4028348.67646709
usa_NC_0048_0096,01-Jan-1857,131.218575046963,425850.737016263,4028301.80906263
usa_NC_0048_0095,01-Jan-1857,129.541460542054,425859.385277702,4028249.9710979
usa_NC_0048_0094,01-Jan-1852,134.052174585028,425873.631997632,4028201.69475184
usa_NC_0048_0093,01-Jan-1852,127.606641887939,425877.091472406,4028151.48870625
usa_NC_0048_0092,01-Jan-1852,121.660421352018,425881.042879304,4028101.36899241
usa_NC_0048_0091,01-Jan-1852,116.990296947958,425886.250885851,4028051.47309637
usa_NC_0048_0090,01-Jan-1852,113.110768150497,425892.237420991,4028001.71580548
usa_NC_0048_0089,01-Jan-1852,113.471862625034,425902.398625263,4027952.70811834
usa_NC_0048_0088,01-Jan-1852,113.754723819251,425912.482718936,4027903.68707289
usa_NC_0048_0087,01-Jan-1852,114.013610914068,425922.543117665,4027854.66225859
usa_NC_0048_0086,01-Jan-1852,114.379467809402,425932.708709838,4027805.65691685
usa_NC_0048_0085,01-Jan-1852,112.810251392893,425940.96958711,4027756.30820447
usa_NC_0048_0084,01-Jan-1852,115.052713314674,425952.982115333,4027707.63699865
usa_NC_0048_0083,01-Jan-1852,114.465190800137,425962.209164609,4027658.4630872
usa_NC_0048_0082,01-Jan-1852,113.546751659083,425971.110524197,4027609.23027907
usa_NC_0048_0081,01-Jan-1852,110.973931467381,425978.383761704,4027559.70238563
usa_NC_0048_0080,01-Jan-1852,108.320498792122,425985.577789601,4027510.15949633
usa_NC_0048_0079,01-Jan-1852,105.639277494209,425992.744603146,4027460.6109839
usa_NC_0048_0078,01-Jan-1852,103.014388884808,425999.966979135,4027411.07189931
usa_NC_0048_0077,01-Jan-1852,100.318718209847,426007.119831212,4027361.51951566
usa_NC_0048_0076,01-Jan-1852,98.4029295530236,426015.04019664,4027312.1061868
usa_NC_0048_0075,01-Jan-1852,96.5348669895525,426023.007599924,4027262.70102389
usa_NC_0048_0074,01-Jan-1852,94.6442732811852,426030.952910764,4027213.29143646
usa_NC_0048_0073,01-Jan-1852,91.9735114881,426038.130716542,4027163.74129286
usa_NC_0048_0072,01-Jan-1852,91.5815511481978,426047.550618658,4027114.60028781
usa_NC_0048_0071,01-Jan-1852,93.2979890126703,426059.044741485,4027065.83891335
usa_NC_0048_0070,01-Jan-1852,85.6896855425803,426061.365319292,4027015.39835599
usa_NC_0048_0069,01-Jan-1852,87.4044509246282,426072.857780344,4026966.63676248
usa_NC_0048_0068,01-Jan-1852,89.3916615200683,426084.61808413,4026917.92515576
usa_NC_0048_0067,01-Jan-1852,83.4622540290961,426088.590885722,4026867.78417703
usa_NC_0048_0066,01-Jan-1852,78.4668457152943,426093.482749351,4026817.8103542
usa_NC_0048_0065,01-Jan-1852,79.977950573706,426104.774706491,4026769.01281474
usa_NC_0048_0064,01-Jan-1852,81.5701894506319,426116.146315334,4026720.2307203
usa_NC_0048_0063,01-Jan-1852,81.1608914060989,426125.5491895,4026671.08644982
usa_NC_0048_0062,01-Jan-1852,80.2056831799923,426134.415139628,4026621.84319989
usa_NC_0048_0061,01-Jan-1852,78.9478916012072,426142.981837384,4026572.5533445
usa_NC_0048_0060,01-Jan-1852,77.3102337582955,426151.169851876,4026523.21998701
usa_NC_0048_0059,01-Jan-1852,75.5211290073753,426159.208919892,4026473.85913307
usa_NC_0048_0058,01-Jan-1852,73.9835243609009,426167.49533185,4026424.5439602
usa_NC_0048_0057,01-Jan-1852,72.3955502529802,426175.732205935,4026375.21964246
usa_NC_0048_0056,01-Jan-1852,70.8288368330236,426183.989989879,4026325.89918382
usa_NC_0048_0055,01-Jan-1852,69.9570790351172,426192.931246584,4026276.70494489
usa_NC_0048_0054,01-Jan-1852,69.1503437219112,426201.936450052,4026227.52252226
usa_NC_0048_0053,01-Jan-1852,68.3764228523414,426210.97392516,4026178.34606251
usa_NC_0048_0052,01-Jan-1852,66.8144184964194,426219.236341324,4026129.02645432
usa_NC_0048_0051,01-Jan-1852,64.3482838546802,426226.611638383,4026079.532266
usa_NC_0048_0050,01-Jan-1852,61.9500258407311,426234.055670951,4026030.04049487
usa_NC_0048_0049,01-Jan-1852,60.2465457640451,426242.183028978,4025980.67477384
usa_NC_0048_0048,01-Jan-1852,59.3027509133426,426251.057504542,4025931.44710541
usa_NC_0048_0047,01-Jan-1852,58.2724067798736,426259.84687855,4025882.2036293
usa_NC_0048_0046,01-Jan-1852,57.3235556321129,426268.716400079,4025832.97494887
usa_NC_0048_0045,01-Jan-1852,57.348689059399,426278.543698272,4025783.92373971
usa_NC_0048_0044,01-Jan-1852,57.43271811563,426288.42888281,4025734.8834082
usa_NC_0048_0043,01-Jan-1852,57.5645703244863,426298.361060329,4025685.85196255
usa_NC_0048_0042,01-Jan-1852,54.1893536428811,426304.844728425,4025636.1804928
usa_NC_0048_0041,01-Jan-1852,49.1332375744023,426309.675709567,4025586.2015383
usa_NC_0048_0040,01-Jan-1852,45.4668140490071,426315.873279081,4025536.47569445
usa_NC_0048_0039,01-Jan-1852,42.0060771974572,426322.273201794,4025486.7868821
usa_NC_0048_0038,01-Jan-1852,38.3324260154445,426328.463884378,4025437.05861806
usa_NC_0048_0037,01-Jan-1852,36.0375985518754,426336.010336807,4025387.58213766
usa_NC_0048_0036,01-Jan-1852,33.9757486661251,426343.785905969,4025338.14802794
usa_NC_0048_0035,01-Jan-1852,31.8579904068274,426351.506563958,4025288.70339657
usa_NC_0048_0034,01-Jan-1852,29.7673535139852,426359.253933603,4025239.26349879
usa_NC_0048_0033,01-Jan-1852,27.9764284367025,426367.296008779,4025189.87830621
usa_NC_0048_0032,01-Jan-1852,26.3222496133558,426375.472564349,4025140.51798178
usa_NC_0048_0031,01-Jan-1852,24.7305088145104,426383.710532525,4025091.16896622
usa_NC_0048_0030,01-Jan-1852,23.7047637949486,426392.504948041,4025041.92373121
usa_NC_0048_0029,01-Jan-1852,22.7280216493486,426401.347543128,4024992.6874644
usa_NC_0048_0028,01-Jan-1852,21.6320554703843,426410.072946256,4024943.42923293
usa_NC_0048_0027,01-Jan-1852,22.0537065159424,426420.292106453,4024894.44055154
usa_NC_0048_0026,01-Jan-1852,23.0863651514833,426431.120913629,4024845.51912897
usa_NC_0048_0025,01-Jan-1852,24.0454357707372,426441.877198518,4024796.58509269
usa_NC_0048_0024,01-Jan-1852,25.0207849098829,426452.649289036,4024747.65503345
usa_NC_0048_0023,01-Jan-1852,25.9824598645432,426463.407747985,4024698.72340809
usa_NC_0048_0022,01-Jan-1852,27.0634137274815,426474.283220246,4024649.81492144
usa_NC_0048_0021,01-Jan-1852,27.9850274192722,426485.001924836,4024600.87779677
usa_NC_0048_0020,01-Jan-1852,29.0766069321794,426495.887438229,4024551.9732865
usa_NC_0048_0019,01-Jan-1852,30.1570779904437,426506.761826763,4024503.06775933
usa_NC_0048_0018,01-Jan-1852,31.2797559957489,426517.677475662,4024454.17114493
usa_NC_0048_0017,01-Jan-1852,32.370430266219,426528.561469005,4024405.26962183
usa_NC_0048_0016,01-Jan-1852,33.4945579430196,426539.4781165,4024356.37540821
usa_NC_0048_0015,01-Jan-1852,34.9128704245431,426550.683498347,4024307.53757575
usa_NC_0048_0014,01-Jan-1852,36.2725778480326,426561.831071646,4024258.6899592
usa_NC_0048_0013,01-Jan-1852,37.6247894834432,426572.971038191,4024209.84215636
usa_NC_0048_0012,01-Jan-1852,38.9685685314607,426584.102480448,4024160.99397815
usa_NC_0048_0011,01-Jan-1852,40.3471745226589,426595.267876387,4024112.15361566
usa_NC_0048_0010,01-Jan-1852,42.4501224614796,426607.144241429,4024063.4518384
usa_NC_0048_0009,01-Jan-1852,45.0144166110267,426619.473214596,4024014.83943291
usa_NC_0048_0008,01-Jan-1852,43.9054554103122,426628.195595622,4023965.53000758
usa_NC_0048_0007,01-Jan-1852,40.3310561478647,426634.497796376,4023915.7501781
usa_NC_0048_0006,01-Jan-1852,36.7209268774222,426640.765333153,4023865.96147886
usa_NC_0048_0005,01-Jan-1852,35.9783666165795,426649.847929689,4023816.71925747
usa_NC_0048_0004,01-Jan-1852,36.6504350641435,426660.31898313,4023767.74796537
usa_NC_0048_0003,01-Jan-1852,37.2870553302046,426670.755094846,4023718.77063172
usa_NC_0048_0002,01-Jan-1852,37.9970146282185,426681.263029608,4023669.8081404
usa_NC_0048_0001,01-Jan-1852,35.0175062180951,426688.14838539,4023620.14589669
usa_NC_0047_0201,01-Jan-1852,31.3869638642327,426694.393311587,4023570.36617498
usa_NC_0047_0200,01-Jan-1852,26.7613461998953,426699.662231057,4023520.39257953
usa_NC_0047_0199,01-Jan-1852,23.8712449499881,426706.63439151,4023470.75220511
usa_NC_0047_0198,01-Jan-1852,25.8751342902606,426718.463900237,4023421.77938779
usa_NC_0047_0197,01-Jan-1852,29.6301533191127,426732.022775842,4023373.08872711
usa_NC_0047_0196,01-Jan-1852,33.3504797978885,426745.545016763,4023324.4043533
usa_NC_0047_0195,01-Jan-1852,36.1151127409694,426758.128304905,4023275.54165127
usa_NC_0047_0194,01-Jan-1852,38.8829407404646,426770.712810041,4023226.68916432
usa_NC_0047_0193,01-Jan-1852,41.5405866229385,426783.187529886,4023177.82379066
usa_NC_0047_0192,01-Jan-1852,42.0928789737809,426793.599965305,4023128.53459069
usa_NC_0047_0191,01-Jan-1852,40.4500183854125,426801.86455352,4023078.79147845
usa_NC_0047_0190,01-Jan-1852,38.7637442926189,426810.08797511,4023029.03282689
usa_NC_0047_0189,01-Jan-1852,40.2957646064406,426821.458861655,4022979.94703321
usa_NC_0047_0188,01-Jan-1852,36.401565172453,426827.526119034,4022929.71090929
usa_NC_0047_0187,01-Jan-1852,40.0779629984727,426840.991686501,4022881.08596916
usa_NC_0047_0186,01-Jan-1852,44.5806185497358,426855.261513908,4022832.65285969
usa_NC_0047_0185,01-Jan-1852,49.3296735872646,426869.768684056,4022784.289451
usa_NC_0047_0184,01-Jan-1852,54.3935327371337,426884.579674309,4022736.01215542
usa_NC_0047_0183,01-Jan-1852,59.4374836209881,426899.367658921,4022687.74839065
usa_NC_0047_0182,01-Jan-1852,64.6042993484371,426914.271872749,4022639.52998863
usa_NC_0047_0181,01-Jan-1852,66.034046632034,426925.52998395,4022590.48663411
usa_NC_0047_0180,01-Jan-1852,67.5117037324271,426936.833829429,4022541.45890673
usa_NC_0047_0179,01-Jan-1852,63.6604042160798,426942.946548023,4022491.21420941
usa_NC_0047_0178,01-Jan-1852,59.7620798316457,426949.014846389,4022440.9518251
usa_NC_0047_0177,01-Jan-1852,56.323367455484,426955.525835419,4022390.81959308
usa_NC_0047_0176,01-Jan-1852,60.7244035223093,426969.666868981,4022342.51242058
usa_NC_0047_0175,01-Jan-1852,70.168655213939,426988.710465814,4022295.40807379
usa_NC_0047_0174,01-Jan-1852,87.4669905637138,427015.384939217,4022250.19777972
usa_NC_0047_0173,01-Jan-1852,94.919739246744,427032.479311006,4022202.68482954
usa_NC_0047_0172,01-Jan-1852,96.3544712178327,427043.718337317,4022153.76242134
usa_NC_0047_0171,01-Jan-1852,94.0720141705606,427051.32622218,4022104.04164013
usa_NC_0047_0170,01-Jan-1852,95.0872257058536,427062.139502648,4022055.10888109
usa_NC_0047_0169,01-Jan-1852,101.492569886789,427078.189049547,4022007.47939697
usa_NC_0047_0168,01-Jan-1852,105.773111837136,427092.174457384,4021959.33611512
usa_NC_0047_0167,01-Jan-1852,110.154040346992,427106.257296924,4021911.21755218
usa_NC_0047_0166,01-Jan-1852,114.511663256776,427120.317436862,4021863.09365087
usa_NC_0047_0165,01-Jan-1852,119.60970943621,427135.096219164,4021815.15200288
usa_NC_0047_0164,01-Jan-1852,125.998841669951,427151.127735464,4021767.53001605
usa_NC_0047_0163,01-Jan-1852,132.445191946753,427167.214091589,4021719.92559156
usa_NC_0047_0162,01-Jan-1852,138.827436827438,427183.237553901,4021672.30876162
usa_NC_0047_0161,01-Jan-1852,145.38006573076,427199.425620772,4021624.73771115
usa_NC_0047_0160,01-Jan-1852,151.413204399521,427215.109093704,4021577.04071847
usa_NC_0047_0159,01-Jan-1852,156.657619787865,427230.027117238,4021529.14922252
usa_NC_0047_0158,01-Jan-1852,161.982139332094,427245.022476216,4021481.27950731
usa_NC_0047_0157,01-Jan-1852,168.426692726776,427261.103304961,4021433.69357386
usa_NC_0047_0156,01-Jan-1852,176.295472307974,427278.563946198,4021386.47080845
usa_NC_0047_0155,01-Jan-1852,183.935748993928,427295.802002223,4021339.19582188
usa_NC_0047_0154,01-Jan-1852,185.112578098525,427306.775887943,4021290.28411843
usa_NC_0047_0153,01-Jan-1852,186.271962854775,427317.733770824,4021241.36347527
usa_NC_0047_0152,01-Jan-1852,187.427212199902,427328.688551991,4021192.43724996
usa_NC_0047_0151,01-Jan-1852,187.780355635015,427338.867360127,4021143.3008899
usa_NC_0047_0150,01-Jan-1852,189.320751311177,427350.197046761,4021094.46401803
usa_NC_0047_0149,01-Jan-1852,191.148838004241,427361.806077896,4021045.69737785
usa_NC_0047_0148,01-Jan-1852,191.852058114589,427372.285351154,4020996.84392726
usa_NC_0047_0147,01-Jan-1852,191.595985853982,427381.824443112,4020947.79993046
usa_NC_0047_0146,01-Jan-1852,191.266765780081,427391.291703977,4020898.74210746
usa_NC_0047_0145,01-Jan-1852,191.364241080055,427401.171588521,4020849.79691943
usa_NC_0047_0144,01-Jan-1852,191.666915522641,427411.249673086,4020800.90705892
usa_NC_0047_0143,01-Jan-1852,192.034423494712,427421.390019799,4020752.03648086
usa_NC_0047_0142,01-Jan-1852,192.318671742934,427431.449111346,4020703.14763396
usa_NC_0047_0141,01-Jan-1852,193.879957248549,427442.745716477,4020654.58292154
usa_NC_0047_0140,01-Jan-1852,195.560531526224,427454.157837657,4020606.04889102
usa_NC_0047_0139,01-Jan-1852,197.398077793333,427465.722079743,4020557.5546671
usa_NC_0047_0138,01-Jan-1852,197.784473416729,427475.878643201,4020508.69932389
usa_NC_0047_0137,01-Jan-1852,197.889230322538,427485.761425889,4020459.77679275
usa_NC_0047_0136,01-Jan-1852,198.130455983491,427495.775991878,4020410.89121085
usa_NC_0047_0135,01-Jan-1852,202.315001245604,427509.616936594,4020362.98097575
usa_NC_0047_0134,01-Jan-1852,207.100674762733,427524.04208392,4020315.21491531
usa_NC_0047_0133,01-Jan-1852,211.909535943476,427538.49256596,4020267.44040429
usa_NC_0047_0132,01-Jan-1852,215.613365871093,427551.87625548,4020219.36520648
usa_NC_0047_0131,01-Jan-1852,219.269367509079,427565.213915195,4020171.2762765
usa_NC_0047_0130,01-Jan-1852,223.210430314871,427578.828820299,4020123.25466203
usa_NC_0047_0129,01-Jan-1852,227.274393944544,427592.563569673,4020075.26050285
usa_NC_0047_0128,01-Jan-1852,221.984457553423,427597.212156187,4020025.00106202
usa_NC_0047_0127,01-Jan-1852,218.592227053357,427603.702657843,4019975.20856782
usa_NC_0047_0126,01-Jan-1852,216.199969297457,427611.163471393,4019925.66343956
usa_NC_0047_0125,01-Jan-1852,215.632726818705,427620.396743761,4019876.5618807
usa_NC_0047_0124,01-Jan-1852,217.46917933247,427631.965584072,4019828.0390638
usa_NC_0047_0123,01-Jan-1852,219.339366422459,427643.567166054,4019779.52455327
usa_NC_0047_0122,01-Jan-1852,220.738628804131,427654.717418301,4019730.8653914
usa_NC_0047_0121,01-Jan-1852,222.213765281791,427665.966007163,4019682.10132528
usa_NC_0047_0120,01-Jan-1852,223.561548823357,427677.090847012,4019633.30662415
usa_NC_0047_0119,01-Jan-1852,232.032099294031,427695.139159525,4019586.21395447
usa_NC_0047_0118,01-Jan-1852,235.576777384294,427708.399137542,4019537.94565435
usa_NC_0047_0117,01-Jan-1852,228.875157731753,427711.700313515,4019487.22490442
usa_NC_0047_0116,01-Jan-1852,232.319452552807,427724.862906107,4019438.93167058
usa_NC_0047_0115,01-Jan-1852,240.020584673622,427742.162374103,4019391.65991962
usa_NC_0047_0114,01-Jan-1852,245.456413559981,427757.259938964,4019343.84677387
usa_NC_0047_0113,01-Jan-1852,246.417645098625,427768.008976084,4019294.96003598
usa_NC_0047_0112,01-Jan-1852,247.464422144808,427778.841227105,4019246.09342973
usa_NC_0047_0111,01-Jan-1852,248.380879189519,427789.546930244,4019197.19505322
usa_NC_0047_0110,01-Jan-1852,259.99950352335,427810.65137153,4019150.87396472
usa_NC_0047_0109,01-Jan-1852,261.911942892906,427822.324515259,4019102.21695888
usa_NC_0047_0108,01-Jan-1852,263.89982107308,427834.07096109,4019053.57810944
usa_NC_0047_0107,01-Jan-1852,262.652953315089,427842.674841894,4019004.15792381
usa_NC_0047_0106,01-Jan-1852,261.257398615804,427851.134594762,4018954.70021293
usa_NC_0047_0105,01-Jan-1852,269.52682321065,427868.983543375,4018907.57882735
usa_NC_0047_0104,01-Jan-1852,280.635604092168,427889.590142935,4018861.14723654
usa_NC_0047_0103,01-Jan-1852,282.80792934777,427901.515617226,4018812.55375209
usa_NC_0047_0102,01-Jan-1852,278.781145282604,427907.419884748,4018762.45667006
usa_NC_0047_0101,01-Jan-1852,281.232015568778,427919.616224384,4018713.92917538
usa_NC_0047_0100,01-Jan-1852,286.069860752566,427934.130864131,4018665.98150952
usa_NC_0047_0099,01-Jan-1852,290.44319036768,427948.194183817,4018617.92185173
usa_NC_0047_0098,01-Jan-1852,294.209916633456,427961.668258427,4018569.71531256
usa_NC_0047_0097,01-Jan-1852,298.053004656433,427975.222755746,4018521.49600569
usa_NC_0047_0096,01-Jan-1852,301.76545981762,427988.650625523,4018473.24373059
usa_NC_0047_0095,01-Jan-1852,305.353524293623,428001.957539561,4018424.96195918
usa_NC_0047_0094,01-Jan-1852,308.663698084632,428014.994506098,4018376.6129441
usa_NC_0047_0093,01-Jan-1852,312.126613894078,428028.179623318,4018328.30201725
usa_NC_0047_0092,01-Jan-1852,315.556764283259,428041.332792286,4018279.98375935
usa_NC_0047_0091,01-Jan-1852,320.925660781254,428056.367514952,4018232.14352282
usa_NC_0047_0090,01-Jan-1852,326.23465207858,428071.34364105,4018184.2908107
usa_NC_0047_0089,01-Jan-1852,331.623215020456,428086.39653861,4018136.45998414
usa_NC_0047_0088,01-Jan-1852,336.945067842418,428101.384245316,4018088.61495466
usa_NC_0047_0087,01-Jan-1852,338.56742632331,428112.782084734,4018039.85530225
usa_NC_0047_0086,01-Jan-1852,339.579843778034,428123.588338611,4017990.94344784
usa_NC_0047_0085,01-Jan-1852,340.643093500241,428134.444157713,4017942.04296324
usa_NC_0047_0084,01-Jan-1852,341.652340160807,428145.247839751,4017893.12779773
usa_NC_0047_0083,01-Jan-1852,342.703942190207,428156.091110841,4017844.23066631
usa_NC_0047_0082,01-Jan-1852,343.594384570916,428166.773357496,4017795.31691396
usa_NC_0047_0081,01-Jan-1852,344.50085577525,428177.471286329,4017746.40648216
usa_NC_0047_0080,01-Jan-1852,345.421691419092,428188.183278196,4017697.49897985
usa_NC_0047_0079,01-Jan-1852,346.667569445239,428199.210618536,4017648.67214743
usa_NC_0047_0078,01-Jan-1852,347.857288306296,428210.183603902,4017599.83073009
usa_NC_0047_0077,01-Jan-1852,348.996833446448,428221.108053293,4017550.97615293
usa_NC_0047_0076,01-Jan-1852,350.193485821646,428232.08798861,4017502.13533929
usa_NC_0047_0075,01-Jan-1852,351.463397249691,428243.139069561,4017453.31234985
usa_NC_0047_0074,01-Jan-1852,353.818122065631,428255.242053061,4017404.76138417
usa_NC_0047_0073,01-Jan-1852,356.749718558991,428267.904344276,4017356.35538774
usa_NC_0047_0072,01-Jan-1852,359.688721696266,428280.573807658,4017307.95129748
usa_NC_0047_0071,01-Jan-1852,362.901248282165,428293.508447407,4017259.61604008
usa_NC_0047_0070,01-Jan-1852,366.59649368568,428306.911026291,4017211.40250336
usa_NC_0047_0069,01-Jan-1852,372.123767602789,428322.089462223,4017163.65132075
usa_NC_0047_0068,01-Jan-1852,377.459154131177,428337.081698498,4017115.85269029
usa_NC_0047_0067,01-Jan-1852,382.340963385675,428351.638147249,4017067.92015876
usa_NC_0047_0066,01-Jan-1852,387.268526786781,428366.256342242,4017019.91212348
usa_NC_0047_0065,01-Jan-1852,392.183752939019,428380.86194985,4016971.9041194
usa_NC_0047_0064,01-Jan-1852,400.883939234099,428399.133564456,4016924.86586502
usa_NC_0047_0063,01-Jan-1852,398.955962071436,428407.109149073,4016875.11399699
usa_NC_0047_0062,01-Jan-1852,398.727270319726,428416.732052908,4016825.79030542
usa_NC_0047_0061,01-Jan-1852,398.617572732537,428426.471319927,4016776.49155291
usa_NC_0047_0060,01-Jan-1852,401.226968022328,428438.843905837,4016727.89105799
usa_NC_0047_0059,01-Jan-1852,406.315448077121,428453.616096263,4016679.93357931
usa_NC_0047_0058,01-Jan-1852,415.009555931553,428471.8767593,4016632.91911052
usa_NC_0047_0057,01-Jan-1852,419.526835462711,428486.094288683,4016584.82235058
usa_NC_0047_0056,01-Jan-1852,419.258487857966,428495.681935421,4016535.47272266
usa_NC_0047_0055,01-Jan-1852,426.24650317036,428512.288949856,4016488.02701312
usa_NC_0047_0054,01-Jan-1852,434.057844690389,428529.690770988,4016440.80548135
usa_NC_0047_0053,01-Jan-1852,430.480684094421,428536.080188008,4016390.57509715
usa_NC_0047_0052,01-Jan-1852,432.879412187931,428548.248561913,4016341.92145575
usa_NC_0047_0051,01-Jan-1852,425.323147295815,428550.795827704,4016290.61203591
usa_NC_0047_0050,01-Jan-1852,429.325031378154,428564.515558472,4016242.37622437
usa_NC_0047_0049,01-Jan-1852,437.270652481713,428582.045165356,4016195.20047508
usa_NC_0047_0048,01-Jan-1852,441.070741320634,428595.568651446,4016146.91692189
usa_NC_0047_0047,01-Jan-1852,440.762421699505,428605.117682058,4016097.55655397
usa_NC_0047_0046,01-Jan-1852,445.516598589109,428619.556032031,4016049.56368555
usa_NC_0047_0045,01-Jan-1852,450.46900694951,428634.185341495,4016001.62682079
usa_NC_0047_0044,01-Jan-1851,438.997783888168,428632.958327687,4015949.22606779
usa_NC_0047_0043,01-Jan-1851,440.398801167519,428644.160696443,4015900.31505123
usa_NC_0047_0042,01-Jan-1851,441.888592931645,428655.44920702,4015851.42599237
usa_NC_0047_0041,01-Jan-1851,443.382889869903,428666.742791502,4015802.53453308
usa_NC_0047_0040,01-Jan-1851,444.797459074133,428677.960323561,4015753.61679332
usa_NC_0047_0039,01-Jan-1851,441.751507347999,428684.875710183,4015703.46518333
usa_NC_0047_0038,01-Jan-1851,433.447777898388,428686.727676819,4015651.82075819
usa_NC_0047_0037,01-Jan-1851,432.95615877067,428696.118185156,4015602.31826106
usa_NC_0047_0036,01-Jan-1851,440.791449024822,428713.539775413,4015555.12001499
usa_NC_0047_0035,01-Jan-1851,442.909076318396,428725.447963999,4015506.33389409
usa_NC_0047_0034,01-Jan-1851,444.914093897873,428737.248476968,4015457.51194013
usa_NC_0047_0033,01-Jan-1851,450.695851535806,428752.689819589,4015409.7437831
usa_NC_0047_0032,01-Jan-1851,456.390449459908,428768.04684386,4015361.9527837
usa_NC_0047_0031,01-Jan-1851,461.194323195322,428782.545407062,4015313.9122041
usa_NC_0047_0030,01-Jan-1851,465.393018124007,428796.461008351,4015265.70056971
usa_NC_0047_0029,01-Jan-1851,469.572123565413,428810.357937158,4015217.48240821
usa_NC_0047_0028,01-Jan-1940,511.160960522009,428860.278610947,4015179.90136002
usa_NC_0047_0027,01-Jan-1940,514.339930567296,428873.206853171,4015131.42686886
usa_NC_0047_0026,01-Jan-1940,524.081761796019,428892.453140072,4015084.82682537
usa_NC_0047_0025,01-Jan-1940,529.117648921623,428907.168546938,4015036.88511492
usa_NC_0047_0024,01-Jan-1940,530.094089358599,428917.977521706,4014987.77604233
usa_NC_0047_0023,01-Jan-1940,538.341646379008,428935.783444806,4014940.75837552
usa_NC_0047_0022,01-Jan-1940,543.454155803102,428950.572444565,4014892.83940594
usa_NC_0047_0021,01-Jan-1940,551.18680126409,428967.88135672,4014845.68121517
usa_NC_0047_0020,01-Jan-1940,554.844289047703,428981.270519127,4014797.34213073
usa_NC_0047_0019,01-Jan-1940,556.037283409315,428992.290538163,4014748.28205521
usa_NC_0047_0018,01-Jan-1940,559.274831868852,429005.27716375,4014699.81433559
usa_NC_0047_0017,01-Jan-1940,560.970318014337,429016.777668449,4014650.91410077
usa_NC_0047_0016,01-Jan-1940,564.96995806532,429030.473378303,4014602.78704689
usa_NC_0047_0015,01-Jan-1940,565.805516760227,429041.128160986,4014553.73064614
usa_NC_0047_0014,01-Jan-1940,571.422902181756,429056.378817813,4014506.07790997
usa_NC_0047_0013,01-Jan-1940,575.879622319741,429070.514001992,4014458.08418295
usa_NC_0047_0012,01-Jan-1940,583.307770213614,429087.504765328,4014410.96418278
usa_NC_0047_0011,01-Jan-1940,592.222001369166,429105.923461701,4014364.2822132
usa_NC_0047_0010,01-Jan-1852,563.778811845085,429088.443870308,4014306.60225383
usa_NC_0047_0009,01-Jan-1851,568.295283427017,429102.637446663,4014258.62124059
usa_NC_0047_0008,01-Jan-1851,570.244793225272,429114.364539339,4014209.88343588
usa_NC_0047_0007,01-Jan-1851,574.722874996714,429128.521391236,4014161.89029051
usa_NC_0047_0006,01-Jan-1851,579.939998336405,429143.388362635,4014114.11499878
usa_NC_0047_0005,01-Jan-1851,587.681726896421,429160.680918101,4014067.08501685
usa_NC_0047_0004,01-Jan-1851,596.52365187957,429179.030321002,4014020.380817
usa_NC_0047_0003,01-Jan-1851,597.853970615098,429190.162976571,4013971.4578748
usa_NC_0047_0002,01-Jan-1851,602.283545679222,429204.273280289,4013923.45012922
usa_NC_0047_0001,01-Jan-1851,609.723797455413,429221.275845627,4013876.33283727
usa_NC_0046_0151,01-Jan-1851,617.357202801767,429238.463813007,4013829.27344644
usa_NC_0046_0150,01-Jan-1851,625.507487792398,429256.148135932,4013782.36790318
usa_NC_0046_0149,01-Jan-1851,637.154909648806,429277.191475029,4013736.49955551
usa_NC_0046_0148,01-Jan-1851,645.393542882916,429294.960173741,4013689.62263261
usa_NC_0046_0147,01-Jan-1851,647.024907961096,429306.38242773,4013640.78676401
usa_NC_0046_0146,01-Jan-1851,652.188553226651,429321.197530431,4013592.99812753
usa_NC_0046_0145,01-Jan-1851,658.104756028145,429336.735416527,4013545.43294599
usa_NC_0046_0144,01-Jan-1851,666.515091056885,429354.668623002,4013498.60901197
usa_NC_0046_0143,01-Jan-1851,671.429132101352,429369.243889039,4013450.74680048
usa_NC_0046_0142,01-Jan-1851,670.789554154499,429378.492371822,4013401.19997282
usa_NC_0046_0141,01-Jan-1851,679.3002917461,429396.568700865,4013354.17218523
usa_NC_0046_0140,01-Jan-1851,688.515780270783,429415.319391535,4013307.36620136
usa_NC_0046_0139,01-Jan-1851,695.058101775374,429431.49712868,4013259.79424287
usa_NC_0046_0138,01-Jan-1851,700.529021842009,429446.646426341,4013211.90128798
usa_NC_0046_0137,01-Jan-1851,704.166777749565,429460.037440424,4013163.45223922
usa_NC_0046_0136,01-Jan-1851,701.785778651677,429467.658101626,4013113.16462996
usa_NC_0046_0135,01-Jan-1851,696.906380301635,429472.887287224,4013062.09475656
usa_NC_0046_0134,01-Jan-1851,698.832609011202,429484.643562837,4013013.09209896
usa_NC_0046_0133,01-Jan-1851,704.114396737023,429499.616492382,4012965.11655538
usa_NC_0046_0132,01-Jan-1851,712.93869496482,429517.982810302,4012918.23775168
usa_NC_0046_0131,01-Jan-1851,721.712206497027,429536.29879789,4012871.35163961
usa_NC_0046_0130,01-Jan-1851,723.213167625358,429547.650011461,4012822.20579224
usa_NC_0046_0129,01-Jan-1851,731.86287179641,429565.845845777,4012775.28914491
usa_NC_0046_0128,01-Jan-1851,741.145570845451,429584.645829998,4012728.57947372
usa_NC_0046_0127,01-Jan-1851,750.629648318163,429603.636573069,4012681.94287015
usa_NC_0046_0126,01-Jan-1851,760.499705576019,429622.994507229,4012635.43847903
usa_NC_0046_0125,01-Jan-1851,771.47390705367,429643.406128286,4012589.29583331
usa_NC_0046_0124,01-Jan-1851,780.444222202243,429661.899233061,4012542.52771019
usa_NC_0046_0123,01-Jan-1851,781.044399745234,429672.390275116,4012493.08950614
usa_NC_0046_0122,01-Jan-1851,792.640372173585,429693.390828885,4012447.17270994
usa_NC_0046_0121,01-Jan-1851,802.0481168692,429712.297868722,4012400.56543894
usa_NC_0046_0120,01-Jan-1851,806.950449590085,429726.899762794,4012352.51021962
usa_NC_0046_0119,01-Jan-1851,808.157079292271,429737.972846439,4012303.25417431
usa_NC_0046_0118,01-Jan-1851,818.064753725135,429757.354192226,4012256.82459469
usa_NC_0046_0117,01-Jan-1851,827.94402642664,429776.706230991,4012210.39673557
usa_NC_0046_0116,01-Jan-1851,829.967355817897,429788.560989104,4012161.39676946
usa_NC_0046_0115,01-Jan-1851,830.849962845742,429799.330414637,4012112.0067552
usa_NC_0046_0114,01-Jan-1851,839.079656670956,429817.110184208,4012065.02880903
usa_NC_0046_0113,01-Jan-1851,846.796514292972,429834.400919565,4012017.88101153
usa_NC_0046_0112,01-Jan-1851,848.992444247354,429846.429085696,4011968.89408079
usa_NC_0046_0111,01-Jan-1851,857.883147562083,429864.840156957,4011922.13020029
usa_NC_0046_0110,01-Jan-1851,873.170919258253,429889.345768341,4011877.51317598
usa_NC_0046_0109,01-Jan-1851,888.830661365238,429914.202318861,4011833.0382008
usa_NC_0046_0108,01-Jan-1851,899.82955462785,429934.616805396,4011787.00722495
usa_NC_0046_0107,01-Jan-1851,912.32306772516,429956.452900413,4011741.4894949
usa_NC_0046_0106,01-Jan-1851,927.957842585375,429981.276863355,4011697.05018458
usa_NC_0046_0105,01-Jan-1851,940.19896466408,430002.867914276,4011651.47071756
usa_NC_0046_0104,01-Jan-1851,944.708109135415,430017.101149279,4011603.25384511
usa_NC_0046_0103,01-Jan-1851,953.578186283965,430035.483849105,4011556.52668419
usa_NC_0046_0102,01-Jan-1851,959.50749960188,430051.08025479,4011508.73555577
usa_NC_0046_0101,01-Jan-1851,972.338790608374,430073.24876768,4011463.27806728
usa_NC_0046_0100,01-Jan-1851,988.580061740931,430098.653698991,4011419.02651161
usa_NC_0046_0099,01-Jan-1851,996.2121884267,430115.876313056,4011371.78721043
usa_NC_0046_0098,01-Jan-1851,1001.56414275772,430130.934531879,4011323.74292924
usa_NC_0046_0097,01-Jan-1851,1007.08436177977,430146.15443656,4011275.74821821
usa_NC_0046_0096,01-Jan-1851,1013.6664601351,430162.383574755,4011228.12202319
usa_NC_0046_0095,01-Jan-1851,1023.40531614107,430181.607348762,4011181.61945915
usa_NC_0046_0094,01-Jan-1851,1033.73511150138,430201.390113904,4011135.33524032
usa_NC_0046_0093,01-Jan-1851,1034.01760133845,430211.650789901,4011085.42861579
usa_NC_0046_0092,01-Jan-1851,1037.00917740385,430224.477663684,4011036.50508092
usa_NC_0046_0091,01-Jan-1851,1044.25344907771,430241.299804675,4010989.29055293
usa_NC_0046_0090,01-Jan-1851,1050.32716694778,430257.013663994,4010941.64858359
usa_NC_0046_0089,01-Jan-1851,1060.07398835186,430276.20593806,4010895.34430692
usa_NC_0046_0088,01-Jan-1851,1061.64424524087,430287.656788181,4010846.05347865
usa_NC_0046_0087,01-Jan-1851,1062.46302976507,430298.397940896,4010796.47924623
usa_NC_0046_0086,01-Jan-1851,1071.91075508178,430317.308033636,4010750.0607308
usa_NC_0046_0085,01-Jan-1851,1079.18948091459,430334.165146249,4010702.84702194
usa_NC_0046_0084,01-Jan-1851,1085.78078470301,430350.372010636,4010655.37927154
usa_NC_0046_0083,01-Jan-1851,1093.81150843504,430367.94108504,4010608.44031698
usa_NC_0046_0082,01-Jan-1851,1104.21049097557,430387.750484277,4010562.3758947
usa_NC_0046_0081,01-Jan-1851,1114.57529763708,430407.526972894,4010516.30175941
usa_NC_0046_0080,01-Jan-1851,1114.43174572253,430417.364934537,4010466.33633305
usa_NC_0046_0079,01-Jan-1851,1119.91582700475,430432.526427569,4010418.4495137
usa_NC_0046_0078,01-Jan-1851,1135.8212798411,430457.541629087,4010374.43452726
usa_NC_0046_0077,01-Jan-1851,1145.97557623757,430477.118108193,4010328.28701552
usa_NC_0046_0076,01-Jan-1851,1155.50811357295,430496.106711701,4010281.90842474
usa_NC_0046_0075,01-Jan-1851,1166.03767004721,430516.037609446,4010235.90233758
usa_NC_0046_0074,01-Jan-1851,1176.6411838789,430536.038166104,4010189.92507837
usa_NC_0046_0073,01-Jan-1851,1187.74730083762,430556.513352188,4010144.13753489
usa_NC_0046_0072,01-Jan-1851,1199.63740979801,430577.728805981,4010098.64636809
usa_NC_0046_0071,01-Jan-1851,1211.55929697915,430598.972177847,4010053.17766287
usa_NC_0046_0070,01-Jan-1851,1222.13481167378,430618.916572912,4010007.33856904
usa_NC_0046_0069,01-Jan-1851,1230.19804899395,430636.487791952,4009960.55480879
usa_NC_0046_0068,01-Jan-1851,1238.32089483583,430654.115214123,4009913.79398773
usa_NC_0046_0067,01-Jan-1851,1246.34892275354,430671.652954546,4009866.99808255
usa_NC_0046_0066,01-Jan-1851,1257.6361494438,430692.269757715,4009821.42609306
usa_NC_0046_0065,01-Jan-1851,1272.2222952554,430716.003500651,4009777.09117368
usa_NC_0046_0064,01-Jan-1851,1284.65350703794,430737.701538455,4009731.94639069
usa_NC_0046_0063,01-Jan-1851,1292.29529473568,430754.874386966,4009685.00543806
usa_NC_0046_0062,01-Jan-1851,1301.4761921572,430773.501410686,4009638.64180076
usa_NC_0046_0061,01-Jan-1851,1311.2488420726,430792.687576823,4009592.4999013
usa_NC_0046_0060,01-Jan-1851,1321.42544798839,430812.255483556,4009546.50914127
usa_NC_0046_0059,01-Jan-1851,1332.09320723291,430832.287578874,4009500.70191498
usa_NC_0046_0058,01-Jan-1851,1342.62365930454,430852.189986089,4009454.84297558
usa_NC_0046_0057,01-Jan-1851,1353.31427133744,430872.243823957,4009409.04356628
usa_NC_0046_0056,01-Jan-1851,1362.34855255183,430890.732306872,4009362.62501123
usa_NC_0046_0055,01-Jan-1851,1371.44914259445,430909.283422279,4009316.23141418
usa_NC_0046_0054,01-Jan-1851,1380.45498636872,430927.74494719,4009269.80264203
usa_NC_0046_0053,01-Jan-1851,1390.69887189319,430947.376660074,4009223.83592076
usa_NC_0046_0052,01-Jan-1851,1402.40124275857,430968.376571294,4009178.46532416
usa_NC_0046_0051,01-Jan-1851,1409.0616591575,430984.599230676,4009131.27123266
usa_NC_0046_0050,01-Jan-1851,1413.15090103401,430998.389512278,4009083.12817215
usa_NC_0046_0049,01-Jan-1851,1414.49850919461,431009.584945462,4009033.97930057
usa_NC_0046_0048,01-Jan-1851,1428.85937500769,431033.087897955,4008989.64966951
usa_NC_0046_0047,01-Jan-1851,1443.22589344215,431056.597744908,4008945.31438308
usa_NC_0046_0046,01-Jan-1851,1454.99492051382,431077.651140728,4008900.01629671
usa_NC_0046_0045,01-Jan-1851,1464.95014022915,431096.988904499,4008854.04745603
usa_NC_0046_0044,01-Jan-1851,1471.64779935715,431113.243751019,4008806.8823492
usa_NC_0046_0043,01-Jan-1851,1476.74716800751,431127.985070856,4008759.13492635
usa_NC_0046_0042,01-Jan-1851,1482.05036020471,431142.918580759,4008711.46588701
usa_NC_0046_0041,01-Jan-1851,1487.50991598269,431157.999439841,4008663.85742887
usa_NC_0046_0040,01-Jan-1851,1493.10113253543,431173.204319058,4008616.30023316
usa_NC_0046_0039,01-Jan-1851,1499.24790768798,431188.934898633,4008568.94742325
usa_NC_0046_0038,01-Jan-1851,1506.14012806354,431205.37138012,4008521.86625321
usa_NC_0046_0037,01-Jan-1851,1512.93930826598,431221.719449615,4008474.75271713
usa_NC_0046_0036,01-Jan-1851,1520.22470783832,431238.528147446,4008427.81535208
usa_NC_0046_0035,01-Jan-1851,1528.31379932819,431256.098703065,4008381.16685363
usa_NC_0046_0034,01-Jan-1851,1536.30274885683,431273.57445274,4008334.48174426
usa_NC_0046_0033,01-Jan-1851,1544.36423992195,431291.119120953,4008287.82194258
usa_NC_0046_0032,01-Jan-1851,1553.2910879036,431309.437784887,4008241.70496026
usa_NC_0046_0031,01-Jan-1851,1562.18261363227,431327.715825012,4008195.61101432
usa_NC_0046_0030,01-Jan-1851,1571.02169026154,431345.945274702,4008149.49256913
usa_NC_0046_0029,01-Jan-1851,1579.94512181229,431364.256052037,4008103.3976192
usa_NC_0046_0028,01-Jan-1851,1588.34523039365,431382.070561246,4008057.11550194
usa_NC_0046_0027,01-Jan-1851,1596.87244156628,431400.006727157,4008010.87321281
usa_NC_0046_0026,01-Jan-1851,1604.35086919116,431416.945733986,4007964.26881451
usa_NC_0046_0025,01-Jan-1851,1611.90449275602,431433.956236957,4007917.69037088
usa_NC_0046_0024,01-Jan-1851,1619.29875193664,431450.814910151,4007871.05845459
usa_NC_0046_0023,01-Jan-1851,1627.26211996014,431468.215772453,4007824.6175593
usa_NC_0046_0022,01-Jan-1851,1638.11137144864,431488.368589876,4007779.13240537
usa_NC_0046_0021,01-Jan-1851,1648.92523191079,431508.492126257,4007733.61317339
usa_NC_0046_0020,01-Jan-1851,1659.74518375578,431528.649546321,4007687.95546101
usa_NC_0046_0019,01-Jan-1851,1670.704656203,431548.942091959,4007642.33354642
usa_NC_0046_0018,01-Jan-1851,1674.49848704358,431562.394663121,4007594.37294154
usa_NC_0046_0017,01-Jan-1851,1675.33460979537,431573.019905968,4007545.46724773
usa_NC_0046_0016,01-Jan-1851,1676.25925235015,431583.725619164,4007496.61059407
usa_NC_0046_0015,01-Jan-1851,1685.55989628358,431602.432591479,4007450.4579675
usa_NC_0046_0014,01-Jan-1851,1695.56602134315,431621.815064003,4007404.52517318
usa_NC_0046_0013,01-Jan-1851,1704.5248026429,431640.197361151,4007358.25271204
usa_NC_0046_0012,01-Jan-1851,1712.92099106863,431658.042270423,4007311.79845575
usa_NC_0046_0011,01-Jan-1851,1721.27397412014,431675.84631137,4007265.32822948
usa_NC_0046_0010,01-Jan-1851,1727.45954478965,431691.576032075,4007218.17770316
usa_NC_0046_0009,01-Jan-1851,1731.19400881825,431704.95781762,4007170.26836882
usa_NC_0046_0008,01-Jan-1851,1734.98022759,431718.38683606,4007122.38678383
usa_NC_0046_0007,01-Jan-1851,1740.26340400016,431733.248697125,4007074.97415531
usa_NC_0046_0006,01-Jan-1851,1748.30627475319,431750.756478761,4007028.40392266
usa_NC_0046_0005,01-Jan-1851,1756.48466374179,431768.396731418,4006981.86234686
usa_NC_0046_0004,01-Jan-1851,1764.92299933124,431786.288915244,4006935.386601
usa_NC_0046_0003,01-Jan-1851,1773.35808283922,431804.180754235,4006888.89598445
usa_NC_0046_0002,01-Jan-1851,1781.29093631646,431821.593393622,4006842.24042709
usa_NC_0046_0001,01-Jan-1851,1789.16627119532,431838.953284027,4006795.5553102
usa_NC_0045_0100,01-Jan-1851,1796.61610817932,431855.907014804,4006748.73132091
usa_NC_0045_0099,01-Jan-1851,1801.39212779738,431870.294522517,4006701.10435634
usa_NC_0045_0098,01-Jan-1851,1806.19649519474,431884.709831362,4006653.48293197
usa_NC_0045_0097,01-Jan-1851,1811.74235577217,431899.841082049,4006606.06273542
usa_NC_0045_0096,01-Jan-1851,1822.38876925719,431919.901187028,4006560.00640432
usa_NC_0045_0095,01-Jan-1851,1831.6960847591,431938.675450909,4006513.55107268
usa_NC_0045_0094,01-Jan-1851,1831.99215606657,431948.786636053,4006464.46186668
usa_NC_0045_0093,01-Jan-1851,1834.48086492699,431961.005484253,4006416.01483264
usa_NC_0045_0092,01-Jan-1851,1839.18771008055,431975.357265561,4006368.21363773
usa_NC_0045_0091,01-Jan-1851,1841.80694220505,431987.70128833,4006319.80628383
usa_NC_0045_0090,01-Jan-1851,1842.80014682588,431998.480855833,4006270.92992899
usa_NC_0045_0089,01-Jan-1851,1845.55883087376,432010.958292308,4006222.56658922
usa_NC_0045_0088,01-Jan-1851,1851.62205320638,432026.615057841,4006175.15677656
usa_NC_0045_0087,01-Jan-1851,1861.49106772257,432045.934641538,4006128.83898404
usa_NC_0045_0086,01-Jan-1851,1877.12162908853,432070.8005904,4006084.16805772
usa_NC_0045_0085,01-Jan-1851,1875.80469794289,432079.356788339,4006034.6289399
usa_NC_0045_0084,01-Jan-1851,1877.87924097972,432091.176583441,4005986.06530079
usa_NC_0045_0083,01-Jan-1851,1882.17051853812,432105.13014644,4005938.13616952
usa_NC_0045_0082,01-Jan-1851,1886.8046161959,432119.447551431,4005890.13575364
usa_NC_0045_0081,01-Jan-1851,1891.89431440976,432134.209121038,4005842.23764216
usa_NC_0045_0080,01-Jan-1851,1890.92732916279,432143.14224655,4005792.59811973
usa_NC_0045_0079,01-Jan-1851,1885.51792545654,432147.803328076,4005741.66647064
usa_NC_0045_0078,01-Jan-1851,1887.92150265133,432159.982934822,4005692.98136237
usa_NC_0045_0077,01-Jan-1851,1890.74408054188,432172.566036191,4005644.41530597
usa_NC_0045_0076,01-Jan-1851,1893.05944044027,432184.661844488,4005595.69935638
usa_NC_0045_0075,01-Jan-1851,1888.03249988399,432189.700018901,4005544.83242095
usa_NC_0045_0074,01-Jan-1851,1895.6092281655,432206.855181124,4005497.64795885
usa_NC_0045_0073,01-Jan-1851,1894.0900598925,432215.26839297,4005447.79231845
usa_NC_0045_0072,01-Jan-1851,1893.33386462807,432224.416651079,4005398.15191838
usa_NC_0045_0071,01-Jan-1851,1898.45395661101,432239.21169716,4005350.24138689
usa_NC_0045_0070,01-Jan-1851,1905.06589646931,432255.439889424,4005302.77221606
usa_NC_0045_0069,01-Jan-1851,1900.90010118067,432261.319280899,4005252.09020593
usa_NC_0045_0068,01-Jan-1851,1906.71255714106,432276.781694166,4005204.37326651
usa_NC_0045_0067,01-Jan-1851,1909.02230199281,432288.882308648,4005155.60460966
usa_NC_0045_0066,01-Jan-1851,1905.13037944051,432295.033095122,4005104.96209456
usa_NC_0045_0065,01-Jan-1851,1903.20434429855,432303.073817912,4005054.8941615
usa_NC_0045_0064,01-Jan-1851,1911.17746217024,432320.613157211,4005007.81003205
usa_NC_0045_0063,01-Jan-1851,1905.77807808963,432325.326693798,4004956.66701148
usa_NC_0045_0062,01-Jan-1851,1913.53786537591,432342.662658614,4004909.51195218
usa_NC_0045_0061,01-Jan-1851,1917.00803193631,432355.885609766,4004861.04869301
usa_NC_0045_0060,01-Jan-1851,1923.65737945548,432372.156866184,4004813.55491589
usa_NC_0045_0059,01-Jan-1851,1923.75198765678,432382.146393556,4004764.04640248
usa_NC_0045_0058,01-Jan-1851,1931.28105856762,432399.261455978,4004716.81940451
usa_NC_0045_0057,01-Jan-1851,1933.37079116228,432411.165402565,4004667.91215692
usa_NC_0045_0056,01-Jan-1851,1933.84578936495,432421.524351803,4004618.49616591
usa_NC_0045_0055,01-Jan-1851,1935.93861891519,432433.434648394,4004569.57294524
usa_NC_0045_0054,01-Jan-1940,1972.27687786857,432478.132872156,4004531.33167005
usa_NC_0045_0053,01-Jan-1940,1976.36271809113,432491.947600091,4004483.04891125
usa_NC_0045_0052,01-Jan-1940,1983.99189110382,432509.154174434,4004435.87480533
usa_NC_0045_0051,01-Jan-1940,1990.35683003156,432525.150561692,4004388.30515145
usa_NC_0045_0050,01-Jan-1940,1994.18491714231,432538.720020329,4004339.93441828
usa_NC_0045_0049,01-Jan-1940,1999.0259235565,432553.259193429,4004291.88011109
usa_NC_0045_0048,01-Jan-1940,2004.80187586597,432568.69295195,4004244.12028134
usa_NC_0045_0047,01-Jan-1940,2012.5082586115,432585.968960029,4004196.99272812
usa_NC_0045_0046,01-Jan-1940,2019.15594941768,432602.198511054,4004149.69920565
usa_NC_0045_0045,01-Jan-1940,2031.20969549407,432623.596850602,4004104.12790084
usa_NC_0045_0044,01-Jan-1940,2033.69484565293,432635.84655585,4004055.50828546
usa_NC_0045_0043,01-Jan-1940,2039.94053572202,432651.69175276,4004008.08668089
usa_NC_0045_0042,01-Jan-1940,2045.34580049932,432666.733407509,4003960.39735217
usa_NC_0045_0041,01-Jan-1940,2048.71947921677,432679.832628143,4003912.06087954
usa_NC_0045_0040,01-Jan-1940,2059.65671671501,432700.163488908,4003866.13374993
usa_NC_0045_0039,01-Jan-1940,2062.58412976643,432712.836023383,4003817.65514299
usa_NC_0045_0038,01-Jan-1940,2069.56747060258,432729.386501227,4003770.46850839
usa_NC_0045_0037,01-Jan-1940,2068.46474237655,432738.205723896,4003720.70626007
usa_NC_0045_0036,01-Jan-1940,2078.49931488209,432757.673544525,4003674.49152802
usa_NC_0045_0035,01-Jan-1849,2100.21096651826,432788.30609161,4003631.99606798
usa_NC_0045_0034,01-Jan-1849,2103.62918143187,432801.447886585,4003583.67381938
usa_NC_0045_0033,01-Jan-1849,2112.14872448518,432819.467183618,4003536.97637826
usa_NC_0045_0032,01-Jan-1849,2129.8056085658,432846.225634327,4003493.1756151
usa_NC_0045_0031,01-Jan-1849,2133.03735259537,432859.196427317,4003444.75750592
usa_NC_0045_0030,01-Jan-1849,2146.92305888133,432882.352991189,4003399.73644739
usa_NC_0045_0029,01-Jan-1849,2154.35739316784,432899.341482268,4003352.65938951
usa_NC_0045_0028,01-Jan-1849,2152.87243647063,432907.803448369,4003302.73435682
usa_NC_0045_0027,01-Jan-1849,2156.44587748153,432921.101408793,4003254.42276459
usa_NC_0045_0026,01-Jan-1849,2163.28318307719,432937.519427076,4003207.15374427
usa_NC_0045_0025,01-Jan-1849,2165.59543554605,432949.612186753,4003158.43719294
usa_NC_0045_0024,01-Jan-1849,2175.47799867227,432968.94092845,4003112.14271311
usa_NC_0045_0023,01-Jan-1849,2188.82193886057,432991.577617931,4003066.95850085
usa_NC_0045_0022,01-Jan-1849,2198.47417523621,433010.685519705,4003020.59375809
usa_NC_0045_0021,01-Jul-1848,2206.62544592554,433028.358707267,4002973.74897067
usa_NC_0045_0020,01-Jul-1848,2213.63614836596,433044.941769582,4002926.5389059
usa_NC_0045_0019,01-Jan-1848,2220.63626511742,433061.514653388,4002879.32575616
usa_NC_0045_0018,01-Jan-1848,2224.2104870301,433074.813821377,4002831.01210601
usa_NC_0045_0017,01-Jan-1848,2226.77531879853,433087.148701395,4002782.37288406
usa_NC_0045_0016,01-Jan-1848,2234.25427241137,433104.179224231,4002735.31318975
usa_NC_0045_0015,01-Jan-1848,2243.1048417354,433122.52014633,4002688.69554574
usa_NC_0045_0014,01-Jan-1848,2250.60905907739,433139.574751173,4002641.64426466
usa_NC_0045_0013,01-Jan-1848,2256.38280581486,433154.976026324,4002594.03573812
usa_NC_0045_0012,01-Jan-1848,2264.11147003324,433172.244909695,4002547.05754884
usa_NC_0045_0011,01-Jan-1848,2273.91342596348,433191.494244038,4002500.7490897
usa_NC_0045_0010,01-Jan-1848,2282.06843692264,433209.170059798,4002453.91023755
usa_NC_0045_0009,01-Jan-1848,2285.89423825834,433222.710455956,4002405.67327886
usa_NC_0045_0008,01-Jan-1848,2295.77020010731,433242.029912427,4002359.39157742
usa_NC_0045_0007,01-Jan-1848,2305.0819313519,433260.81016418,4002312.92881512
usa_NC_0045_0006,01-Jan-1848,2309.45009963364,433274.868703606,4002264.86673966
usa_NC_0045_0005,01-Jan-1848,2310.61071113948,433285.865365409,4002215.75829276
usa_NC_0045_0004,01-Jan-1848,2314.33723858862,433299.326840939,4002167.40965714
usa_NC_0045_0003,01-Jan-1848,2321.0150800678,433315.606916166,4002120.01716086
usa_NC_0045_0002,01-Jan-1848,2328.27334200198,433332.441089265,4002072.81381632
usa_NC_0045_0001,01-Jan-1848,2335.14140540418,433348.902673606,4002025.48374173
usa_NC_0044_0140,01-Jan-1848,2345.70045254084,433368.886789282,4001979.36183209
usa_NC_0044_0139,01-Jan-1848,2356.96142743463,433389.53970011,4001933.47517537
usa_NC_0044_0138,01-Jan-1848,2373.17077200155,433414.912696348,4001889.22050364
usa_NC_0044_0137,01-Jan-1848,2389.27566449354,433440.183546005,4001844.94396043
usa_NC_0044_0136,01-Jan-1848,2395.02353351886,433455.635419261,4001796.95016012
usa_NC_0044_0135,01-Jan-1848,2397.53498540611,433467.875941161,4001748.51072747
usa_NC_0044_0134,01-Jan-1848,2394.93501427997,433475.305907622,4001698.05994418
usa_NC_0044_0133,01-Jan-1848,2400.4395006153,433490.497881291,4001650.12472162
usa_NC_0044_0132,01-Jan-1848,2406.30065486504,433506.031253536,4001602.30119934
usa_NC_0044_0131,01-Jan-1848,2413.44812118011,433522.790512292,4001554.90732996
usa_NC_0044_0130,01-Jan-1848,2418.80138882991,433537.841053451,4001506.90817294
usa_NC_0044_0129,01-Jan-1848,2424.68348436962,433553.395924904,4001459.08393046
usa_NC_0044_0128,01-Jan-1848,2429.0030072696,433567.464600305,4001410.72287841
usa_NC_0044_0127,01-Jan-1848,2433.22271778466,433581.440024931,4001362.3191147
usa_NC_0044_0126,01-Jan-1848,2438.27362536111,433596.207513212,4001314.19342338
usa_NC_0044_0125,01-Jan-1848,2444.27304423182,433611.877708814,4001266.39079289
usa_NC_0044_0124,01-Jan-1848,2454.86516413977,433631.912021157,4001220.18646092
usa_NC_0044_0123,01-Jan-1848,2457.54665020432,433644.430392722,4001171.22430155
usa_NC_0044_0122,01-Jan-1848,2466.06681151794,433662.492436506,4001124.31609489
usa_NC_0044_0121,01-Jan-1848,2471.66960672659,433677.78027041,4001076.40285238
usa_NC_0044_0120,01-Jan-1848,2475.96402411405,433691.827681696,4001028.02009273
usa_NC_0044_0119,01-Jan-1848,2481.35345974675,433706.918734518,4000980.00277659
usa_NC_0044_0118,01-Jan-1848,2488.36574419335,433723.550109887,4000932.5590087
usa_NC_0044_0117,01-Jan-1848,2496.86173284,433741.58841155,4000885.64625591
usa_NC_0044_0116,01-Jan-1848,2501.05958390048,433755.553472063,4000837.18280257
usa_NC_0044_0115,01-Jan-1848,2504.45851297388,433768.76400239,4000788.41815499
usa_NC_0044_0114,01-Jan-1848,2516.77252627002,433790.419603704,4000742.88764004
usa_NC_0044_0113,01-Jan-1848,2525.96772018512,433809.120000102,4000696.22977786
usa_NC_0044_0112,01-Jan-1848,2535.15772612361,433827.814669879,4000649.57409798
usa_NC_0044_0111,01-Jan-1848,2544.19053468467,433846.35981267,4000602.86448033
usa_NC_0044_0110,01-Jan-1848,2553.32896913658,433865.004130924,4000556.1975931
usa_NC_0044_0109,01-Jan-1848,2557.65594000042,433879.09879833,4000507.74447659
usa_NC_0044_0108,01-Jan-1848,2561.58729776074,433892.819229424,4000459.14524279
usa_NC_0044_0107,01-Jan-1848,2567.14108516887,433908.076547732,4000411.13460981
usa_NC_0044_0106,01-Jan-1848,2574.02624449194,433924.594413849,4000363.61012594
usa_NC_0044_0105,01-Jan-1848,2581.47121281268,433941.643094433,4000316.28612604
usa_NC_0044_0104,01-Jan-1848,2594.41395595045,433963.886136821,4000271.02443868
usa_NC_0044_0103,01-Jan-1848,2604.52815838493,433983.469981985,4000224.63545258
usa_NC_0044_0102,01-Jan-1848,2613.77928053733,434002.240201245,4000177.91358975
usa_NC_0044_0101,01-Jan-1848,2625.85983327558,434023.678686867,4000132.27818164
usa_NC_0044_0100,01-Jan-1848,2637.09714942741,434044.321389151,4000086.32187443
usa_NC_0044_0099,01-Jan-1848,2648.00057451119,434064.649048705,4000040.2382097
usa_NC_0044_0098,01-Jan-1848,2658.86262108977,434084.937461798,3999994.13978165
usa_NC_0044_0097,01-Jan-1848,2669.53095232832,434105.043304444,3999947.96641524
usa_NC_0044_0096,01-Jan-1848,2681.16494494255,434126.057483152,3999902.17546348
usa_NC_0044_0095,01-Jan-1848,2691.63079555626,434145.970888911,3999855.9318021
usa_NC_0044_0094,01-Jan-1848,2699.02008294763,434162.976606588,3999808.53864769
usa_NC_0044_0093,01-Jan-1848,2701.91815981054,434175.763517628,3999759.33794606
usa_NC_0044_0092,01-Jan-1848,2714.23606445452,434197.404563479,3999713.90013084
usa_NC_0044_0091,01-Jan-1848,2727.28486105989,434219.73096977,3999668.76248291
usa_NC_0044_0090,01-Jan-1848,2741.41258720434,434243.068841413,3999624.06919449
usa_NC_0044_0089,01-Jan-1848,2756.09849189379,434266.928449794,3999579.6134977
usa_NC_0044_0088,01-Jan-1848,2770.8251760176,434290.823834586,3999535.18687241
usa_NC_0044_0087,01-Jan-1848,2766.94750451168,434297.266337291,3999483.15722776
usa_NC_0044_0086,01-Jan-1848,2769.7828916063,434310.012102732,3999433.84250886
usa_NC_0044_0085,01-Jan-1848,2776.58671773706,434326.482380051,3999386.14110876
usa_NC_0044_0084,01-Jan-1848,2791.2731136499,434350.341440516,3999341.69066081
usa_NC_0044_0083,01-Jan-1848,2806.13826823312,434374.323541813,3999297.53673118
usa_NC_0044_0082,01-Jan-1848,2821.40337378489,434398.678769974,3999253.55660839
usa_NC_0044_0081,01-Jan-1848,2829.62330956988,434416.43309346,3999206.65620565
usa_NC_0044_0080,01-Jan-1848,2841.8867205281,434437.975519491,3999161.43382278
usa_NC_0044_0079,01-Jan-1848,2853.09698782046,434458.531212509,3999115.77490378
usa_NC_0044_0078,01-Jan-1848,2872.63865830142,434487.001977857,3999073.02372446
usa_NC_0044_0077,01-Jan-1848,2889.43954851949,434512.68085227,3999030.2571639
usa_NC_0044_0076,01-Jan-1848,2911.21422879977,434543.128443155,3998989.00894841
usa_NC_0044_0075,01-Jan-1848,2930.95023542709,434571.665466845,3998946.91794486
usa_NC_0044_0074,01-Jan-1848,2946.56091366849,434596.338704679,3998903.10994683
usa_NC_0044_0073,01-Jan-1848,2952.10463087381,434611.586556686,3998855.09529541
usa_NC_0044_0072,01-Jan-1848,2958.90693710665,434628.01352917,3998807.60285237
usa_NC_0044_0071,01-Jan-1848,2958.12349143325,434637.369204285,3998756.78539286
usa_NC_0044_0070,01-Jan-1848,2961.14892909066,434650.314533012,3998707.44187133
usa_NC_0044_0069,01-Jan-1848,2978.97958953386,434677.111358344,3998664.33590158
usa_NC_0044_0068,01-Jan-1848,2989.56135935221,434697.127245274,3998618.17095756
usa_NC_0044_0067,01-Jan-1848,3000.91623740928,434717.866216243,3998572.33284053
usa_NC_0044_0066,01-Jan-1848,3006.90023824479,434733.588207529,3998524.19232209
usa_NC_0044_0065,01-Jan-1848,3015.15579137226,434751.435186328,3998477.01000382
usa_NC_0044_0064,01-Jan-1848,3024.84591229902,434770.623493902,3998430.43621693
usa_NC_0044_0063,01-Jan-1848,3035.73177924002,434790.928777519,3998384.37492513
usa_NC_0044_0062,01-Jan-1848,3049.69858620934,434814.108117829,3998339.65376658
usa_NC_0044_0061,01-Jan-1848,3065.00020669716,434838.530225727,3998295.52529958
usa_NC_0044_0060,01-Jan-1848,3082.04318253319,434864.521090559,3998252.43285993
usa_NC_0044_0059,01-Jan-1848,3100.47245178916,434891.736793176,3998210.28555707
usa_NC_0044_0058,01-Jan-1848,3111.07062126716,434911.65109298,3998164.71268552
usa_NC_0044_0057,01-Jan-1848,3113.82060950855,434924.240275354,3998115.74575013
usa_NC_0044_0056,01-Jan-1848,3107.8398295966,434928.672564915,3998063.04315257
usa_NC_0044_0055,01-Jan-1848,3116.80519984009,434947.052346989,3998016.81690321
usa_NC_0044_0054,01-Jan-1848,3136.00466189164,434974.988630918,3997974.99407352
usa_NC_0044_0053,01-Jan-1848,3152.78588102035,435000.658792136,3997932.1707294
usa_NC_0044_0052,01-Jan-1848,3168.63785369885,435025.464458535,3997888.93140926
usa_NC_0044_0051,01-Jan-1848,3176.58452788641,435042.878221206,3997842.34076191
usa_NC_0044_0050,01-Jan-1848,3188.77206957642,435064.277703648,3997797.44653791
usa_NC_0044_0049,01-Jan-1848,3200.97340530383,435085.748047369,3997752.26809282
usa_NC_0044_0048,01-Jan-1848,3213.2924957229,435107.328570738,3997707.13920609
usa_NC_0044_0047,01-Jan-1848,3225.33822273187,435128.653262022,3997661.89554094
usa_NC_0044_0046,01-Jan-1848,3230.01503516595,435143.067042995,3997613.6308103
usa_NC_0044_0045,01-Jan-1848,3244.77786059599,435166.909121292,3997569.65539086
usa_NC_0044_0044,01-Jan-1848,3258.17129234282,435189.469768584,3997525.10429282
usa_NC_0044_0043,01-Jan-1848,3268.44102635922,435209.107435,3997479.23969069
usa_NC_0044_0042,01-Jan-1848,3274.86892642936,435225.150225517,3997431.75912769
usa_NC_0044_0041,01-Jan-1848,3283.66779118364,435243.411773675,3997385.27483618
usa_NC_0044_0040,01-Jan-1848,3294.51712600826,435263.592114258,3997339.65237136
usa_NC_0044_0039,01-Jan-1848,3300.01639576932,435278.766421639,3997291.77893572
usa_NC_0044_0038,01-Jan-1848,3306.77995715008,435295.123919334,3997244.43644356
usa_NC_0044_0037,01-Jan-1848,3314.83423854201,435312.689294256,3997197.6362246
usa_NC_0044_0036,01-Jan-1848,3322.60801326371,435329.992344166,3997150.71726599
usa_NC_0044_0035,01-Jan-1848,3334.74023675888,435351.114000864,3997106.93108003
usa_NC_0044_0034,01-Jan-1848,3347.95912941689,435373.722894834,3997061.24781079
usa_NC_0044_0033,01-Jan-1848,3355.75414763314,435391.140048231,3997013.86624779
usa_NC_0044_0032,01-Jan-1848,3378.11954716783,435421.982588146,3996973.65618228
usa_NC_0044_0031,01-Jan-1848,3393.669743142,435446.541602439,3996930.11114187
usa_NC_0044_0030,01-Jan-1848,3409.46706721467,435471.331642927,3996886.67113093
usa_NC_0044_0029,01-Jan-1848,3413.96310773266,435485.547956722,3996838.47206502
usa_NC_0044_0028,01-Jan-1848,3426.32888023096,435507.127185957,3996793.58788767
usa_NC_0044_0027,01-Jan-1848,3436.87214226886,435527.001184193,3996747.93649062
usa_NC_0044_0026,01-Jan-1848,3450.61717309906,435549.870582884,3996703.63460374
usa_NC_0044_0025,01-Jan-1848,3466.41802930915,435574.674470054,3996660.14332442
usa_NC_0044_0024,01-Jan-1848,3477.44295221803,435595.043803684,3996614.47114791
usa_NC_0044_0023,01-Jan-1848,3486.21286926124,435613.303498193,3996567.84840366
usa_NC_0044_0022,01-Jan-1848,3489.68891214931,435626.610670752,3996518.99365781
usa_NC_0044_0021,01-Jan-1848,3507.5421917164,435653.338360681,3996476.34909982
usa_NC_0044_0020,01-Jan-1848,3523.79992101755,435678.555458662,3996433.12152345
usa_NC_0044_0019,01-Jan-1848,3537.57189049422,435701.44788027,3996388.84189751
usa_NC_0044_0018,01-Jan-1848,3558.76075773126,435731.287196565,3996347.64813078
usa_NC_0044_0017,01-Jan-1848,3574.7260358975,435756.238503562,3996304.2582035
usa_NC_0044_0016,01-Jan-1848,3584.52110755318,435775.410731837,3996258.30047937
usa_NC_0044_0015,01-Jan-1848,3588.95956742557,435789.561591789,3996210.13511715
usa_NC_0044_0014,01-Jan-1848,3592.40102090547,435802.77407886,3996161.57769246
usa_NC_0044_0013,01-Jan-1848,3594.64997516744,435814.864091099,3996112.55186007
usa_NC_0044_0012,01-Jan-1848,3615.82202293337,435844.699793216,3996071.2903451
usa_NC_0044_0011,01-Jan-1848,3631.82640474001,435869.691761213,3996027.89649291
usa_NC_0044_0010,01-Jan-1848,3648.29630724809,435895.17146938,3995984.43750233
usa_NC_0044_0009,01-Jan-1848,3666.13319051305,435921.996572618,3995941.22177635
usa_NC_0044_0008,01-Jan-1848,3680.32763820795,435945.401928483,3995896.53127233
usa_NC_0044_0007,01-Jan-1848,3682.93763285027,435957.950299727,3995847.05414058
usa_NC_0044_0006,01-Jan-1848,3691.34427088793,435975.935288195,3995799.95220322
usa_NC_0044_0005,01-Jan-1848,3703.46095047569,435997.396204487,3995754.38891012
usa_NC_0044_0004,01-Jan-1848,3715.90644342389,436019.164370632,3995708.9660599
usa_NC_0044_0003,01-Jan-1848,3732.87491628611,436045.162363744,3995665.45773602
usa_NC_0044_0002,01-Jan-1848,3747.95257887357,436069.388084313,3995621.16913838
usa_NC_0044_0001,01-Jan-1848,3761.10058424464,436091.808099781,3995576.06932806
usa_NC_0043_0130,01-Jan-1848,3772.93657582934,436112.986113493,3995530.48934776
usa_NC_0043_0129,01-Jan-1848,3785.1808357702,436134.495401607,3995485.33506587
usa_NC_0043_0128,01-Jan-1848,3798.02753169077,436156.567451149,3995440.43893205
usa_NC_0043_0127,01-Jan-1848,3811.10389582792,436178.853999586,3995395.64143333
usa_NC_0043_0126,01-Jan-1848,3817.25840440303,436194.674641526,3995347.87738372
usa_NC_0043_0125,01-Jan-1848,3828.17247494802,436214.941379984,3995302.15291799
usa_NC_0043_0124,01-Jan-1848,3840.53888730884,436236.564762314,3995257.05104747
usa_NC_0043_0123,01-Jan-1848,3852.90782553011,436258.190481545,3995211.95037246
usa_NC_0043_0122,01-Jan-1848,3864.955664586,436279.516251037,3995166.71208999
usa_NC_0043_0121,01-Jan-1848,3875.92690645019,436299.836402811,3995121.01208693
usa_NC_0043_0120,01-Jan-1848,3882.41272380179,436315.966979781,3995073.38777746
usa_NC_0043_0119,01-Jan-1848,3898.18233032595,436340.769043183,3995029.74614818
usa_NC_0043_0118,01-Jan-1848,3911.81691384532,436363.576844284,3994985.18887197
usa_NC_0043_0117,01-Jan-1848,3925.42138246636,436386.356463149,3994940.61894459
usa_NC_0043_0116,01-Jan-1848,3939.3528721059,436409.441460027,3994896.18968061
usa_NC_0043_0115,01-Jan-1848,3943.65456466084,436423.53236854,3994847.62637201
usa_NC_0043_0114,01-Jan-1848,3943.63832064938,436433.590654213,3994797.20805334
usa_NC_0043_0113,01-Jan-1848,3946.01189284382,436445.881226493,3994747.8145073
usa_NC_0043_0112,01-Jan-1848,3957.03422909105,436466.249456788,3994702.13465175
usa_NC_0043_0111,01-Jan-1848,3964.76935752616,436483.547693828,3994655.04255462
usa_NC_0043_0110,01-Jan-1848,3977.34711759385,436505.368622519,3994610.03066081
usa_NC_0043_0109,01-Jan-1848,3988.41849255415,436525.782717661,3994564.37154009
usa_NC_0043_0108,01-Jan-1848,3999.1296473424,436545.860414714,3994518.55756653
usa_NC_0043_0107,01-Jan-1848,4012.26256495611,436568.199760725,3994473.78445884
usa_NC_0043_0106,01-Jan-1848,4026.90591921747,436591.971478071,3994429.55145368
usa_NC_0043_0105,01-Jan-1848,4036.61113400716,436611.15271069,3994383.09010115
usa_NC_0043_0104,01-Jan-1848,4047.95383997559,436631.863126915,3994337.33276481
usa_NC_0043_0103,01-Jan-1848,4058.8576735719,436652.164270671,3994291.3838798
usa_NC_0043_0102,01-Jan-1848,4070.38191183743,436673.044514644,3994245.70307723
usa_NC_0043_0101,01-Jan-1848,4087.86746657325,436699.4838628,3994202.62487602
usa_NC_0043_0100,01-Jan-1848,4103.01789020495,436723.743418038,3994158.5382791
usa_NC_0043_0099,01-Jan-1848,4118.04623828034,436747.887512687,3994114.4065009
usa_NC_0043_0098,01-Jan-1848,4124.65407567192,436764.183978893,3994066.57472559
usa_NC_0043_0097,01-Jan-1848,4133.51987519077,436782.586324151,3994019.72742152
usa_NC_0043_0096,01-Jan-1848,4148.95295527966,436807.106061464,3993975.78125932
usa_NC_0043_0095,01-Jan-1848,4160.34459623244,436827.861262872,3993930.0495315
usa_NC_0043_0094,01-Jan-1848,4169.34412197753,436846.390089365,3993883.25171423
usa_NC_0043_0093,01-Jan-1848,4178.56638830704,436865.127532541,3993836.54661501
usa_NC_0043_0092,01-Jan-1848,4190.30869763422,436886.210597638,3993790.96370361
usa_NC_0043_0091,01-Jan-1848,4204.93110201464,436909.972275771,3993746.67402472
usa_NC_0043_0090,01-Jan-1848,4216.37407346297,436930.776298458,3993700.95993232
usa_NC_0043_0089,01-Jan-1848,4230.67292060122,436954.235142389,3993656.53453657
usa_NC_0043_0088,01-Jan-1848,4245.7555945285,436978.421124919,3993612.47037734
usa_NC_0043_0087,01-Jan-1848,4259.31999621482,437001.194891264,3993567.72526423
usa_NC_0043_0086,01-Jan-1848,4270.23780051381,437021.509580428,3993521.77988975
usa_NC_0043_0085,01-Jan-1848,4283.02319012059,437043.558831101,3993476.68498497
usa_NC_0043_0084,01-Jan-1848,4296.21497553268,437065.984818782,3993431.77871052
usa_NC_0043_0083,01-Jan-1848,4309.52972007706,437088.524193852,3993386.93250156
usa_NC_0043_0082,01-Jan-1848,4322.77647478803,437110.999699758,3993342.0589447
usa_NC_0043_0081,01-Jan-1848,4338.18435364194,437135.478682101,3993298.18812592
usa_NC_0043_0080,01-Jan-1848,4353.9293176567,437160.267960717,3993254.48471816
usa_NC_0043_0079,01-Jan-1848,4371.16511336742,437186.438752775,3993211.47587471
usa_NC_0043_0078,01-Jan-1848,4388.56716822132,437212.762323006,3993168.55094386
usa_NC_0043_0077,01-Jan-1848,4406.16414321156,437239.2651067,3993125.72389943
usa_NC_0043_0076,01-Jan-1848,4423.86534373842,437265.862944163,3993082.95306547
usa_NC_0043_0075,01-Jan-1848,4438.73565819699,437289.837423573,3993038.86361104
usa_NC_0043_0074,01-Jan-1848,4451.65699944202,437312.007129344,3992993.85970707
usa_NC_0043_0073,01-Jan-1848,4462.58054021987,437332.328248386,3992947.91143009
usa_NC_0043_0072,01-Jan-1848,4473.56632275197,437352.708631213,3992901.98421385
usa_NC_0043_0071,01-Jan-1848,4481.92406068085,437370.659194211,3992854.80500208
usa_NC_0043_0070,01-Jan-1848,4488.24754541921,437386.731048406,3992806.64612994
usa_NC_0043_0069,01-Jan-1848,4500.65424607107,437408.432030116,3992761.36152669
usa_NC_0043_0068,01-Jan-1848,4516.50425485744,437433.317254576,3992717.71404593
usa_NC_0043_0067,01-Jan-1848,4533.14803850634,437458.935451918,3992674.44937284
usa_NC_0043_0066,01-Jan-1848,4548.24361029211,437483.12204204,3992630.44799474
usa_NC_0043_0065,01-Jan-1848,4560.63581302342,437504.81103042,3992585.14942324
usa_NC_0043_0064,01-Jan-1848,4571.14688757158,437524.763717432,3992538.93997547
usa_NC_0043_0063,01-Jan-1848,4584.49268158537,437547.330386701,3992494.11563116
usa_NC_0043_0062,01-Jan-1848,4595.63218940092,437567.858798952,3992448.23212789
usa_NC_0043_0061,01-Jan-1848,4607.17474201481,437588.760493367,3992402.53744306
usa_NC_0043_0060,01-Jan-1848,4621.40186586219,437612.140462152,3992358.14074195
usa_NC_0043_0059,01-Jan-1848,4634.48314600249,437634.46343533,3992313.18604809
usa_NC_0043_0058,01-Jan-1848,4651.1777687308,437660.119641272,3992269.99061326
usa_NC_0043_0057,01-Jan-1848,4668.19755678507,437686.074794938,3992226.95855123
usa_NC_0043_0056,01-Jan-1848,4682.40499868751,437709.413876803,3992182.66602051
usa_NC_0043_0055,01-Jan-1848,4702.07726374343,437737.771380298,3992141.14811022
usa_NC_0043_0054,01-Jan-1848,4716.99653180519,437761.746391661,3992097.30581903
usa_NC_0043_0053,01-Jan-1848,4739.62047856213,437792.826550433,3992057.22606615
usa_NC_0043_0052,01-Jan-1848,4762.58364994606,437824.2202219,3992017.30854646
usa_NC_0043_0051,01-Jan-1848,4782.15901902774,437852.490153741,3991975.7343874
usa_NC_0043_0050,01-Jan-1848,4799.1998714356,437878.422919871,3991932.92185886
usa_NC_0043_0049,01-Jan-1848,4807.22143761236,437896.037019253,3991885.71084866
usa_NC_0043_0048,01-Jan-1848,4804.74677163237,437903.96903882,3991833.3870748
usa_NC_0043_0047,01-Jan-1848,4812.1249390992,437920.988184807,3991785.86997171
usa_NC_0043_0046,01-Jan-1848,4830.46956837244,437948.122949293,3991743.69576958
usa_NC_0043_0045,01-Jan-1848,4839.21425375276,437966.40202388,3991696.84727522
usa_NC_0043_0044,01-Jan-1848,4851.92469329788,437988.339235864,3991651.93056063
usa_NC_0043_0043,01-Jan-1848,4861.00171302808,438006.924161313,3991605.24747892
usa_NC_0043_0042,01-Jan-1848,4878.78676709733,438033.542940627,3991562.7997746
usa_NC_0043_0041,01-Jan-1848,4894.55128007793,438058.297705482,3991519.36885099
usa_NC_0043_0040,01-Jan-1848,4911.15944623212,438083.831029968,3991476.34714634
usa_NC_0043_0039,01-Jan-1848,4919.04694438099,438101.31752857,3991429.09050763
usa_NC_0043_0038,01-Jan-1848,4930.28608612021,438121.89638056,3991383.46304769
usa_NC_0043_0037,01-Jan-1848,4944.04180114392,438144.797386731,3991339.0575099
usa_NC_0043_0036,01-Jan-1848,4961.85689040666,438171.444670466,3991296.62043766
usa_NC_0043_0035,01-Jan-1848,4975.87612382796,438194.589020104,3991252.34193386
usa_NC_0043_0034,01-Jan-1848,4988.42665972644,438216.377836977,3991207.35180625
usa_NC_0043_0033,01-Jan-1848,5001.79019486786,438238.916939091,3991162.75595673
usa_NC_0043_0032,01-Jan-1848,5012.30148932147,438258.823271617,3991116.77960638
usa_NC_0043_0031,01-Jan-1848,5025.59016648895,438281.293066682,3991072.14857191
usa_NC_0043_0030,01-Jan-1848,5044.03846952563,438308.525756712,3991030.01339294
usa_NC_0043_0029,01-Jan-1848,5060.51172690507,438333.935531351,3990986.92149682
usa_NC_0043_0028,01-Jan-1848,5076.02773840494,438358.461787233,3990943.36593783
usa_NC_0043_0027,01-Jan-1848,5084.73292231848,438376.700142766,3990896.51962866
usa_NC_0043_0026,01-Jan-1848,5103.08481766407,438403.84470016,3990854.33350016
usa_NC_0043_0025,01-Jan-1848,5112.41557829033,438422.660209396,3990807.79140905
usa_NC_0043_0024,01-Jan-1848,5123.75443275879,438443.329541653,3990762.22001684
usa_NC_0043_0023,01-Jan-1848,5137.41698646011,438466.144377036,3990717.77027892
usa_NC_0043_0022,01-Jan-1848,5147.1356887694,438485.317266375,3990671.41951025
usa_NC_0043_0021,01-Jan-1848,5160.35561062527,438507.723134021,3990626.75751293
usa_NC_0043_0020,01-Jan-1848,5166.71311618248,438523.791333762,3990578.79054777
usa_NC_0043_0019,01-Jan-1848,5181.66363822777,438547.795131925,3990534.96369539
usa_NC_0043_0018,01-Jan-1848,5197.69763266853,438572.853118403,3990491.39058446
usa_NC_0043_0017,01-Jan-1848,5206.75310913112,438591.469035298,3990444.44246804
usa_NC_0043_0016,01-Jan-1848,5223.09324281285,438616.810101539,3990401.01504313
usa_NC_0043_0015,01-Jan-1848,5238.70694898588,438641.479856049,3990357.23992942
usa_NC_0043_0014,01-Jan-1848,5250.66030686593,438662.77247543,3990311.68537591
usa_NC_0043_0013,01-Jan-1848,5264.82468352077,438686.11099683,3990267.17587473
usa_NC_0043_0012,01-Jan-1848,5283.6479790236,438713.746827451,3990224.93693177
usa_NC_0043_0011,01-Jan-1848,5296.77185886157,438736.12732153,3990179.91178122
usa_NC_0043_0010,01-Jan-1848,5308.90359153138,438757.59417887,3990134.39557742
usa_NC_0043_0009,01-Jan-1848,5327.71763647543,438785.217022579,3990092.17441737
usa_NC_0043_0008,01-Jan-1848,5350.45524249254,438816.45011894,3990051.90934589
usa_NC_0043_0007,01-Jan-1848,5372.91359443091,438847.421405962,3990011.52934651
usa_NC_0043_0006,01-Jan-1848,5371.75426826405,438856.653497764,3989959.41211001
usa_NC_0043_0005,01-Jan-1848,5376.98845062919,438871.775839422,3989910.44590754
usa_NC_0043_0004,01-Jan-1848,5400.42390014827,438903.643106016,3989870.5685218
usa_NC_0043_0003,01-Jan-1848,5427.14063436972,438938.522223595,3989832.36411583
usa_NC_0043_0002,01-Jan-1848,5435.47128354481,438956.494297835,3989784.9390115
usa_NC_0043_0001,01-Jan-1848,5445.60839552523,438976.129441546,3989738.41022278
usa_NC_0042_0130,01-Jan-1848,5457.17359365988,438997.078583756,3989692.59365853
usa_NC_0042_0129,01-Jan-1848,5461.38220304305,439011.27306465,3989643.03700289
usa_NC_0042_0128,01-Jan-1848,5482.27465774884,439040.790115198,3989601.94328985
usa_NC_0042_0127,01-Jan-1848,5499.53304590154,439066.968008768,3989559.01420398
usa_NC_0042_0126,01-Jan-1848,5516.41456556001,439092.748690512,3989516.14963839
usa_NC_0042_0125,01-Jan-1848,5532.08787761965,439117.412411456,3989472.70890612
usa_NC_0042_0124,01-Jan-1848,5544.87689414866,439139.428851421,3989427.79670768
usa_NC_0042_0123,01-Jan-1848,5567.14124463098,439170.139881488,3989387.72908211
usa_NC_0042_0122,01-Jan-1848,5578.82709354683,439191.140921878,3989342.26851811
usa_NC_0042_0121,01-Jan-1848,5588.39680563668,439210.199108303,3989295.73142266
usa_NC_0042_0120,01-Jan-1848,5605.47138185213,439236.146216403,3989253.01922453
usa_NC_0042_0119,01-Jan-1848,5625.09332303083,439264.431867851,3989211.60407046
usa_NC_0042_0118,01-Jan-1848,5643.50309827773,439291.604856798,3989169.57103883
usa_NC_0042_0117,01-Jan-1848,5659.11111860511,439316.205692999,3989126.11180147
usa_NC_0042_0116,01-Jan-1848,5672.87666223455,439339.114843766,3989081.71566349
usa_NC_0042_0115,01-Jan-1848,5686.33207777057,439361.739050642,3989037.16281192
usa_NC_0042_0114,01-Jan-1848,5699.09804656679,439383.730004572,3988992.26053545
usa_NC_0042_0113,01-Jan-1848,5711.98639044787,439405.833065574,3988947.42175108
usa_NC_0042_0112,01-Jan-1848,5719.51452545906,439423.013919491,3988899.86073169
usa_NC_0042_0111,01-Jan-1848,5735.7529789627,439448.192610089,3988856.72698988
usa_NC_0042_0110,01-Jan-1848,5753.32339727151,439474.594409093,3988814.26978365
usa_NC_0042_0109,01-Jan-1848,5769.32058366119,439499.551496416,3988771.01376696
usa_NC_0042_0108,01-Jan-1848,5769.4679775171,439509.952621702,3988719.71484524
usa_NC_0042_0107,01-Jan-1848,5787.10652737557,439536.416517164,3988677.29458143
usa_NC_0042_0106,01-Jan-1848,5806.52416804438,439564.514424213,3988635.776362
usa_NC_0042_0105,01-Jan-1848,5805.9191700776,439574.222503937,3988584.1060118
usa_NC_0042_0104,01-Jan-1848,5823.62825591724,439600.750803976,3988541.72341028
usa_NC_0042_0103,01-Jan-1848,5832.76647547487,439619.406623218,3988494.99787113
usa_NC_0042_0102,01-Jan-1848,5844.97500684226,439640.882198753,3988449.82996565
usa_NC_0042_0101,01-Jan-1848,5875.61693819407,439679.292469578,3988413.98584055
usa_NC_0042_0100,01-Jan-1848,5893.39347518413,439705.885821145,3988371.62192089
usa_NC_0042_0099,01-Jan-1848,5904.4628348086,439726.31790699,3988325.8624831
usa_NC_0042_0098,01-Jan-1848,5915.25027672007,439746.424795532,3988280.29174112
usa_NC_0042_0097,01-Jan-1848,5926.43134132777,439766.890904063,3988234.93210607
usa_NC_0042_0096,01-Jan-1848,5931.49838784088,439781.733443863,3988186.51319087
usa_NC_0042_0095,01-Jan-1848,5951.31428267727,439810.137746089,3988145.4940693
usa_NC_0042_0094,01-Jan-1848,5976.85009900798,439843.809160547,3988107.30687293
usa_NC_0042_0093,01-Jan-1848,5989.91133660739,439866.005472523,3988062.8837558
usa_NC_0042_0092,01-Jan-1848,6007.98389060948,439892.815793367,3988020.94470689
usa_NC_0042_0091,01-Jan-1848,6023.40005836364,439917.182181547,3987977.6796522
usa_NC_0042_0090,01-Jan-1848,6036.94605473591,439939.826617996,3987933.48782624
usa_NC_0042_0089,01-Jan-1848,6058.08090062646,439969.465552418,3987893.0211577
usa_NC_0042_0088,01-Jan-1848,6079.5526553872,439999.41972796,3987852.69625465
usa_NC_0042_0087,01-Jan-1848,6084.92515374437,440014.530733661,3987804.4926507
usa_NC_0042_0086,01-Jan-1848,6098.42484537275,440037.134837572,3987760.26635644
usa_NC_0042_0085,01-Jan-1848,6112.01752289129,440059.824762727,3987716.08511628
usa_NC_0042_0084,01-Jan-1848,6125.54744693895,440082.456826408,3987671.87318624
usa_NC_0042_0083,01-Jan-1848,6139.01601815337,440105.032264915,3987627.6315273
usa_NC_0042_0082,01-Jan-1848,6152.48360949466,440127.570940305,3987583.56884415
usa_NC_0042_0081,01-Jan-1851,6161.05917068428,440145.58286663,3987537.19416663
usa_NC_0042_0080,01-Jan-1851,6173.33404585263,440167.011636292,3987492.59906811
usa_NC_0042_0079,01-Jan-1851,6184.24758635174,440187.179566813,3987447.36636923
usa_NC_0042_0078,01-Jan-1851,6195.37682932031,440207.544812277,3987402.24702886
usa_NC_0042_0077,01-Jan-1851,6208.5454528011,440229.79701215,3987358.09225107
usa_NC_0042_0076,01-Jan-1851,6222.09611414364,440252.463739642,3987313.81267918
usa_NC_0042_0075,01-Jan-1851,6241.40281041413,440280.474637441,3987272.16370307
usa_NC_0042_0074,01-Jan-1851,6256.3269260618,440304.425371427,3987228.46764368
usa_NC_0042_0073,01-Jan-1851,6270.1108415457,440327.319547176,3987184.24020352
usa_NC_0042_0072,01-Jan-1851,6283.27230942055,440349.636645709,3987139.72413132
usa_NC_0042_0071,01-Jan-1851,6295.27634196986,440370.880168131,3987094.67388581
usa_NC_0042_0070,01-Jan-1851,6303.26406414692,440388.397580692,3987047.77401622
usa_NC_0042_0069,01-Jan-1851,6310.45048451476,440405.169592773,3987000.51511898
usa_NC_0042_0068,01-Jan-1851,6323.81116124437,440427.668849943,3986956.1040811
usa_NC_0042_0067,01-Jan-1851,6337.09833046775,440450.09982114,3986911.65964027
usa_NC_0042_0066,01-Jan-1851,6352.55670195462,440474.546279446,3986868.20926341
usa_NC_0042_0065,01-Jan-1851,6361.19162138186,440492.657875579,3986821.63872432
usa_NC_0042_0064,01-Jan-1851,6371.4059686493,440512.234510942,3986775.79688872
usa_NC_0042_0063,01-Jan-1851,6384.02244132764,440534.041191561,3986731.05385997
usa_NC_0042_0062,01-Jan-1851,6397.60350617526,440556.743679374,3986686.75048853
usa_NC_0042_0061,01-Jan-1851,6411.4804344553,440579.721108047,3986642.5810926
usa_NC_0042_0060,01-Jan-1851,6424.84038412474,440602.21819028,3986598.17722851
usa_NC_0042_0059,01-Jan-1851,6432.99047659103,440619.872365089,3986551.42157517
usa_NC_0042_0058,01-Jan-1851,6441.26996961265,440637.644953372,3986504.7337075
usa_NC_0042_0057,01-Jan-1851,6450.01816963962,440655.851830304,3986458.26445352
usa_NC_0042_0056,01-Jan-1851,6461.08560554474,440676.214823964,3986412.84096151
usa_NC_0042_0055,01-Jan-1851,6478.9664710788,440702.915932155,3986370.47020817
usa_NC_0042_0054,01-Jan-1851,6493.05037453967,440726.086464904,3986326.39070545
usa_NC_0042_0053,01-Jan-1851,6503.27301206658,440745.664571594,3986280.58381453
usa_NC_0042_0052,01-Jan-1851,6516.07967500798,440767.647413967,3986235.92980609
usa_NC_0042_0051,01-Jan-1851,6522.63299837742,440783.809088974,3986188.49437445
usa_NC_0042_0050,01-Jan-1851,6541.96992856212,440811.872352321,3986146.73763456
usa_NC_0042_0049,01-Jan-1851,6553.26185383785,440832.446559223,3986101.40279104
usa_NC_0042_0048,01-Jan-1851,6567.01412667695,440855.313594984,3986057.14968735
usa_NC_0042_0047,01-Jan-1851,6580.95453784464,440878.356675495,3986012.97571784
usa_NC_0042_0046,01-Jan-1851,6596.60055714212,440902.989896254,3985969.54833651
usa_NC_0042_0045,01-Jan-1851,6613.14887500741,440928.465454323,3985926.51029232
usa_NC_0042_0044,01-Jan-1851,6627.81531702363,440952.188516706,3985882.63859871
usa_NC_0042_0043,01-Jan-1851,6636.70448872854,440970.526356281,3985836.23338066
usa_NC_0042_0042,01-Jan-1851,6640.4034758212,440984.023518448,3985787.56560884
usa_NC_0042_0041,01-Jan-1851,6652.06665814527,441004.945946914,3985742.38277367
usa_NC_0042_0040,01-Jan-1851,6665.36809120622,441027.396642836,3985697.91241571
usa_NC_0042_0039,01-Jan-1851,6678.3357035406,441049.536495274,3985653.29404461
usa_NC_0042_0038,01-Jan-1851,6691.06029058072,441071.450061722,3985608.56786015
usa_NC_0042_0037,01-Jan-1851,6699.43566488375,441089.304783336,3985561.95827834
usa_NC_0042_0036,01-Jan-1851,6703.93255265925,441103.537892199,3985513.67948745
usa_NC_0042_0035,01-Jan-1851,6715.03317774633,441123.934348291,3985468.25791155
usa_NC_0042_0034,01-Jan-1851,6729.79450938118,441147.749177327,3985424.4112343
usa_NC_0042_0033,01-Jan-1851,6742.80878883776,441169.933350064,3985379.80922458
usa_NC_0042_0032,01-Jan-1851,6749.50291839355,441186.253387249,3985332.2998668
usa_NC_0042_0031,01-Jan-1851,6758.77680835875,441204.987868315,3985285.87304241
usa_NC_0042_0030,01-Jan-1851,6771.71142751036,441227.141516062,3985241.01726004
usa_NC_0042_0029,01-Jan-1851,6783.79950862333,441248.504479529,3985195.79821265
usa_NC_0042_0028,01-Jan-1851,6797.17544661697,441271.070283407,3985151.1320331
usa_NC_0042_0027,01-Jan-1851,6810.97012287665,441294.027151395,3985106.64577311
usa_NC_0042_0026,01-Jan-1851,6825.28202437875,441317.467064264,3985062.38173591
usa_NC_0042_0025,01-Jan-1851,6839.3226153994,441340.653547969,3985018.00137191
usa_NC_0042_0024,01-Jan-1851,6853.31478788125,441363.794773233,3984973.60040333
usa_NC_0042_0023,01-Jan-1851,6867.56334448112,441387.175419726,3984929.30968866
usa_NC_0042_0022,01-Jan-1851,6882.12679678522,441410.850126526,3984885.1543962
usa_NC_0042_0021,01-Jan-1851,6896.5348263797,441434.379634595,3984840.93256244
usa_NC_0042_0020,01-Jan-1851,6910.19919163551,441457.214576645,3984796.39144816
usa_NC_0042_0019,01-Jan-1851,6923.7364755222,441479.930802879,3984751.79589679
usa_NC_0042_0018,01-Jan-1851,6936.93035360621,441502.326286562,3984707.05295529
usa_NC_0042_0017,01-Jan-1851,6947.41478295982,441522.191361836,3984661.14597075
usa_NC_0042_0016,01-Jan-1851,6957.45352874923,441541.640221218,3984615.04742542
usa_NC_0042_0015,01-Jan-1851,6968.53796468723,441562.065674874,3984569.39811666
usa_NC_0042_0014,01-Jan-1851,6981.05236527274,441583.810002138,3984524.44622204
usa_NC_0042_0013,01-Jan-1851,6993.89743952283,441605.859980168,3984479.65226643
usa_NC_0042_0012,01-Jan-1851,7007.93209222023,441629.021373446,3984435.36715921
usa_NC_0042_0011,01-Jan-1851,7022.23936932886,441652.437838452,3984391.19686417
usa_NC_0042_0010,01-Jan-1851,7036.10417142152,441675.441338933,3984346.8351115
usa_NC_0042_0009,01-Jan-1851,7049.17292636822,441697.701403149,3984302.13131768
usa_NC_0042_0008,01-Jan-1851,7062.28244303186,441719.999777649,3984257.44382448
usa_NC_0042_0007,01-Jan-1851,7075.25494241631,441742.170351139,3984212.69665388
usa_NC_0042_0006,01-Jan-1851,7088.8446250591,441764.917962047,3984168.21144888
usa_NC_0042_0005,01-Jan-1851,7103.05409749011,441788.245188707,3984123.98860844
usa_NC_0042_0004,01-Jan-1851,7117.46934795764,441811.765181871,3984079.85124117
usa_NC_0042_0003,01-Jan-1851,7132.61697278851,441835.970267818,3984036.02294579
usa_NC_0042_0002,01-Jan-1851,7147.70941013515,441860.124317506,3983992.16841617
usa_NC_0042_0001,01-Jan-1851,7162.97044863204,441884.436558641,3983948.3826611
usa_NC_0041_0150,01-Jan-1851,7177.82203043576,441908.366504891,3983904.42046873
usa_NC_0041_0149,01-Jan-1851,7192.15028121665,441931.807108342,3983860.23641101
usa_NC_0041_0148,01-Jan-1851,7203.49554164472,441952.457501045,3983814.792491
usa_NC_0041_0147,01-Jan-1851,7213.11061592872,441971.489560039,3983768.61764424
usa_NC_0041_0146,01-Jan-1851,7226.3445599686,441993.906409448,3983723.97224959
usa_NC_0041_0145,01-Jan-1851,7239.02303241311,442015.803898933,3983679.09118326
usa_NC_0041_0144,01-Jan-1851,7243.99785460383,442030.494181362,3983630.96357169
usa_NC_0041_0143,01-Jan-1851,7259.23856368908,442054.788780925,3983587.16235438
usa_NC_0041_0142,01-Jan-1851,7274.76935637791,442079.355446274,3983543.48000428
usa_NC_0041_0141,01-Jan-1851,7285.88551041153,442099.791397879,3983497.94002708
usa_NC_0041_0140,01-Jan-1851,7300.66222000197,442123.653270115,3983453.93640653
usa_NC_0041_0139,01-Jan-1851,7314.51233110421,442146.648440074,3983409.54137025
usa_NC_0041_0138,01-Jan-1851,7322.34849612816,442164.014548724,3983362.62523909
usa_NC_0041_0137,01-Jan-1851,7339.51547735134,442190.115502489,3983319.61471101
usa_NC_0041_0136,01-Jan-1851,7354.22930946732,442213.92077837,3983275.57343662
usa_NC_0041_0135,01-Jan-1851,7364.29556603963,442233.374999829,3983229.58845346
usa_NC_0041_0134,01-Jan-1851,7374.40263414815,442252.8673494,3983183.62093684
usa_NC_0041_0133,01-Jan-1851,7388.09406903629,442275.716456745,3983139.14707881
usa_NC_0041_0132,01-Jan-1851,7401.42594443277,442298.229328509,3983094.52092633
usa_NC_0041_0131,01-Jan-1851,7410.35784383502,442316.621240621,3983048.06316171
usa_NC_0041_0130,01-Jan-1851,7420.400271368,442336.053187895,3983002.06803997
usa_NC_0041_0129,01-Jan-1851,7437.0268544829,442361.656092851,3982958.79211606
usa_NC_0041_0128,01-Jan-1851,7457.33988651632,442390.745103033,3982916.88350441
usa_NC_0041_0127,01-Jan-1851,7474.62459820542,442416.995388394,3982873.72648008
usa_NC_0041_0126,01-Jan-1851,7488.46700456579,442440.020387737,3982829.14284674
usa_NC_0041_0125,01-Jan-1851,7494.85755833712,442456.067017698,3982781.45248006
usa_NC_0041_0124,01-Jan-1851,7516.86291403052,442486.73374692,3982740.2848222
usa_NC_0041_0123,01-Jan-1851,7532.38596771476,442511.329535864,3982696.41723222
usa_NC_0041_0122,01-Jan-1851,7543.65330899162,442531.94084013,3982650.7712799
usa_NC_0041_0121,01-Jan-1851,7554.30793083826,442551.978568414,3982604.86881995
usa_NC_0041_0120,01-Jan-1851,7563.48095359364,442570.629906003,3982558.34332011
usa_NC_0041_0119,01-Jan-1851,7572.45870307428,442589.098905778,3982511.73376711
usa_NC_0041_0118,01-Jan-1851,7584.76473690293,442610.681883512,3982466.52596601
usa_NC_0041_0117,01-Jan-1851,7603.46419424988,442638.244604042,3982424.02090898
usa_NC_0041_0116,01-Jan-1851,7615.86616858753,442659.91567974,3982378.86184675
usa_NC_0041_0115,01-Jan-1851,7633.63753027196,442686.607302199,3982335.97973164
usa_NC_0041_0114,01-Jan-1851,7650.49766179423,442712.453519085,3982292.67805345
usa_NC_0041_0113,01-Jan-1851,7663.18793923662,442734.401291908,3982247.60559505
usa_NC_0041_0112,01-Jan-1851,7668.24945685404,442749.219142057,3982199.28202043
usa_NC_0041_0111,01-Jan-1851,7679.16353184432,442769.507309538,3982153.45033855
usa_NC_0041_0110,01-Jan-1851,7693.65468062173,442793.136625131,3982109.15321346
usa_NC_0041_0109,01-Jan-1851,7709.33983229656,442817.879359615,3982065.37748911
usa_NC_0041_0108,01-Jan-1851,7718.02886229093,442836.087990812,3982018.5974932
usa_NC_0041_0107,01-Jan-1851,7727.22843962387,442854.774012986,3981972.03393494
usa_NC_0041_0106,01-Jan-1851,7736.88109033775,442873.883461302,3981925.6635672
usa_NC_0041_0105,01-Jan-1851,7738.18750175799,442885.206084818,3981875.667948
usa_NC_0041_0104,01-Jan-1851,7749.25406836688,442905.637049495,3981829.89986733
usa_NC_0041_0103,01-Jan-1851,7764.32059026275,442929.798792459,3981785.87458315
usa_NC_0041_0102,01-Jan-1851,7767.65562250578,442943.021374866,3981736.72353723
usa_NC_0041_0101,01-Jan-1851,7783.87374422666,442968.257439618,3981693.19891435
usa_NC_0041_0100,01-Jan-1851,7791.10693951263,442985.118525054,3981645.73296758
usa_NC_0041_0099,01-Jan-1851,7794.71212220672,442998.601671505,3981596.65662287
usa_NC_0041_0098,01-Jan-1851,7810.65962606312,443023.586273182,3981553.00936878
usa_NC_0041_0097,01-Jan-1851,7827.2617624136,443049.179342541,3981509.6579065
usa_NC_0041_0096,01-Jan-1851,7828.52061354239,443060.468787965,3981459.58560804
usa_NC_0041_0095,01-Jan-1851,7843.7034466482,443084.710380128,3981415.7543006
usa_NC_0041_0094,01-Jan-1851,7857.99664642824,443108.123514116,3981371.52883427
usa_NC_0041_0093,01-Jan-1851,7868.41624331071,443127.929483652,3981325.58677685
usa_NC_0041_0092,01-Jan-1851,7879.5348247979,443148.38637559,3981279.95439444
usa_NC_0041_0091,01-Jan-1851,7899.37342147463,443176.96341448,3981238.18668854
usa_NC_0041_0090,01-Jan-1851,7920.09813863395,443206.36556879,3981196.81194279
usa_NC_0041_0089,01-Jan-1851,7936.8940733417,443232.109180779,3981153.69612171
usa_NC_0041_0088,01-Jan-1851,7952.84610847232,443257.066929225,3981110.20637572
usa_NC_0041_0087,01-Jan-1851,7962.4667252229,443276.128893846,3981063.91015494
usa_NC_0041_0086,01-Jan-1851,7968.42301967403,443291.778713859,3981015.9894143
usa_NC_0041_0085,01-Jan-1851,7977.10950484963,443309.970897677,3980969.27874023
usa_NC_0041_0084,01-Jan-1851,7993.61901447828,443335.447757861,3980926.03612937
usa_NC_0041_0083,01-Jan-1851,8008.08854650594,443359.025015018,3980881.88920721
usa_NC_0041_0082,01-Jan-1851,8020.37248470918,443380.567093741,3980836.77331926
usa_NC_0041_0081,01-Jan-1851,8022.85928208971,443392.986393581,3980787.31339543
usa_NC_0041_0080,01-Jan-1851,8035.90032703282,443415.233519033,3980742.53293932
usa_NC_0041_0079,01-Jan-1851,8050.25161831581,443438.698376961,3980698.34508592
usa_NC_0041_0078,01-Jan-1851,8067.19647566625,443464.54956598,3980655.45090735
usa_NC_0041_0077,01-Jan-1851,8085.19060382606,443491.379872242,3980613.01161269
usa_NC_0041_0076,01-Jan-1851,8104.79059074629,443519.70857687,3980571.26896507
usa_NC_0041_0075,01-Jan-1851,8125.18890472053,443548.784049368,3980529.86332109
usa_NC_0041_0074,01-Jan-1851,8144.09191865622,443576.468635527,3980487.78721494
usa_NC_0041_0073,01-Jan-1851,8154.89679692966,443596.604770797,3980442.15909454
usa_NC_0041_0072,01-Jan-1851,8164.23994095282,443615.376716859,3980395.89820612
usa_NC_0041_0071,01-Jan-1851,8165.20754049116,443626.334236832,3980346.00063998
usa_NC_0041_0070,01-Jan-1851,8173.31096984622,443643.945678223,3980299.2207044
usa_NC_0041_0069,01-Jan-1851,8186.7660108599,443666.550476797,3980254.76306793
usa_NC_0041_0068,01-Jan-1851,8200.12118112992,443688.913366261,3980211.00636385
usa_NC_0041_0067,01-Jan-1851,8213.02806953094,443711.15856349,3980165.55091509
usa_NC_0041_0066,01-Jan-1851,8225.99977832703,443733.315373023,3980120.86858985
usa_NC_0041_0065,01-Jan-1851,8238.14073880438,443754.6971768,3980075.82511821
usa_NC_0041_0064,01-Jan-1851,8250.48635755747,443776.270813781,3980030.86607581
usa_NC_0041_0063,01-Jan-1851,8262.63082428791,443797.657189724,3979985.81761682
usa_NC_0041_0062,01-Jan-1851,8273.9066111449,443818.232242139,3979940.39618271
usa_NC_0041_0061,01-Jan-1851,8290.0837203038,443843.3898277,3979897.05499929
usa_NC_0041_0060,01-Jan-1851,8303.49656383827,443865.964811728,3979852.5312192
usa_NC_0041_0059,01-Jan-1851,8312.33208846476,443884.259705743,3979806.06713919
usa_NC_0041_0058,01-Jan-1851,8321.55150887305,443902.913003668,3979759.76861063
usa_NC_0041_0057,01-Jan-1851,8334.72222830048,443925.263065435,3979715.13479162
usa_NC_0041_0056,01-Jan-1851,8350.54411262091,443950.095491906,3979671.60800391
usa_NC_0041_0055,01-Jan-1851,8367.80019432312,443976.272666362,3979628.67074622
usa_NC_0041_0054,01-Jan-1851,8380.36638386444,443998.061208303,3979583.76187983
usa_NC_0041_0053,01-Jan-1851,8382.09493360368,444009.700545135,3979534.33561085
usa_NC_0041_0052,01-Jan-1851,8382.1626233073,444019.777671257,3979484.25134717
usa_NC_0041_0051,01-Jan-1851,8393.72610769533,444041.16524134,3979436.23198021
usa_NC_0041_0050,01-Jan-1851,8400.88687824776,444058.178699017,3979387.63390006
usa_NC_0041_0049,01-Jan-1851,8413.80061627895,444079.371376021,3979347.48061162
usa_NC_0041_0048,01-Jan-1851,8423.94046167551,444098.854678965,3979301.72564031
usa_NC_0041_0047,01-Jan-1851,8437.34774125955,444122.151720389,3979253.56002061
usa_NC_0041_0046,01-Jan-1851,8453.57025113523,444147.299548785,3979210.49935954
usa_NC_0041_0045,01-Jan-1851,8466.94347989418,444169.163407417,3979169.33215028
usa_NC_0041_0044,01-Jan-1851,8481.43113383884,444193.089284517,3979123.53308537
usa_NC_0041_0043,01-Jan-1851,8484.5371230124,444205.659705195,3979076.47682305
usa_NC_0041_0042,01-Jan-1851,8490.3431363806,444221.09463434,3979028.86454592
usa_NC_0041_0041,01-Jan-1851,8496.5183329585,444236.874543289,3978981.40991668
usa_NC_0041_0040,01-Jan-1851,8502.71936238764,444252.676713561,3978933.97571647
usa_NC_0041_0039,01-Jan-1851,8513.24932297245,444272.549902656,3978888.26048726
usa_NC_0041_0038,01-Jan-1851,8522.99391065701,444291.683919963,3978842.23634981
usa_NC_0041_0037,01-Jan-1851,8530.78995109846,444308.98327268,3978795.44952217
usa_NC_0041_0036,01-Jan-1851,8542.39523587583,444329.868019507,3978750.15979098
usa_NC_0041_0035,01-Jan-1851,8552.31988749051,444349.170391886,3978704.21206361
usa_NC_0041_0034,01-Jan-1851,8564.65802585169,444370.748419134,3978659.19287592
usa_NC_0041_0033,01-Jan-1851,8573.85173725738,444389.403299421,3978612.75522767
usa_NC_0041_0032,01-Jan-1851,8583.56130426914,444408.544269345,3978566.51757544
usa_NC_0041_0031,01-Jan-1851,8595.54229255254,444429.824566998,3978521.16569093
usa_NC_0041_0030,01-Jan-1851,8604.8528290277,444448.58988819,3978474.77154947
usa_NC_0041_0029,01-Jan-1851,8615.15664136826,444468.290715386,3978428.76477938
usa_NC_0041_0028,01-Jan-1851,8630.57703271265,444492.809102197,3978384.76062103
usa_NC_0041_0027,01-Jan-1851,8653.18009436039,444524.088456336,3978343.57743693
usa_NC_0041_0026,01-Jan-1851,8652.03094389597,444533.000246028,3978293.11504164
usa_NC_0041_0025,01-Jan-1851,8655.40806866257,444546.174095647,3978244.42268393
usa_NC_0041_0024,01-Jan-1851,8676.25858069962,444575.746541495,3978202.83770574
usa_NC_0041_0023,01-Jan-1851,8682.21541665512,444591.397068925,3978154.91618838
usa_NC_0041_0022,01-Jan-1851,8697.72779723236,444615.99174151,3978110.99971693
usa_NC_0041_0021,01-Jan-1851,8704.54337309311,444632.4015024,3978063.66112614
usa_NC_0041_0020,01-Jan-1851,8710.72854798307,444648.218273321,3978016.07294823
usa_NC_0041_0019,01-Jan-1849,8656.54022833672,444607.232985203,3977944.63894176
usa_NC_0041_0018,01-Jan-1849,8667.40183133904,444627.454431623,3977898.87337627
usa_NC_0041_0017,01-Jan-1849,8678.22413082457,444647.638447552,3977853.09454897
usa_NC_0041_0016,01-Jan-1849,8689.00189659971,444667.780121173,3977807.30034915
usa_NC_0041_0015,01-Jan-1849,8699.75445986546,444687.897645885,3977761.49838332
usa_NC_0041_0014,01-Jan-1849,8711.51939422446,444708.966822804,3977716.10043606
usa_NC_0041_0013,01-Jan-1849,8723.73056446618,444730.455030968,3977670.88277918
usa_NC_0041_0012,01-Jan-1849,8735.77319944179,444751.784096871,3977625.60144221
usa_NC_0041_0011,01-Jan-1849,8745.28748613318,444770.735299724,3977579.31687963
usa_NC_0041_0010,01-Jan-1849,8757.37052550866,444792.101262158,3977534.05709473
usa_NC_0041_0009,01-Jan-1849,8769.81650866281,444813.808113589,3977488.94358793
usa_NC_0041_0008,01-Jan-1849,8781.85634441986,444835.138328858,3977443.64221383
usa_NC_0041_0007,01-Jan-1849,8794.46075586588,444856.999127857,3977398.56680428
usa_NC_0041_0006,01-Jan-1849,8809.66962780979,444881.322241576,3977354.46041673
usa_NC_0041_0005,01-Jan-1849,8822.99971659057,444903.880653444,3977309.5972469
usa_NC_0041_0004,01-Jan-1849,8834.77988787245,444924.982495932,3977264.11358765
usa_NC_0041_0003,01-Jan-1849,8844.46404802906,444944.115812507,3977217.78457662
usa_NC_0041_0002,01-Jan-1849,8857.23045414728,444966.147002819,3977172.68317404
usa_NC_0041_0001,01-Jan-1849,8871.84850751281,444989.944077173,3977128.19415466
usa_NC_0040_0208,01-Jan-1849,8881.42428804879,445009.008598095,3977081.65632817
usa_NC_0040_0207,01-Jan-1849,8889.62426648386,445026.784872049,3977034.54422857
usa_NC_0040_0206,01-Jan-1849,8913.21976907267,445058.964468415,3976993.9206281
usa_NC_0040_0205,01-Jan-1849,8916.84157025731,445072.412944139,3976945.10259794
usa_NC_0040_0204,01-Jan-1849,8928.67183402975,445093.556267366,3976899.66699099
usa_NC_0040_0203,01-Jan-1849,8943.95588995384,445117.935558739,3976855.6631565
usa_NC_0040_0202,01-Jan-1849,8959.2571081304,445142.329738224,3976811.67240059
usa_NC_0040_0201,01-Jan-1849,8970.7737240937,445163.177949502,3976766.11300264
usa_NC_0040_0200,01-Jan-1849,8981.73576270895,445183.506840963,3976720.32229591
usa_NC_0040_0199,01-Jan-1849,8992.6445724018,445203.786102856,3976674.50831048
usa_NC_0040_0198,01-Jan-1849,9002.80807812207,445223.367872305,3976628.3813219
usa_NC_0040_0197,01-Jan-1849,9013.99321944266,445243.906342484,3976582.68036684
usa_NC_0040_0196,01-Jan-1849,9025.66337287204,445264.898832186,3976537.18249478
usa_NC_0040_0195,01-Jan-1849,9036.78245291035,445285.375681534,3976491.45278229
usa_NC_0040_0194,01-Jan-1849,9048.00108708594,445305.945820362,3976445.76426985
usa_NC_0040_0193,01-Jan-1849,9059.82137068406,445327.078827862,3976400.32935475
usa_NC_0040_0192,01-Jan-1849,9072.52642703138,445349.036781037,3976355.28137137
usa_NC_0040_0191,01-Jan-1849,9085.02018711548,445370.758592792,3976310.33681792
usa_NC_0040_0190,01-Jan-1849,9096.87917767943,445391.886860502,3976265.12315608
usa_NC_0040_0189,01-Jan-1849,9109.03104824739,445413.283415041,3976220.06154366
usa_NC_0040_0188,01-Jan-1849,9118.56720212455,445432.23127173,3976173.90532153
usa_NC_0040_0187,01-Jan-1849,9130.56352952294,445453.480672465,3976128.78633699
usa_NC_0040_0186,01-Jan-1849,9142.23904035252,445474.429477442,3976083.53442007
usa_NC_0040_0185,01-Jan-1849,9151.57962194424,445493.191872575,3976037.30825119
usa_NC_0040_0184,01-Jan-1849,9163.77268643188,445514.645140686,3975992.17304815
usa_NC_0040_0183,01-Jan-1849,9174.93122732792,445535.130215019,3975946.60355569
usa_NC_0040_0182,01-Jan-1849,9187.09504871983,445556.556464035,3975901.45432975
usa_NC_0040_0181,01-Jan-1849,9199.81376724882,445578.506268619,3975856.51684729
usa_NC_0040_0180,01-Jan-1849,9210.06471914456,445598.146517547,3975810.54347035
usa_NC_0040_0179,01-Jan-1849,9220.5147503495,445617.973145418,3975764.65334663
usa_NC_0040_0178,01-Jan-1849,9230.24871259945,445637.129376845,3975718.46381656
usa_NC_0040_0177,01-Jan-1849,9240.10340942739,445656.398644077,3975672.32475886
usa_NC_0040_0176,01-Jan-1849,9254.21514731483,445679.653383374,3975627.96590277
usa_NC_0040_0175,01-Jan-1849,9268.44140138416,445703.015312032,3975583.65504245
usa_NC_0040_0174,01-Jan-1849,9283.0466969542,445726.732079221,3975539.50280317
usa_NC_0040_0173,01-Jan-1849,9296.28220146011,445749.166422351,3975494.77782695
usa_NC_0040_0172,01-Jan-1849,9306.39603983367,445768.678251473,3975448.74737812
usa_NC_0040_0171,01-Jan-1849,9316.09634684286,445787.802933718,3975402.54397888
usa_NC_0040_0170,01-Jan-1849,9326.69194674528,445807.76578371,3975356.7150307
usa_NC_0040_0169,01-Jan-1849,9336.64901691548,445827.130842861,3975310.61903718
usa_NC_0040_0168,01-Jan-1849,9344.74942327471,445844.757716984,3975263.74644316
usa_NC_0040_0167,01-Jan-1849,9353.43604084268,445862.933402104,3975217.11901038
usa_NC_0040_0166,01-Jan-1849,9361.04779388745,445880.102824527,3975170.04192707
usa_NC_0040_0165,01-Jan-1849,9372.25031648806,445900.633861143,3975124.46687437
usa_NC_0040_0164,01-Jan-1849,9384.85498263406,445922.46442637,3975079.54406574
usa_NC_0040_0163,01-Jan-1849,9396.84949263311,445943.722611391,3975034.37184659
usa_NC_0040_0162,01-Jan-1849,9408.15295076299,445964.334121396,3974988.90918011
usa_NC_0040_0161,01-Jan-1849,9418.97366316699,445984.493824795,3974943.24392244
usa_NC_0040_0160,01-Jan-1849,9428.61525236469,446003.549222133,3974897.08759566
usa_NC_0040_0159,01-Jan-1849,9441.83807959564,446025.960984837,3974852.41092429
usa_NC_0040_0158,01-Jan-1849,9453.67141394961,446047.071222443,3974807.15656028
usa_NC_0040_0157,01-Jan-1849,9464.34680408761,446067.099265637,3974761.40855514
usa_NC_0040_0156,01-Jan-1849,9474.87273949491,446087.020924454,3974715.43022359
usa_NC_0040_0155,01-Jan-1849,9485.75440438287,446107.281659169,3974669.57042678
usa_NC_0040_0154,01-Jan-1849,9496.87154574055,446127.763258838,3974623.80704823
usa_NC_0040_0153,01-Jan-1849,9510.60084032523,446150.69054086,3974579.13518461
usa_NC_0040_0152,01-Jan-1849,9523.24287907883,446172.599231713,3974534.01213009
usa_NC_0040_0151,01-Jan-1849,9535.41178726487,446194.064731714,3974488.69243703
usa_NC_0040_0150,01-Jan-1849,9548.06726410887,446215.985157439,3974443.57923554
usa_NC_0040_0149,01-Jan-1849,9560.77375429785,446237.952810317,3974398.49002856
usa_NC_0040_0148,01-Jan-1849,9572.60823941184,446259.104645716,3974353.03336633
usa_NC_0040_0147,01-Jan-1849,9583.74434341323,446279.603575009,3974307.28003609
usa_NC_0040_0146,01-Jan-1849,9594.95870470576,446300.175880003,3974261.5588775
usa_NC_0040_0145,01-Jan-1849,9607.21291968511,446321.719894827,3974216.2816138
usa_NC_0040_0144,01-Jan-1849,9615.99051721436,446340.016300322,3974169.51434994
usa_NC_0040_0143,01-Jan-1849,9627.28636381799,446360.66564557,3974123.82349781
usa_NC_0040_0142,01-Jan-1849,9638.64265847197,446381.371577961,3974078.1579475
usa_NC_0040_0141,01-Jan-1849,9650.36352428006,446402.417911203,3974032.64942313
usa_NC_0040_0140,01-Jan-1849,9661.87709299558,446423.270781741,3973987.05115746
usa_NC_0040_0139,01-Jan-1849,9673.26575563815,446444.007193167,3973941.39826249
usa_NC_0040_0138,01-Jan-1849,9686.19566343816,446466.18111957,3973896.41695467
usa_NC_0040_0137,01-Jan-1849,9699.25403399656,446488.474205123,3973851.494915
usa_NC_0040_0136,01-Jan-1849,9711.13331217255,446509.667537377,3973806.0591798
usa_NC_0040_0135,01-Jan-1849,9721.86261593752,446529.789098805,3973760.11831234
usa_NC_0040_0134,01-Jan-1849,9733.49742047203,446550.737306287,3973714.66164873
usa_NC_0040_0133,01-Jan-1849,9746.05094809213,446572.541222182,3973669.61122765
usa_NC_0040_0132,01-Jan-1849,9758.72844955313,446594.46048065,3973624.61626596
usa_NC_0040_0131,01-Jan-1849,9771.39614658314,446616.370555006,3973579.61722997
usa_NC_0040_0130,01-Jan-1849,9784.83218413845,446638.996308146,3973534.95774852
usa_NC_0040_0129,01-Jan-1849,9796.8921478734,446660.340272826,3973489.69028649
usa_NC_0040_0128,01-Jan-1849,9808.66960589767,446681.427892724,3973444.26395581
usa_NC_0040_0127,01-Jan-1849,9819.86907267122,446701.979557789,3973398.57007582
usa_NC_0040_0126,01-Jan-1849,9830.35328487266,446721.865849417,3973352.55580852
usa_NC_0040_0125,01-Jan-1849,9841.73050768303,446742.584010338,3973306.93586491
usa_NC_0040_0124,01-Jan-1849,9854.35454925154,446764.462853309,3973261.87033516
usa_NC_0040_0123,01-Jan-1849,9867.56688528432,446786.889072866,3973217.06777647
usa_NC_0040_0122,01-Jan-1849,9879.46219903544,446808.089926827,3973171.67623434
usa_NC_0040_0121,01-Jan-1849,9890.92261017707,446828.886517435,3973126.08833497
usa_NC_0040_0120,01-Jan-1849,9903.09576557912,446850.346304662,3973080.81890562
usa_NC_0040_0119,01-Jan-1849,9916.15286145311,446872.628116785,3973035.9467773
usa_NC_0040_0118,01-Jan-1849,9927.8479755067,446893.639741255,3972990.48052946
usa_NC_0040_0117,01-Jan-1849,9939.36526615756,446914.446102722,3972945.13400674
usa_NC_0040_0116,01-Jan-1849,9950.22499118967,446934.640469604,3972899.49437351
usa_NC_0040_0115,01-Jan-1849,9962.09815387298,446955.776900554,3972854.31218447
usa_NC_0040_0114,01-Jan-1849,9973.9059033496,446976.852182842,3972809.10218241
usa_NC_0040_0113,01-Jan-1849,9986.50758273544,446998.666011708,3972764.24788643
usa_NC_0040_0112,01-Jan-1849,9999.48971878898,447020.833984947,3972719.56290734
usa_NC_0040_0111,01-Jan-1849,10014.5662335297,447044.952013443,3972675.80738327
usa_NC_0040_0110,01-Jan-1849,10030.1461428238,447069.53978325,3972632.27007575
usa_NC_0040_0109,01-Jan-1849,10042.9420950059,447091.535705456,3972587.49595063
usa_NC_0040_0108,01-Jan-1849,10052.5916209649,447110.600476291,3972541.33321911
usa_NC_0040_0107,01-Jan-1849,10064.4948165914,447131.761029901,3972496.18357863
usa_NC_0040_0106,01-Jan-1849,10076.4144517522,447152.92879611,3972451.08173963
usa_NC_0040_0105,01-Jan-1849,10087.8709415102,447173.66434996,3972405.77927898
usa_NC_0040_0104,01-Jan-1849,10099.3585432548,447194.426926642,3972360.50036004
usa_NC_0040_0103,01-Jan-1849,10110.2215981545,447214.593395495,3972315.01733232
usa_NC_0040_0102,01-Jan-1849,10122.4171253809,447236.0007524,3972270.12445421
usa_NC_0040_0101,01-Jan-1849,10136.8815140288,447259.525804566,3972226.21253708
usa_NC_0040_0100,01-Jan-1849,10150.8613419548,447282.59896013,3972182.08921665
usa_NC_0040_0099,01-Jan-1849,10163.4546131058,447304.376779503,3972137.37221581
usa_NC_0040_0098,01-Jan-1849,10174.9281523245,447325.107209443,3972092.18240577
usa_NC_0040_0097,01-Jan-1849,10191.5444073189,447350.645765147,3972049.17580199
usa_NC_0040_0096,01-Jan-1849,10203.3083183128,447371.646881066,3972004.11323487
usa_NC_0040_0095,01-Jan-1849,10213.0174261034,447390.723628181,3971958.19463404
usa_NC_0040_0094,01-Jan-1849,10224.1638170637,447411.143413288,3971912.88986839
usa_NC_0040_0093,01-Jan-1849,10233.6885295407,447430.0433391,3971866.91512129
usa_NC_0040_0092,01-Jan-1849,10242.8594770629,447448.618114043,3971820.762179
usa_NC_0040_0091,01-Jan-1849,10253.4292084814,447468.504003059,3971775.18635746
usa_NC_0040_0090,01-Jan-1849,10262.3030838351,447486.800567978,3971728.90963121
usa_NC_0040_0089,01-Jan-1849,10271.9467062736,447505.81894477,3971682.94894534
usa_NC_0040_0088,01-Jan-1849,10282.2680109419,447525.47356035,3971637.26270419
usa_NC_0040_0087,01-Jan-1849,10293.6288142788,447546.123497331,3971591.90038504
usa_NC_0040_0086,01-Jan-1849,10300.1495998532,447562.232176191,3971544.56411552
usa_NC_0040_0085,01-Jan-1849,10309.300189859,447580.809327113,3971498.29539225
usa_NC_0040_0084,01-Jan-1849,10319.562281657,447600.430442272,3971452.4746182
usa_NC_0040_0083,01-Jan-1849,10327.5851299885,447617.948200028,3971405.75228072
usa_NC_0040_0082,01-Jan-1849,10335.8063668046,447635.651857883,3971359.11206729
usa_NC_0040_0081,01-Jan-1849,10344.2058553654,447653.522614612,3971312.54530227
usa_NC_0040_0080,01-Jan-1849,10354.2198747837,447672.910862244,3971266.62389449
usa_NC_0040_0079,01-Jan-1849,10364.3596358273,447692.416998792,3971220.75422481
usa_NC_0040_0078,01-Jan-1849,10371.273304009,447708.877160729,3971173.66400372
usa_NC_0040_0077,01-Jan-1849,10377.2398116894,447724.443083097,3971126.21523951
usa_NC_0040_0076,01-Jan-1849,10384.8535059581,447741.557950488,3971079.42107663
usa_NC_0040_0075,01-Jan-1849,10394.160720257,447760.266749055,3971033.29284142
usa_NC_0040_0074,01-Jan-1849,10403.2052954141,447778.728782881,3970987.05918066
usa_NC_0040_0073,01-Jan-1849,10407.6364959288,447792.84550744,3970939.02759797
usa_NC_0040_0072,01-Jan-1849,10415.5851028488,447810.27439264,3970892.37113516
usa_NC_0040_0071,01-Jan-1849,10427.9614258247,447831.876370172,3970847.42695917
usa_NC_0040_0070,01-Jan-1849,10440.5695897548,447853.699195424,3970802.56073453
usa_NC_0040_0069,01-Jan-1849,10451.2563345615,447873.712327237,3970756.94529789
usa_NC_0040_0068,01-Jan-1849,10458.0931027241,447890.099152154,3970709.82963814
usa_NC_0040_0067,01-Jan-1849,10468.2046721038,447909.618608807,3970663.74943892
usa_NC_0040_0066,01-Jan-1849,10473.2369467322,447924.338938607,3970615.76465658
usa_NC_0040_0065,01-Jan-1849,10477.9115441096,447938.716367176,3970567.67054284
usa_NC_0040_0064,01-Jan-1849,10482.6832181464,447953.185180503,3970519.61451775
usa_NC_0040_0063,01-Jan-1849,10489.3276582208,447969.420448373,3970472.27579656
usa_NC_0040_0062,01-Jan-1849,10498.9869922609,447988.500289559,3970426.08770104
usa_NC_0040_0061,01-Jan-1849,10510.1663892479,448009.014178131,3970380.48044643
usa_NC_0040_0060,01-Jan-1849,10523.3244227937,448031.394795634,3970335.62897512
usa_NC_0040_0059,01-Jan-1849,10533.2627773541,448050.737994501,3970289.5468671
usa_NC_0040_0058,01-Jan-1849,10541.5780966226,448068.549894351,3970242.84510204
usa_NC_0040_0057,01-Jan-1849,10550.9273219534,448087.33718476,3970196.53845957
usa_NC_0040_0056,01-Jan-1849,10561.3968811903,448107.181489704,3970150.65953073
usa_NC_0040_0055,01-Jan-1849,10569.8579617523,448125.130713516,3970104.01441007
usa_NC_0040_0054,01-Jan-1849,10577.9538651041,448142.736866228,3970057.22253351
usa_NC_0040_0053,01-Jan-1849,10587.1896080053,448161.429097332,3970010.81246749
usa_NC_0040_0052,01-Jan-1849,10597.164256083,448180.818552526,3969964.68409253
usa_NC_0040_0051,01-Jan-1849,10607.263162334,448200.325253347,3969918.60310441
usa_NC_0040_0050,01-Jan-1849,10616.175880501,448218.712973253,3969872.06843139
usa_NC_0040_0049,01-Jan-1849,10625.0166735003,448237.03297739,3969825.50557708
usa_NC_0040_0048,01-Jan-1849,10633.6654874301,448255.172038106,3969778.86850288
usa_NC_0040_0047,01-Jan-1849,10641.9486518841,448272.973562563,3969732.05456423
usa_NC_0040_0046,01-Jan-1849,10651.0892132827,448291.592327577,3969685.52640943
usa_NC_0040_0045,01-Jan-1849,10660.0511388404,448310.042980555,3969638.92791629
usa_NC_0040_0044,01-Jan-1849,10670.8141932942,448330.191921456,3969593.02227187
usa_NC_0040_0043,01-Jan-1849,10681.9216086399,448350.665263935,3969547.25058055
usa_NC_0040_0042,01-Jan-1849,10690.2499015563,448368.519298878,3969500.40416427
usa_NC_0040_0041,01-Jan-1849,10699.9149274208,448387.633349956,3969454.0739168
usa_NC_0040_0040,01-Jan-1849,10709.5488905346,448406.717965665,3969407.73245211
usa_NC_0040_0039,01-Jan-1849,10715.8782880586,448422.689679612,3969360.10489397
usa_NC_0040_0038,01-Jan-1849,10723.4120191022,448439.796438823,3969312.94323046
usa_NC_0040_0037,01-Jan-1849,10734.75525959,448460.468812362,3969267.37900175
usa_NC_0040_0036,01-Jan-1849,10743.9390664694,448479.107707778,3969220.97080191
usa_NC_0040_0035,01-Jan-1849,10753.2306425162,448497.850655193,3969174.59186628
usa_NC_0040_0034,01-Jan-1849,10762.5565636382,448516.625925427,3969128.22644869
usa_NC_0040_0033,01-Jan-1849,10771.4404568653,448534.984932985,3969081.68836044
usa_NC_0040_0032,01-Jan-1849,10784.892970997,448557.645899835,3969036.93674147
usa_NC_0040_0031,01-Jan-1849,10793.7065031996,448575.938518998,3968990.37181155
usa_NC_0040_0030,01-Jan-1849,10805.635591509,448597.164653865,3968945.0261163
usa_NC_0040_0029,01-Jan-1849,10817.5264350043,448618.354586826,3968899.66641383
usa_NC_0040_0028,01-Jan-1849,10827.5445762389,448637.781183921,3968853.57412591
usa_NC_0040_0027,01-Jan-1849,10840.1540729377,448659.64739122,3968808.49760282
usa_NC_0040_0026,01-Jan-1849,10849.4153435293,448678.361223667,3968762.10971129
usa_NC_0040_0025,01-Jan-1849,10856.636661171,448695.154625952,3968714.92186102
usa_NC_0040_0024,01-Jan-1849,10872.140054066,448719.744634892,3968670.98286127
usa_NC_0040_0023,01-Jan-1849,10885.7786895068,448742.578855807,3968626.31404864
usa_NC_0040_0022,01-Jan-1849,10896.3447046651,448762.521068638,3968580.43739647
usa_NC_0040_0021,01-Jan-1849,10907.2558467358,448782.788744941,3968534.6932925
usa_NC_0040_0020,01-Jan-1849,10918.2548756107,448803.139086677,3968488.98401328
usa_NC_0040_0019,01-Jan-1849,10928.361550339,448822.649495017,3968442.92411628
usa_NC_0040_0018,01-Jan-1849,10939.2607847011,448842.905839058,3968397.17595448
usa_NC_0040_0017,01-Jan-1849,10950.6450340929,448863.618602145,3968351.61888246
usa_NC_0040_0016,01-Jan-1849,10959.2829489241,448881.754492635,3968304.9420518
usa_NC_0040_0015,01-Jan-1849,10969.2872649986,448901.193458434,3968258.7173122
usa_NC_0040_0014,01-Jan-1849,10980.915757123,448922.160236257,3968213.1355015
usa_NC_0040_0013,01-Jan-1849,10988.2205203717,448939.060375656,3968165.83934749
usa_NC_0040_0012,01-Jan-1849,10998.5799761418,448958.833731483,3968119.7535826
usa_NC_0040_0011,01-Jan-1849,11007.8909059179,448977.621267939,3968073.25027479
usa_NC_0040_0010,01-Jan-1849,11020.7556435694,448999.74883195,3968028.16839834
usa_NC_0040_0009,01-Jan-1849,11033.6557909934,449021.908671547,3967983.10570978
usa_NC_0040_0008,01-Jan-1849,11044.2603738464,449041.911256904,3967937.12375376
usa_NC_0040_0007,01-Jan-1849,11053.3904486627,449060.529138883,3967890.54650172
usa_NC_0040_0006,01-Jan-1849,11060.4710484691,449077.223455487,3967843.13638673
usa_NC_0040_0005,01-Jan-1849,11070.9238425919,449097.084633061,3967797.0874634
usa_NC_0040_0004,01-Jan-1849,11082.3583517843,449117.867145066,3967751.43783299
usa_NC_0040_0003,01-Jan-1849,11091.0068983542,449136.035447127,3967704.65305975
usa_NC_0040_0002,01-Jan-1849,11105.5339040172,449160.015863409,3967658.78188434
usa_NC_0040_0001,01-Jan-1849,11116.2479944711,449179.824331214,3967614.33021615
usa_NC_0039_0165,01-Jan-1849,11123.7417378034,449196.910700931,3967567.06651967
usa_NC_0039_0164,01-Jan-1849,11134.3725406419,449216.938966671,3967521.08985809
usa_NC_0039_0163,01-Jan-1849,11143.627245073,449235.677635873,3967474.54416501
usa_NC_0039_0162,01-Jan-1849,11153.5998045827,449255.083099056,3967428.32502148
usa_NC_0039_0161,01-Jan-1849,11164.421807773,449275.27722562,3967382.4940847
usa_NC_0039_0160,01-Jan-1849,11175.841126135,449296.030802387,3967336.91173354
usa_NC_0039_0159,01-Jan-1849,11186.6593476962,449316.221195101,3967291.08018352
usa_NC_0039_0158,01-Jan-1849,11198.4530272057,449337.325016045,3967245.65555999
usa_NC_0039_0157,01-Jan-1849,11208.6943521729,449356.974996753,3967199.5843524
usa_NC_0039_0156,01-Jan-1849,11214.481972896,449372.455385438,3967151.6507154
usa_NC_0039_0155,01-Jan-1849,11226.3300436055,449393.61012445,3967106.24885389
usa_NC_0039_0154,01-Jan-1849,11235.9460596428,449412.675642413,3967059.911372
usa_NC_0039_0153,01-Jan-1849,11247.4094322523,449433.470517751,3967014.34716977
usa_NC_0039_0152,01-Jan-1849,11261.1190719832,449456.367354695,3966969.72735992
usa_NC_0039_0151,01-Jan-1849,11272.3135121535,449476.908041894,3966924.06276497
usa_NC_0039_0150,01-Jan-1849,11283.821969866,449497.740316546,3966878.54148578
usa_NC_0039_0149,01-Jan-1849,11294.1104515335,449517.431374284,3966832.50536856
usa_NC_0039_0148,01-Jan-1849,11300.951724997,449533.898249308,3966785.01210009
usa_NC_0039_0147,01-Jan-1849,11312.8443500386,449555.090410066,3966739.65034068
usa_NC_0039_0146,01-Jan-1849,11323.5295504579,449575.159707212,3966693.74595023
usa_NC_0039_0145,01-Jan-1849,11333.9096450614,449594.945257852,3966647.70448428
usa_NC_0039_0144,01-Jan-1849,11345.2009310743,449615.583002393,3966602.04841232
usa_NC_0039_0143,01-Jan-1849,11355.4956945831,449635.289362196,3966555.96777602
usa_NC_0039_0142,01-Jan-1849,11365.4185535787,449654.648516632,3966509.72674172
usa_NC_0039_0141,01-Jan-1849,11375.2743317613,449673.945466203,3966463.45466974
usa_NC_0039_0140,01-Jan-1849,11384.5532613461,449692.70395625,3966416.93341416
usa_NC_0039_0139,01-Jan-1849,11395.1876523835,449712.729335779,3966370.98950794
usa_NC_0039_0138,01-Jan-1849,11406.2936939084,449733.195531156,3966325.24657236
usa_NC_0039_0137,01-Jan-1849,11417.2467546304,449753.519005308,3966279.43715891
usa_NC_0039_0136,01-Jan-1849,11429.4975000606,449775.054382011,3966234.18541742
usa_NC_0039_0135,01-Jan-1849,11440.1111285227,449795.061158007,3966188.2286524
usa_NC_0039_0134,01-Jan-1849,11449.9709211048,449814.364535771,3966141.94489806
usa_NC_0039_0133,01-Jan-1849,11459.8381679129,449833.6753705,3966095.66186748
usa_NC_0039_0132,01-Jan-1849,11469.7224859733,449853.00263039,3966049.38375914
usa_NC_0039_0131,01-Jan-1849,11481.3896506898,449873.993858618,3966003.87694763
usa_NC_0039_0130,01-Jan-1849,11494.9940296118,449896.777811233,3965959.28487478
usa_NC_0039_0129,01-Jan-1849,11505.2417334697,449916.429964507,3965913.23534831
usa_NC_0039_0128,01-Jan-1849,11515.1562622458,449935.771444478,3965867.04025196
usa_NC_0039_0127,01-Jan-1849,11524.3174273492,449954.410331932,3965820.51654399
usa_NC_0039_0126,01-Jan-1849,11535.2900303712,449974.739159782,3965774.78006902
usa_NC_0039_0125,01-Jan-1849,11546.2690924153,449995.074077748,3965729.04607922
usa_NC_0039_0124,01-Jan-1849,11557.4235089707,450015.572613393,3965683.38817354
usa_NC_0039_0123,01-Jan-1849,11567.9277679977,450035.464836175,3965637.44652967
usa_NC_0039_0122,01-Jan-1849,11578.0598243247,450055.01006583,3965591.34190392
usa_NC_0039_0121,01-Jan-1849,11588.9139125225,450075.221318621,3965545.58900079
usa_NC_0039_0120,01-Jan-1849,11599.2819271215,450094.978804392,3965499.62633394
usa_NC_0039_0119,01-Jan-1849,11610.0109765836,450115.072999695,3965453.821119
usa_NC_0039_0118,01-Jan-1849,11620.6582385629,450135.090939964,3965407.980126
usa_NC_0039_0117,01-Jan-1849,11630.2840015701,450154.156301411,3965361.69316917
usa_NC_0039_0116,01-Jan-1915,11457.0956758499,450002.875753521,3965234.92413502
usa_NC_0039_0115,01-Jan-1915,11466.052482481,450021.336931214,3965188.24684882
usa_NC_0039_0114,01-Jan-1849,11660.4781005886,450212.580537441,3965223.40625612
usa_NC_0039_0113,01-Jan-1849,11671.5193189706,450232.965960983,3965177.7367205
usa_NC_0039_0112,01-Jan-1849,11682.6744248549,450253.457602118,3965132.11683539
usa_NC_0039_0111,01-Jan-1849,11692.5049290109,450272.714045773,3965085.91848899
usa_NC_0039_0110,01-Jan-1849,11702.2732952092,450291.912573527,3965039.69286625
usa_NC_0039_0109,01-Jan-1849,11714.8043611219,450313.68735232,3964994.6736291
usa_NC_0039_0108,01-Jan-1849,11726.3105250839,450334.506410199,3964949.20678586
usa_NC_0039_0107,01-Jan-1849,11738.3974066774,450355.86699005,3964903.99354545
usa_NC_0039_0106,01-Jan-1849,11750.4251658067,450377.17244119,3964858.75446955
usa_NC_0039_0105,01-Jan-1849,11763.3423236747,450399.307239517,3964813.9039064
usa_NC_0039_0104,01-Jan-1849,11777.2542179594,450422.369592374,3964769.48796043
usa_NC_0039_0103,01-Jan-1849,11786.9305971932,450441.482449706,3964723.22162665
usa_NC_0039_0102,01-Jan-1849,11800.5152126058,450464.239613442,3964678.66275608
usa_NC_0039_0101,01-Jan-1849,11813.0045936754,450485.975505421,3964633.62539247
usa_NC_0039_0100,01-Jan-1849,11825.3806703577,450507.605679191,3964588.53885505
usa_NC_0039_0099,01-Jan-1849,11837.7860936782,450529.261229875,3964543.47508702
usa_NC_0039_0098,01-Jan-1849,11851.6251334638,450552.253570508,3964499.0377094
usa_NC_0039_0097,01-Jan-1849,11864.5696600256,450574.411825132,3964454.20943307
usa_NC_0039_0096,01-Jan-1849,11876.1548031205,450595.294289389,3964408.82833549
usa_NC_0039_0095,01-Jan-1849,11885.7011456874,450614.273779029,3964362.56580628
usa_NC_0039_0094,01-Jan-1849,11894.9559966693,450632.981179749,3964316.17734026
usa_NC_0039_0093,01-Jan-1849,11907.3804104021,450654.64449461,3964271.17163131
usa_NC_0039_0092,01-Jan-1849,11921.4425756597,450677.835487896,3964226.87879967
usa_NC_0039_0091,01-Jan-1849,11935.1142607158,450700.662512308,3964182.41466341
usa_NC_0039_0090,01-Jan-1849,11945.6005734951,450720.51829376,3964136.56380033
usa_NC_0039_0089,01-Jan-1849,11957.7426304528,450741.918596494,3964091.43334867
usa_NC_0039_0088,01-Jan-1849,11971.2957574488,450764.635424963,3964046.91563575
usa_NC_0039_0087,01-Jan-1849,11983.9206045055,450786.486367167,3964001.99384252
usa_NC_0039_0086,01-Jan-1849,11996.968374058,450808.732034056,3963957.25500336
usa_NC_0039_0085,01-Jan-1849,12008.6462988843,450829.699615198,3963911.92144287
usa_NC_0039_0084,01-Jan-1849,12020.9067862115,450851.210835231,3963866.84030628
usa_NC_0039_0083,01-Jan-1849,12033.2751032155,450872.822755946,3963821.80551395
usa_NC_0039_0082,01-Jan-1849,12046.2069255854,450894.960675481,3963777.01416859
usa_NC_0039_0081,01-Jan-1849,12060.2461032798,450918.132292117,3963732.70099232
usa_NC_0039_0080,01-Jan-1849,12072.7254313001,450939.848195708,3963687.71235426
usa_NC_0039_0079,01-Jan-1849,12084.2046321653,450960.630607466,3963642.29130091
usa_NC_0039_0078,01-Jan-1849,12094.5049288799,450980.312462121,3963596.36153518
usa_NC_0039_0077,01-Jan-1849,12103.1775068656,450998.474557243,3963549.73046351
usa_NC_0039_0076,01-Jan-1849,12110.7990308716,451015.655016803,3963502.64801048
usa_NC_0039_0075,01-Jan-1849,12116.5609391382,451031.098712269,3963454.76678146
usa_NC_0039_0074,01-Jan-1849,12124.6383313941,451048.703814998,3963407.88569157
usa_NC_0039_0073,01-Jan-1849,12132.8155373962,451066.433737816,3963360.88933563
usa_NC_0039_0072,01-Jan-1849,12141.9536097698,451085.093603671,3963314.14279458
usa_NC_0039_0071,01-Jan-1849,12148.2898732231,451101.149336884,3963266.12981159
usa_NC_0039_0070,01-Jan-1849,12153.4278496391,451116.091129149,3963217.57617712
usa_NC_0039_0069,01-Jan-1909,11907.1596572903,450896.606460306,3963059.17695836
usa_NC_0039_0068,01-Jan-1909,11930.3019507402,450928.416028643,3963018.09225044
usa_NC_0039_0067,01-Jan-1849,12021.0840932952,451023.249917947,3963006.79729509
usa_NC_0039_0066,01-Jan-1849,11925.2193287852,450944.162602524,3962913.35232281
usa_NC_0039_0065,01-Jan-1849,11813.2908545499,450850.181708306,3962812.46232054
usa_NC_0039_0064,01-Jan-1849,11740.8592562676,450793.046106329,3962728.74944375
usa_NC_0039_0063,01-Jan-1909,12015.8262866062,451059.265822207,3962799.72804153
usa_NC_0039_0062,01-Jan-1849,11945.7273472742,451004.297139389,3962717.07536939
usa_NC_0039_0061,01-Jan-1849,12126.5905741838,451182.780573061,3962746.87838436
usa_NC_0039_0060,01-Jan-1849,12113.1649868352,451180.52572397,3962689.64757962
usa_NC_0039_0059,01-Jan-1849,12078.0840489394,451158.159545355,3962622.54745211
usa_NC_0039_0058,01-Jan-1849,12031.1402206354,451124.800276491,3962549.92086861
usa_NC_0039_0057,01-Jan-1849,11991.8123792858,451098.550851269,3962480.58070042
usa_NC_0039_0056,01-Jan-1909,12168.4157832281,451272.822831401,3962509.7202126
usa_NC_0039_0055,01-Jan-1909,12195.7363359676,451308.431586513,3962470.94589983
usa_NC_0039_0054,01-Jan-1909,12227.2021858595,451347.877003837,3962434.12622518
usa_NC_0039_0053,01-Jan-1909,12258.281353413,451386.951528889,3962397.18927485
usa_NC_0039_0052,01-Jan-1849,12297.029919115,451433.125539953,3962363.86314706
usa_NC_0039_0051,01-Jan-1849,12005.9366653015,451173.53764256,3962177.39935995
usa_NC_0039_0050,01-Jan-1849,12388.8353485202,451538.681909723,3962304.13104063
usa_NC_0039_0049,01-Jan-1849,12193.7859322115,451368.232796225,3962161.72478587
usa_NC_0039_0048,01-Jan-1849,12435.104060182,451601.989953418,3962223.43743409
usa_NC_0039_0047,01-Jan-1849,12449.4636195358,451625.504500909,3962179.04311007
usa_NC_0039_0046,01-Jan-1849,12463.6579429928,451648.831516152,3962134.74401776
usa_NC_0039_0045,01-Jan-1849,12480.4956213773,451674.605206597,3962091.6907037
usa_NC_0039_0044,01-Jan-1849,12496.9392735836,451700.01394243,3962048.45292181
usa_NC_0039_0043,01-Jan-1849,12515.2366992404,451727.1377807,3962006.09250394
usa_NC_0039_0042,01-Jan-1849,12529.4556389471,451750.487501421,3961961.80540925
usa_NC_0039_0041,01-Jan-1849,12545.403596185,451775.436982878,3961918.33622361
usa_NC_0039_0040,01-Jan-1849,12563.0183886047,451801.928194701,3961875.65801699
usa_NC_0039_0039,01-Jan-1849,12290.467948671,451560.036105214,3961695.26749113
usa_NC_0039_0038,01-Jan-1849,12322.2910751695,451599.695122288,3961659.2021762
usa_NC_0039_0037,01-Jan-1849,12614.5866404013,451880.218947004,3961747.03052479
usa_NC_0039_0036,01-Jan-1849,12630.8810662223,451905.488155907,3961703.72943954
usa_NC_0039_0035,01-Jan-1849,12646.6878313845,451930.314594546,3961660.15545945
usa_NC_0039_0034,01-Jan-1849,12660.7945747982,451953.569471205,3961615.77042761
usa_NC_0039_0033,01-Jan-1849,12675.4130190434,451977.297592778,3961571.6284685
usa_NC_0039_0032,01-Jan-1849,11955.5385200369,451322.329410497,3961175.59247063
usa_NC_0039_0031,01-Jan-1849,12704.8694264917,452025.715952828,3961479.65003066
usa_NC_0039_0030,01-Jan-1849,12717.7478126244,452047.078476976,3961438.466352
usa_NC_0039_0029,01-Jan-1849,12074.59938906,451463.681945951,3961075.81588656
usa_NC_0039_0028,01-Jan-1849,12749.3074930049,452099.31468355,3961338.11563371
usa_NC_0039_0027,01-Jan-1849,12440.5581366676,451821.845912322,3961151.0298859
usa_NC_0039_0026,01-Jan-1849,12773.6071937997,452139.582459123,3961260.6095024
usa_NC_0039_0025,01-Jan-1849,12786.7542807071,452161.954612275,3961215.7445258
usa_NC_0039_0024,01-Jan-1849,12801.2361708433,452185.559217832,3961171.52380926
usa_NC_0039_0023,01-Jan-1849,12815.0583614961,452208.524267844,3961127.13701779
usa_NC_0039_0022,01-Jan-1849,12827.3819067261,452230.074532997,3961082.18228875
usa_NC_0039_0021,01-Jan-1849,12841.6782297544,452253.444253395,3961038.19001916
usa_NC_0039_0020,01-Jan-1849,12855.3381716116,452276.226932749,3960993.88787298
usa_NC_0039_0019,01-Jan-1849,12868.8378285487,452298.86193975,3960949.50675107
usa_NC_0039_0018,01-Jan-1849,12887.4495290809,452326.219445851,3960907.58081364
usa_NC_0039_0017,01-Jan-1849,12900.7646881173,452348.68549627,3960863.10366393
usa_NC_0039_0016,01-Jan-1849,12912.4736634619,452369.667531287,3960817.85623121
usa_NC_0039_0015,01-Jan-1849,12925.4354867927,452391.807207202,3960773.20920043
usa_NC_0039_0014,01-Jan-1849,12938.032741783,452413.609981705,3960728.38764555
usa_NC_0039_0013,01-Jan-1849,12950.6064346394,452435.390957741,3960683.55493351
usa_NC_0039_0012,01-Jan-1849,12962.7455499505,452456.770026756,3960638.51573118
usa_NC_0039_0011,01-Jan-1849,12972.3269973908,452475.783310776,3960592.26323326
usa_NC_0039_0010,01-Jan-1849,12981.8847874293,452494.775187064,3960545.9971366
usa_NC_0039_0009,01-Jan-1849,12991.3314884717,452513.663008226,3960499.68484928
usa_NC_0039_0008,01-Jan-1849,13001.8836596321,452533.57261863,3960453.90070164
usa_NC_0039_0007,01-Jan-1849,13015.2758774776,452556.110208256,3960409.45879786
usa_NC_0039_0006,01-Jan-1849,13027.2782303733,452577.361092829,3960364.36313761
usa_NC_0039_0005,01-Jan-1849,13040.3354111504,452599.588336398,3960319.76452401
usa_NC_0039_0004,01-Jan-1849,13054.125010209,452622.493877504,3960275.50921239
usa_NC_0039_0003,01-Jan-1849,13068.1239578559,452645.59355513,3960231.35073947
usa_NC_0039_0002,01-Jan-1849,13081.421164423,452668.043333223,3960186.86340557
usa_NC_0039_0001,01-Jan-1849,13096.7691123979,452692.399621345,3960143.30074878
usa_NC_0038_0147,01-Jan-1849,13386.8163924035,453174.696129408,3959209.90949113
usa_NC_0038_0146,01-Jan-1849,13399.973156944,453197.056640611,3959165.15216314
usa_NC_0038_0145,01-Jan-1849,13413.1929717726,453219.475539849,3959120.42440466
usa_NC_0038_0144,01-Jan-1849,13427.7319479969,453243.115893004,3959076.3161217
usa_NC_0038_0143,01-Jan-1849,13442.9957174078,453267.427248335,3959032.54873621
usa_NC_0038_0142,01-Jan-1849,13457.3815644159,453290.925655516,3958988.36933834
usa_NC_0038_0141,01-Jan-1849,13471.7443132719,453314.402628573,3958944.17932784
usa_NC_0038_0140,01-Jan-1849,13485.9447843429,453337.729316014,3958899.91324915
usa_NC_0038_0139,01-Jan-1849,13500.0681929898,453360.98462464,3958855.6111034
usa_NC_0038_0138,01-Jan-1849,13514.2900025989,453384.330991478,3958811.3554388
usa_NC_0038_0137,01-Jan-1849,13528.6103254794,453407.768509662,3958767.14636239
usa_NC_0038_0136,01-Jan-1849,13544.0437112983,453432.236288331,3958723.4617809
usa_NC_0038_0135,01-Jan-1849,13558.3716311343,453455.680704745,3958679.25695278
usa_NC_0038_0134,01-Jan-1849,13572.4434098201,453478.887996152,3958634.93161953
usa_NC_0038_0133,01-Jan-1849,13588.8399192249,453504.2164703,3958591.85491287
usa_NC_0038_0132,01-Jan-1849,13602.0085310987,453526.539837779,3958547.34392654
usa_NC_0038_0131,01-Jan-1849,13615.2166716878,453548.89961316,3958502.8524687
usa_NC_0038_0130,01-Jan-1849,13628.423567574,453571.258050914,3958458.36135274
usa_NC_0038_0129,01-Jan-1849,13641.5618636456,453593.552731019,3958413.83921788
usa_NC_0038_0128,01-Jan-1849,13654.7977051739,453615.937610115,3958369.3634981
usa_NC_0038_0127,01-Jan-1849,13667.2135160154,453637.562008423,3958324.50863892
usa_NC_0038_0126,01-Jan-1849,13680.0119652226,453659.540703806,3958279.83346634
usa_NC_0038_0125,01-Jan-1849,13692.7433194219,453681.456775006,3958235.12928206
usa_NC_0038_0124,01-Jan-1849,13705.9922975769,453703.852733155,3958190.66515882
usa_NC_0038_0123,01-Jan-1849,13719.2337823188,453726.241572798,3958146.19841804
usa_NC_0038_0122,01-Jan-1849,13731.897649163,453748.09399559,3958101.4683454
usa_NC_0038_0121,01-Jan-1849,13743.5001235801,453768.9603459,3958056.25633512
usa_NC_0038_0120,01-Jan-1849,13754.6691405184,453789.423120853,3958010.85189957
usa_NC_0038_0119,01-Jan-1849,13766.6064204028,453810.598522446,3957965.80189671
usa_NC_0038_0118,01-Jan-1849,13779.3893751339,453832.55333933,3957921.16714798
usa_NC_0038_0117,01-Jan-1849,13792.2824295859,453854.609336236,3957876.58792943
usa_NC_0038_0116,01-Jan-1849,13807.034136076,453878.409864847,3957832.76369677
usa_NC_0038_0115,01-Jan-1849,13820.2152946375,453900.78696639,3957788.04783473
usa_NC_0038_0114,01-Jan-1849,13833.0091586662,453922.803971145,3957743.15754816
usa_NC_0038_0113,01-Jan-1849,13847.2548995336,453946.170942597,3957698.92089895
usa_NC_0038_0112,01-Jan-1849,13862.5652638073,453970.527765285,3957655.16376577
usa_NC_0038_0111,01-Jan-1849,13876.1331608237,453993.264455895,3957610.62203125
usa_NC_0038_0110,01-Jan-1849,13887.2143568777,454013.689117209,3957564.96015354
usa_NC_0038_0109,01-Jan-1852,13893.6217817826,454029.781794935,3957517.12544522
usa_NC_0038_0108,01-Jan-1852,13902.6969416718,454048.3237154,3957470.64808518
usa_NC_0038_0107,01-Jan-1852,13914.6869441363,454069.586511237,3957425.42978845
usa_NC_0038_0106,01-Jan-1852,13924.5606501196,454088.881726873,3957379.25788482
usa_NC_0038_0105,01-Jan-1852,13935.0213668585,454108.722699165,3957333.35050783
usa_NC_0038_0104,01-Jan-1852,13945.6755007428,454128.74348963,3957287.53032084
usa_NC_0038_0103,01-Jan-1852,13951.5870989957,454144.355262071,3957239.57188598
usa_NC_0038_0102,01-Jan-1852,13967.2816915693,454169.062023288,3957196.02436513
usa_NC_0038_0101,01-Jan-1852,13978.0557889096,454189.194319693,3957150.25837125
usa_NC_0038_0100,01-Jan-1852,13986.7589776963,454207.401413399,3957103.5583262
usa_NC_0038_0099,01-Jan-1852,13991.5112909964,454221.92833163,3957055.11271864
usa_NC_0038_0098,01-Jan-1852,13997.7905424883,454237.753866577,3957007.96078418
usa_NC_0038_0097,01-Jan-1852,14001.5138594726,454251.195207676,3956959.69652478
usa_NC_0038_0096,01-Jan-1852,14005.1266322977,454264.525556204,3956911.42357275
usa_NC_0038_0095,01-Jan-1852,14017.6947426607,454286.194963836,3956867.12070152
usa_NC_0038_0094,01-Jan-1852,14024.66503174,454302.64601553,3956820.36502539
usa_NC_0038_0093,01-Jan-1852,14038.3343035494,454325.345188793,3956776.52838852
usa_NC_0038_0092,01-Jan-1852,14049.4755891226,454345.6875031,3956731.58526135
usa_NC_0038_0091,01-Jan-1852,14063.6481379402,454368.86058733,3956687.94537466
usa_NC_0038_0090,01-Jan-1852,14077.0252484487,454391.285277396,3956643.99136508
usa_NC_0038_0089,01-Jan-1852,14089.3263244486,454412.702782354,3956599.58635026
usa_NC_0038_0088,01-Jan-1852,14101.5245320865,454434.022351755,3956555.14647261
usa_NC_0038_0087,01-Jan-1852,14115.6692740908,454457.163918666,3956511.52240362
usa_NC_0038_0086,01-Jan-1852,14125.1171660793,454475.902712993,3956465.96198004
usa_NC_0038_0085,01-Jan-1852,14130.389956752,454490.719752247,3956418.72065499
usa_NC_0038_0084,01-Jan-1852,14143.8648143314,454513.228201977,3956374.84631419
usa_NC_0038_0083,01-Jan-1852,14156.8927440051,454535.365986974,3956330.54610732
usa_NC_0038_0082,01-Jan-1852,14168.1787285045,454555.88961048,3956285.4340844
usa_NC_0038_0081,01-Jan-1852,14187.0453278195,454583.534907994,3956243.36875828
usa_NC_0038_0080,01-Jan-1852,14195.4335239791,454601.334251419,3956197.10174351
usa_NC_0038_0079,01-Jan-1852,14209.4982748275,454624.467692152,3956153.11012142
usa_NC_0038_0078,01-Jan-1852,14220.8193177133,454645.020941084,3956108.02875556
usa_NC_0038_0077,01-Jan-1852,14236.4498253883,454669.62698597,3956064.65821186
usa_NC_0038_0076,01-Jan-1852,14249.4339538334,454691.743777039,3956020.23953527
usa_NC_0038_0075,01-Jan-1852,14256.9261402281,454708.690565089,3955973.66641209
usa_NC_0038_0074,01-Jan-1852,14271.5039231824,454732.306289175,3955929.87942489
usa_NC_0038_0073,01-Jan-1852,14285.0822746158,454754.994803101,3955885.63213662
usa_NC_0038_0072,01-Jan-1852,14296.9284802146,454776.055352034,3955840.69211923
usa_NC_0038_0071,01-Jan-1852,14306.2842758125,454794.771893394,3955794.77306154
usa_NC_0038_0070,01-Jan-1852,14323.3701781389,454820.777143308,3955751.82770068
usa_NC_0038_0069,01-Jan-1852,14337.1853466702,454843.704083838,3955707.59578725
usa_NC_0038_0068,01-Jan-1852,14341.4536354655,454857.630055065,3955659.68741677
usa_NC_0038_0067,01-Jan-1852,14352.7685065553,454878.2034155,3955614.47390885
usa_NC_0038_0066,01-Jan-1852,14356.267954261,454891.385318451,3955566.36550094
usa_NC_0038_0065,01-Jan-1852,14367.3471054075,454911.683201506,3955521.32763322
usa_NC_0038_0064,01-Jan-1852,14380.8105045746,454934.22264327,3955477.23972089
usa_NC_0038_0063,01-Jan-1852,14388.6199763083,454951.378249664,3955431.2407976
usa_NC_0038_0062,01-Jan-1852,14397.25287593,454969.316014826,3955385.52986596
usa_NC_0038_0061,01-Jan-1852,14406.2389895653,454987.592467209,3955339.92657692
usa_NC_0038_0060,01-Jan-1852,14413.355309859,455004.099866524,3955293.63415855
usa_NC_0038_0059,01-Jan-1852,14420.4645562829,455020.602305212,3955247.33046488
usa_NC_0038_0058,01-Jan-1852,14429.1482153572,455038.603676581,3955201.56026514
usa_NC_0038_0057,01-Jan-1852,14438.8677428149,455057.593279165,3955156.13094288
usa_NC_0038_0056,01-Jan-1852,14444.0162379237,455072.235922461,3955109.12804179
usa_NC_0038_0055,01-Jan-1852,14449.2611663629,455086.967309567,3955062.17316253
usa_NC_0038_0054,01-Jan-1852,14451.2156719935,455098.557519105,3955014.14586748
usa_NC_0038_0053,01-Jan-1852,14454.7409028722,455111.638516695,3954966.67400718
usa_NC_0038_0052,01-Jan-1852,14454.97963523,455121.573499412,3954918.17396563
usa_NC_0038_0051,01-Jan-1852,14451.430458486,455127.874527193,3954868.52872444
usa_NC_0038_0050,01-Jan-1852,14452.0310999414,455138.129652722,3954820.27350234
usa_NC_0038_0049,01-Jan-1852,14456.1582479262,455151.760168485,3954773.12341634
usa_NC_0038_0048,01-Jan-1852,14454.0959613362,455159.581068252,3954723.46022669
usa_NC_0038_0047,01-Jan-1852,14455.1104857113,455170.346289473,3954674.76446728
usa_NC_0038_0046,01-Jan-1852,14450.7555051681,455175.960080771,3954624.44614901
usa_NC_0038_0045,01-Jan-1852,14451.465662001,455186.425522876,3954575.6973149
usa_NC_0038_0044,01-Jan-1852,14455.4122833754,455199.992379684,3954527.94451915
usa_NC_0038_0043,01-Jan-1852,14455.5584666712,455209.910736194,3954479.05537495
usa_NC_0038_0042,01-Jan-1852,14457.7902123919,455221.827235413,3954430.81004607
usa_NC_0038_0041,01-Jan-1852,14462.8125196779,455236.420421887,3954383.41067002
usa_NC_0038_0040,01-Jan-1852,14462.0489001199,455245.455831133,3954334.29711939
usa_NC_0038_0039,01-Jan-1852,14459.2292685812,455252.512315327,3954284.59438612
usa_NC_0038_0038,01-Jan-1852,14463.2214524107,455266.111327023,3954236.91319455
usa_NC_0038_0037,01-Jan-1852,14462.6299824624,455275.305097347,3954187.88567844
usa_NC_0038_0036,01-Jan-1852,14475.3871290943,455297.330785714,3954142.76455564
usa_NC_0038_0035,01-Jan-1852,14484.6785102966,455316.028528584,3954096.61084608
usa_NC_0038_0034,01-Jan-1852,14491.2490001204,455332.109767234,3954049.66555375
usa_NC_0038_0033,01-Jan-1852,14499.7259489572,455350.016632194,3954003.31339331
usa_NC_0038_0032,01-Jan-1852,14502.9356565283,455362.856573126,3953955.43765789
usa_NC_0038_0031,01-Jan-1852,14506.2687385138,455375.815360845,3953907.59678641
usa_NC_0038_0030,01-Jan-1852,14508.2916686702,455387.51229648,3953859.38458554
usa_NC_0038_0029,01-Jan-1852,14502.5265715742,455391.704439949,3953808.98446469
usa_NC_0038_0028,01-Jan-1852,14513.6905819389,455412.208234532,3953763.34920149
usa_NC_0038_0027,01-Jan-1852,14507.5303344768,455416.013553262,3953712.86832203
usa_NC_0038_0026,01-Jan-1852,14512.1173687698,455430.136912237,3953665.59880606
usa_NC_0038_0025,01-Jan-1852,14516.4698513215,455444.00854332,3953618.39204068
usa_NC_0038_0024,01-Jan-1852,14511.5480467851,455448.924981094,3953568.67086242
usa_NC_0038_0023,01-Jan-1852,14513.8577373536,455460.820252941,3953520.92953984
usa_NC_0038_0022,01-Jan-1852,14511.2984485772,455468.007037337,3953471.90334506
usa_NC_0038_0021,01-Jan-1852,14515.1002443082,455481.341283641,3953424.57552929
usa_NC_0038_0020,01-Jan-1852,14513.6973983499,455489.638384384,3953375.89458088
usa_NC_0038_0019,01-Jan-1852,14515.2856762588,455500.827426841,3953328.00590283
usa_NC_0038_0018,01-Jan-1852,14521.3642018333,455516.366156837,3953281.26488127
usa_NC_0038_0017,01-Jan-1852,14517.9572292032,455522.710763608,3953232.12726596
usa_NC_0038_0016,01-Jan-1852,14525.930838103,455540.08938437,3953185.849938
usa_NC_0038_0015,01-Jan-1852,14523.418020493,455547.293823732,3953136.97254787
usa_NC_0038_0014,01-Jan-1852,14528.7237386694,455562.111015105,3953089.89850077
usa_NC_0038_0013,01-Jan-1852,14531.5131715771,455574.554159939,3953041.8636901
usa_NC_0038_0012,01-Jan-1852,14531.5058409521,455583.928856682,3952994.91179367
usa_NC_0038_0011,01-Jan-1852,14536.3592482253,455598.727676656,3952945.62140189
usa_NC_0038_0010,01-Jan-1852,14535.5286410872,455607.650755555,3952896.72813601
usa_NC_0038_0009,01-Jan-1852,14539.1581329801,455620.909006276,3952848.90131092
usa_NC_0038_0008,01-Jan-1852,14538.2291812319,455629.745308376,3952799.9404257
usa_NC_0038_0007,01-Jan-1852,14542.0628461813,455643.246598491,3952751.93929872
usa_NC_0038_0006,01-Jan-1852,14549.5418559062,455660.294312588,3952704.79385926
usa_NC_0038_0005,01-Jan-1852,14557.6177953952,455677.923640561,3952657.78412327
usa_NC_0038_0004,01-Jan-1852,14556.8040984929,455686.904099555,3952608.69000411
usa_NC_0038_0003,01-Jan-1852,14556.452813541,455696.333758876,3952559.7077494
usa_NC_0038_0002,01-Jan-1852,14561.0917056233,455710.619273987,3952511.89138982
usa_NC_0038_0001,01-Jan-1852,14564.4635404375,455723.670119507,3952463.78759434
usa_NC_0037_0178,01-Jan-1852,14575.2568926702,455743.944639971,3952417.40812177
usa_NC_0037_0177,01-Jan-1852,14582.3688683255,455760.637388352,3952370.16597538
usa_NC_0037_0176,01-Jan-1852,14581.3442663154,455769.409630101,3952321.03753931
usa_NC_0037_0175,01-Jan-1852,14584.5339631144,455782.285172235,3952272.88152102
usa_NC_0037_0174,01-Jan-1852,14577.8393331464,455785.535860147,3952222.44910274
usa_NC_0037_0173,01-Jan-1852,14574.4643186681,455792.018221712,3952172.78520326
usa_NC_0037_0172,01-Jan-1852,14581.2606157481,455808.147907911,3952126.74982534
usa_NC_0037_0171,01-Jan-1852,14582.6965852963,455819.575255663,3952076.891302
usa_NC_0037_0170,01-Jan-1852,14587.616063811,455834.137586792,3952029.12157071
usa_NC_0037_0169,01-Jan-1852,14595.7570325716,455851.83957712,3951982.08006957
usa_NC_0037_0168,01-Jan-1852,14601.4477018961,455867.155577658,3951934.4743194
usa_NC_0037_0167,01-Jan-1852,14606.2161309987,455881.573958546,3951886.65411718
usa_NC_0037_0166,01-Jan-1852,14614.4292782702,455899.350476201,3951839.60800265
usa_NC_0037_0165,01-Jan-1852,14617.6586447943,455912.270923887,3951791.42970704
usa_NC_0037_0164,01-Jan-1852,14625.9716404052,455930.147481251,3951744.39251328
usa_NC_0037_0163,01-Jan-1852,14630.7000843391,455944.531106641,3951696.54218391
usa_NC_0037_0162,01-Jan-1852,14634.8369003762,455958.338814835,3951648.55469983
usa_NC_0037_0161,01-Jan-1852,14630.3465049574,455963.735787587,3951598.63035871
usa_NC_0037_0160,01-Jan-1852,14633.4606071816,455976.549615459,3951550.39739923
usa_NC_0037_0159,01-Jan-1852,14644.160362742,455996.761849715,3951503.85197744
usa_NC_0037_0158,01-Jan-1852,14657.0402184095,456019.102239814,3951457.78219161
usa_NC_0037_0157,01-Jan-1852,14653.1638837495,456025.082774028,3951408.07123226
usa_NC_0037_0156,01-Jan-1852,14658.0305804038,456039.587245107,3951360.32169217
usa_NC_0037_0155,01-Jan-1852,14650.2562567166,456041.755958268,3951309.7938699
usa_NC_0037_0154,01-Jan-1852,14651.6619821156,456052.916475239,3951261.11632229
usa_NC_0037_0153,01-Jan-1852,14657.434078605,456068.360558038,3951213.28514855
usa_NC_0037_0152,01-Jan-1852,14647.729773561,456068.701021418,3951162.05728142
usa_NC_0037_0151,01-Jan-1852,14665.8352490242,456096.180495979,3951116.93754561
usa_NC_0037_0150,01-Jan-1852,14670.5280926283,456110.476569345,3951069.34367983
usa_NC_0037_0149,01-Jan-1852,14667.829489299,456117.543999135,3951020.20381498
usa_NC_0037_0148,01-Jan-1852,14690.0343016927,456148.939675827,3950976.40612061
usa_NC_0037_0147,01-Jan-1852,14693.270548932,456161.811048903,3950928.50852711
usa_NC_0037_0146,01-Jan-1852,14690.09080415,456168.409215932,3950879.26161529
usa_NC_0037_0145,01-Jan-1852,14690.0379732957,456178.062198573,3950830.68487052
usa_NC_0037_0144,01-Jan-1852,14698.2233001328,456195.776730208,3950783.80698094
usa_NC_0037_0143,01-Jan-1852,14709.2492142193,456216.278077517,3950737.47921692
usa_NC_0037_0142,01-Jan-1852,14719.5312763125,456236.058480474,3950690.96322177
usa_NC_0037_0141,01-Jan-1852,14728.2631900097,456254.326774434,3950644.10349985
usa_NC_0037_0140,01-Jan-1852,14734.5754915658,456270.228488567,3950596.73900094
usa_NC_0037_0139,01-Jan-1852,14743.9515046231,456289.139142044,3950549.9517096
usa_NC_0037_0138,01-Jan-1852,14738.3756481608,456293.383395171,3950500.25656586
usa_NC_0037_0137,01-Jan-1852,14738.470895553,456303.188877442,3950451.67234491
usa_NC_0037_0136,01-Jan-1852,14738.7045031766,456313.190311437,3950402.81360323
usa_NC_0037_0135,01-Jan-1852,14734.0256979801,456318.369699507,3950353.01662398
usa_NC_0037_0134,01-Jan-1852,14749.116533215,456342.961914628,3950306.96117472
usa_NC_0037_0133,01-Jan-1852,14753.1346382433,456356.681856906,3950258.8070852
usa_NC_0037_0132,01-Jan-1852,14746.6924241592,456360.134721779,3950208.65105393
usa_NC_0037_0131,01-Jan-1852,14730.8878353125,456354.39225002,3950156.73283815
usa_NC_0037_0130,01-Jan-1852,14693.1998765895,456327.150855894,3950100.7256798
usa_NC_0037_0129,01-Jan-1852,14523.3447879172,456170.063494546,3950020.02664682
usa_NC_0037_0128,01-Jul-1909,14812.3834455388,456463.799042647,3950025.11759028
usa_NC_0037_0127,01-Jul-1909,14811.889326872,456473.099594953,3949976.05251084
usa_NC_0037_0126,01-Jul-1909,14809.2310078428,456480.273359723,3949926.58608922
usa_NC_0037_0125,01-Jan-1917,14706.1981094063,456388.770221786,3949858.69333496
usa_NC_0037_0124,01-Jan-1917,14699.5287398214,456391.951250315,3949808.73842977
usa_NC_0037_0123,01-Jul-1909,14781.1671331468,456481.926186149,3949775.09612151
usa_NC_0037_0122,01-Jul-1909,14782.8424529153,456493.315985773,3949726.64698102
usa_NC_0037_0121,01-Jan-1917,14678.4685360221,456400.458895573,3949658.68627916
usa_NC_0037_0120,01-Jul-1909,14776.0121757259,456506.0900845,3949627.86360634
usa_NC_0037_0119,01-Jan-1909,14788.8185195977,456528.42609178,3949581.44060041
usa_NC_0037_0118,01-Jan-1909,14782.8849919477,456532.338957793,3949531.57853526
usa_NC_0037_0117,01-Jan-1909,14780.3494807239,456539.593095169,3949482.33662519
usa_NC_0037_0116,01-Jan-1909,14770.7537289222,456539.904602706,3949431.80764458
usa_NC_0037_0115,01-Jan-1909,14765.0945326162,456544.086981461,3949381.9968344
usa_NC_0037_0114,01-Jan-1909,14763.1666383703,456551.939270551,3949332.86240642
usa_NC_0037_0113,01-Jul-1909,14737.4780418211,456536.420161668,3949279.42899729
usa_NC_0037_0112,01-Jul-1909,14736.4092800087,456545.116815794,3949230.45346885
usa_NC_0037_0111,01-Jan-1852,14452.795763286,456275.838477924,3949130.65567225
usa_NC_0037_0110,01-Jan-1852,14550.509192482,456381.697269659,3949099.56047806
usa_NC_0037_0109,01-Jan-1852,14594.9698979431,456435.182191436,3949058.7986315
usa_NC_0037_0108,01-Jan-1852,14631.0864458923,456480.472115448,3949016.46480749
usa_NC_0037_0107,01-Jan-1852,14640.9049490752,456499.895695945,3948969.36880121
usa_NC_0037_0106,01-Jan-1852,14646.7917239858,456515.454411075,3948921.54920381
usa_NC_0037_0105,01-Jan-1852,14643.7612421727,456522.230675862,3948872.17275921
usa_NC_0037_0104,01-Jan-1852,14637.1586225788,456525.486614282,3948822.18362272
usa_NC_0037_0103,01-Jan-1852,14627.9578577845,456526.180409839,3948771.7572705
usa_NC_0037_0102,01-Jan-1852,14625.408854879,456533.426410895,3948722.4872254
usa_NC_0037_0101,01-Jan-1852,14623.1566513866,456540.963953441,3948673.27285666
usa_NC_0037_0100,01-Jan-1852,14616.1912154658,456543.960494714,3948622.73027685
usa_NC_0037_0099,01-Jan-1852,14619.457220366,456557.053359925,3948573.87611644
usa_NC_0037_0098,01-Jan-1852,14619.3493395527,456566.822537744,3948524.43695066
usa_NC_0037_0097,01-Jan-1852,14623.0675408963,456580.358473903,3948475.67319554
usa_NC_0037_0096,01-Jan-1852,14630.0132175322,456597.068296969,3948427.49692587
usa_NC_0037_0095,01-Jan-1852,14628.8845970123,456605.83182528,3948377.88125657
usa_NC_0037_0094,01-Jan-1852,14639.0813440968,456625.733065254,3948330.32515903
usa_NC_0037_0093,01-Jan-1852,14639.4217198911,456636.008506377,3948280.64005418
usa_NC_0037_0092,01-Jan-1852,14638.9246877393,456645.351991476,3948231.34525458
usa_NC_0037_0091,01-Jan-1852,14635.6439319506,456652.018746937,3948181.2396103
usa_NC_0037_0090,01-Jan-1852,14628.287002596,456654.687223446,3948130.34087745
usa_NC_0037_0089,01-Jan-1852,14635.7902716671,456671.944849544,3948082.26876282
usa_NC_0037_0088,01-Jan-1852,14624.2753963313,456670.542037601,3948030.52499837
usa_NC_0037_0087,01-Jan-1852,14628.9600124273,456685.032991293,3947981.9138911
usa_NC_0037_0086,01-Jan-1852,14627.9889826533,456693.882563974,3947932.6718578
usa_NC_0037_0085,01-Jan-1852,14627.8736466203,456703.541434811,3947883.7466631
usa_NC_0037_0084,01-Jan-1852,14627.9259071969,456713.364847718,3947834.85333557
usa_NC_0037_0083,01-Jan-1852,14630.2935235386,456725.459292118,3947786.41089217
usa_NC_0037_0082,01-Jan-1852,14633.0963114615,456737.981217947,3947738.04998673
usa_NC_0037_0081,01-Jan-1852,14631.5503310311,456746.237938248,3947688.84065779
usa_NC_0037_0080,01-Jan-1852,14628.3356374816,456752.857492756,3947639.3083607
usa_NC_0037_0079,01-Jan-1852,14624.7552552872,456759.117860699,3947589.70734549
usa_NC_0037_0078,01-Jan-1852,14618.3756772277,456762.6311162,3947539.5687479
usa_NC_0037_0077,01-Jan-1852,14612.5841891657,456766.720495286,3947489.54821719
usa_NC_0037_0076,01-Jan-1852,14612.2796262222,456776.193950536,3947440.5852281
usa_NC_0037_0075,01-Jan-1852,14609.4113493783,456783.208020366,3947390.84650017
usa_NC_0037_0074,01-Jan-1852,14617.1210526494,456800.644257744,3947342.93404533
usa_NC_0037_0073,01-Jan-1852,14614.7538126694,456808.192911584,3947293.07700485
usa_NC_0037_0072,01-Jan-1852,14617.1280967967,456820.390853384,3947244.15064956
usa_NC_0037_0071,01-Jan-1852,14617.3561907147,456830.483283557,3947194.80839085
usa_NC_0037_0070,01-Jan-1852,14617.8896687187,456840.874139867,3947145.5311654
usa_NC_0037_0069,01-Jan-1852,14620.3155975408,456853.117641898,3947096.64036848
usa_NC_0037_0068,01-Jan-1852,14618.5756104669,456861.282728131,3947046.89953494
usa_NC_0037_0067,01-Jan-1852,14620.9036034887,456873.431289277,3946997.98406111
usa_NC_0037_0066,01-Jan-1852,14620.5200605592,456882.924874066,3946948.51727706
usa_NC_0037_0065,01-Jan-1852,14621.6464731229,456893.895699926,3946899.36359514
usa_NC_0037_0064,01-Jan-1852,14625.7474081995,456907.774702668,3946850.83621489
usa_NC_0037_0063,01-Jan-1852,14620.3744423286,456912.360952265,3946800.46500625
usa_NC_0037_0062,01-Jan-1852,14619.040927493,456920.809273225,3946751.38111346
usa_NC_0037_0061,01-Jan-1852,14618.5496286315,456930.102709973,3946702.36603326
usa_NC_0037_0060,01-Jan-1852,14623.427263478,456944.663776452,3946654.3890896
usa_NC_0037_0059,01-Jan-1852,14632.7643767819,456963.587037029,3946607.34019019
usa_NC_0037_0058,01-Jan-1852,14636.158865749,456976.698047159,3946559.05091964
usa_NC_0037_0057,01-Jan-1852,14643.389200651,456993.561389538,3946511.55908086
usa_NC_0037_0056,01-Jan-1852,14650.1957101665,457010.010551998,3946463.97704154
usa_NC_0037_0055,01-Jan-1852,14650.7027400906,457020.297753386,3946415.08357134
usa_NC_0037_0054,01-Jan-1852,14653.309651394,457032.639223273,3946366.62611608
usa_NC_0037_0053,01-Jan-1852,14659.4163557378,457048.404646125,3946318.89444369
usa_NC_0037_0052,01-Jan-1852,14661.9233596766,457060.64878265,3946270.41422285
usa_NC_0037_0051,01-Jan-1852,14669.1300866277,457077.490996908,3946222.90763844
usa_NC_0037_0050,01-Jan-1852,14669.2371293467,457087.368788069,3946174.02175197
usa_NC_0037_0049,01-Jan-1852,14673.1437963728,457100.949215726,3946125.99714326
usa_NC_0037_0048,01-Jan-1852,14660.8515164245,457098.680185733,3946074.62092219
usa_NC_0037_0047,01-Jan-1852,14659.1585797379,457106.781146883,3946025.44110717
usa_NC_0037_0046,01-Jan-1852,14659.1655648425,457116.545087983,3945976.61434409
usa_NC_0037_0045,01-Jan-1852,14669.0720043034,457135.995425042,3945929.83320392
usa_NC_0037_0044,01-Jan-1852,14675.4164000615,457151.960471194,3945882.31555453
usa_NC_0037_0043,01-Jan-1852,14698.6141737539,457184.406972402,3945838.32652927
usa_NC_0037_0042,01-Jan-1852,14719.2133472825,457214.311353491,3945793.79776517
usa_NC_0037_0041,01-Jan-1852,14744.7128233756,457249.015108861,3945750.25889363
usa_NC_0037_0040,01-Jan-1852,14763.6130922394,457277.262807664,3945705.35075242
usa_NC_0037_0039,01-Jan-1852,14773.8141269155,457296.996701268,3945658.65399956
usa_NC_0037_0038,01-Jan-1852,14774.514145913,457307.436827388,3945609.98011961
usa_NC_0037_0037,01-Jan-1852,14761.3560746452,457304.338443039,3945558.33589759
usa_NC_0037_0036,01-Jan-1852,14760.98075433,457313.807600977,3945509.03331718
usa_NC_0037_0035,01-Jan-1852,14740.1044037064,457303.215389602,3945455.50224656
usa_NC_0037_0034,01-Jan-1852,14707.7273911482,457281.384713317,3945399.52123006
usa_NC_0037_0033,01-Jan-1852,14677.6492108872,457261.820783015,3945343.92821963
usa_NC_0037_0032,01-Jan-1909,14621.2732337234,457216.564931894,3945282.7014155
usa_NC_0037_0031,01-Jan-1909,14624.0894795076,457229.191781512,3945233.88411182
usa_NC_0037_0030,01-Jan-1909,14626.9034787136,457241.813877042,3945185.07913439
usa_NC_0037_0029,01-Jan-1909,14627.4540550685,457252.222702471,3945135.7992429
usa_NC_0037_0028,01-Jan-1909,14628.1671498042,457262.789019066,3945086.56058817
usa_NC_0037_0027,01-Jan-1909,14631.0792688612,457275.50053629,3945037.80884702
usa_NC_0037_0026,01-Jan-1909,14632.5912592474,457286.843178947,3944988.76217741
usa_NC_0037_0025,01-Jan-1909,14640.3908116047,457304.261175001,3944941.39953657
usa_NC_0037_0024,01-Jan-1852,14574.5151803892,457249.741283877,3944878.05378673
usa_NC_0037_0023,01-Jan-1852,14701.6883476256,457383.608281643,3944857.13719008
usa_NC_0037_0022,01-Jan-1852,14691.7041360751,457383.632754693,3944806.06220743
usa_NC_0037_0021,01-Jan-1852,14682.4632261003,457384.381173773,3944755.15762545
usa_NC_0037_0020,01-Jan-1852,14672.9348655446,457384.847530896,3944704.19763796
usa_NC_0037_0019,01-Jan-1852,14666.7054552208,457388.53332727,3944653.96193362
usa_NC_0037_0018,01-Jan-1852,14660.2759693347,457392.022897516,3944603.68717087
usa_NC_0037_0017,01-Jan-1852,14654.3462506784,457395.999557414,3944553.52529575
usa_NC_0037_0016,01-Jan-1852,14651.8156970355,457403.29488527,3944504.10255319
usa_NC_0037_0015,01-Jan-1852,14645.2859212669,457406.684159187,3944453.81790055
usa_NC_0037_0014,01-Jan-1852,14641.917336179,457413.160175786,3944404.21856482
usa_NC_0037_0013,01-Jan-1852,14639.0725808393,457420.175448727,3944354.59385356
usa_NC_0037_0012,01-Jan-1852,14631.8367630748,457422.99299241,3944303.56720266
usa_NC_0037_0011,01-Jan-1852,14624.5262038078,457425.744680132,3944252.48869065
usa_NC_0037_0010,01-Jan-1852,14611.8659745427,457423.286243671,3944200.18257151
usa_NC_0037_0009,01-Jan-1852,14588.5971841844,457410.603416986,3944144.90436348
usa_NC_0037_0008,01-Jan-1852,14571.9472439521,457404.435330832,3944090.80199239
usa_NC_0037_0007,01-Jan-1852,14526.6134721242,457370.389385431,3944029.8284096
usa_NC_0037_0006,01-Jan-1909,14667.0992060873,457517.089575212,3944012.6278573
usa_NC_0037_0005,01-Jan-1909,14665.0134629703,457525.063897083,3943962.07718021
usa_NC_0037_0004,01-Jan-1909,14661.3237354257,457531.491149162,3943911.08299138
usa_NC_0037_0003,01-Jan-1909,14659.4344126804,457539.675888718,3943860.48169928
usa_NC_0037_0002,01-Mar-1852,14684.8583256429,457574.333326505,3943816.78899629
usa_NC_0037_0001,01-Jan-1852,14715.1254008201,457613.642602476,3943774.53290681
usa_NC_0036_0112,01-Jan-1852,14760.7817474958,457667.79167822,3943736.54911139
usa_NC_0036_0111,01-Jan-1852,14781.1934633894,457697.474578171,3943692.17206756
usa_NC_0036_0110,01-Jan-1852,14785.9968607384,457712.059074124,3943643.69901722
usa_NC_0036_0109,01-Jan-1852,14788.7290765127,457724.643590789,3943594.6647324
usa_NC_0036_0108,01-Jan-1852,14777.7183612874,457723.983735904,3943541.77581769
usa_NC_0036_0107,01-Jan-1852,14781.3581084077,457737.456865647,3943492.92599325
usa_NC_0036_0106,01-Jan-1852,14782.4378582061,457748.466147851,3943443.34172693
usa_NC_0036_0105,01-Jan-1852,14785.3856147362,457761.274383829,3943394.287838
usa_NC_0036_0104,01-Jan-1852,14782.8162221006,457768.784678556,3943343.59111351
usa_NC_0036_0103,01-Jan-1852,14783.6179062482,457779.540414824,3943293.85663104
usa_NC_0036_0102,01-Jan-1852,14782.4602174612,457788.422252601,3943243.50055263
usa_NC_0036_0101,01-Jan-1852,14778.6298324313,457794.751754199,3943192.27772522
usa_NC_0036_0100,01-Jan-1852,14797.3475626251,457822.675554027,3943148.0589444
usa_NC_0036_0099,01-Jan-1852,14797.4735529601,457832.786568261,3943098.10261804
usa_NC_0036_0098,01-Jan-1852,14790.2581277063,457835.82462641,3943046.07649961
usa_NC_0036_0097,01-Jan-1852,14793.895886323,457849.242194335,3942997.49457933
usa_NC_0036_0096,01-Jan-1852,14790.7337242227,457856.164003134,3942946.71777299
usa_NC_0036_0095,01-Jan-1852,14787.5380708363,457862.853696832,3942896.931641
usa_NC_0036_0094,01-Jan-1852,14792.7088589939,457877.528866436,3942849.87973441
usa_NC_0036_0093,01-Jan-1852,14797.4057167879,457891.745633107,3942802.70323462
usa_NC_0036_0092,01-Jan-1852,14814.0689492037,457917.414323708,3942759.28512745
usa_NC_0036_0091,01-Jan-1852,14825.3702464271,457937.954860813,3942714.16660811
usa_NC_0036_0090,01-Jan-1852,14839.917675809,457961.610488657,3942670.02502397
usa_NC_0036_0089,01-Jan-1852,14853.0227786409,457983.889064039,3942625.41408782
usa_NC_0036_0088,01-Jan-1852,14872.7660183477,458012.418284094,3942583.39904921
usa_NC_0036_0087,01-Jan-1852,14891.9940282842,458040.472790733,3942541.13027754
usa_NC_0036_0086,01-Jan-1852,14901.7464794812,458059.426551606,3942496.04834059
usa_NC_0036_0085,01-Jan-1852,14903.2157628615,458070.391940452,3942448.67164302
usa_NC_0036_0084,01-Jan-1852,14897.2004262879,458074.107169313,3942399.38113188
usa_NC_0036_0083,01-Jan-1852,14905.4633110566,458091.59166394,3942354.05023549
usa_NC_0036_0082,01-Jan-1852,14911.4072256421,458106.824029556,3942308.1554144
usa_NC_0036_0081,01-Jan-1852,14917.6915040959,458122.356103881,3942262.49772069
usa_NC_0036_0080,01-Jan-1852,14928.6914759274,458142.462979887,3942218.01164717
usa_NC_0036_0079,01-Jan-1852,14935.2569549408,458158.2604421,3942172.46090646
usa_NC_0036_0078,01-Jan-1852,14944.6864159278,458176.840895666,3942127.59882014
usa_NC_0036_0077,01-Jan-1852,14950.8117360208,458192.197369291,3942082.00868443
usa_NC_0036_0076,01-Jan-1852,14963.4429462341,458213.903589032,3942037.84360964
usa_NC_0036_0075,01-Jan-1852,14979.3961220482,458238.871751365,3941994.30756992
usa_NC_0036_0074,01-Jan-1852,14981.8563016737,458250.631733292,3941948.01128072
usa_NC_0036_0073,01-Jan-1852,14996.7485743445,458274.578212307,3941904.17401026
usa_NC_0036_0072,01-Jan-1852,15002.9593298181,458290.004623349,3941858.66988467
usa_NC_0036_0071,01-Jan-1852,15009.6198788851,458305.79370652,3941813.64624762
usa_NC_0036_0070,01-Jan-1852,15021.341996413,458326.765675016,3941768.51626015
usa_NC_0036_0069,01-Jan-1852,15024.8210982834,458339.749264848,3941721.29645413
usa_NC_0036_0068,01-Jan-1852,15026.1937761102,458350.700827809,3941673.49593852
usa_NC_0036_0067,01-Jan-1852,15020.2639694684,458354.429395823,3941624.57515889
usa_NC_0036_0066,01-Jan-1852,15012.1574890393,458355.994253583,3941575.37415643
usa_NC_0036_0065,01-Jan-1852,14996.844993157,458350.393140832,3941525.25982949
usa_NC_0036_0064,01-Jan-1852,14984.2244320081,458347.42865879,3941475.68859018
usa_NC_0036_0063,01-Jan-1852,14971.6887429222,458344.29819509,3941427.38111343
usa_NC_0036_0062,01-Jan-1852,14955.2284956932,458337.245956239,3941378.67143476
usa_NC_0036_0061,01-Jan-1852,14928.5598999468,458319.985635291,3941328.95046341
usa_NC_0036_0060,01-Jan-1852,14915.5417010817,458316.342486743,3941280.74625705
usa_NC_0036_0059,01-Jan-1852,14893.0377804766,458303.194740276,3941231.69804756
usa_NC_0036_0058,01-Jan-1852,14868.5043652558,458287.982088777,3941182.62625769
usa_NC_0036_0057,01-Jan-1852,14850.468113542,458279.258750771,3941134.23654683
usa_NC_0036_0056,01-Jan-1852,14836.9126352361,458274.988165499,3941086.43036565
usa_NC_0036_0055,01-Jan-1852,14821.6731170685,458269.025568325,3941038.49746964
usa_NC_0036_0054,01-Jan-1852,14805.7842881475,458262.40643279,3940990.53650394
usa_NC_0036_0053,01-Jan-1852,14795.4238290685,458261.386049843,3940942.77026403
usa_NC_0036_0052,01-Jan-1852,14777.7988340702,458253.036765861,3940894.60741688
usa_NC_0036_0051,01-Jan-1852,14765.615343479,458250.197433744,3940846.6403864
usa_NC_0036_0050,01-Jan-1852,14746.3049601192,458240.12946784,3940798.47740936
usa_NC_0036_0049,01-Jan-1852,14724.5891825376,458227.603487191,3940750.33978825
usa_NC_0036_0048,01-Jan-1852,14708.852915716,458221.146709144,3940702.34489645
usa_NC_0036_0047,01-Jan-1852,14698.7474324024,458220.428820197,3940654.36608347
usa_NC_0036_0046,01-Jan-1852,14704.0663078669,458235.475397792,3940606.21124768
usa_NC_0036_0045,01-Jan-1852,14698.0962300031,458239.254947296,3940556.82982115
usa_NC_0036_0044,01-Jan-1852,14693.6575826366,458244.60464157,3940507.40616549
usa_NC_0036_0043,01-Jan-1852,14684.863896506,458245.504269607,3940458.02719856
usa_NC_0036_0042,01-Jan-1852,14685.3920404995,458255.932569733,3940408.53536915
usa_NC_0036_0041,01-Jan-1852,14673.3350359288,458253.492768487,3940359.21443406
usa_NC_0036_0040,01-Jan-1852,14672.1100974057,458262.131378656,3940309.73236136
usa_NC_0036_0039,01-Jan-1852,14658.1080966853,458257.705944463,3940260.42236047
usa_NC_0036_0038,01-Jan-1852,14665.8486056773,458275.73049477,3940209.72297896
usa_NC_0036_0037,01-Jan-1852,14657.9103546639,458277.712731125,3940159.29178462
usa_NC_0036_0036,01-Jan-1852,14660.3497308668,458290.303383559,3940108.73234348
usa_NC_0036_0035,01-Jan-1852,14660.5193396061,458300.564405168,3940058.24792232
usa_NC_0036_0034,01-Jan-1852,14658.484708669,458308.565504021,3940007.82408443
usa_NC_0036_0033,01-Jan-1852,14650.0809939395,458310.056298172,3939957.47684565
usa_NC_0036_0032,01-Jan-1852,14641.3717624302,458311.236957328,3939907.12249196
usa_NC_0036_0031,01-Jan-1852,14641.7732645285,458321.73140478,3939856.65334397
usa_NC_0036_0030,01-Jan-1852,14631.6588368039,458321.491856018,3939806.23509185
usa_NC_0036_0029,01-Jan-1852,14620.5205676164,458320.20910613,3939755.81242932
usa_NC_0036_0028,01-Jan-1852,14607.6725562732,458317.185274636,3939705.37744837
usa_NC_0036_0027,01-Jan-1852,14596.9560905899,458316.334614433,3939654.94504093
usa_NC_0036_0026,01-Jan-1852,14575.5837165409,458304.643609778,3939604.38138202
usa_NC_0036_0025,01-Jan-1852,14566.0187308934,458304.952195729,3939554.02403129
usa_NC_0036_0024,01-Jan-1852,14550.2295382983,458298.898703696,3939503.74084902
usa_NC_0036_0023,01-Jan-1852,14542.8851336822,458301.433949091,3939453.57277206
usa_NC_0036_0022,01-Jan-1852,14534.4986887783,458302.909479954,3939403.39004973
usa_NC_0036_0021,01-Jan-1852,14525.5204866616,458303.783576799,3939353.19720846
usa_NC_0036_0020,01-Jan-1852,14520.1910770719,458308.36503572,3939303.07225529
usa_NC_0036_0019,01-Jan-1852,14508.4618941999,458306.335642826,3939253.37045865
usa_NC_0036_0018,01-Jan-1852,14499.7932511876,458307.380396701,3939203.90336138
usa_NC_0036_0017,01-Jan-1852,14490.4607591648,458307.749388866,3939154.43020205
usa_NC_0036_0016,01-Jan-1852,14476.6172882856,458303.524803487,3939104.9241053
usa_NC_0036_0015,01-Jan-1852,14462.2128200438,458298.722579606,3939055.44578495
usa_NC_0036_0014,01-Jan-1852,14451.0083239959,458297.189111072,3939005.93983614
usa_NC_0036_0013,01-Jan-1852,14439.8882903454,458295.796857394,3938956.15823307
usa_NC_0036_0012,01-Jan-1852,14428.3539972641,458293.981128247,3938906.38176588
usa_NC_0036_0011,01-Jan-1852,14418.0720872329,458293.441256911,3938856.6117263
usa_NC_0036_0010,01-Jan-1852,14408.1880963537,458293.306492939,3938806.84508221
usa_NC_0036_0009,01-Jan-1852,14395.9915664201,458290.811898055,3938757.08631401
usa_NC_0036_0008,01-Jan-1852,14385.1707768404,458289.719543008,3938707.33104088
usa_NC_0036_0007,01-Jan-1852,14373.9631796376,458288.231417277,3938657.58235358
usa_NC_0036_0006,01-Jan-1852,14361.9894254853,458285.960027763,3938607.8434758
usa_NC_0036_0005,01-Jan-1852,14347.4960478946,458281.114550364,3938558.1278804
usa_NC_0036_0004,01-Jan-1852,14340.080051452,458283.497169545,3938508.35824688
usa_NC_0036_0003,01-Jan-1852,14330.3566136861,458283.515437087,3938458.64512796
usa_NC_0036_0002,01-Jan-1852,14318.5619309742,458281.403568693,3938409.02180366
usa_NC_0036_0001,01-Jan-1852,14307.320793323,458279.855491986,3938359.40196619
usa_NC_0035_0090,01-Jan-1852,14296.2426954928,458278.472473336,3938309.78815901
usa_NC_0035_0089,01-Jan-1852,14285.8410453139,458277.781221377,3938260.16461375
usa_NC_0035_0088,01-Jan-1852,14276.4497447572,458278.124539162,3938210.51982052
usa_NC_0035_0087,01-Jan-1852,14265.8202470632,458277.202582121,3938160.88803357
usa_NC_0035_0086,01-Jan-1852,14259.5791205807,458280.773050624,3938111.16968183
usa_NC_0035_0085,01-Jan-1852,14247.367458364,458278.234443652,3938061.55394186
usa_NC_0035_0084,01-Jan-1852,14233.3357428781,458273.831967628,3938011.9774061
usa_NC_0035_0083,01-Jan-1852,14220.4077767683,458270.559093502,3937962.38069372
usa_NC_0035_0082,01-Jan-1852,14208.4605193168,458268.290714004,3937912.76197353
usa_NC_0035_0081,01-Jan-1852,14196.8428258604,458266.360292484,3937863.13385201
usa_NC_0035_0080,01-Jan-1852,14186.0186125203,458265.24374952,3937813.48215175
usa_NC_0035_0079,01-Jan-1852,14173.987516362,458262.890320719,3937763.86119528
usa_NC_0035_0078,01-Jan-1852,14163.5604588392,458262.169517152,3937714.2558758
usa_NC_0035_0077,01-Jan-1852,14150.557996827,458258.794738958,3937664.78895389
usa_NC_0035_0076,01-Jan-1852,14137.1789706821,458255.032682488,3937615.33839433
usa_NC_0035_0075,01-Jan-1852,14121.9639463763,458249.383853413,3937565.96028522
usa_NC_0035_0074,01-Jan-1852,14117.7636946784,458255.155818601,3937515.64003469
usa_NC_0035_0073,01-Jan-1852,14104.6784543595,458251.590731321,3937466.70304736
usa_NC_0035_0072,01-Jan-1852,14093.4398454775,458250.029076274,3937417.16406607
usa_NC_0035_0071,01-Jan-1852,14081.1633087724,458247.40042311,3937367.66787638
usa_NC_0035_0070,01-Jan-1852,14069.3627319426,458245.261564709,3937318.14954066
usa_NC_0035_0069,01-Jan-1852,14055.9725135482,458241.486355339,3937268.70768561
usa_NC_0035_0068,01-Jan-1852,14044.2203569723,458239.397205648,3937219.18769242
usa_NC_0035_0067,01-Jan-1852,14032.2780699553,458237.089836678,3937169.78945578
usa_NC_0035_0066,01-Jan-1852,14025.4013610468,458239.991387575,3937120.17504461
usa_NC_0035_0065,01-Jan-1852,14012.0816244991,458236.278546954,3937070.78076364
usa_NC_0035_0064,01-Jan-1852,14001.3940178544,458235.321570299,3937021.02768003
usa_NC_0035_0063,01-Jan-1852,13993.2965727123,458237.038532121,3936971.11160186
usa_NC_0035_0062,01-Jan-1852,13977.5597380995,458230.870895543,3936921.66684047
usa_NC_0035_0061,01-Jan-1852,13965.8864772132,458228.897384266,3936871.97077847
usa_NC_0035_0060,01-Jan-1852,13949.1601657783,458221.704776574,3936822.60575025
usa_NC_0035_0059,01-Jan-1852,13937.3338160654,458219.572019528,3936772.9253541
usa_NC_0035_0058,01-Jan-1852,13925.3733212021,458217.300676228,3936723.25391128
usa_NC_0035_0057,01-Jan-1852,13909.7903818746,458211.284874083,3936673.83468875
usa_NC_0035_0056,01-Jan-1852,13899.4231516206,458210.659855211,3936624.05534385
usa_NC_0035_0055,01-Jan-1852,13886.4504022132,458207.341010963,3936574.46014017
usa_NC_0035_0054,01-Jan-1852,13874.0232298442,458204.58704121,3936524.82234127
usa_NC_0035_0053,01-Jan-1852,13863.2622728212,458203.5607729,3936475.0416894
usa_NC_0035_0052,01-Jan-1852,13849.4660659057,458199.39607664,3936425.4770877
usa_NC_0035_0051,01-Jan-1852,13834.5393893925,458194.060839861,3936376.00117325
usa_NC_0035_0050,01-Jan-1852,13822.6033539027,458191.821464153,3936326.29457638
usa_NC_0035_0049,01-Jan-1852,13812.4833840931,458191.463682812,3936276.4397213
usa_NC_0035_0048,01-Jan-1852,13802.1867080767,458190.924419752,3936226.59128231
usa_NC_0035_0047,01-Jan-1852,13788.7580140623,458187.14120529,3936176.99313479
usa_NC_0035_0046,01-Jan-1852,13769.8839266808,458177.713944847,3936127.8503811
usa_NC_0035_0045,01-Jan-1852,13755.5658271702,458172.979219327,3936078.47504
usa_NC_0035_0044,01-Jan-1852,13744.55098558,458171.656511692,3936028.88223006
usa_NC_0035_0043,01-Jan-1852,13728.4779155632,458165.083540576,3935979.75000123
usa_NC_0035_0042,01-Jan-1852,13722.1550644379,458168.629501176,3935929.73723014
usa_NC_0035_0041,01-Jan-1852,13705.6622135808,458161.619183436,3935880.65137619
usa_NC_0035_0040,01-Jan-1852,13689.957085505,458155.426200716,3935831.49526461
usa_NC_0035_0039,01-Jan-1852,13674.2874230233,458149.269595523,3935782.33809815
usa_NC_0035_0038,01-Jan-1852,13656.093429339,458140.48707335,3935733.43956106
usa_NC_0035_0037,01-Mar-1852,13676.9276575621,458172.311504846,3935680.50170375
usa_NC_0035_0036,01-Mar-1852,13656.6339900203,458161.355751441,3935631.76354475
usa_NC_0035_0035,01-Mar-1852,13638.170711165,458152.301518864,3935582.8505028
usa_NC_0035_0034,01-Mar-1852,13619.6631037463,458143.198055592,3935533.95760732
usa_NC_0035_0033,01-Mar-1852,13606.2339217902,458139.385157948,3935484.50551542
usa_NC_0035_0032,01-Jan-1917,13599.4374373465,458142.490799342,3935434.27916931
usa_NC_0035_0031,01-Jan-1917,13587.4947987956,458140.235215028,3935384.61998891
usa_NC_0035_0030,01-Jan-1917,13572.2057019057,458134.489693321,3935335.34775063
usa_NC_0035_0029,01-Jan-1917,13556.9638752891,458128.793390051,3935286.07043968
usa_NC_0035_0028,01-Jan-1917,13542.06660056,458123.467689799,3935236.69684725
usa_NC_0035_0027,01-Jan-1917,13527.6359934502,458118.639985084,3935187.21264782
usa_NC_0035_0026,01-Jan-1917,13510.7706168426,458111.267527205,3935138.03796468
usa_NC_0035_0025,01-Jan-1917,13491.4799410695,458101.357678335,3935089.18428481
usa_NC_0035_0024,01-Jan-1917,13475.1877163983,458094.581409072,3935039.9510221
usa_NC_0035_0023,01-Jan-1917,13461.4402938461,458090.458940116,3934990.42406084
usa_NC_0035_0022,01-Jan-1917,13447.1665353854,458085.768945147,3934941.05115739
usa_NC_0035_0021,01-Jan-1917,13431.4414482379,458079.559511544,3934891.87551488
usa_NC_0035_0020,01-Jan-1917,13414.1668446536,458071.726191253,3934842.91874804
usa_NC_0035_0019,01-Jan-1917,13396.8606907559,458063.859488543,3934793.96802831
usa_NC_0035_0018,01-Jan-1917,13379.5649204986,458056.003388241,3934745.01724109
usa_NC_0035_0017,01-Jan-1917,13362.4919210506,458048.400568673,3934695.93581055
usa_NC_0035_0016,01-Jan-1917,13345.3640811941,458040.752670558,3934646.8001024
usa_NC_0035_0015,01-Jan-1917,13328.2725980268,458033.142900909,3934597.65912455
usa_NC_0035_0014,01-Jan-1917,13311.6450553608,458026.020371985,3934548.44744347
usa_NC_0035_0013,01-Jan-1917,13294.3638126956,458018.21135046,3934499.33519523
usa_NC_0035_0012,01-Jan-1917,13277.0337714336,458010.350902114,3934450.23127174
usa_NC_0035_0011,01-Jan-1917,13264.9275243806,458007.981678157,3934400.30584195
usa_NC_0035_0010,01-Jan-1917,13252.9448524102,458005.745568577,3934350.34489981
usa_NC_0035_0009,01-Jan-1917,13232.8274873345,457994.956090452,3934301.67436303
usa_NC_0035_0008,01-Jan-1917,13217.4691435444,457989.172042623,3934252.24153558
usa_NC_0035_0007,01-Jan-1917,13203.2106660642,457984.546711221,3934202.62301503
usa_NC_0035_0006,01-Jan-1917,13193.1177040615,457984.29210185,3934152.38967802
usa_NC_0035_0005,01-Jan-1917,13183.0573530091,457984.067055637,3934102.17481966
usa_NC_0035_0004,01-Jan-1917,13168.6139402237,457979.228716751,3934052.67848628
usa_NC_0035_0003,01-Jan-1917,13153.8354891705,457974.038284482,3934003.23435618
usa_NC_0035_0002,01-Jan-1917,13139.9829449734,457969.826957332,3933953.61560636
usa_NC_0035_0001,01-Jan-1917,13127.7611872284,457967.340161566,3933903.68906315
usa_NC_0034_0250,01-Mar-1852,13045.4357632573,457890.829093137,3933866.447018
usa_NC_0034_0249,01-Mar-1852,13035.7001707455,457890.942639474,3933816.19505896
usa_NC_0034_0248,01-Mar-1852,13024.2585258859,457889.260896537,3933766.22088715
usa_NC_0034_0247,01-Mar-1852,13009.118571436,457883.676018944,3933716.90584555
usa_NC_0034_0246,01-Jan-1852,12964.9850813688,457847.417452694,3933673.13045233
usa_NC_0034_0245,01-Mar-1852,12971.8119966746,457865.104462319,3933619.45790024
usa_NC_0034_0244,01-Mar-1852,12946.7101308371,457849.013749476,3933571.87927869
usa_NC_0034_0243,01-Mar-1852,12929.0582860354,457840.809156303,3933522.85532183
usa_NC_0034_0242,01-Mar-1852,12908.4063067418,457829.426709677,3933474.42391982
usa_NC_0034_0241,01-Mar-1852,12888.5429093823,457818.878622234,3933425.84144941
usa_NC_0034_0240,01-Mar-1852,12872.5046815121,457812.384774705,3933376.49106681
usa_NC_0034_0239,01-Mar-1852,12852.6367203711,457801.831427086,3933327.9116299
usa_NC_0034_0238,01-Mar-1852,12832.1437376973,457790.614230094,3933279.46466574
usa_NC_0034_0237,01-Mar-1852,12813.2646098504,457781.117021707,3933230.64623465
usa_NC_0034_0236,01-Mar-1852,12793.2122579539,457770.376868868,3933182.060638
usa_NC_0034_0235,01-Jan-1917,12804.9348667779,457793.368486634,3933126.82607804
usa_NC_0034_0234,01-Mar-1852,12752.8754078125,457748.647665682,3933084.95030644
usa_NC_0034_0233,01-Jan-1917,12765.8191233047,457772.952197761,3933029.37711648
usa_NC_0034_0232,01-Jan-1917,12751.0134880029,457767.792232245,3932979.64178975
usa_NC_0034_0231,01-Jan-1917,12726.6895662986,457752.517577552,3932931.94939706
usa_NC_0034_0230,01-Jan-1917,12711.7441896131,457747.208821038,3932882.24553272
usa_NC_0034_0229,01-Jan-1917,12686.8148758669,457731.287493818,3932834.69982874
usa_NC_0034_0228,01-Jan-1917,12662.256579854,457715.758263824,3932787.08534162
usa_NC_0034_0227,01-Jan-1917,12637.7236314653,457700.253705977,3932739.47674259
usa_NC_0034_0226,01-Jan-1917,12613.5260470238,457685.103726003,3932691.80516902
usa_NC_0034_0225,01-Jan-1917,12589.2648300379,457669.883918206,3932644.15830347
usa_NC_0034_0224,01-Jan-1917,12564.7246168033,457654.364934233,3932596.58482342
usa_NC_0034_0223,01-Jan-1946,12567.2498742698,457667.674833162,3932542.8642826
usa_NC_0034_0222,01-Jan-1946,12542.3213783608,457651.77152267,3932495.23258986
usa_NC_0034_0221,01-Jan-1946,12515.380744776,457633.723894214,3932448.06330654
usa_NC_0034_0220,01-Jan-1946,12488.2006024392,457615.434659703,3932400.8808232
usa_NC_0034_0219,01-Jan-1946,12462.112830035,457598.310337468,3932353.44338409
usa_NC_0034_0218,01-Jan-1980,12458.9881094246,457605.646936775,3932300.78188651
usa_NC_0034_0217,01-Jan-1980,12443.0500230148,457599.334856385,3932251.03292596
usa_NC_0034_0216,01-Jan-1980,12433.5616730701,457599.894020346,3932199.81268485
usa_NC_0034_0215,01-Jan-1980,12414.4595023143,457590.211898471,3932150.78137322
usa_NC_0034_0214,01-Jan-1946,12349.8101338522,457532.005178839,3932112.14388803
usa_NC_0034_0213,01-Jan-1980,12360.8025995872,457554.384711898,3932056.24628336
usa_NC_0034_0212,01-Jan-1980,12337.179496918,457539.886445179,3932008.24505074
usa_NC_0034_0211,01-Jan-1980,12317.8105504913,457529.920837521,3931959.27096939
usa_NC_0034_0210,01-Jan-1980,12299.6371864869,457521.229157394,3931910.02310437
usa_NC_0034_0209,01-Jan-1980,12283.5458266394,457514.756025273,3931860.29790526
usa_NC_0034_0208,01-Jan-1980,12262.2670105887,457502.755583906,3931811.76023861
usa_NC_0034_0207,01-Jan-1980,12232.691731291,457481.914406066,3931765.12551089
usa_NC_0034_0206,01-Jan-1980,12207.8626190854,457466.149827112,3931717.30673938
usa_NC_0034_0205,01-Jan-1980,12185.2001522708,457452.707766599,3931668.92227717
usa_NC_0034_0204,01-Jan-1980,12165.0776154006,457441.972079056,3931619.95615894
usa_NC_0034_0203,01-Jan-1980,12145.1180065461,457431.412492635,3931570.9402368
usa_NC_0034_0202,01-Jan-1980,12130.5325167962,457426.597511016,3931520.60195237
usa_NC_0034_0201,01-Jan-1980,12115.0330125736,457420.806443893,3931470.48386686
usa_NC_0034_0200,01-Jan-1980,12092.2676701842,457407.280587224,3931421.99374616
usa_NC_0034_0199,01-Jan-1980,12070.0026057506,457394.288546645,3931373.38528292
usa_NC_0034_0198,01-Jan-1980,12050.9809404174,457384.747491793,3931324.05886318
usa_NC_0034_0197,01-Jan-1980,12025.8838861545,457368.745772201,3931276.0594411
usa_NC_0034_0196,01-Jan-1980,11999.617620493,457351.504047894,3931228.2986197
usa_NC_0034_0195,01-Jan-1980,11972.1583808842,457332.998703196,3931180.77331305
usa_NC_0034_0194,01-Jan-1980,11942.0072641729,457311.638172651,3931133.79894447
usa_NC_0034_0193,18-Feb-1994,12002.6456936601,457386.718255064,3931067.52675799
usa_NC_0034_0192,18-Feb-1994,11984.5443020833,457378.139857028,3931018.07928455
usa_NC_0034_0191,18-Feb-1994,11967.1775800636,457370.340823237,3930968.48082646
usa_NC_0034_0190,18-Feb-1994,11948.7530942298,457361.418183345,3930919.10721828
usa_NC_0034_0189,18-Feb-1994,11929.7259902725,457351.855773716,3930869.85991085
usa_NC_0034_0188,18-Feb-1994,11909.6591482774,457341.180152685,3930820.87742547
usa_NC_0034_0187,18-Feb-1994,11890.7885576841,457331.75606429,3930771.73664286
usa_NC_0034_0186,18-Feb-1994,11872.0210937443,457322.439819223,3930722.58245904
usa_NC_0034_0185,18-Feb-1994,11852.7845103787,457312.625966044,3930673.52443108
usa_NC_0034_0184,18-Feb-1994,11833.2744989198,457302.522131284,3930624.52219145
usa_NC_0034_0183,01-Jan-1980,11730.2781553501,457203.875022826,3930592.56708626
usa_NC_0034_0182,01-Jan-1980,11714.643292794,457197.885064918,3930542.75354926
usa_NC_0034_0181,01-Jan-1980,11700.3396452892,457193.306494104,3930492.67050469
usa_NC_0034_0180,01-Jan-1980,11681.3909091229,457183.801689722,3930443.53485408
usa_NC_0034_0179,01-Jan-1980,11658.4366374203,457170.049498837,3930395.21322983
usa_NC_0034_0178,01-Jan-1980,11636.4506035771,457157.323996095,3930346.69489079
usa_NC_0034_0177,01-Jan-1980,11623.0673778807,457153.717141454,3930296.44621167
usa_NC_0034_0176,01-Jan-1980,11610.219305659,457150.677252803,3930246.09127605
usa_NC_0034_0175,01-Jan-1980,11598.4973300267,457148.830757502,3930195.51097226
usa_NC_0034_0174,01-Jan-1980,11580.096977227,457139.903726246,3930146.28249843
usa_NC_0034_0173,01-Jan-1980,11566.3956687094,457135.958139734,3930096.10568546
usa_NC_0034_0172,01-Jan-1980,11555.7317772419,457135.231926149,3930045.31880307
usa_NC_0034_0171,01-Jan-1917,11504.1544593828,457091.137448019,3930002.76909265
usa_NC_0034_0170,01-Jan-1917,11485.9538562011,457082.405638774,3929953.58303881
usa_NC_0034_0169,01-Jan-1946,11466.1873773958,457072.011757611,3929904.72346782
usa_NC_0034_0168,01-Jan-1946,11456.3847018505,457072.180339207,3929853.85374637
usa_NC_0034_0167,01-Jan-1946,11446.2219853936,457071.967888973,3929803.0534508
usa_NC_0034_0166,01-Jan-1946,11436.5992328432,457072.328535439,3929752.14076749
usa_NC_0034_0165,01-Jan-1946,11422.6158535643,457068.066599963,3929702.10758887
usa_NC_0034_0164,01-Jan-1946,11405.0750450591,457060.033132099,3929652.79390948
usa_NC_0034_0163,01-Jan-1946,11385.4333101711,457049.781327778,3929603.85993955
usa_NC_0034_0162,01-Jan-1946,11372.2456135988,457046.40985391,3929553.43117249
usa_NC_0034_0161,01-Jan-1946,11354.9419373414,457038.673478984,3929503.84088799
usa_NC_0034_0160,01-Jan-1946,11340.5570816833,457034.029338934,3929453.67154614
usa_NC_0034_0159,01-Jan-1946,11318.0148769377,457020.740454709,3929405.13426696
usa_NC_0034_0158,01-Jan-1946,11299.0129215836,457011.202980185,3929355.89051602
usa_NC_0034_0157,01-Jan-1946,11281.9089493761,457003.67552109,3929306.27388998
usa_NC_0034_0156,01-Jan-1946,11268.211432674,456999.754376426,3929255.99411167
usa_NC_0034_0155,01-Jan-1946,11248.7005269403,456989.676103645,3929206.85938658
usa_NC_0034_0154,01-Jan-1946,11229.8184339538,456980.263467206,3929157.60259383
usa_NC_0034_0153,01-Jan-1946,11205.0942505517,456964.66505555,3929109.4877431
usa_NC_0034_0152,01-Jan-1946,11187.6079909462,456956.706201031,3929060.0790505
usa_NC_0034_0151,01-Jan-1946,11170.2457341863,456948.878356473,3929010.64755985
usa_NC_0034_0150,01-Jan-1946,11155.5112874747,456943.831076496,3928960.7116099
usa_NC_0034_0149,01-Jan-1946,11140.0487768965,456938.012864733,3928910.9181563
usa_NC_0034_0148,01-Jan-1946,11123.4936231019,456931.038077959,3928861.33654101
usa_NC_0034_0147,01-Jan-1946,11101.8565850689,456918.686070568,3928812.7301249
usa_NC_0034_0146,01-Jan-1917,11033.0430122367,456856.451400388,3928772.99879056
usa_NC_0034_0145,01-Jan-1917,11035.7832266409,456869.972984384,3928719.31589009
usa_NC_0034_0144,01-Jan-1917,11030.0438105597,456874.510797706,3928667.31696625
usa_NC_0034_0143,01-Jan-1917,11019.6154114751,456874.08170117,3928616.24498936
usa_NC_0034_0142,01-Jan-1917,11009.0413380909,456873.489888251,3928565.24388519
usa_NC_0034_0141,01-Jan-1917,10997.734164433,456872.11561149,3928514.41728574
usa_NC_0034_0140,01-Jan-1917,10985.173107388,456869.410555013,3928463.85145174
usa_NC_0034_0139,01-Jan-1917,10970.3740812954,456864.338882969,3928413.70800032
usa_NC_0034_0138,01-Jan-1917,10950.3416667888,456853.759759679,3928364.41829827
usa_NC_0034_0137,01-Jan-1917,10931.6941348525,456844.662145674,3928314.78205291
usa_NC_0034_0136,01-Jan-1917,10915.9803883017,456838.654456526,3928264.65468031
usa_NC_0034_0135,01-Jan-1917,10894.1294928802,456826.188964755,3928215.52480224
usa_NC_0034_0134,01-Jan-1917,10873.5427709893,456815.058519651,3928166.16531908
usa_NC_0034_0133,01-Jan-1852,10792.6750919879,456740.599889466,3928126.09142803
usa_NC_0034_0132,01-Jan-1852,10780.1445604309,456737.976162752,3928075.27437048
usa_NC_0034_0131,01-Jan-1852,10760.7525704571,456728.085977688,3928025.80524796
usa_NC_0034_0130,01-Jan-1852,10745.4527762606,456722.486544467,3927975.74733664
usa_NC_0034_0129,01-Jan-1852,10733.3572187836,456720.24679934,3927925.2284986
usa_NC_0034_0128,01-Jan-1852,10719.931710481,456716.608998301,3927874.91890564
usa_NC_0034_0127,01-Jan-1852,10698.2575897681,456704.322132934,3927825.79725013
usa_NC_0034_0126,01-Jan-1852,10677.4413971814,456692.937350728,3927776.53950515
usa_NC_0034_0125,01-Jan-1852,10657.8508453489,456682.838967081,3927727.09896376
usa_NC_0034_0124,01-Jan-1852,10637.7115753901,456672.167594166,3927677.72559699
usa_NC_0034_0123,01-Jan-1852,10621.2983018711,456665.398861381,3927627.83686933
usa_NC_0034_0122,01-Jan-1852,10597.8601411844,456651.277843444,3927578.89155878
usa_NC_0034_0121,01-Jan-1852,10573.0133988347,456635.680330447,3927530.14675472
usa_NC_0034_0120,01-Jan-1852,10553.5235956082,456625.584946174,3927481.20535454
usa_NC_0034_0119,01-Jan-1852,10535.148059194,456616.617024749,3927432.30815606
usa_NC_0034_0118,01-Jan-1852,10517.4278321468,456608.332560038,3927383.33493055
usa_NC_0034_0117,01-Jan-1852,10500.6451581087,456601.027416089,3927334.24544006
usa_NC_0034_0116,01-Jan-1852,10481.8671001276,456591.631239506,3927285.43719876
usa_NC_0034_0115,01-Jan-1852,10464.5298382525,456583.741347604,3927236.44377281
usa_NC_0034_0114,01-Jan-1852,10445.0198516224,456573.573634264,3927187.76133218
usa_NC_0034_0113,01-Jan-1852,10428.7104473875,456566.745032736,3927138.70228708
usa_NC_0034_0112,01-Jan-1852,10411.6874928665,456559.11509367,3927090.01196734
usa_NC_0034_0111,01-Jan-1852,10398.261962862,456555.253147881,3927040.82396772
usa_NC_0034_0110,01-Jan-1852,10394.8544505783,456561.89883703,3926990.17686966
usa_NC_0034_0109,01-Jan-1852,10379.8288289571,456556.360056049,3926941.21461907
usa_NC_0034_0108,01-Jan-1852,10364.7123493482,456550.723519781,3926892.27789613
usa_NC_0034_0107,01-Jan-1852,10348.5116600219,456543.926651272,3926843.61485284
usa_NC_0034_0106,01-Jan-1852,10328.0760221322,456532.75284564,3926795.24339022
usa_NC_0034_0105,01-Jan-1852,10319.4744675798,456533.997534591,3926745.11811622
usa_NC_0034_0104,01-Jan-1852,10302.6001562622,456526.708133918,3926695.4821872
usa_NC_0034_0103,01-Jan-1852,10287.231989409,456521.051540548,3926645.36139988
usa_NC_0034_0102,01-Jan-1852,10269.8240207505,456513.252060815,3926595.55467913
usa_NC_0034_0101,01-Jan-1852,10253.3205857792,456506.403310019,3926545.60626982
usa_NC_0034_0100,01-Jan-1852,10239.4570128208,456502.32607526,3926495.26018839
usa_NC_0034_0099,01-Jan-1852,10223.4101486847,456495.956347067,3926445.24459271
usa_NC_0034_0098,01-Jan-1852,10208.5407363348,456490.821971337,3926395.05573119
usa_NC_0034_0097,01-Jan-1852,10193.6721104723,456485.687756327,3926344.87007905
usa_NC_0034_0096,01-Jan-1852,10173.6816128155,456475.144645342,3926295.61407258
usa_NC_0034_0095,01-Jan-1852,10164.997211822,456476.332071621,3926245.35257146
usa_NC_0034_0094,01-Jan-1852,10155.5810574409,456476.736650068,3926195.27437026
usa_NC_0034_0093,01-Jan-1852,10133.2580290483,456463.605152695,3926147.06799298
usa_NC_0034_0092,01-Jan-1852,10115.898074521,456455.680087616,3926098.13477915
usa_NC_0034_0091,01-Jan-1852,10103.067568095,456452.508163764,3926048.53024069
usa_NC_0034_0090,01-Jan-1852,10090.1348982401,456449.23097788,3925998.93110131
usa_NC_0034_0089,01-Jan-1852,10077.1897364317,456445.942598028,3925949.32423042
usa_NC_0034_0088,01-Jan-1852,10064.241396353,456442.652797715,3925899.70824836
usa_NC_0034_0087,01-Jan-1852,10042.9230955001,456430.579578093,3925851.33328818
usa_NC_0034_0086,01-Jan-1852,10020.5063103172,456417.353284298,3925803.12283781
usa_NC_0034_0085,01-Jan-1852,9994.2242571259,456400.068843774,3925755.49521569
usa_NC_0034_0084,01-Jan-1852,9977.66534558321,456392.992267515,3925706.40381608
usa_NC_0034_0083,01-Jan-1852,9964.18794945136,456389.152615197,3925656.83956276
usa_NC_0034_0082,01-Jan-1852,9946.42368208123,456380.812758952,3925607.91878584
usa_NC_0034_0081,01-Jan-1852,9937.36568009488,456381.673893566,3925557.38356906
usa_NC_0034_0080,01-Jan-1852,9926.28210226415,456380.408202467,3925507.15464484
usa_NC_0034_0079,01-Jan-1852,9908.57326870259,456372.215224409,3925457.78173039
usa_NC_0034_0078,01-Jan-1852,9894.36030130729,456367.701760225,3925407.83563648
usa_NC_0034_0077,01-Jan-1852,9882.33476983931,456365.483613488,3925357.56607634
usa_NC_0034_0076,01-Jan-1852,9871.0510802887,456364.043019502,3925307.19119971
usa_NC_0034_0075,01-Jan-1852,9858.19230715293,456360.949440503,3925257.05034059
usa_NC_0034_0074,01-Jan-1852,9843.69245556862,456356.134583373,3925207.14847113
usa_NC_0034_0073,01-Jan-1852,9831.34856549953,456353.580460396,3925156.93557954
usa_NC_0034_0072,01-Jan-1852,9820.17430198925,456352.251883338,3925106.55856317
usa_NC_0034_0071,01-Jan-1852,9808.76869197626,456350.679838006,3925056.21932048
usa_NC_0034_0070,01-Jan-1852,9800.51829702341,456352.480864078,3925005.10200333
usa_NC_0034_0069,01-Jan-1852,9788.00472410069,456349.838786549,3924954.46332526
usa_NC_0034_0068,01-Jan-1852,9773.55490063978,456345.169260217,3924904.08947512
usa_NC_0034_0067,01-Jan-1852,9765.87117851503,456347.584299137,3924852.79131441
usa_NC_0034_0066,01-Jan-1852,9759.21540549132,456351.094481333,3924801.25858871
usa_NC_0034_0065,01-Jan-1852,9750.67763208902,456352.626780899,3924750.01949858
usa_NC_0034_0064,01-Jan-1852,9743.6685394843,456355.741640369,3924698.66201677
usa_NC_0034_0063,01-Jan-1852,9729.64032977809,456351.534030947,3924648.12818679
usa_NC_0034_0062,01-Jan-1852,9710.70994791507,456342.226924229,3924598.09685085
usa_NC_0034_0061,01-Jan-1852,9691.80845618956,456332.959612409,3924548.01380166
usa_NC_0034_0060,01-Jan-1852,9673.30373424786,456324.113947042,3924497.84551459
usa_NC_0034_0059,01-Jan-1852,9656.79190859945,456317.34448243,3924447.45750737
usa_NC_0034_0058,01-Jan-1852,9646.1533720593,456316.666982961,3924396.55623535
usa_NC_0034_0057,01-Jan-1852,9633.05563449343,456313.436732215,3924345.87982356
usa_NC_0034_0056,01-Jan-1852,9626.77793922385,456317.259877002,3924294.71036346
usa_NC_0034_0055,01-Jan-1852,9611.27936988254,456311.538492891,3924244.24832912
usa_NC_0034_0054,01-Jan-1852,9601.75610294517,456311.908141586,3924193.79830105
usa_NC_0034_0053,01-Jan-1852,9593.74662275021,456313.812700429,3924143.39232952
usa_NC_0034_0052,01-Jan-1852,9584.82222397392,456314.769612274,3924093.05962608
usa_NC_0034_0051,01-Jan-1852,9578.22645740343,456318.127924761,3924042.5931446
usa_NC_0034_0050,01-Jan-1852,9563.53953541972,456313.13207669,3923992.64234351
usa_NC_0034_0049,01-Jan-1852,9550.2243503547,456309.552063453,3923942.60657229
usa_NC_0034_0048,01-Jan-1852,9535.3299150671,456304.342762004,3923892.6649673
usa_NC_0034_0047,01-Jan-1852,9522.3811885417,456301.140630654,3923842.60828483
usa_NC_0034_0046,01-Jan-1852,9503.80466731915,456292.135640596,3923792.87090419
usa_NC_0034_0045,01-Jan-1852,9487.47960622752,456285.453866827,3923742.99717634
usa_NC_0034_0044,01-Jan-1852,9473.4424290082,456281.131125674,3923692.99374459
usa_NC_0034_0043,01-Jan-1852,9461.51799721493,456278.985228961,3923642.87856113
usa_NC_0034_0042,01-Jan-1852,9447.90230926148,456275.096429558,3923592.85451238
usa_NC_0034_0041,01-Jan-1852,9439.03559491498,456276.098961725,3923542.58788923
usa_NC_0034_0040,01-Jan-1852,9429.21671547079,456276.12024839,3923492.37259317
usa_NC_0034_0039,01-Jan-1852,9419.55282494854,456276.300562552,3923442.15242034
usa_NC_0034_0038,01-Jan-1852,9410.17176255611,456276.771331977,3923391.92205999
usa_NC_0034_0037,01-Jan-1852,9403.10797799111,456279.625282542,3923341.59115391
usa_NC_0034_0036,01-Jan-1852,9392.557096231,456278.886516533,3923291.44381193
usa_NC_0034_0035,01-Jan-1852,9383.04882422144,456279.202192987,3923241.34040486
usa_NC_0034_0034,01-Jan-1852,9373.58200455634,456279.560273377,3923191.23633675
usa_NC_0034_0033,01-Jan-1852,9354.16647551667,456269.688200969,3923141.55644462
usa_NC_0034_0032,01-Jan-1852,9339.81110478941,456265.020391617,3923091.65602349
usa_NC_0034_0031,01-Jan-1852,9330.34720249337,456265.382086503,3923041.54875533
usa_NC_0034_0030,01-Jan-1852,9319.59041454237,456264.414459609,3922991.49591596
usa_NC_0034_0029,01-Jan-1852,9298.40616503884,456252.728279795,3922941.8681693
usa_NC_0034_0028,01-Jan-1852,9279.57588273109,456243.463399134,3922892.13635729
usa_NC_0034_0027,01-Jan-1852,9272.93726926837,456246.729799576,3922841.91117713
usa_NC_0034_0026,01-Jan-1852,9256.03615238324,456239.449185226,3922792.094481
usa_NC_0034_0025,01-Jan-1852,9240.34128455005,456233.409142977,3922742.22535932
usa_NC_0034_0024,01-Jan-1852,9219.67169723934,456222.258550377,3922692.54381397
usa_NC_0034_0023,01-Jan-1852,9209.9774821879,456222.385678918,3922642.43504644
usa_NC_0034_0022,01-Jan-1852,9196.15713363369,456218.273828671,3922592.48278132
usa_NC_0034_0021,01-Jan-1852,9176.66227228309,456208.333567503,3922542.73927398
usa_NC_0034_0020,01-Jan-1852,9160.05495571151,456201.360708018,3922492.88181108
usa_NC_0034_0019,01-Jan-1852,9150.53632267349,456201.66923053,3922442.76132949
usa_NC_0034_0018,01-Jan-1852,9131.33465872487,456192.033517926,3922392.99002408
usa_NC_0034_0017,01-Jan-1852,9119.53836826483,456189.990645876,3922343.01321145
usa_NC_0034_0016,01-Jan-1852,9105.40587500225,456185.510062645,3922293.31325328
usa_NC_0034_0015,01-Jan-1852,9087.08155533936,456176.722268025,3922243.77600783
usa_NC_0034_0014,01-Jan-1852,9068.82199306714,456167.930352624,3922194.58986124
usa_NC_0034_0013,01-Jan-1852,9059.02576414125,456167.83927814,3922145.05245494
usa_NC_0034_0012,01-Jan-1852,9050.93637153319,456169.694139331,3922094.48737135
usa_NC_0034_0011,01-Jan-1852,9033.55002400445,456161.863591212,3922044.94646771
usa_NC_0034_0010,01-Jan-1852,9016.22794902972,456154.097351447,3921995.41174369
usa_NC_0034_0009,01-Jan-1852,9000.9279506438,456148.408762239,3921945.79896021
usa_NC_0034_0008,01-Jan-1852,8989.69680272307,456146.903753891,3921896.01457326
usa_NC_0034_0007,01-Jan-1852,8978.19088392864,456145.113346927,3921846.25618715
usa_NC_0034_0006,01-Jan-1852,8965.84348778813,456142.456040568,3921796.5417712
usa_NC_0034_0005,01-Jan-1852,8949.21408987564,456135.392815683,3921747.02384264
usa_NC_0034_0004,01-Jan-1852,8932.57435056224,456128.317458933,3921697.51385112
usa_NC_0034_0003,01-Jan-1852,8919.85746934483,456125.278553101,3921647.82350525
usa_NC_0034_0002,01-Jan-1852,8899.3621297332,456114.231502121,3921598.51303868
usa_NC_0034_0001,01-Jan-1852,8894.43348565458,456119.210722052,3921548.44277075
usa_NC_0033_0260,01-Jan-1852,8885.56242796812,456120.132536253,3921498.55792506
usa_NC_0033_0259,01-Jan-1852,8865.44195112359,456109.467895824,3921449.24677348
usa_NC_0033_0258,01-Jan-1852,8857.34186221067,456111.184733174,3921399.31782623
usa_NC_0033_0257,01-Jan-1852,8847.34154788783,456110.945163816,3921349.48203305
usa_NC_0033_0256,01-Jan-1852,8837.46526876769,456110.834419525,3921299.63454099
usa_NC_0033_0255,01-Jan-1852,8828.03491176157,456111.184379999,3921249.75718817
usa_NC_0033_0254,01-Jan-1852,8807.52347938848,456100.110710907,3921200.49780225
usa_NC_0033_0253,01-Jan-1852,8804.34345165974,456106.906401787,3921150.2609633
usa_NC_0033_0252,01-Jan-1852,8793.59732864455,456105.901990272,3921100.44663437
usa_NC_0033_0251,01-Jan-1852,8774.02674563176,456095.795108632,3921051.15052715
usa_NC_0033_0250,01-Jan-1852,8767.87774019791,456099.533645228,3921001.06122198
usa_NC_0033_0249,01-Jan-1852,8750.35768626853,456091.576507807,3920951.47147352
usa_NC_0033_0248,01-Jan-1852,8742.31744418056,456093.423517331,3920901.19651287
usa_NC_0033_0247,01-Jan-1852,8729.72872814522,456090.57738949,3920851.19550034
usa_NC_0033_0246,01-Jan-1852,8716.94948307975,456087.542001321,3920801.16928883
usa_NC_0033_0245,01-Jan-1852,8700.46969854522,456080.720010753,3920751.20765681
usa_NC_0033_0244,01-Jan-1852,8690.19252551933,456080.295101378,3920700.88647901
usa_NC_0033_0243,01-Jan-1852,8682.88675153711,456082.931988071,3920650.40689505
usa_NC_0033_0242,01-Jan-1852,8668.8291198849,456078.607584916,3920600.30739529
usa_NC_0033_0241,01-Jan-1852,8656.51043658508,456076.075259346,3920550.11405924
usa_NC_0033_0240,01-Jan-1852,8644.9767330838,456074.351218651,3920499.88175759
usa_NC_0033_0239,01-Jan-1852,8635.98158321191,456075.240836603,3920449.52475327
usa_NC_0033_0238,01-Jan-1852,8625.35351128123,456074.447243437,3920399.25786163
usa_NC_0033_0237,01-Jan-1852,8616.4994986583,456075.478701107,3920348.91130526
usa_NC_0033_0236,01-Jan-1852,8600.53329804453,456069.188713877,3920298.90830683
usa_NC_0033_0235,01-Jan-1852,8589.96684444966,456068.45597155,3920248.65135222
usa_NC_0033_0234,01-Jan-1852,8578.78693660045,456067.062794716,3920198.56881247
usa_NC_0033_0233,01-Jan-1852,8567.5943926394,456065.643560477,3920148.55218773
usa_NC_0033_0232,01-Jan-1852,8554.51566223452,456062.283825449,3920098.62076308
usa_NC_0033_0231,01-Jan-1852,8543.42314796291,456060.967280032,3920048.60072745
usa_NC_0033_0230,01-Jan-1852,8532.72005073339,456060.051154651,3919998.56415557
usa_NC_0033_0229,01-Jan-1852,8524.88257076055,456062.082414808,3919948.40189349
usa_NC_0033_0228,01-Jan-1852,8514.63374890052,456061.633055551,3919898.34775678
usa_NC_0033_0227,01-Jan-1852,8502.52486052769,456059.270367913,3919848.37613734
usa_NC_0033_0226,01-Jan-1852,8490.97063510194,456057.478068451,3919798.38069835
usa_NC_0033_0225,01-Jan-1852,8479.48706944974,456055.758326054,3919748.38275531
usa_NC_0033_0224,01-Jan-1852,8461.22545561355,456047.064565136,3919698.69493724
usa_NC_0033_0223,01-Jan-1852,8450.94888575389,456046.58071373,3919648.67180553
usa_NC_0033_0222,01-Jan-1852,8433.32328955992,456038.539790185,3919598.96273943
usa_NC_0033_0221,01-Jan-1852,8426.49601330033,456041.603113798,3919548.79102719
usa_NC_0033_0220,01-Jan-1852,8415.04720198085,456039.914176664,3919498.81628517
usa_NC_0033_0219,01-Jan-1852,8404.54100494628,456039.19455506,3919448.80117737
usa_NC_0033_0218,01-Jan-1852,8394.11064301267,456038.552952055,3919398.78264524
usa_NC_0033_0217,01-Jan-1852,8382.07410029949,456036.262993974,3919348.81626212
usa_NC_0033_0216,01-Jan-1852,8370.46905759105,456034.41834911,3919298.82344283
usa_NC_0033_0215,01-Jan-1852,8351.26651424823,456024.763893242,3919249.14144789
usa_NC_0033_0214,01-Jan-1852,8334.16660679838,456017.271911484,3919199.3680237
usa_NC_0033_0213,01-Jan-1852,8325.35270984714,456018.239370264,3919149.54646434
usa_NC_0033_0212,01-Jan-1852,8319.35450076609,456022.093773909,3919099.64687744
usa_NC_0033_0211,01-Jan-1852,8308.65314346683,456021.112405854,3919049.94568369
usa_NC_0033_0210,01-Jan-1852,8300.46176939618,456022.712946319,3919000.1328732
usa_NC_0033_0209,01-Jan-1852,8289.08762267663,456021.045446547,3918950.4318871
usa_NC_0033_0208,01-Jan-1852,8276.31941473175,456017.946157816,3918900.78178371
usa_NC_0033_0207,01-Jan-1852,8264.37501318087,456015.694714919,3918851.09288098
usa_NC_0033_0206,01-Jan-1852,8244.09470736819,456004.859199642,3918801.82119448
usa_NC_0033_0205,01-Jan-1852,8229.69743174495,456000.057989412,3918752.3745076
usa_NC_0033_0204,01-Jan-1852,8219.00562941717,455999.040093381,3918702.90487545
usa_NC_0033_0203,01-Jan-1852,8205.5847087469,455995.209571154,3918653.58314344
usa_NC_0033_0202,01-Jan-1852,8190.99082864173,455990.167747505,3918604.33724272
usa_NC_0033_0201,01-Jan-1852,8175.09339792467,455983.778145439,3918555.18370815
usa_NC_0033_0200,01-Jan-1852,8159.657512021,455977.861374916,3918506.01935334
usa_NC_0033_0199,01-Jan-1852,8143.65363569885,455971.31569569,3918457.10366246
usa_NC_0033_0198,01-Jan-1852,8126.68970469279,455963.746807673,3918408.40903566
usa_NC_0033_0197,01-Jan-1852,8106.9675211493,455953.316537716,3918359.95762017
usa_NC_0033_0196,01-Jan-1852,8086.56923662997,455942.174542565,3918311.61759178
usa_NC_0033_0195,01-Jan-1852,8068.95256774308,455933.902043778,3918263.11297353
usa_NC_0033_0194,01-Jan-1852,8055.06988718865,455929.492845852,3918214.33064789
usa_NC_0033_0193,01-Jan-1852,8043.2792095799,455927.251537335,3918165.37552962
usa_NC_0033_0192,01-Jan-1852,8031.83772288403,455925.340947793,3918116.5473989
usa_NC_0033_0191,01-Jan-1852,8020.79095727391,455923.840246948,3918067.68241539
usa_NC_0033_0190,01-Jan-1852,8007.83473849266,455920.354539383,3918019.00661899
usa_NC_0033_0189,01-Jan-1852,7993.86032423427,455915.806732128,3917970.44980085
usa_NC_0033_0188,01-Jan-1852,7978.85817489524,455910.197740625,3917921.95869624
usa_NC_0033_0187,01-Jan-1852,7962.92634605476,455903.621381536,3917873.56421938
usa_NC_0033_0186,01-Jan-1852,7945.68930265791,455895.681448463,3917825.33266395
usa_NC_0033_0185,01-Jan-1852,7927.44733870933,455886.688171648,3917777.24401481
usa_NC_0033_0184,01-Jan-1852,7906.53070266831,455874.932582167,3917729.32933409
usa_NC_0033_0183,01-Jan-1852,7883.09900194237,455860.555601278,3917681.69792498
usa_NC_0033_0182,01-Jan-1852,7857.75227160153,455844.163276176,3917634.37906483
usa_NC_0033_0181,01-Jan-1852,7831.3147749725,455826.616805126,3917587.2694656
usa_NC_0033_0180,01-Jan-1852,7803.92281372823,455808.050899473,3917540.39057084
usa_NC_0033_0179,01-Jan-1852,7783.44695291312,455796.720437594,3917492.59780462
usa_NC_0033_0178,01-Jan-1917,7974.74150428699,456007.683573212,3917413.09451826
usa_NC_0033_0177,01-Jan-1917,7957.39091427274,455999.776045245,3917364.12133217
usa_NC_0033_0176,01-Jan-1917,7937.74437895044,455989.456567802,3917315.50152574
usa_NC_0033_0175,01-Jan-1917,7918.15670900193,455979.197121204,3917266.88171069
usa_NC_0033_0174,01-Jan-1917,7898.41851678981,455968.777442393,3917218.29559598
usa_NC_0033_0173,01-Jan-1917,7878.72888070739,455958.406880755,3917169.71147748
usa_NC_0033_0172,01-Jan-1917,7857.7707437088,455946.697498241,3917121.35376765
usa_NC_0033_0171,01-Jan-1917,7835.40007077871,455933.494715764,3917073.2609829
usa_NC_0033_0170,01-Jan-1917,7806.25788639606,455913.140243158,3917026.40081721
usa_NC_0033_0169,01-Jan-1917,7786.19556152647,455902.358784334,3916977.97103599
usa_NC_0033_0168,01-Jan-1917,7768.78350546428,455894.367286503,3916929.10438628
usa_NC_0033_0167,01-Jan-1917,7755.83241494645,455891.086390715,3916879.42980631
usa_NC_0033_0166,01-Jan-1917,7742.86005076337,455887.793336191,3916829.70750713
usa_NC_0033_0165,01-Jan-1917,7727.17806728277,455881.640955771,3916780.46632047
usa_NC_0033_0164,01-Jan-1917,7708.5614599643,455872.384287855,3916731.78385818
usa_NC_0033_0163,01-Jan-1917,7687.00757597178,455860.046371242,3916683.53128725
usa_NC_0033_0162,01-Jan-1917,7667.85809127898,455850.262599485,3916634.767212
usa_NC_0033_0161,01-Jan-1917,7648.86792592113,455840.64842106,3916585.96748404
usa_NC_0033_0160,01-Jan-1917,7629.79904094153,455830.951294249,3916537.1811303
usa_NC_0033_0159,01-Jan-1917,7610.50904794957,455821.019836165,3916488.43907544
usa_NC_0033_0158,01-Jan-1917,7590.68750074286,455810.523772659,3916439.80983205
usa_NC_0033_0157,01-Jan-1917,7570.87373128741,455800.035870891,3916391.17943654
usa_NC_0033_0156,01-Jan-1917,7550.99700731171,455789.48089655,3916342.56342092
usa_NC_0033_0155,01-Jan-1917,7531.4826581497,455779.323044533,3916293.80936719
usa_NC_0033_0154,01-Jan-1917,7512.29314555679,455769.529428518,3916244.89028157
usa_NC_0033_0153,01-Jan-1917,7493.12372063427,455759.757372056,3916195.96581747
usa_NC_0033_0152,01-Jan-1917,7475.24098168894,455751.355586911,3916146.75035892
usa_NC_0033_0151,01-Jan-1917,7458.85847771922,455744.552327035,3916097.19144423
usa_NC_0033_0150,01-Jan-1917,7436.8003417107,455731.704512118,3916048.91724144
usa_NC_0033_0149,01-Jan-1917,7414.94670806074,455719.073540645,3916000.60151162
usa_NC_0033_0148,01-Jan-1917,7410.73653851889,455725.225281768,3915948.33010657
usa_NC_0033_0147,01-Jan-1917,7395.15141073501,455719.257369001,3915898.66005933
usa_NC_0033_0146,01-Jan-1917,7380.65673152939,455714.45620667,3915848.71605222
usa_NC_0033_0145,01-Jan-1917,7366.62464144194,455709.500055182,3915801.9084037
usa_NC_0033_0144,01-Jan-1917,7344.30949515589,455695.467855718,3915758.24970111
usa_NC_0033_0143,01-Jan-1917,7321.67123264547,455681.962553799,3915710.30524456
usa_NC_0033_0142,01-Jan-1917,7297.95521192464,455667.875394107,3915659.77248926
usa_NC_0033_0141,01-Jan-1917,7271.28141494237,455650.953683646,3915608.33044099
usa_NC_0033_0140,01-Jan-1917,7240.14924885647,455628.54089291,3915561.61537817
usa_NC_0033_0139,01-Jan-1917,7210.49605016232,455607.553986587,3915515.31228353
usa_NC_0033_0138,01-Jan-1917,7187.16904402165,455593.328039543,3915467.45933338
usa_NC_0033_0137,01-Jan-1917,7165.82405052677,455581.22093089,3915419.11774579
usa_NC_0033_0136,01-Jan-1917,7145.70426691446,455570.424540238,3915370.46945933
usa_NC_0033_0135,01-Jan-1917,7125.98167468264,455560.053566865,3915321.71921592
usa_NC_0033_0134,01-Jan-1917,7106.27116717548,455549.695985371,3915272.96362661
usa_NC_0033_0133,01-Jan-1917,7087.02767510162,455539.839117592,3915224.08560253
usa_NC_0033_0132,01-Jan-1917,7068.26060660626,455530.493146645,3915175.08219619
usa_NC_0033_0131,01-Jan-1917,7049.4129524999,455521.060890855,3915126.09933823
usa_NC_0033_0130,01-Jan-1917,7031.84394577744,455513.000566466,3915076.77615473
usa_NC_0033_0129,01-Jan-1917,7014.61226751493,455505.303881797,3915027.35467332
usa_NC_0033_0128,01-Jan-1946,6772.39535580401,455256.246596816,3915037.62281189
usa_NC_0033_0127,01-Jan-1946,6755.57575821681,455248.92304173,3914988.43702536
usa_NC_0033_0126,01-Jan-1852,6686.62458206885,455185.641360056,3914953.24309567
usa_NC_0033_0125,01-Jan-1852,6672.66851575203,455181.380121061,3914903.34581808
usa_NC_0033_0124,01-Jan-1946,6694.36366422162,455215.415939945,3914843.73489334
usa_NC_0033_0123,01-Jan-1946,6669.70118818612,455199.671038706,3914796.66804295
usa_NC_0033_0122,01-Jan-1917,6858.73996583351,455413.912901172,3914689.24487318
usa_NC_0033_0121,01-Jan-1852,6614.96473721069,455162.358841079,3914704.05523577
usa_NC_0033_0120,01-Jan-1852,6599.87424085141,455156.901560905,3914654.35404889
usa_NC_0033_0119,01-Jan-1852,6585.23674732468,455151.933861927,3914604.51462788
usa_NC_0033_0118,01-Jan-1852,6570.64659242564,455147.040864822,3914554.5429544
usa_NC_0033_0117,01-Jan-1852,6555.38750916488,455141.440439269,3914504.69776954
usa_NC_0033_0116,01-Jan-1852,6539.7880701519,455135.477298897,3914454.93080483
usa_NC_0033_0115,01-Jan-1852,6523.06412715384,455128.306832886,3914405.46705823
usa_NC_0033_0114,01-Jan-1852,6503.80915824905,455118.413315843,3914356.71387094
usa_NC_0033_0113,01-Jan-1852,6484.33431183637,455108.284613872,3914308.01553421
usa_NC_0033_0112,01-Jan-1852,6465.32983608973,455098.66433151,3914259.1733223
usa_NC_0033_0111,01-Jan-1852,6445.97842386454,455088.671934858,3914210.42278552
usa_NC_0033_0110,01-Jan-1852,6423.7866758908,455075.619154476,3914162.49244346
usa_NC_0033_0109,01-Jan-1852,6403.03670061685,455064.121242606,3914114.13876897
usa_NC_0033_0108,01-Jan-1852,6392.34895736449,455063.476970974,3914062.82009541
usa_NC_0033_0107,01-Jan-1852,6374.47285131453,455055.083860935,3914013.5950731
usa_NC_0033_0106,01-Jan-1852,6351.29237227286,455040.96937543,3913965.93210072
usa_NC_0033_0105,01-Jan-1852,6327.74531995977,455026.458938936,3913918.37987861
usa_NC_0033_0104,01-Jan-1852,6315.45208867304,455024.170587948,3913867.09549205
usa_NC_0033_0103,01-Jan-1852,6298.16702223109,455016.512849553,3913817.20665259
usa_NC_0033_0102,01-Jan-1852,6279.71574665271,455007.595437925,3913767.6701639
usa_NC_0033_0101,01-Jan-1852,6261.3932133124,454998.815923909,3913718.10059536
usa_NC_0033_0100,01-Jan-1852,6243.66387698109,454990.675325622,3913668.36092101
usa_NC_0033_0099,01-Jan-1852,6225.50060557039,454982.065469062,3913618.7550859
usa_NC_0033_0098,01-Jan-1852,6209.93098841322,454976.295888193,3913568.17166723
usa_NC_0033_0097,01-Jan-1852,6197.77112697053,454974.205571096,3913516.57687251
usa_NC_0033_0096,01-Jan-1852,6181.73702746497,454967.932481304,3913466.14280401
usa_NC_0033_0095,01-Jan-1852,6167.65346646975,454963.755894956,3913415.17124827
usa_NC_0033_0094,01-Jan-1852,6151.76169698274,454957.625416526,3913364.74985319
usa_NC_0033_0093,01-Jan-1852,6133.8857419487,454949.353508981,3913314.91905898
usa_NC_0033_0092,01-Jan-1852,6114.75227770748,454939.724590348,3913265.46179813
usa_NC_0033_0091,01-Jan-1852,6096.2382194506,454930.759379031,3913215.84411758
usa_NC_0033_0090,01-Jan-1852,6078.29865410455,454922.408919517,3913166.08180375
usa_NC_0033_0089,01-Jan-1852,6057.38658242444,454910.858876177,3913117.16178667
usa_NC_0033_0088,01-Jan-1852,6034.38111432481,454897.05729704,3913068.82604868
usa_NC_0033_0087,01-Jan-1852,6012.53880089273,454884.505554859,3913020.17159644
usa_NC_0033_0086,01-Jan-1852,5992.89667761816,454874.316350641,3912970.92237015
usa_NC_0033_0085,01-Jan-1852,5976.21746797061,454867.306395227,3912920.8836566
usa_NC_0033_0084,01-Jan-1852,5957.5968350705,454858.208027261,3912871.38845842
usa_NC_0033_0083,01-Jan-1852,5936.23283644397,454846.162719439,3912822.64060733
usa_NC_0033_0082,01-Jan-1852,5919.92931469867,454839.544938164,3912772.55655905
usa_NC_0033_0081,01-Jan-1852,5903.88891439702,454833.204702882,3912722.42635677
usa_NC_0033_0080,01-Jan-1852,5885.07965673367,454823.891284639,3912673.0447402
usa_NC_0033_0079,01-Jan-1852,5864.74389919968,454812.940171231,3912624.06856272
usa_NC_0033_0078,01-Jan-1852,5845.39180714052,454803.043538913,3912574.83531603
usa_NC_0033_0077,01-Jan-1852,5826.07209371381,454793.181470976,3912525.5943344
usa_NC_0033_0076,01-Jan-1852,5810.80854786229,454787.662092943,3912475.32078349
usa_NC_0033_0075,01-Jan-1852,5791.55585491938,454777.870085909,3912426.07121712
usa_NC_0033_0074,01-Jan-1852,5771.2033089519,454766.901073179,3912377.09893798
usa_NC_0033_0073,01-Jan-1852,5750.39652190618,454755.446765628,3912328.23712318
usa_NC_0033_0072,01-Jan-1852,5729.74144349979,454744.155567721,3912279.33326275
usa_NC_0033_0071,01-Jan-1852,5712.69880868927,454736.726676991,3912229.53638742
usa_NC_0033_0070,01-Jan-1852,5697.09588622456,454730.834576922,3912179.39613335
usa_NC_0033_0069,01-Jan-1852,5682.70246821175,454726.23282136,3912128.97098735
usa_NC_0033_0068,01-Jan-1852,5667.6859487543,454720.962770437,3912078.71036226
usa_NC_0033_0067,01-Jan-1852,5647.41226001322,454710.077248218,3912029.72269814
usa_NC_0033_0066,01-Jan-1852,5625.17277935008,454697.100796913,3911981.16678222
usa_NC_0033_0065,01-Jan-1852,5602.99027689092,454684.197666124,3911932.53472038
usa_NC_0033_0064,01-Jan-1852,5582.34208139999,454672.932943367,3911883.53349404
usa_NC_0033_0063,01-Jan-1852,5562.90232289695,454662.957090249,3911834.24930894
usa_NC_0033_0062,01-Jan-1852,5542.5031416502,454651.959184633,3911785.18362639
usa_NC_0033_0061,01-Jan-1852,5525.61880868869,454644.704313173,3911735.32375675
usa_NC_0033_0060,01-Jan-1852,5509.32029379411,454638.070266893,3911685.34665614
usa_NC_0033_0059,01-Jan-1852,5489.43385014824,454627.616555667,3911636.17427957
usa_NC_0033_0058,01-Jan-1852,5465.98030791023,454613.370568005,3911587.77586743
usa_NC_0033_0057,01-Jan-1852,5443.13475253735,454599.774513706,3911539.22769031
usa_NC_0033_0056,01-Jan-1852,5426.38290856111,454592.654702379,3911489.36806143
usa_NC_0033_0055,01-Jan-1852,5409.34732141081,454585.230915798,3911439.58160942
usa_NC_0033_0054,01-Jan-1852,5393.93686544714,454579.497339889,3911389.63025712
usa_NC_0033_0053,01-Jan-1852,5369.51196071791,454564.185778653,3911341.60721104
usa_NC_0033_0052,01-Jan-1852,5347.61516057255,454551.558606996,3911293.05217358
usa_NC_0033_0051,01-Jan-1852,5330.17044692061,454543.656427395,3911243.57188032
usa_NC_0033_0050,01-Jan-1852,5310.26923457504,454533.147321491,3911194.6013502
usa_NC_0033_0049,01-Jan-1852,5288.45317987818,454520.606924396,3911146.02412932
usa_NC_0033_0048,01-Jan-1852,5267.39023244282,454508.866018813,3911097.28929273
usa_NC_0033_0047,01-Jan-1852,5251.86289223458,454502.996648563,3911047.42100972
usa_NC_0033_0046,01-Jan-1852,5232.47203250622,454493.029105842,3910998.34478182
usa_NC_0033_0045,01-Jan-1852,5216.87130057488,454487.089794881,3910948.45196767
usa_NC_0033_0044,01-Jan-1852,5193.00301632901,454472.384877869,3910900.23365315
usa_NC_0033_0043,01-Jan-1852,5175.36904421243,454464.289133343,3910850.75618681
usa_NC_0033_0042,01-Jan-1852,5154.32887351522,454452.583352564,3910801.96180929
usa_NC_0033_0041,01-Jan-1852,5137.28999686061,454445.117441331,3910752.36937742
usa_NC_0033_0040,01-Jan-1852,5119.17415807132,454436.510573566,3910702.99064855
usa_NC_0033_0039,01-Jan-1852,5098.43298270745,454425.123566768,3910654.12687229
usa_NC_0033_0038,01-Jan-1852,5080.53881510573,454416.751971108,3910604.70201031
usa_NC_0033_0037,01-Jan-1852,5066.84617126123,454412.827765667,3910554.46241697
usa_NC_0033_0036,01-Jan-1852,5050.35171954945,454405.936451988,3910504.77285257
usa_NC_0033_0035,01-Jan-1852,5029.59533655737,454394.534848755,3910455.9045131
usa_NC_0033_0034,01-Jan-1852,5008.59705645258,454382.878481048,3910407.07663471
usa_NC_0033_0033,01-Jan-1852,4990.29128739034,454374.07117778,3910357.73168726
usa_NC_0033_0032,01-Jan-1852,4973.53069291396,454366.897942625,3910308.09475469
usa_NC_0033_0031,01-Jan-1852,4948.51720467965,454350.998687249,3910260.00902659
usa_NC_0033_0030,01-Jan-1852,4929.53753209813,454341.480399473,3910210.78297385
usa_NC_0033_0029,01-Jan-1852,4915.78770045367,454337.489559766,3910160.58499629
usa_NC_0033_0028,01-Jan-1852,4896.83644444474,454328.000931263,3910111.35553601
usa_NC_0033_0027,01-Jan-1852,4876.63346781892,454317.190336212,3910062.35377407
usa_NC_0033_0026,01-Jan-1852,4857.6095661373,454307.625968523,3910013.1326077
usa_NC_0033_0025,01-Jan-1852,4840.59888960201,454300.207647963,3909963.44592823
usa_NC_0033_0024,01-Jan-1852,4824.16421089412,454293.398130557,3909913.65206478
usa_NC_0033_0023,01-Jan-1852,4805.91343807037,454284.671210767,3909864.18551112
usa_NC_0033_0022,01-Jan-1852,4784.86088543266,454272.989332294,3909815.20832867
usa_NC_0033_0021,01-Jan-1852,4766.58772880454,454264.240039886,3909765.73950451
usa_NC_0033_0020,01-Jan-1852,4754.09452963103,454261.583121392,3909715.2790697
usa_NC_0033_0019,01-Jan-1852,4739.52328472028,454256.733200217,3909665.18833166
usa_NC_0033_0018,01-Jan-1852,4723.32399697185,454250.16656514,3909615.38026692
usa_NC_0033_0017,01-Jan-1852,4706.39581950009,454242.831700952,3909565.69695873
usa_NC_0033_0016,01-Jan-1852,4690.2560891068,454236.320146362,3909515.9171902
usa_NC_0033_0015,01-Jan-1852,4671.71372358928,454227.269938369,3909466.5804041
usa_NC_0033_0014,01-Jan-1852,4653.59528088753,454218.666313417,3909417.17215842
usa_NC_0033_0013,01-Jan-1852,4635.30616110324,454209.883574303,3909367.78924916
usa_NC_0033_0012,01-Jan-1852,4616.42699475586,454200.480856301,3909318.4977564
usa_NC_0033_0011,01-Jan-1852,4597.41083188251,454190.934881394,3909269.2240392
usa_NC_0033_0010,01-Jan-1852,4578.14954922692,454181.132100699,3909219.98455231
usa_NC_0033_0009,01-Jan-1852,4560.63154707821,454173.163538371,3909170.46244922
usa_NC_0033_0008,01-Jan-1852,4541.90910886969,454163.953703742,3909121.00552799
usa_NC_0033_0007,01-Jan-1852,4521.19758531289,454152.656640984,3909071.84296045
usa_NC_0033_0006,01-Jan-1852,4501.57262918344,454142.502868766,3909022.50402843
usa_NC_0033_0005,01-Jan-1852,4481.18499988876,454131.550965964,3908973.26708377
usa_NC_0033_0004,01-Jan-1852,4462.02485914444,454121.888909119,3908923.8395205
usa_NC_0033_0003,01-Jan-1852,4442.60287191615,454111.953949804,3908874.44137982
usa_NC_0033_0002,01-Jan-1852,4423.26053075811,454102.10423666,3908825.02309391
usa_NC_0033_0001,01-Jan-1852,4405.64873019845,454094.068762397,3908775.35716094
usa_NC_0032_0214,01-Jan-1852,4392.14475728513,454090.336709399,3908725.1188109
usa_NC_0032_0213,01-Jan-1852,4379.54848031427,454087.552937864,3908674.76715833
usa_NC_0032_0212,01-Jan-1917,4344.74546756284,454061.536394633,3908627.35315727
usa_NC_0032_0211,01-Jan-1852,4350.03810767109,454077.731387915,3908573.31733309
usa_NC_0032_0210,01-Jan-1852,4333.19391656095,454070.233032712,3908524.88080334
usa_NC_0032_0209,01-Jan-1852,4321.34332043933,454068.211320213,3908474.52096188
usa_NC_0032_0208,01-Jan-1852,4304.56118339645,454061.035763431,3908424.78570923
usa_NC_0032_0207,01-Jan-1852,4288.1440001892,454054.241534287,3908375.00462254
usa_NC_0032_0206,01-Jan-1852,4273.78593027114,454049.597294911,3908324.97247364
usa_NC_0032_0205,01-Jan-1917,4229.85629855758,454014.094043248,3908278.457556
usa_NC_0032_0204,01-Jan-1917,4213.31584053765,454007.181687647,3908228.63850886
usa_NC_0032_0203,01-Jan-1917,4194.41451749028,453997.808022877,3908179.08855039
usa_NC_0032_0202,01-Jan-1852,4200.69558916309,454014.688797658,3908126.66509038
usa_NC_0032_0201,01-Jan-1852,4185.75558995242,454009.439309594,3908076.69206748
usa_NC_0032_0200,01-Jan-1917,4147.75245958489,453980.162272362,3908029.2636099
usa_NC_0032_0199,01-Jan-1852,4163.28221362448,454006.6527097,3907975.94868527
usa_NC_0032_0198,01-Jan-1852,4146.74071553772,453999.731901197,3907926.16663183
usa_NC_0032_0197,01-Jan-1852,4132.1243532073,453994.813555476,3907876.18806769
usa_NC_0032_0196,01-Jan-1852,4120.71445387915,453993.232094288,3907825.87405577
usa_NC_0032_0195,01-Jan-1852,4106.98026394778,453989.231740938,3907775.80351253
usa_NC_0032_0194,01-Jan-1852,4089.73075412667,453981.576481064,3907726.08372602
usa_NC_0032_0193,01-Jan-1852,4073.8509346193,453975.347453936,3907676.21648988
usa_NC_0032_0192,01-Jan-1852,4061.5721482422,453972.861804841,3907625.99317361
usa_NC_0032_0191,01-Jan-1852,4043.28247561288,453964.131589414,3907576.34459485
usa_NC_0032_0190,01-Jan-1852,4033.67804775092,453964.426261697,3907525.85558754
usa_NC_0032_0189,01-Jan-1872,3969.31157285192,453907.86236653,3907480.44048787
usa_NC_0032_0188,01-Jul-1852,4006.12767352883,453956.332686583,3907425.7608068
usa_NC_0032_0187,01-Jan-1852,3997.08812104097,453957.198501052,3907375.29632377
usa_NC_0032_0186,01-Jan-1872,3934.55414303917,453902.576198469,3907329.51656596
usa_NC_0032_0185,01-Jan-1872,3919.04311097827,453896.741760242,3907279.55669555
usa_NC_0032_0184,01-Jan-1852,3957.38710578479,453946.737225075,3907225.04193493
usa_NC_0032_0183,01-Jan-1852,3942.78957986169,453941.836421008,3907175.07171379
usa_NC_0032_0182,01-Jan-1852,3929.63830360749,453938.434722637,3907124.98006555
usa_NC_0032_0181,01-Jan-1872,3860.29399344759,453876.82857907,3907079.39483291
usa_NC_0032_0180,01-Jan-1872,3845.48824301286,453871.729283553,3907029.35530327
usa_NC_0032_0179,01-Jan-1852,3884.13859976521,453921.969554659,3906975.17890005
usa_NC_0032_0178,01-Jan-1852,3872.9918719413,453920.643316659,3906924.93070126
usa_NC_0032_0177,01-Jan-1852,3850.90028027686,453907.99161615,3906875.50433415
usa_NC_0032_0176,01-Jan-1872,3792.57313180234,453857.863972204,3906828.70037312
usa_NC_0032_0175,01-Jan-1852,3813.62920801342,453889.850530402,3906776.08333189
usa_NC_0032_0174,01-Jan-1872,3744.40132089715,453828.482106182,3906729.90260549
usa_NC_0032_0173,01-Jan-1852,3781.55718172181,453877.092592975,3906676.25537847
usa_NC_0032_0172,01-Jan-1872,3706.5293911566,453809.703521241,3906630.60552644
usa_NC_0032_0171,01-Jul-1852,3762.97655923682,453878.191318108,3906575.93430108
usa_NC_0032_0170,01-Jan-1872,3681.73004048235,453804.374586929,3906530.71477143
usa_NC_0032_0169,01-Jan-1872,3672.61508839916,453805.104712669,3906480.54453812
usa_NC_0032_0168,01-Jan-1852,3727.60867655645,453872.087627424,3906425.98623866
usa_NC_0032_0167,01-Jan-1852,3715.89026517295,453870.126233837,3906375.99911829
usa_NC_0032_0166,01-Jan-1852,3695.5340683615,453859.238300985,3906326.60245376
usa_NC_0032_0165,01-Jan-1872,3621.02981513867,453792.393170095,3906280.90229096
usa_NC_0032_0164,01-Jan-1852,3677.77448464351,453861.181467736,3906226.24548893
usa_NC_0032_0163,01-Jan-1852,3665.38955916982,453858.530444244,3906176.30810741
usa_NC_0032_0162,01-Jan-1852,3656.71701444185,453859.715702366,3906126.11796272
usa_NC_0032_0161,01-Jan-1852,3651.37005860883,453864.33740954,3906075.70204837
usa_NC_0032_0160,01-Jan-1852,3642.87972677529,453865.710737463,3906025.50062071
usa_NC_0032_0159,01-Jan-1872,3550.19189339497,453780.079561801,3905981.01642984
usa_NC_0032_0158,01-Jan-1872,3540.63153456927,453780.348153343,3905930.88283818
usa_NC_0032_0157,01-Jan-1852,3596.54829874212,453848.275571866,3905876.30914077
usa_NC_0032_0156,01-Jan-1872,3519.46377551148,453778.771711491,3905830.74634041
usa_NC_0032_0155,01-Jan-1872,3482.89081176062,453751.129570389,3905782.43483287
usa_NC_0032_0154,01-Jan-1852,3556.33120916756,453837.160288889,3905726.69396098
usa_NC_0032_0153,01-Jan-1872,3444.91756341828,453732.189569013,3905683.42848192
usa_NC_0032_0152,01-Jan-1852,3526.40817886604,453826.535279604,3905627.15902725
usa_NC_0032_0151,01-Jan-1872,3414.83613919928,453721.404358297,3905583.88692301
usa_NC_0032_0150,01-Jan-1872,3399.89413307167,453716.113875485,3905534.10881123
usa_NC_0032_0149,01-Jan-1852,3486.58095144028,453815.823531664,3905477.5139941
usa_NC_0032_0148,01-Jan-1852,3475.42955329255,453814.447793892,3905427.48967656
usa_NC_0032_0147,01-Jan-1852,3462.65796226492,453811.398823559,3905377.57049619
usa_NC_0032_0146,01-Jan-1852,3449.88837002154,453808.331279928,3905327.75446395
usa_NC_0032_0145,01-Jan-1852,3436.17031915013,453804.251808116,3905278.16222166
usa_NC_0032_0144,01-Jan-1852,3425.82345116631,453803.657363503,3905228.33378669
usa_NC_0032_0143,01-Jan-1852,3420.07578823384,453807.821070385,3905178.16494505
usa_NC_0032_0142,01-Jan-1852,3409.87531039028,453807.383011485,3905128.30097156
usa_NC_0032_0141,01-Jan-1852,3395.35086950445,453802.472395951,3905078.75282616
usa_NC_0032_0140,01-Jan-1872,3272.41542227898,453685.339218979,3905037.55352183
usa_NC_0032_0139,01-Jan-1872,3254.15446434424,453676.496432463,3904988.61483081
usa_NC_0032_0138,01-Jan-1852,3353.46972429717,453789.453211112,3904930.17329377
usa_NC_0032_0137,01-Jan-1852,3349.00917411675,453794.953244589,3904879.88550773
usa_NC_0032_0136,01-Jan-1872,3207.75321569735,453658.632311566,3904841.21368738
usa_NC_0032_0135,01-Jan-1852,3321.62552478236,453786.825641478,3904780.81186432
usa_NC_0032_0134,01-Jan-1872,3182.97230650174,453653.097834471,3904742.44565782
usa_NC_0032_0133,01-Jan-1872,3165.13528204169,453644.677702961,3904693.55530646
usa_NC_0032_0132,01-Jan-1872,3149.31328182798,453638.346138332,3904644.49627598
usa_NC_0032_0131,01-Jan-1872,3133.40342109211,453632.078513615,3904594.66888694
usa_NC_0032_0130,01-Jan-1872,3115.15115156591,453623.413046054,3904544.88716524
usa_NC_0032_0129,01-Jan-1852,3234.32194947588,453757.367598634,3904482.69385323
usa_NC_0032_0128,01-Jan-1852,3217.47936837254,453750.133968205,3904432.94075814
usa_NC_0032_0127,01-Jan-1852,3200.23035521549,453742.480597564,3904383.21405184
usa_NC_0032_0126,01-Jan-1852,3182.51515652272,453734.345839141,3904333.51730135
usa_NC_0032_0125,01-Jan-1872,3055.69108732174,453613.094251818,3904293.08322446
usa_NC_0032_0124,01-Jan-1872,3043.21644062596,453610.424320563,3904242.78258939
usa_NC_0032_0123,01-Jan-1852,3131.1565773325,453711.807099408,3904184.21091112
usa_NC_0032_0122,01-Jan-1852,3112.04712351404,453702.250387301,3904134.51483442
usa_NC_0032_0121,01-Jan-1852,3096.36832517414,453696.24197609,3904084.56942679
usa_NC_0032_0120,01-Jan-1852,3079.35786293404,453688.838615183,3904034.80897723
usa_NC_0032_0119,01-Jan-1852,3063.74527635582,453682.881830688,3903984.94310926
usa_NC_0032_0118,01-Jan-1852,3048.18326372099,453676.976377144,3903935.07845646
usa_NC_0032_0117,01-Jan-1852,3033.36776756794,453671.841915227,3903885.16517723
usa_NC_0032_0116,01-Jan-1852,2695.84904313387,453333.092795202,3903857.93023936
usa_NC_0032_0115,01-Jan-1852,3004.47644499352,453662.33278853,3903785.31107268
usa_NC_0032_0114,01-Jan-1852,2988.955951582,453656.465111146,3903735.46925925
usa_NC_0032_0113,01-Jan-1872,2858.39134201152,453531.782648853,3903693.11543192
usa_NC_0032_0112,01-Jan-1852,2955.56684581611,453642.302370511,3903635.95000338
usa_NC_0032_0111,01-Jan-1852,2941.70756978245,453638.146870251,3903586.0175203
usa_NC_0032_0110,01-Jan-1852,2925.82273450151,453631.899347856,3903536.21724435
usa_NC_0032_0109,01-Jan-1852,2912.04190231977,453627.821070648,3903486.29863142
usa_NC_0032_0108,01-Jan-1852,2900.16095178961,453625.6936075,3903436.31309782
usa_NC_0032_0107,01-Jan-1852,2887.99700520626,453623.262183803,3903386.40448028
usa_NC_0032_0106,01-Jan-1852,2874.85476637374,453619.842187394,3903336.450523
usa_NC_0032_0105,01-Jan-1852,2859.82496493198,453614.483540589,3903286.56548276
usa_NC_0032_0104,01-Jan-1852,2847.21535627549,453611.620733117,3903236.54131986
usa_NC_0032_0103,01-Jan-1852,2836.86545188631,453611.08667997,3903186.3951677
usa_NC_0032_0102,01-Jan-1852,2823.90835466825,453610.456758903,3903123.42346547
usa_NC_0032_0101,01-Jan-1852,2813.65224777193,453613.716465068,3903054.77060146
usa_NC_0032_0100,01-Jan-1852,2801.66960614229,453615.194220058,3902986.22424792
usa_NC_0032_0099,01-Jan-1872,2618.70267638424,453436.837071494,3902945.05341072
usa_NC_0032_0098,01-Jan-1872,2313.28840512896,453132.331373677,3902910.29051534
usa_NC_0032_0097,01-Jul-1852,2770.31866303808,453613.128171319,3902836.56999763
usa_NC_0032_0096,01-Jan-1852,2766.57176699956,453619.388914222,3902786.11733448
usa_NC_0032_0095,01-Jan-1852,2760.21351894432,453622.958924596,3902735.80356789
usa_NC_0032_0094,01-Jan-1852,2753.09011146366,453625.7401099,3902685.53253224
usa_NC_0032_0093,01-Jan-1852,2737.95845400328,453620.279571695,3902635.63759197
usa_NC_0032_0092,01-Jan-1852,2722.50490150815,453614.490392556,3902585.74456413
usa_NC_0032_0091,01-Jan-1852,2707.60885501168,453609.277334206,3902535.81353758
usa_NC_0032_0090,01-Jan-1872,2477.52922294103,453382.657658805,3902495.73577325
usa_NC_0032_0089,01-Jan-1852,2683.15134312169,453606.912701815,3902422.83281667
usa_NC_0032_0088,01-Jan-1872,2431.34907129409,453361.949650615,3902363.69483082
usa_NC_0032_0087,01-Jan-1852,2656.97127740141,453606.324016095,3902292.17387154
usa_NC_0032_0086,01-Jan-1872,2377.40369551731,453336.382044719,3902216.34479814
usa_NC_0032_0085,01-Jan-1872,2356.9182103354,453332.885515555,3902129.29898883
usa_NC_0032_0084,01-Jan-1872,2308.73509327139,453308.819179801,3902003.84262242
usa_NC_0032_0083,01-Jan-1872,2257.50535736375,453284.321372477,3901864.99766556
usa_NC_0032_0082,01-Jan-1872,2199.63290003754,453255.185381159,3901715.46405896
usa_NC_0032_0081,01-Jan-1872,2165.20354878293,453239.572575364,3901617.89277756
usa_NC_0032_0080,01-Jan-1852,2458.78098371934,453562.871797284,3901498.19882902
usa_NC_0032_0079,01-Jan-1872,2101.7027755085,453214.045117144,3901421.57769089
usa_NC_0032_0078,01-Jan-1872,2072.52943210585,453199.706376697,3901344.4535392
usa_NC_0032_0077,01-Jan-1872,2039.9717313608,453185.940865058,3901247.18931719
usa_NC_0032_0076,01-Jan-1852,2322.91435273866,453491.740391821,3901160.79765013
usa_NC_0032_0075,01-Jan-1852,2300.90487047593,453478.677148171,3901113.84982829
usa_NC_0032_0074,01-Jan-1852,2281.64539234892,453468.492508789,3901066.53051404
usa_NC_0032_0073,01-Jan-1852,2258.84113345009,453454.583321795,3901019.76011859
usa_NC_0032_0072,01-Jan-1852,2237.63777525114,453442.357260685,3900972.73662214
usa_NC_0032_0071,01-Jan-1852,2218.68099489559,453432.507689674,3900925.28526061
usa_NC_0032_0070,01-Jan-1852,2199.2817781939,453422.193231039,3900877.90248137
usa_NC_0032_0069,01-Jan-1852,2173.33237132243,453404.954434476,3900831.74403657
usa_NC_0032_0068,01-Jan-1852,2151.63127451406,453392.194335831,3900784.85294991
usa_NC_0032_0067,01-Jan-1872,1845.50655515822,453077.838420178,3900795.75859004
usa_NC_0032_0066,01-Jan-1872,1830.61454098052,453071.851399561,3900749.72133809
usa_NC_0032_0065,01-Jan-1872,1809.17567829428,453059.003340623,3900704.6086992
usa_NC_0032_0064,01-Jan-1852,2090.00911072558,453367.99820224,3900591.46254077
usa_NC_0032_0063,01-Jan-1852,2074.74848217245,453362.159649944,3900542.80114503
usa_NC_0032_0062,01-Jan-1852,2060.63251036016,453357.545309446,3900493.85487227
usa_NC_0032_0061,01-Jan-1852,2048.53737318125,453355.095183763,3900444.39100206
usa_NC_0032_0060,01-Jan-1852,2035.27413887519,453351.406724706,3900395.16305499
usa_NC_0032_0059,01-Jan-1852,2009.17251760894,453333.777966425,3900350.17932736
usa_NC_0032_0058,01-Jan-1852,1984.69236634087,453317.825686947,3900305.08073469
usa_NC_0032_0057,01-Jan-1872,1664.1119481612,452983.107618098,3900344.11431032
usa_NC_0032_0056,01-Jan-1852,1939.14318538926,453289.474968505,3900214.5068086
usa_NC_0032_0055,01-Jan-1872,1637.98607024917,452974.22208223,3900255.2524411
usa_NC_0032_0054,01-Jan-1872,1624.7115491699,452969.557185002,3900210.85335567
usa_NC_0032_0053,01-Jan-1852,1874.72405886652,453251.01014112,3900078.24851234
usa_NC_0032_0052,01-Jan-1872,1588.43266803454,452950.135326741,3900122.905275
usa_NC_0032_0051,01-Jan-1852,1830.04300451356,453223.674634913,3899987.02440257
usa_NC_0032_0050,01-Jan-1872,1530.27512906281,452908.115353486,3900036.39306944
usa_NC_0032_0049,01-Jan-1852,1796.02677271947,453208.931011625,3899887.21168307
usa_NC_0032_0048,01-Jan-1852,1777.32329396901,453199.716018903,3899837.87733083
usa_NC_0032_0047,01-Jan-1852,1752.78967260362,453184.146106852,3899790.59235425
usa_NC_0032_0046,01-Jan-1872,1416.76710445886,452828.836486454,3899853.86769611
usa_NC_0032_0045,01-Jan-1852,1698.63915121212,453147.462788699,3899697.82257851
usa_NC_0032_0044,01-Jul-1860,1449.39932591897,452886.719636273,3899730.73107134
usa_NC_0032_0043,01-Jan-1852,1665.2208123687,453133.402600477,3899597.64092663
usa_NC_0032_0042,01-Jan-1860,1389.53532838799,452843.711245465,3899640.45669236
usa_NC_0032_0041,01-Jan-1860,1360.50615971844,452823.190348331,3899595.00613123
usa_NC_0032_0040,01-Jan-1852,1608.38603254952,453104.992267072,3899449.77144495
usa_NC_0032_0039,01-Jan-1852,1591.09936106429,453097.29019354,3899400.09628406
usa_NC_0032_0038,01-Jan-1852,1564.53847200084,453079.478919786,3899353.68214687
usa_NC_0032_0037,01-Jan-1860,1255.56664350834,452753.071088279,3899410.37040206
usa_NC_0032_0036,01-Jan-1860,1228.85227317738,452735.176078016,3899363.59205143
usa_NC_0032_0035,01-Jan-1852,660.962399700766,452125.818318867,3899514.92886214
usa_NC_0032_0034,01-Jan-1852,727.461116325514,452209.413988566,3899435.94834685
usa_NC_0032_0033,01-Jan-1852,715.423126297956,452207.140365442,3899385.89283141
usa_NC_0032_0032,01-Jan-1852,996.148541023613,452524.804530307,3899228.810992
usa_NC_0032_0031,01-Jan-1852,957.541655528785,452493.484075582,3899188.52741062
usa_NC_0032_0030,01-Jan-1852,606.961847543163,452121.251928268,3899262.19931751
usa_NC_0032_0029,01-Jan-1852,589.87364890529,452113.455979878,3899214.00680963
usa_NC_0032_0028,01-Jan-1852,577.256087652302,452110.543864867,3899164.18881552
usa_NC_0032_0027,01-Jan-1852,853.32234264434,452423.064766006,3899009.06866106
usa_NC_0032_0026,01-Jan-1852,558.589062812363,452112.263815365,3899060.31795637
usa_NC_0032_0025,01-Jan-1852,551.554940134756,452116.658474332,3899002.42814341
usa_NC_0032_0024,01-Jan-1852,550.396626721875,452127.421636643,3898942.65402629
usa_NC_0032_0023,01-Jan-1852,552.152564415119,452141.309408234,3898882.11551868
usa_NC_0032_0022,01-Jan-1852,560.736468974126,452162.570052287,3898819.52562233
usa_NC_0032_0021,01-Jan-1852,565.726405953763,452179.855712572,3898758.48690546
usa_NC_0032_0020,01-Jan-1852,576.722805995814,452203.601360342,3898695.77283021
usa_NC_0032_0019,01-Jan-1852,752.68476947767,452406.194879696,3898579.9073074
usa_NC_0032_0018,01-Jan-1852,758.030676510927,452423.495046763,3898520.61261813
usa_NC_0032_0017,01-Jan-1852,758.707532385914,452435.681241497,3898463.08254974
usa_NC_0032_0016,01-Jan-1852,751.907945698866,452439.732734947,3898408.10697476
usa_NC_0032_0015,01-Jan-1852,689.929318968771,452384.137987015,3898370.02782567
usa_NC_0032_0014,01-Jan-1852,703.570988561205,452410.013239449,3898310.15603905
usa_NC_0032_0013,01-Jan-1852,701.195561797813,452418.556205528,3898255.28130886
usa_NC_0032_0012,01-Jan-1917,291.052095761792,451987.007045059,3898321.82600279
usa_NC_0032_0011,01-Jan-1917,316.888096694023,452026.081291006,3898258.13295311
usa_NC_0032_0010,01-Jan-1917,339.496051849557,452061.648936663,3898195.51452873
usa_NC_0032_0009,01-Jan-1917,345.457459556863,452080.039789489,3898133.90273005
usa_NC_0032_0008,01-Jan-1917,374.121859748047,452122.847837561,3898065.95853276
usa_NC_0032_0007,01-Jan-1917,390.41023776737,452152.246844815,3898001.9595294
usa_NC_0032_0006,01-Aug-1921,239.229751723327,452002.296784854,3897980.84502881
usa_NC_0032_0005,01-Aug-1921,230.301613367181,452004.928481826,3897922.11199046
usa_NC_0032_0004,01-Aug-1921,226.25378892403,452012.785763862,3897862.1339184
usa_NC_0032_0003,01-Aug-1921,222.872070708578,452021.353440734,3897802.00011057
usa_NC_0032_0002,01-Aug-1921,235.480644739564,452046.889531957,3897738.55340818
usa_NC_0032_0001,01-Aug-1921,238.169029714969,452061.699400685,3897678.1589479
