id,date,days_from_target,x_s,UTM_E,UTM_N
usa_NC_0049_0230,30-Dec-2023 15:41:22,1.34627314814815,39.9427037251843,422351.104072634,4045349.47126841
usa_NC_0049_0229,30-Dec-2023 15:41:22,1.34627314814815,35.1877828691629,422373.967101559,4045210.79029996
usa_NC_0049_0228,30-Dec-2023 15:41:22,1.34627314814815,31.4340963654062,422390.875163017,4045107.01982184
usa_NC_0049_0227,30-Dec-2023 15:41:22,1.34627314814815,28.0385110400397,422406.262623425,4045012.68650039
usa_NC_0049_0226,30-Dec-2023 15:41:22,1.34627314814815,25.43347736858,422417.78269402,4044941.74147175
usa_NC_0049_0225,30-Dec-2023 15:41:22,1.34627314814815,23.4413542193382,422425.620278102,4044892.35285322
usa_NC_0049_0224,30-Dec-2023 15:41:22,1.34627314814815,21.1475045871253,422433.158662296,4044842.92173946
usa_NC_0049_0223,30-Dec-2023 15:41:22,1.34627314814815,19.4255436032253,422441.264144672,4044793.57117859
usa_NC_0049_0222,30-Dec-2023 15:41:22,1.34627314814815,16.5579041111505,422448.233542661,4044744.05925785
usa_NC_0049_0221,30-Dec-2023 15:41:22,1.34627314814815,13.0733279673591,422454.591169414,4044694.46045103
usa_NC_0049_0220,30-Dec-2023 15:41:22,1.34627314814815,10.7938312439409,422462.143784693,4044645.03136693
usa_NC_0049_0219,30-Dec-2023 15:41:22,1.34627314814815,9.51500849535483,422470.688696658,4044595.74320724
usa_NC_0049_0218,30-Dec-2023 15:41:22,1.34627314814815,8.13033163307645,422479.131240741,4044546.4271285
usa_NC_0049_0217,30-Dec-2023 15:41:22,1.34627314814815,7.10558662691781,422487.937692357,4044497.12676373
usa_NC_0049_0216,30-Dec-2023 15:41:22,1.34627314814815,6.39051573755214,422497.051050741,4044447.8708853
usa_NC_0049_0215,30-Dec-2023 15:41:22,1.34627314814815,3.79631280279989,422504.301090678,4044398.34995844
usa_NC_0049_0214,30-Dec-2023 15:41:22,1.34627314814815,0.104989506507252,422510.463369858,4044348.6736494
usa_NC_0049_0213,30-Dec-2023 15:41:22,1.34627314814815,-3.76766342127044,422516.445949265,4044298.97124416
usa_NC_0049_0212,30-Dec-2023 15:41:22,1.34627314814815,-6.868344980036,422523.193925617,4044249.37811451
usa_NC_0049_0211,30-Dec-2023 15:41:22,1.34627314814815,-8.44821737838157,422531.449548983,4044200.00131389
usa_NC_0049_0210,30-Dec-2023 15:41:22,1.34627314814815,-10.488766722369,422539.24840848,4044150.55935385
usa_NC_0049_0209,30-Dec-2023 15:41:22,1.34627314814815,-11.6497485474794,422547.919073265,4044101.24325863
usa_NC_0049_0208,30-Dec-2023 15:41:22,1.34627314814815,-12.3376370351677,422557.058538173,4044051.99545357
usa_NC_0049_0207,30-Dec-2023 15:41:22,1.34627314814815,-14.0407097308929,422565.191612441,4044002.60320532
usa_NC_0049_0206,30-Dec-2023 15:41:22,1.34627314814815,-16.1946685899179,422572.877710599,4043953.14678144
usa_NC_0049_0205,30-Dec-2023 15:41:22,1.34627314814815,-17.5525952067093,422581.352690223,4043903.80489789
usa_NC_0049_0204,30-Dec-2023 15:41:22,1.34627314814815,-18.8146747176896,422589.9225409,4043854.47738147
usa_NC_0049_0203,30-Dec-2023 15:41:22,1.34627314814815,-20.9818312102546,422597.595330443,4043805.02020727
usa_NC_0049_0202,30-Dec-2023 15:41:22,1.34627314814815,-23.045243428821,422605.370876619,4043755.57823951
usa_NC_0049_0201,30-Dec-2023 15:41:22,1.34627314814815,-24.8099632445852,422613.442339804,4043706.17971188
usa_NC_0049_0200,30-Dec-2023 15:41:22,1.34627314814815,-27.2311480004124,422620.863244883,4043656.68667712
usa_NC_0049_0199,30-Dec-2023 15:41:22,1.34627314814815,-31.0428734699718,422626.90630825,4043606.99251915
usa_NC_0049_0198,30-Dec-2023 15:41:22,1.34627314814815,-34.57261119573,422633.228852097,4043557.33880681
usa_NC_0049_0197,30-Dec-2023 15:41:22,1.34627314814815,-36.8162473202337,422640.825667344,4043507.87153725
usa_NC_0049_0196,30-Dec-2023 15:41:22,1.34627314814815,-38.1949658737325,422649.279325096,4043458.53024865
usa_NC_0049_0195,30-Dec-2023 15:41:22,1.34627314814815,-39.5635472654653,422657.742904885,4043409.19103953
usa_NC_0049_0194,30-Dec-2023 15:41:22,1.34627314814815,-40.1198596422797,422667.011029915,4043359.97084461
usa_NC_0049_0193,30-Dec-2023 15:41:22,1.34627314814815,-40.8010477721642,422676.155270427,4043310.73333464
usa_NC_0049_0192,30-Dec-2023 15:41:22,1.34627314814815,-41.9785682300065,422684.807725702,4043261.42396486
usa_NC_0049_0191,30-Dec-2023 15:41:22,1.34627314814815,-43.3122385170032,422693.305421917,4043212.09218653
usa_NC_0049_0190,30-Dec-2023 15:41:22,1.34627314814815,-45.1452027348181,422701.308503771,4043162.68759241
usa_NC_0049_0189,30-Dec-2023 15:41:22,1.34627314814815,-47.2061130843338,422709.085783605,4043113.24971658
usa_NC_0049_0188,30-Dec-2023 15:41:22,1.34627314814815,-50.5828948460162,422715.559824245,4043063.61843914
usa_NC_0049_0187,30-Dec-2023 15:41:22,1.34627314814815,-53.6599355665902,422722.330799653,4043014.0308601
usa_NC_0049_0186,30-Dec-2023 15:41:22,1.34627314814815,-56.2352305442354,422729.59872374,4042964.51692741
usa_NC_0049_0185,30-Dec-2023 15:41:22,1.34627314814815,-57.6299846213042,422738.035718262,4042915.17719362
usa_NC_0049_0184,30-Dec-2023 15:41:22,1.34627314814815,-60.4004533913289,422745.110372976,4042865.63442105
usa_NC_0049_0183,30-Dec-2023 15:41:22,1.34627314814815,-63.5856417749072,422751.774420959,4042816.03003593
usa_NC_0049_0182,30-Dec-2023 15:41:22,1.34627314814815,-66.7980526217224,422758.411585933,4042766.42125882
usa_NC_0049_0181,30-Dec-2023 15:41:22,1.34627314814815,-69.3249127670771,422765.727593794,4042716.91387484
usa_NC_0049_0180,30-Dec-2023 15:41:22,1.34627314814815,-71.3639424190458,422773.526598842,4042667.47894187
usa_NC_0049_0179,30-Dec-2023 15:41:22,1.34627314814815,-73.2716204848916,422781.455627826,4042618.06364818
usa_NC_0049_0178,30-Dec-2023 15:41:22,1.34627314814815,-75.2246936979054,422789.339684334,4042568.64174813
usa_NC_0049_0177,30-Dec-2023 15:41:22,1.34627314814815,-76.174838811809,422798.216548862,4042519.36971709
usa_NC_0049_0176,30-Dec-2023 15:41:22,1.34627314814815,-77.6671699157625,422806.556596901,4042470.01717407
usa_NC_0049_0175,30-Dec-2023 15:41:22,1.34627314814815,-79.8614972580759,422814.20170459,4042420.55986899
usa_NC_0049_0174,30-Dec-2023 15:41:22,1.34627314814815,-81.3886077229175,422822.507224977,4042371.20262544
usa_NC_0049_0173,30-Dec-2023 15:41:22,1.34627314814815,-83.3466012610273,422830.386205463,4042321.78101777
usa_NC_0049_0172,30-Dec-2023 15:41:22,1.34627314814815,-85.9894158381661,422837.58737128,4042272.25659507
usa_NC_0049_0171,30-Dec-2023 15:41:22,1.34627314814815,-88.4181373752193,422845.000451944,4042222.76425409
usa_NC_0049_0170,30-Dec-2023 15:41:22,1.34627314814815,-90.6141981903716,422852.643797151,4042173.30692269
usa_NC_0049_0169,30-Dec-2023 15:41:22,1.34627314814815,-92.7137208834954,422860.382669738,4042123.86420038
usa_NC_0049_0168,30-Dec-2023 15:41:22,1.34627314814815,-95.1143990375999,422867.821178412,4042074.38772216
usa_NC_0049_0167,30-Dec-2023 15:41:22,1.34627314814815,-98.0574186509772,422874.716639604,4042024.86112078
usa_NC_0049_0166,30-Dec-2023 15:41:22,1.34627314814815,-101.161042387538,422881.4531712,4041975.31025012
usa_NC_0049_0165,30-Dec-2023 15:41:22,1.34627314814815,-103.104562238271,422889.337718145,4041925.9346495
usa_NC_0049_0164,30-Dec-2023 15:41:22,1.34627314814815,-105.690894195073,422896.586152774,4041876.46192424
usa_NC_0049_0163,30-Dec-2023 15:41:22,1.34627314814815,-108.016700744212,422904.092394989,4041827.02857495
usa_NC_0049_0162,30-Dec-2023 15:41:22,1.34627314814815,-110.095244698872,422911.849771983,4041777.60031065
usa_NC_0049_0161,30-Dec-2023 15:41:22,1.34627314814815,-111.763712374456,422920.044505172,4041728.0760982
usa_NC_0049_0160,30-Dec-2023 15:41:22,1.34627314814815,-113.52067880022,422928.151474148,4041678.53945427
usa_NC_0049_0159,30-Dec-2023 15:41:22,1.34627314814815,-114.888713366206,422936.642912289,4041629.06362216
usa_NC_0049_0158,30-Dec-2023 15:41:22,1.34627314814815,-116.258403837776,422945.13238314,4041579.58918452
usa_NC_0049_0157,30-Dec-2023 15:41:22,1.34627314814815,-119.445099587729,422951.825130297,4041529.83348546
usa_NC_0049_0156,30-Dec-2023 15:41:22,1.34627314814815,-123.65467760588,422957.50709999,4041479.91601094
usa_NC_0049_0155,30-Dec-2023 15:41:22,1.34627314814815,-128.018316067969,422963.037497145,4041429.97084409
usa_NC_0049_0154,30-Dec-2023 15:41:22,1.34627314814815,-131.078180112841,422969.856922869,4041380.22845944
usa_NC_0049_0153,30-Dec-2023 15:41:22,1.34627314814815,-133.092348018324,422977.709709566,4041330.65126016
usa_NC_0049_0152,30-Dec-2023 15:41:22,1.34627314814815,-135.576392510585,422985.098272155,4041280.99928668
usa_NC_0049_0151,30-Dec-2023 15:41:22,1.34627314814815,-138.293868982029,422992.256369505,4041231.30937202
usa_NC_0049_0150,30-Dec-2023 15:41:22,1.34627314814815,-140.803642927655,422999.619705031,4041181.65233886
usa_NC_0049_0149,30-Dec-2023 15:41:22,1.34627314814815,-142.242660780659,423008.040204879,4041132.16925888
usa_NC_0049_0148,30-Dec-2023 15:41:22,1.34627314814815,-142.539135082546,423017.588148838,4041082.87477929
usa_NC_0049_0147,30-Dec-2023 15:41:22,1.34627314814815,-143.348494000589,423026.629230305,4041033.49942068
usa_NC_0049_0146,30-Dec-2023 15:41:22,1.34627314814815,-143.429920971337,423036.388031072,4040984.24718767
usa_NC_0049_0145,30-Dec-2023 15:41:22,1.34627314814815,-144.469213843838,423045.201092846,4040934.83950094
usa_NC_0049_0144,30-Dec-2023 15:41:22,1.34627314814815,-146.530697156359,423053.005481543,4040885.26303823
usa_NC_0049_0143,30-Dec-2023 15:41:22,1.34627314814815,-147.912435336359,423061.480127536,4040835.80130654
usa_NC_0049_0142,30-Dec-2023 15:41:22,1.34627314814815,-148.669991883247,423070.569881633,4040786.44673537
usa_NC_0049_0141,30-Dec-2023 15:41:22,1.34627314814815,-150.845710047775,423078.261060706,4040736.85384024
usa_NC_0049_0140,30-Dec-2023 15:41:22,1.34627314814815,-153.24004868979,423085.73671919,4040687.22380298
usa_NC_0049_0139,30-Dec-2023 15:41:22,1.34627314814815,-155.202823209327,423093.637703285,4040637.6676822
usa_NC_0049_0138,30-Dec-2023 15:41:22,1.34627314814815,-157.225857084958,423101.479193697,4040588.10176797
usa_NC_0049_0137,30-Dec-2023 15:41:22,1.34627314814815,-159.712973587046,423108.863437936,4040538.45572772
usa_NC_0049_0136,30-Dec-2023 15:41:22,1.34627314814815,-162.261753169015,423116.187552078,4040488.79591524
usa_NC_0049_0135,30-Dec-2023 15:41:22,1.34627314814815,-164.72203697668,423123.599713073,4040439.14710462
usa_NC_0049_0134,30-Dec-2023 15:41:22,1.34627314814815,-166.198456631822,423131.981413646,4040389.66731778
usa_NC_0049_0133,30-Dec-2023 15:41:22,1.34627314814815,-168.495334997979,423139.555992884,4040340.03961394
usa_NC_0049_0132,30-Dec-2023 15:41:22,1.34627314814815,-170.089098333136,423147.823388214,4040290.53301227
usa_NC_0049_0131,30-Dec-2023 15:41:22,1.34627314814815,-171.353446220529,423156.415501291,4040241.08251026
usa_NC_0049_0130,30-Dec-2023 15:41:22,1.34627314814815,-172.418282541133,423165.204341472,4040191.66568134
usa_NC_0049_0129,30-Dec-2023 15:41:22,1.34627314814815,-173.693403011472,423173.786707975,4040142.20897901
usa_NC_0049_0128,30-Dec-2023 15:41:22,1.34627314814815,-174.678470015898,423182.654787922,4040092.80269212
usa_NC_0049_0127,30-Dec-2023 15:41:22,1.34627314814815,-175.297463965343,423191.883169967,4040043.46150255
usa_NC_0049_0126,30-Dec-2023 15:41:22,1.34627314814815,-176.921665032217,423200.123519432,4039993.93491537
usa_NC_0049_0125,30-Dec-2023 15:41:22,1.34627314814815,-179.653488390413,423215.804852083,4039901.51832939
usa_NC_0049_0124,30-Dec-2023 15:41:22,1.34627314814815,-183.088906449374,423232.793015754,4039798.97121188
usa_NC_0049_0123,30-Dec-2023 15:41:22,1.34627314814815,-186.66070205808,423248.53833525,4039701.9477744
usa_NC_0049_0122,30-Dec-2023 15:41:22,1.34627314814815,-190.291633222891,423263.340886114,4039609.34051651
usa_NC_0049_0121,30-Dec-2023 15:41:22,1.34627314814815,-195.874049388455,423290.196027384,4039446.45856222
usa_NC_0049_0120,30-Dec-2023 15:41:22,1.34627314814815,-200.737603832514,423316.027575786,4039292.36762222
usa_NC_0049_0119,30-Dec-2023 15:41:22,1.34627314814815,-208.572981390479,423343.160820512,4039116.59637759
usa_NC_0049_0118,30-Dec-2023 15:41:22,1.34627314814815,-218.20055641873,423377.658890374,4038894.82265926
usa_NC_0049_0117,30-Dec-2023 15:41:22,1.34627314814815,-222.883512482948,423413.597564632,4038691.07353349
usa_NC_0049_0116,30-Dec-2023 15:41:22,1.34627314814815,-222.969981266049,423468.742218056,4038414.66780238
usa_NC_0049_0115,30-Dec-2023 15:41:22,1.34627314814815,-216.690430510219,423586.03547487,4037859.73499467
usa_NC_0049_0114,30-Dec-2023 15:41:22,1.34627314814815,-210.745935387431,423689.933846964,4037370.12530378
usa_NC_0049_0113,30-Dec-2023 15:41:22,1.34627314814815,-204.886805050066,423783.857618857,4036929.99659716
usa_NC_0049_0112,30-Dec-2023 15:41:22,1.34627314814815,-196.824645624449,423854.944040768,4036615.39726135
usa_NC_0049_0111,30-Dec-2023 15:41:22,1.34627314814815,-190.345262703619,423907.80294636,4036383.93783255
usa_NC_0049_0110,30-Dec-2023 15:41:22,1.34627314814815,-186.914132913455,423940.652707695,4036237.05546368
usa_NC_0049_0109,30-Dec-2023 15:41:22,1.34627314814815,-186.078920077773,423961.255586927,4036138.213305
usa_NC_0049_0108,30-Dec-2023 15:41:22,1.34627314814815,-183.69724408263,423981.606088095,4036048.52621886
usa_NC_0049_0107,30-Dec-2023 15:41:22,1.34627314814815,-183.691388550878,423991.429152109,4035999.39781806
usa_NC_0049_0106,30-Dec-2023 15:41:22,1.34627314814815,-182.28613596921,424002.606962952,4035950.63131252
usa_NC_0049_0105,30-Dec-2023 15:41:22,1.34627314814815,-181.088879395067,424013.583412174,4035901.81102802
usa_NC_0049_0104,30-Dec-2023 15:41:22,1.34627314814815,-179.664749047477,424024.77949423,4035853.04942556
usa_NC_0049_0103,30-Dec-2023 15:41:22,1.34627314814815,-177.999514563699,424036.208981358,4035804.35020565
usa_NC_0049_0102,30-Dec-2023 15:41:22,1.34627314814815,-177.612609514927,424046.400927247,4035755.32039529
usa_NC_0049_0101,30-Dec-2023 15:41:22,1.34627314814815,-176.868065903039,424056.939101377,4035706.38306929
usa_NC_0049_0100,30-Dec-2023 15:41:22,1.34627314814815,-175.599016564368,424067.985053235,4035657.58134823
usa_NC_0049_0099,30-Dec-2023 15:41:22,1.34627314814815,-175.226962659442,424078.162766128,4035608.54697514
usa_NC_0049_0098,30-Dec-2023 15:41:22,1.34627314814815,-173.74521162878,424089.414770892,4035559.79957066
usa_NC_0049_0097,30-Dec-2023 15:41:22,1.34627314814815,-172.682787125257,424100.260825615,4035510.94373933
usa_NC_0049_0096,30-Dec-2023 15:41:22,1.34627314814815,-171.896457109333,424110.839603363,4035462.01646655
usa_NC_0049_0095,30-Dec-2023 15:41:22,1.34627314814815,-170.380570517974,424122.124660005,4035413.27786242
usa_NC_0049_0094,30-Dec-2023 15:41:22,1.34627314814815,-169.547926525938,424132.748280366,4035364.36253496
usa_NC_0049_0093,30-Dec-2023 15:41:22,1.34627314814815,-167.799172323648,424144.258769763,4035315.6841763
usa_NC_0049_0092,30-Dec-2023 15:41:22,1.34627314814815,-166.252396060248,424155.57373196,4035266.95355311
usa_NC_0049_0091,30-Dec-2023 15:41:22,1.34627314814815,-165.227190964736,424166.383758726,4035218.08807702
usa_NC_0049_0090,30-Dec-2023 15:41:22,1.34627314814815,-163.419935506919,424177.950885769,4035169.42483237
usa_NC_0049_0089,30-Dec-2023 15:41:22,1.34627314814815,-162.01295532249,424189.130499149,4035120.65812275
usa_NC_0049_0088,30-Dec-2023 15:41:22,1.34627314814815,-160.631200739565,424200.285698585,4035071.8848556
usa_NC_0049_0087,30-Dec-2023 15:41:22,1.34627314814815,-158.641690754082,424212.029264698,4035023.26874496
usa_NC_0049_0086,30-Dec-2023 15:41:22,1.34627314814815,-158.930820528327,424221.566882762,4034974.0634214
usa_NC_0049_0085,30-Dec-2023 15:41:22,1.34627314814815,-157.960817820061,424232.323468402,4034925.18366987
usa_NC_0049_0084,30-Dec-2023 15:41:22,1.34627314814815,-155.507638525883,424244.515908054,4034876.68747574
usa_NC_0049_0083,30-Dec-2023 15:41:22,1.34627314814815,-154.031405871267,424255.762576177,4034827.93861584
usa_NC_0049_0082,30-Dec-2023 15:41:22,1.34627314814815,-151.643308735943,424267.892011432,4034779.42558494
usa_NC_0049_0081,30-Dec-2023 15:41:22,1.34627314814815,-150.551653386322,424278.766370124,4034730.57728399
usa_NC_0049_0080,30-Dec-2023 15:41:22,1.34627314814815,-148.83918750206,424290.241728766,4034681.88954228
usa_NC_0049_0079,30-Dec-2023 15:41:22,1.34627314814815,-146.314247330685,424302.50363903,4034633.41190913
usa_NC_0049_0078,30-Dec-2023 15:41:22,1.34627314814815,-146.009513226258,424312.61616358,4034584.36020917
usa_NC_0049_0077,30-Dec-2023 15:41:22,1.34627314814815,-144.40477907705,424323.987230425,4034535.64459432
usa_NC_0049_0076,30-Dec-2023 15:41:22,1.34627314814815,-140.975201203798,424337.124947801,4034487.40074023
usa_NC_0049_0075,30-Dec-2023 15:41:22,1.34627314814815,-139.368640482103,424348.497777066,4034438.68562714
usa_NC_0049_0074,30-Dec-2023 15:41:22,1.34627314814815,-138.446323207153,424359.208185607,4034389.79360961
usa_NC_0049_0073,30-Dec-2023 15:41:22,1.34627314814815,-137.656678095742,424369.790162066,4034340.86724724
usa_NC_0049_0072,30-Dec-2023 15:41:22,1.34627314814815,-136.459830728555,424380.766353884,4034292.04616257
usa_NC_0049_0071,30-Dec-2023 15:41:22,1.34627314814815,-134.604346707106,424392.380171041,4034243.39538837
usa_NC_0049_0070,30-Dec-2023 15:41:22,1.34627314814815,-133.506059520588,424403.260945975,4034194.54882245
usa_NC_0049_0069,30-Dec-2023 15:41:22,1.34627314814815,-132.010333701922,424414.526485434,4034145.80500296
usa_NC_0049_0068,30-Dec-2023 15:41:22,1.34627314814815,-129.661557400394,424426.564262031,4034097.5499999
usa_NC_0049_0067,30-Dec-2023 15:41:22,1.34627314814815,-128.125248534049,424437.732029758,4034049.5025745
usa_NC_0049_0066,30-Dec-2023 15:41:22,1.34627314814815,-126.312859204725,424449.166263748,4034001.53057607
usa_NC_0049_0065,30-Dec-2023 15:41:22,1.34627314814815,-126.045921762704,424459.101933762,4033953.17103427
usa_NC_0049_0064,30-Dec-2023 15:41:22,1.34627314814815,-125.430823170067,424469.373312022,4033904.90825666
usa_NC_0049_0063,30-Dec-2023 15:41:22,1.34627314814815,-124.597533367952,424479.85470423,4033856.70798779
usa_NC_0049_0062,30-Dec-2023 15:41:22,1.34627314814815,-123.879464265502,424490.222941324,4033808.48598264
usa_NC_0049_0061,30-Dec-2023 15:41:22,1.34627314814815,-121.618055493767,424502.087218049,4033760.65337433
usa_NC_0049_0060,30-Dec-2023 15:41:22,1.34627314814815,-119.060910748496,424514.23803223,4033712.89605738
usa_NC_0049_0059,30-Dec-2023 15:41:22,1.34627314814815,-117.404621121136,424525.513772163,4033664.92059752
usa_NC_0049_0058,30-Dec-2023 15:41:22,1.34627314814815,-115.63957756327,424536.894194684,4033616.97627173
usa_NC_0049_0057,30-Dec-2023 15:41:22,1.34627314814815,-114.718461449357,424547.453801863,4033568.83279067
usa_NC_0049_0056,30-Dec-2023 15:41:22,1.34627314814815,-113.779714499821,424558.029163386,4033520.70044457
usa_NC_0049_0055,30-Dec-2023 15:41:22,1.34627314814815,-113.782017795334,424567.688265962,4033472.35093108
usa_NC_0049_0054,30-Dec-2023 15:41:22,1.34627314814815,-113.98895961145,424577.146410641,4033423.96275254
usa_NC_0049_0053,30-Dec-2023 15:41:22,1.34627314814815,-113.389072138194,424587.38738159,4033375.77451744
usa_NC_0049_0052,30-Dec-2023 15:41:22,1.34627314814815,-113.104338166493,424597.320092252,4033327.52060652
usa_NC_0049_0051,30-Dec-2023 15:41:22,1.34627314814815,-112.841883740424,424607.22934415,4033279.27039263
usa_NC_0049_0050,30-Dec-2023 15:41:22,1.34627314814815,-113.218500738322,424616.514529332,4033230.88186327
usa_NC_0049_0049,30-Dec-2023 15:41:22,1.34627314814815,-113.070226055475,424626.30880678,4033182.62433006
usa_NC_0049_0048,30-Dec-2023 15:41:22,1.34627314814815,-112.964348453096,424636.059931319,4033134.36638475
usa_NC_0049_0047,30-Dec-2023 15:41:22,1.34627314814815,-113.423401141573,424645.258550296,4033085.99037028
usa_NC_0049_0046,30-Dec-2023 15:41:22,1.34627314814815,-114.38112449707,424653.968765423,4033037.51364101
usa_NC_0049_0045,30-Dec-2023 15:41:22,1.34627314814815,-114.339119134388,424663.65145761,4032989.27219703
usa_NC_0049_0044,30-Dec-2023 15:41:22,1.34627314814815,-113.410502668926,424674.197194341,4032941.23640548
usa_NC_0049_0043,30-Dec-2023 15:41:22,1.34627314814815,-111.840339165114,424685.36782093,4032893.34744392
usa_NC_0049_0042,30-Dec-2023 15:41:22,1.34627314814815,-110.2539324591,424696.555278512,4032845.45714785
usa_NC_0049_0041,30-Dec-2023 15:41:22,1.34627314814815,-108.687025171351,424707.725119576,4032797.55549988
usa_NC_0049_0040,30-Dec-2023 15:41:22,1.34627314814815,-107.178753560034,424718.839090985,4032749.6342086
usa_NC_0049_0039,30-Dec-2023 15:41:22,1.34627314814815,-106.066435375478,424729.567550446,4032701.62149074
usa_NC_0049_0038,30-Dec-2023 15:41:22,1.34627314814815,-106.222736185702,424739.057170582,4032653.33423391
usa_NC_0049_0037,30-Dec-2023 15:41:22,1.34627314814815,-105.956005126013,424748.960745067,4032605.13425691
usa_NC_0049_0036,30-Dec-2023 15:41:22,1.34627314814815,-104.459055550063,424760.068142638,4032557.18808373
usa_NC_0049_0035,30-Dec-2023 15:41:22,1.34627314814815,-103.744984195688,424770.410978378,4032509.07279471
usa_NC_0049_0034,30-Dec-2023 15:41:22,1.34627314814815,-102.680240194427,424781.097890905,4032461.02520751
usa_NC_0049_0033,30-Dec-2023 15:41:22,1.34627314814815,-102.629005480706,424790.793728673,4032412.76507835
usa_NC_0049_0032,30-Dec-2023 15:41:22,1.34627314814815,-102.808354802367,424800.264246253,4032364.45579419
usa_NC_0049_0031,30-Dec-2023 15:41:22,1.34627314814815,-102.662170232212,424810.053989347,4032316.2102861
usa_NC_0049_0030,30-Dec-2023 15:41:22,1.34627314814815,-102.507495816814,424819.85258684,4032267.96379357
usa_NC_0049_0029,30-Dec-2023 15:41:22,1.34627314814815,-101.727705857295,424830.264451665,4032219.83843952
usa_NC_0049_0028,30-Dec-2023 15:41:22,1.34627314814815,-99.9590783921308,424841.646786079,4032171.90283568
usa_NC_0049_0027,30-Dec-2023 15:41:22,1.34627314814815,-98.8307268187041,424852.402677751,4032123.83466011
usa_NC_0049_0026,30-Dec-2023 15:41:22,1.34627314814815,-97.4197288301616,424863.437009803,4032075.81549664
usa_NC_0049_0025,30-Dec-2023 15:41:22,1.34627314814815,-97.4949801734929,424873.014052781,4032027.50436366
usa_NC_0049_0024,30-Dec-2023 15:41:22,1.34627314814815,-98.3590184852337,424881.817134214,4031979.04100036
usa_NC_0049_0023,30-Dec-2023 15:41:22,1.34627314814815,-98.5263873318963,424891.304283981,4031930.70962258
usa_NC_0049_0022,30-Dec-2023 15:41:22,1.34627314814815,-97.5703167016195,424901.39483211,4031885.09187198
usa_NC_0049_0021,30-Dec-2023 15:41:22,1.34627314814815,-96.8270793110423,424911.188076882,4031839.87578483
usa_NC_0049_0020,30-Dec-2023 15:41:22,1.34627314814815,-96.0232161438862,424922.721791172,4031786.2591298
usa_NC_0049_0019,30-Dec-2023 15:41:22,1.34627314814815,-95.0840157096695,424933.299265036,4031738.11852703
usa_NC_0049_0018,30-Dec-2023 15:41:22,1.34627314814815,-94.3884164304231,424943.694559364,4031689.64644693
usa_NC_0049_0017,30-Dec-2023 15:41:22,1.34627314814815,-92.6172399913448,424955.234943532,4031640.93291126
usa_NC_0049_0016,30-Dec-2023 15:41:22,1.34627314814815,-91.0094419237935,424966.614657744,4031592.18965787
usa_NC_0049_0015,30-Dec-2023 15:41:22,1.34627314814815,-88.9379717293964,424978.450357113,4031543.53074621
usa_NC_0049_0014,30-Dec-2023 15:41:22,1.34627314814815,-86.0176102228102,424991.120877293,4031495.02623335
usa_NC_0049_0013,30-Dec-2023 15:41:22,1.34627314814815,-83.1215989276739,425003.767454154,4031446.51727517
usa_NC_0049_0012,30-Dec-2023 15:41:22,1.34627314814815,-78.445298412134,425018.164798633,4031398.33218641
usa_NC_0049_0011,30-Dec-2023 15:41:22,1.34627314814815,-74.7904077180128,425031.557670134,4031349.96128653
usa_NC_0049_0010,30-Dec-2023 15:41:22,1.34627314814815,-71.6691032798103,425044.425801883,4031301.49332528
usa_NC_0049_0009,30-Dec-2023 15:41:22,1.34627314814815,-68.6125302555984,425057.230276901,4031253.01358172
usa_NC_0049_0008,30-Dec-2023 15:41:22,1.34627314814815,-65.7845618256629,425069.809935809,4031204.49226227
usa_NC_0049_0007,30-Dec-2023 15:41:22,1.34627314814815,-62.9749888944475,425082.342726147,4031156.11161274
usa_NC_0049_0006,30-Dec-2023 15:41:22,1.34627314814815,-61.2354428912945,425093.880777013,4031107.24833391
usa_NC_0049_0005,30-Dec-2023 15:41:22,1.34627314814815,-60.0872466934507,425104.808510016,4031058.42147335
usa_NC_0049_0004,30-Dec-2023 15:41:22,1.34627314814815,-58.6472983563799,425116.023156678,4031009.64769074
usa_NC_0049_0003,30-Dec-2023 15:41:22,1.34627314814815,-56.9578627138849,425127.483162585,4030960.91924943
usa_NC_0049_0002,30-Dec-2023 15:41:22,1.34627314814815,-55.5661092046389,425138.647496329,4030912.1512984
usa_NC_0049_0001,30-Dec-2023 15:41:22,1.34627314814815,-54.816708464637,425149.168644349,4030863.32396484
usa_NC_0048_0148,30-Dec-2023 15:41:22,1.34627314814815,-52.2360856437267,425161.49089605,4030814.82852632
usa_NC_0048_0147,30-Dec-2023 15:41:22,1.34627314814815,-50.1689942032804,425173.308301927,4030766.23881599
usa_NC_0048_0146,30-Dec-2023 15:41:22,1.34627314814815,-48.5187499072899,425184.715903582,4030717.57261962
usa_NC_0048_0145,30-Dec-2023 15:41:22,1.34627314814815,-47.8343004389617,425195.173706678,4030668.73082136
usa_NC_0048_0144,30-Dec-2023 15:41:22,1.34627314814815,-47.9334480252978,425204.860836852,4030619.74682101
usa_NC_0048_0143,30-Dec-2023 15:41:22,1.34627314814815,-49.3396904350134,425213.262254767,4030570.52649736
usa_NC_0048_0142,30-Dec-2023 15:41:22,1.34627314814815,-50.6144849990314,425221.792933151,4030521.33012489
usa_NC_0048_0141,30-Dec-2023 15:41:22,1.34627314814815,-50.6405543710725,425231.551991126,4030472.35911161
usa_NC_0048_0140,30-Dec-2023 15:41:22,1.34627314814815,-50.5118603509113,425241.463352711,4030423.41571946
usa_NC_0048_0139,30-Dec-2023 15:41:22,1.34627314814815,-51.209086826661,425250.562223452,4030374.32340816
usa_NC_0048_0138,30-Dec-2023 15:41:22,1.34627314814815,-51.0836920819602,425260.470422346,4030325.37900607
usa_NC_0048_0137,30-Dec-2023 15:41:22,1.34627314814815,-51.2524958765925,425270.089229241,4030276.38144384
usa_NC_0048_0136,30-Dec-2023 15:41:22,1.34627314814815,-50.9781885761804,425280.144053614,4030227.46321975
usa_NC_0048_0135,30-Dec-2023 15:41:22,1.34627314814815,-50.617391680827,425290.284047901,4030178.56015666
usa_NC_0048_0134,30-Dec-2023 15:41:22,1.34627314814815,-50.8525454188302,425299.837711274,4030129.54999273
usa_NC_0048_0133,30-Dec-2023 15:41:22,1.34627314814815,-50.3078485391243,425310.158793329,4030080.67919711
usa_NC_0048_0132,30-Dec-2023 15:41:22,1.34627314814815,-49.5227512263718,425320.55545311,4030032.65701984
usa_NC_0048_0131,30-Dec-2023 15:41:22,1.34627314814815,-49.4410929737305,425330.58212371,4029982.89654026
usa_NC_0048_0130,30-Dec-2023 15:41:22,1.34627314814815,-50.4946328873148,425339.330604245,4029933.73933514
usa_NC_0048_0129,30-Dec-2023 15:41:22,1.34627314814815,-51.5075554222753,425348.119034552,4029884.58948945
usa_NC_0048_0128,30-Dec-2023 15:41:22,1.34627314814815,-52.771733219719,425356.660163328,4029835.39499995
usa_NC_0048_0127,30-Dec-2023 15:41:22,1.34627314814815,-54.2086989309855,425365.031189896,4029786.16997547
usa_NC_0048_0126,30-Dec-2023 15:41:22,1.34627314814815,-54.5217049493885,425374.508434217,4029737.14493684
usa_NC_0048_0125,30-Dec-2023 15:41:22,1.34627314814815,-54.8289174150827,425383.991407002,4029688.12079712
usa_NC_0048_0124,30-Dec-2023 15:41:22,1.34627314814815,-54.8759274509616,425393.730555861,4029639.14254984
usa_NC_0048_0123,30-Dec-2023 15:41:22,1.34627314814815,-53.1972790244881,425405.168450728,4029590.46970995
usa_NC_0048_0122,30-Dec-2023 15:41:22,1.34627314814815,-52.2977617025472,425415.839571214,4029541.65794932
usa_NC_0048_0121,30-Dec-2023 15:41:22,1.34627314814815,-51.8748423087241,425426.041656694,4029492.76118897
usa_NC_0048_0120,30-Dec-2023 15:41:22,1.34627314814815,-50.6148715748491,425437.067893581,4029444.01179808
usa_NC_0048_0119,30-Dec-2023 15:41:22,1.34627314814815,-50.2638719864572,425447.199418496,4029395.10112021
usa_NC_0048_0118,30-Dec-2023 15:41:22,1.34627314814815,-50.5173193533133,425456.735950606,4029346.0833295
usa_NC_0048_0117,30-Dec-2023 15:41:22,1.34627314814815,-50.0925093386522,425466.940332738,4029297.18472426
usa_NC_0048_0116,30-Dec-2023 15:41:22,1.34627314814815,-49.9937483798012,425476.823796795,4029248.22818412
usa_NC_0048_0115,30-Dec-2023 15:41:22,1.34627314814815,-49.8310243041387,425486.770327769,4029199.28245707
usa_NC_0048_0114,30-Dec-2023 15:41:22,1.34627314814815,-49.1579237878418,425497.219505862,4029150.42590435
usa_NC_0048_0113,30-Dec-2023 15:41:22,1.34627314814815,-49.1193974823022,425506.984178628,4029101.75644422
usa_NC_0048_0112,30-Dec-2023 15:41:22,1.34627314814815,-49.0936519060433,425516.855863952,4029052.48622925
usa_NC_0048_0111,30-Dec-2023 15:41:22,1.34627314814815,-48.9198259789696,425526.816842775,4029003.52485594
usa_NC_0048_0110,30-Dec-2023 15:41:22,1.34627314814815,-49.5954149725189,425535.950898589,4028954.36688813
usa_NC_0048_0109,30-Dec-2023 15:41:22,1.34627314814815,-51.4565818387346,425543.917432662,4028905.00126595
usa_NC_0048_0108,30-Dec-2023 15:41:22,1.34627314814815,-52.812730329123,425552.381294009,4028855.72409674
usa_NC_0048_0107,30-Dec-2023 15:41:22,1.34627314814815,-52.9504425089635,425562.157240471,4028806.09881948
usa_NC_0048_0106,30-Dec-2023 15:41:22,1.34627314814815,-52.9456509896786,425571.849112616,4028757.62152184
usa_NC_0048_0105,30-Dec-2023 15:41:22,1.34627314814815,-53.225923519376,425581.37247098,4028708.5327604
usa_NC_0048_0104,30-Dec-2023 15:41:22,1.34627314814815,-52.691788251896,425591.697840802,4028659.58660802
usa_NC_0048_0103,30-Dec-2023 15:41:22,1.34627314814815,-53.8515678317904,425600.355082739,4028610.34382117
usa_NC_0048_0102,30-Dec-2023 15:41:22,1.34627314814815,-54.5424387155613,425609.47409725,4028561.18313746
usa_NC_0048_0101,30-Dec-2023 15:41:22,1.34627314814815,-54.1158450276862,425619.693567983,4028512.21812585
usa_NC_0048_0100,30-Dec-2023 15:41:22,1.34627314814815,-53.8916446643125,425629.716304222,4028463.20477163
usa_NC_0048_0099,30-Dec-2023 15:41:22,1.34627314814815,-53.5128050486728,425639.901474603,4028414.16770805
usa_NC_0048_0098,30-Dec-2023 15:41:22,1.34627314814815,-52.9060701842,425650.310950792,4028365.17115411
usa_NC_0048_0097,30-Dec-2023 15:41:22,1.34627314814815,-52.3154767983679,425660.704416854,4028316.17234589
usa_NC_0048_0096,30-Dec-2023 15:41:22,1.34627314814815,-52.5730149873484,425670.163948136,4028267.51901937
usa_NC_0048_0095,30-Dec-2023 15:41:22,1.34627314814815,-52.5207703350266,425680.12585861,4028217.93251698
usa_NC_0048_0094,30-Dec-2023 15:41:22,1.34627314814815,-53.6095437233166,425688.865565214,4028168.63941261
usa_NC_0048_0093,30-Dec-2023 15:41:22,1.34627314814815,-55.256683877667,425697.055527078,4028119.24791858
usa_NC_0048_0092,30-Dec-2023 15:41:22,1.34627314814815,-56.8043950847104,425705.34341504,4028069.87378234
usa_NC_0048_0091,30-Dec-2023 15:41:22,1.34627314814815,-57.7758393034796,425714.198644487,4028020.60132542
usa_NC_0048_0090,30-Dec-2023 15:41:22,1.34627314814815,-59.1564294654695,425722.651083775,4027971.25658307
usa_NC_0048_0089,30-Dec-2023 15:41:22,1.34627314814815,-60.4955891235204,425731.144322638,4027921.91909704
usa_NC_0048_0088,30-Dec-2023 15:41:22,1.34627314814815,-61.7130248261951,425739.757395357,4027872.60311249
usa_NC_0048_0087,30-Dec-2023 15:41:22,1.34627314814815,-62.8544574026673,425748.445285119,4027823.30058288
usa_NC_0048_0086,30-Dec-2023 15:41:22,1.34627314814815,-64.7887645227488,425756.352741558,4027773.85735
usa_NC_0048_0085,30-Dec-2023 15:41:22,1.34627314814815,-65.4587116438411,425765.504745226,4027724.63835663
usa_NC_0048_0084,30-Dec-2023 15:41:22,1.34627314814815,-64.3166276029942,425776.440212394,4027675.74159919
usa_NC_0048_0083,30-Dec-2023 15:41:22,1.34627314814815,-63.4049657797377,425787.148771009,4027626.80446131
usa_NC_0048_0082,30-Dec-2023 15:41:22,1.34627314814815,-63.1241567601828,425797.236352969,4027577.7554863
usa_NC_0048_0081,30-Dec-2023 15:41:22,1.34627314814815,-63.5978615680642,425806.581324268,4027528.57229583
usa_NC_0048_0080,30-Dec-2023 15:41:22,1.34627314814815,-64.4521135737427,425815.551781585,4027479.32126359
usa_NC_0048_0079,30-Dec-2023 15:41:22,1.34627314814815,-64.5342622190451,425825.282049205,4027430.20813818
usa_NC_0048_0078,30-Dec-2023 15:41:22,1.34627314814815,-64.7600270924063,425834.870948752,4027381.06955354
usa_NC_0048_0077,30-Dec-2023 15:41:22,1.34627314814815,-65.5564800277584,425843.898254617,4027331.8289964
usa_NC_0048_0076,30-Dec-2023 15:41:22,1.34627314814815,-65.4730498465924,425853.791348158,4027282.74602904
usa_NC_0048_0075,30-Dec-2023 15:41:22,1.34627314814815,-64.8419486395483,425864.223256028,4027233.76156755
usa_NC_0048_0074,30-Dec-2023 15:41:22,1.34627314814815,-64.4333311936634,425874.43616984,4027184.73763092
usa_NC_0048_0073,30-Dec-2023 15:41:22,1.34627314814815,-63.6050295312089,425885.061921643,4027135.78947668
usa_NC_0048_0072,30-Dec-2023 15:41:22,1.34627314814815,-63.4974967749436,425894.97845401,4027086.71221554
usa_NC_0048_0071,30-Dec-2023 15:41:22,1.34627314814815,-64.3811483435361,425903.919799973,4027037.45683236
usa_NC_0048_0070,30-Dec-2023 15:41:22,1.34627314814815,-65.390742714545,425912.737256481,4026988.17871336
usa_NC_0048_0069,30-Dec-2023 15:41:22,1.34627314814815,-66.975972331195,425920.988459967,4026938.79669192
usa_NC_0048_0068,30-Dec-2023 15:41:22,1.34627314814815,-69.6885964197095,425928.130703206,4026889.21088036
usa_NC_0048_0067,30-Dec-2023 15:41:22,1.34627314814815,-73.1187333399157,425934.567283011,4026839.49478311
usa_NC_0048_0066,30-Dec-2023 15:41:22,1.34627314814815,-74.6149720293556,425942.906292855,4026790.12749399
usa_NC_0048_0065,30-Dec-2023 15:41:22,1.34627314814815,-75.4040012593291,425951.940967717,4026740.88794509
usa_NC_0048_0064,30-Dec-2023 15:41:22,1.34627314814815,-76.5118581363977,425960.662054735,4026691.59063116
usa_NC_0048_0063,30-Dec-2023 15:41:22,1.34627314814815,-77.0215499906271,425969.971483961,4026642.40165352
usa_NC_0048_0062,30-Dec-2023 15:41:22,1.34627314814815,-76.6772996425871,425980.120748943,4026593.36775427
usa_NC_0048_0061,30-Dec-2023 15:41:22,1.34627314814815,-76.2355681678728,425990.36283744,4026544.36680772
usa_NC_0048_0060,30-Dec-2023 15:41:22,1.34627314814815,-74.7735563065989,426001.599297424,4026495.59646006
usa_NC_0048_0059,30-Dec-2023 15:41:22,1.34627314814815,-72.2631192296394,426013.866854597,4026447.01655391
usa_NC_0048_0058,30-Dec-2023 15:41:22,1.34627314814815,-70.0011288603037,426025.890072019,4026398.39151503
usa_NC_0048_0057,30-Dec-2023 15:41:22,1.34627314814815,-68.089476111033,426037.568742243,4026349.70283818
usa_NC_0048_0056,30-Dec-2023 15:41:22,1.34627314814815,-66.4565305005935,426048.973308869,4026300.9635497
usa_NC_0048_0055,30-Dec-2023 15:41:22,1.34627314814815,-65.328501481732,426059.88130571,4026252.13253693
usa_NC_0048_0054,30-Dec-2023 15:41:22,1.34627314814815,-63.2355458355082,426071.738281442,4026203.47679727
usa_NC_0048_0053,30-Dec-2023 15:41:22,1.34627314814815,-61.4097439417615,426083.332519953,4026154.77252487
usa_NC_0048_0052,30-Dec-2023 15:41:22,1.34627314814815,-59.5721104387576,426094.938390986,4026106.07041934
usa_NC_0048_0051,30-Dec-2023 15:41:22,1.34627314814815,-58.138750426232,426106.149948485,4026057.27847381
usa_NC_0048_0050,30-Dec-2023 15:41:22,1.34627314814815,-58.1374316616934,426115.956167125,4026008.21122104
usa_NC_0048_0049,30-Dec-2023 15:41:22,1.34627314814815,-58.141254925064,426125.757299307,4025959.14318146
usa_NC_0048_0048,30-Dec-2023 15:41:22,1.34627314814815,-57.6853567224666,426136.010499162,4025910.1589267
usa_NC_0048_0047,30-Dec-2023 15:41:22,1.34627314814815,-56.7160628923939,426146.768521997,4025861.26836528
usa_NC_0048_0046,30-Dec-2023 15:41:22,1.34627314814815,-55.5652794088587,426157.704950314,4025812.41119383
usa_NC_0048_0045,30-Dec-2023 15:41:22,1.34627314814815,-55.4403093687429,426167.632571195,4025763.36742947
usa_NC_0048_0044,30-Dec-2023 15:41:22,1.34627314814815,-54.7564905798158,426178.109696048,4025714.42571937
usa_NC_0048_0043,30-Dec-2023 15:41:22,1.34627314814815,-53.1249313589374,426189.518691569,4025665.65719187
usa_NC_0048_0042,30-Dec-2023 15:41:22,1.34627314814815,-52.3006883044864,426200.133767968,4025616.74174901
usa_NC_0048_0041,30-Dec-2023 15:41:22,1.34627314814815,-52.0574339907221,426210.177513221,4025567.72049601
usa_NC_0048_0040,30-Dec-2023 15:41:22,1.34627314814815,-51.6243630409658,426220.407858915,4025518.7341175
usa_NC_0048_0039,30-Dec-2023 15:41:22,1.34627314814815,-50.5856295028302,426231.233671316,4025469.85868401
usa_NC_0048_0038,30-Dec-2023 15:41:22,1.34627314814815,-49.8597890080578,426241.751773115,4025420.92635968
usa_NC_0048_0037,30-Dec-2023 15:41:22,1.34627314814815,-48.6550342852597,426252.740687223,4025372.0819616
usa_NC_0048_0036,30-Dec-2023 15:41:22,1.34627314814815,-48.2172066394246,426262.975501189,4025323.09749707
usa_NC_0048_0035,30-Dec-2023 15:41:22,1.34627314814815,-48.1352547048868,426272.860389908,4025274.04804576
usa_NC_0048_0034,30-Dec-2023 15:41:22,1.34627314814815,-47.9261836799906,426282.870222438,4025225.02205684
usa_NC_0048_0033,30-Dec-2023 15:41:22,1.34627314814815,-47.8173614950379,426292.781461641,4025175.97786504
usa_NC_0048_0032,30-Dec-2023 15:41:22,1.34627314814815,-47.3718034712047,426303.023714932,4025126.99562185
usa_NC_0048_0031,30-Dec-2023 15:41:22,1.34627314814815,-47.2637699954453,426312.934107673,4025077.95164103
usa_NC_0048_0030,30-Dec-2023 15:41:22,1.34627314814815,-48.389594797376,426321.631505382,4025028.68118139
usa_NC_0048_0029,30-Dec-2023 15:41:22,1.34627314814815,-49.6664013116165,426330.180499162,4024979.38288424
usa_NC_0048_0028,30-Dec-2023 15:41:22,1.34627314814815,-50.1625001438697,426339.496969507,4024930.22803958
usa_NC_0048_0027,30-Dec-2023 15:41:22,1.34627314814815,-50.4409186103549,426349.029904403,4024881.10081545
usa_NC_0048_0026,30-Dec-2023 15:41:22,1.34627314814815,-51.508407242055,426357.79921156,4024831.76820152
usa_NC_0048_0025,30-Dec-2023 15:41:22,1.34627314814815,-51.2495841686946,426367.872180402,4024782.68015495
usa_NC_0048_0024,30-Dec-2023 15:41:22,1.34627314814815,-50.974479551116,426377.961052545,4024733.59561206
usa_NC_0048_0023,30-Dec-2023 15:41:22,1.34627314814815,-51.2130164312121,426387.54505037,4024684.41637798
usa_NC_0048_0022,30-Dec-2023 15:41:22,1.34627314814815,-50.0323463015966,426398.523627182,4024635.50080048
usa_NC_0048_0021,30-Dec-2023 15:41:22,1.34627314814815,-49.0110064292039,426409.345425359,4024586.55669043
usa_NC_0048_0020,30-Dec-2023 15:41:22,1.34627314814815,-47.5197056305992,426420.628773616,4024537.70116681
usa_NC_0048_0019,30-Dec-2023 15:41:22,1.34627314814815,-46.0395020418978,426431.900957941,4024488.84487919
usa_NC_0048_0018,30-Dec-2023 15:41:22,1.34627314814815,-45.4170426813321,426442.330233924,4024439.82948664
usa_NC_0048_0017,30-Dec-2023 15:41:22,1.34627314814815,-44.9265775394356,426452.62969655,4024390.79012143
usa_NC_0048_0016,30-Dec-2023 15:41:22,1.34627314814815,-44.1026643793593,426463.256566742,4024341.81397447
usa_NC_0048_0015,30-Dec-2023 15:41:22,1.34627314814815,-42.9845594173976,426474.172221147,4024292.89399487
usa_NC_0048_0014,30-Dec-2023 15:41:22,1.34627314814815,-41.9250521428203,426485.030110848,4024243.96404936
usa_NC_0048_0013,30-Dec-2023 15:41:22,1.34627314814815,-42.5729863292036,426494.210966897,4024194.71300669
usa_NC_0048_0012,30-Dec-2023 15:41:22,1.34627314814815,-44.4293235406985,426502.205180513,4024145.23351295
usa_NC_0048_0011,30-Dec-2023 15:41:22,1.34627314814815,-45.9508465585232,426510.528341457,4024095.81650393
usa_NC_0048_0010,30-Dec-2023 15:41:22,1.34627314814815,-46.3480393129394,426519.955593124,4024046.61201635
usa_NC_0048_0009,30-Dec-2023 15:41:22,1.34627314814815,-46.883875544263,426529.24671219,4023997.38124677
usa_NC_0048_0008,30-Dec-2023 15:41:22,1.34627314814815,-47.0930356439476,426538.85854765,4023948.21262153
usa_NC_0048_0007,30-Dec-2023 15:41:22,1.34627314814815,-46.2676714350901,426549.485915352,4023899.24138999
usa_NC_0048_0006,30-Dec-2023 15:41:22,1.34627314814815,-45.4780112116287,426560.078061329,4023850.26421268
usa_NC_0048_0005,30-Dec-2023 15:41:22,1.34627314814815,-44.2207303730329,426571.129027098,4023801.37734186
usa_NC_0048_0004,30-Dec-2023 15:41:22,1.34627314814815,-42.7487936751977,426582.390441505,4023752.53276244
usa_NC_0048_0003,30-Dec-2023 15:41:22,1.34627314814815,-41.7122903935988,426593.224257787,4023703.60589286
usa_NC_0048_0002,30-Dec-2023 15:41:22,1.34627314814815,-40.3024400571858,426604.424255485,4023654.75181976
usa_NC_0048_0001,30-Dec-2023 15:41:22,1.34627314814815,-38.6820565898379,426615.827846914,4023605.95330304
usa_NC_0047_0201,30-Dec-2023 15:41:22,1.34627314814815,-37.412683031077,426626.884247939,4023557.10094504
usa_NC_0047_0200,30-Dec-2023 15:41:22,1.34627314814815,-34.738383777204,426639.319047046,4023508.52033697
usa_NC_0047_0199,30-Dec-2023 15:41:22,1.34627314814815,-33.1285437809356,426650.709211951,4023459.73520501
usa_NC_0047_0198,30-Dec-2023 15:41:22,1.34627314814815,-31.9248247713658,426661.7709928,4023410.52086896
usa_NC_0047_0197,30-Dec-2023 15:41:22,1.34627314814815,-30.6698335755427,426672.899577295,4023361.23388027
usa_NC_0047_0196,30-Dec-2023 15:41:22,1.34627314814815,-29.5493221331681,426683.895545166,4023311.92426308
usa_NC_0047_0195,30-Dec-2023 15:41:22,1.34627314814815,-28.484273308085,426694.83645487,4023262.60713469
usa_NC_0047_0194,30-Dec-2023 15:41:22,1.34627314814815,-27.4157807495712,426705.780061194,4023213.29408585
usa_NC_0047_0193,30-Dec-2023 15:41:22,1.34627314814815,-26.0572170143314,426717.006981435,4023164.04355094
usa_NC_0047_0192,30-Dec-2023 15:41:22,1.34627314814815,-24.3038592756229,426728.619382774,4023114.87868011
usa_NC_0047_0191,30-Dec-2023 15:41:22,1.34627314814815,-22.8456020690646,426739.941911345,4023065.65845192
usa_NC_0047_0190,30-Dec-2023 15:41:22,1.34627314814815,-21.7306488239237,426750.927744557,4023016.37118715
usa_NC_0047_0189,30-Dec-2023 15:41:22,1.34627314814815,-20.6969402139339,426761.833440112,4022967.07034475
usa_NC_0047_0188,30-Dec-2023 15:41:22,1.34627314814815,-20.8898430755216,426771.539814334,4022917.51157791
usa_NC_0047_0187,30-Dec-2023 15:41:22,1.34627314814815,-20.3109400254216,426782.000368601,4022868.11737585
usa_NC_0047_0186,30-Dec-2023 15:41:22,1.34627314814815,-18.8053741281292,426793.365478645,4022818.92548489
usa_NC_0047_0185,30-Dec-2023 15:41:22,1.34627314814815,-17.7527748057573,426804.287435761,4022769.63966869
usa_NC_0047_0184,30-Dec-2023 15:41:22,1.34627314814815,-17.5844606557494,426814.345870347,4022720.16246202
usa_NC_0047_0183,30-Dec-2023 15:41:22,1.34627314814815,-16.8355709193975,426824.970572813,4022670.8142955
usa_NC_0047_0182,30-Dec-2023 15:41:22,1.34627314814815,-16.263010164821,426835.42290081,4022621.42889408
usa_NC_0047_0181,30-Dec-2023 15:41:22,1.34627314814815,-15.8284059315347,426845.740446046,4022572.01396129
usa_NC_0047_0180,30-Dec-2023 15:41:22,1.34627314814815,-15.3454993360929,426856.104831292,4022522.61112544
usa_NC_0047_0179,30-Dec-2023 15:41:22,1.34627314814815,-14.9941486114903,426866.340833928,4022473.17939397
usa_NC_0047_0178,30-Dec-2023 15:41:22,1.34627314814815,-13.490960749753,426877.695968632,4022424.02528749
usa_NC_0047_0177,30-Dec-2023 15:41:22,1.34627314814815,-12.0287779738637,426889.000066403,4022374.9173273
usa_NC_0047_0176,30-Dec-2023 15:41:22,1.34627314814815,-11.6204854327807,426899.277923387,4022325.56673268
usa_NC_0047_0175,30-Dec-2023 15:41:22,1.34627314814815,-10.5646538241999,426910.185433666,4022276.3697092
usa_NC_0047_0174,30-Dec-2023 15:41:22,1.34627314814815,-9.44647075838293,426921.152986077,4022227.19041117
usa_NC_0047_0173,30-Dec-2023 15:41:22,1.34627314814815,-8.48074348286355,426931.972545255,4022177.97369767
usa_NC_0047_0172,30-Dec-2023 15:41:22,1.34627314814815,-6.5399039003496,426943.732516203,4022129.02711103
usa_NC_0047_0171,30-Dec-2023 15:41:22,1.34627314814815,-5.32244387914398,426954.756446858,4022080.07231611
usa_NC_0047_0170,30-Dec-2023 15:41:22,1.34627314814815,-4.80311871516824,426965.103071463,4022030.94421632
usa_NC_0047_0169,30-Dec-2023 15:41:22,1.34627314814815,-2.88903369030504,426976.805494891,4021982.14908222
usa_NC_0047_0168,30-Dec-2023 15:41:22,1.34627314814815,-1.00181544584575,426988.482501486,4021933.34403398
usa_NC_0047_0167,30-Dec-2023 15:41:22,1.34627314814815,0.886152246253005,427000.160919073,4021884.53574927
usa_NC_0047_0166,30-Dec-2023 15:41:22,1.34627314814815,2.35156789230041,427011.429798767,4021835.62053183
usa_NC_0047_0165,30-Dec-2023 15:41:22,1.34627314814815,3.15949477861886,427022.0612829,4021786.5397121
usa_NC_0047_0164,30-Dec-2023 15:41:22,1.34627314814815,4.65970725444095,427033.36565349,4021737.6244639
usa_NC_0047_0163,30-Dec-2023 15:41:22,1.34627314814815,6.21759920572731,427044.726796287,4021688.71946252
usa_NC_0047_0162,30-Dec-2023 15:41:22,1.34627314814815,8.21115247517537,427056.511407739,4021639.91857979
usa_NC_0047_0161,30-Dec-2023 15:41:22,1.34627314814815,11.2742257937407,427069.334175921,4021591.38046342
usa_NC_0047_0160,30-Dec-2023 15:41:22,1.34627314814815,14.2175840738328,427082.041157876,4021542.81084183
usa_NC_0047_0159,30-Dec-2023 15:41:22,1.34627314814815,17.2711835143928,427094.855406915,4021494.26701031
usa_NC_0047_0158,30-Dec-2023 15:41:22,1.34627314814815,19.1072025375288,427106.489409574,4021445.41588442
usa_NC_0047_0157,30-Dec-2023 15:41:22,1.34627314814815,21.7641276960703,427118.919948616,4021396.76792994
usa_NC_0047_0156,30-Dec-2023 15:41:22,1.34627314814815,24.3481893033777,427131.280307835,4021348.09933635
usa_NC_0047_0155,30-Dec-2023 15:41:22,1.34627314814815,26.8041386086479,427143.516980102,4021299.39592191
usa_NC_0047_0154,30-Dec-2023 15:41:22,1.34627314814815,30.4837231330303,427156.939871204,4021251.00081297
usa_NC_0047_0153,30-Dec-2023 15:41:22,1.34627314814815,33.546804627309,427169.765601711,4021202.44791374
usa_NC_0047_0152,30-Dec-2023 15:41:22,1.34627314814815,37.2045599735065,427183.167721503,4021154.04535116
usa_NC_0047_0151,30-Dec-2023 15:41:22,1.34627314814815,40.0600634115235,427195.792965655,4021105.43642574
usa_NC_0047_0150,30-Dec-2023 15:41:22,1.34627314814815,43.3042202479801,427208.79497079,4021056.9254657
usa_NC_0047_0149,30-Dec-2023 15:41:22,1.34627314814815,45.9377786541017,427221.206039336,4021008.25570111
usa_NC_0047_0148,30-Dec-2023 15:41:22,1.34627314814815,48.3329138223253,427233.308763708,4020959.91225871
usa_NC_0047_0147,30-Dec-2023 15:41:22,1.34627314814815,50.7642170057716,427245.426912237,4020911.67620459
usa_NC_0047_0146,30-Dec-2023 15:41:22,1.34627314814815,52.6236752601153,427256.991040225,4020863.29437529
usa_NC_0047_0145,30-Dec-2023 15:41:22,1.34627314814815,54.6106902750953,427268.678696297,4020814.94532678
usa_NC_0047_0144,30-Dec-2023 15:41:22,1.34627314814815,57.0028434836149,427280.758925127,4020766.69924261
usa_NC_0047_0143,30-Dec-2023 15:41:22,1.34627314814815,59.2604738400723,427292.708898112,4020718.41849577
usa_NC_0047_0142,30-Dec-2023 15:41:22,1.34627314814815,62.2338033289243,427305.35270508,4020670.31797775
usa_NC_0047_0141,30-Dec-2023 15:41:22,1.34627314814815,64.1882089889559,427317.008968865,4020621.95961238
usa_NC_0047_0140,30-Dec-2023 15:41:22,1.34627314814815,66.5615654852954,427329.071451632,4020573.70641073
usa_NC_0047_0139,30-Dec-2023 15:41:22,1.34627314814815,69.9906927667453,427342.157975278,4020525.71644969
usa_NC_0047_0138,30-Dec-2023 15:41:22,1.34627314814815,73.9659793879164,427355.774738058,4020477.8601934
usa_NC_0047_0137,30-Dec-2023 15:41:22,1.34627314814815,78.0594738020072,427369.506822317,4020430.03007615
usa_NC_0047_0136,30-Dec-2023 15:41:22,1.34627314814815,81.291253494428,427382.403440911,4020381.98334536
usa_NC_0047_0135,30-Dec-2023 15:41:22,1.34627314814815,84.6717566117932,427395.444794349,4020333.97128883
usa_NC_0047_0134,30-Dec-2023 15:41:22,1.34627314814815,87.7545604811694,427408.19763083,4020285.8838279
usa_NC_0047_0133,30-Dec-2023 15:41:22,1.34627314814815,91.9594542281138,427422.043391788,4020238.05333511
usa_NC_0047_0132,30-Dec-2023 15:41:22,1.34627314814815,95.7594162718824,427435.505612544,4020190.07572948
usa_NC_0047_0131,30-Dec-2023 15:41:22,1.34627314814815,100.011010083781,427449.406832765,4020142.20602265
usa_NC_0047_0130,30-Dec-2023 15:41:22,1.34627314814815,103.948443570505,427463.003496712,4020094.25717221
usa_NC_0047_0129,30-Dec-2023 15:41:22,1.34627314814815,108.008823960867,427476.720045564,4020046.33580887
usa_NC_0047_0128,30-Dec-2023 15:41:22,1.34627314814815,111.705485599802,427490.083772468,4019998.32392946
usa_NC_0047_0127,30-Dec-2023 15:41:22,1.34627314814815,115.602239547063,427503.642307246,4019950.3582914
usa_NC_0047_0126,30-Dec-2023 15:41:22,1.34627314814815,119.300677130738,427517.008605639,4019902.34260649
usa_NC_0047_0125,30-Dec-2023 15:41:22,1.34627314814815,122.626739179663,427530.013440751,4019854.23547174
usa_NC_0047_0124,30-Dec-2023 15:41:22,1.34627314814815,127.357734777702,427544.384084087,4019806.46313136
usa_NC_0047_0123,30-Dec-2023 15:41:22,1.34627314814815,131.822948297259,427558.497039811,4019758.62398818
usa_NC_0047_0122,30-Dec-2023 15:41:22,1.34627314814815,136.917032276131,427573.231394362,4019710.88445292
usa_NC_0047_0121,30-Dec-2023 15:41:22,1.34627314814815,140.990482265061,427587.009262587,4019662.72292271
usa_NC_0047_0120,30-Dec-2023 15:41:22,1.34627314814815,146.235296774173,427601.925590193,4019614.84195065
usa_NC_0047_0119,30-Dec-2023 15:41:22,1.34627314814815,150.810314263941,427616.190603218,4019566.80221944
usa_NC_0047_0118,30-Dec-2023 15:41:22,1.34627314814815,154.955164106931,427630.037297271,4019518.66063453
usa_NC_0047_0117,30-Dec-2023 15:41:22,1.34627314814815,158.344392796876,427643.149407015,4019470.33901629
usa_NC_0047_0116,30-Dec-2023 15:41:22,1.34627314814815,161.289843772212,427655.830101323,4019421.91162758
usa_NC_0047_0115,30-Dec-2023 15:41:22,1.34627314814815,164.895742817941,427669.152575912,4019373.64300067
usa_NC_0047_0114,30-Dec-2023 15:41:22,1.34627314814815,168.53409897537,427682.506461949,4019325.38281779
usa_NC_0047_0113,30-Dec-2023 15:41:22,1.34627314814815,172.992497633625,427696.657105714,4019277.32029123
usa_NC_0047_0112,30-Dec-2023 15:41:22,1.34627314814815,177.036892205406,427710.405249507,4019229.15923444
usa_NC_0047_0111,30-Dec-2023 15:41:22,1.34627314814815,180.950912940244,427724.026546572,4019180.96762818
usa_NC_0047_0110,30-Dec-2023 15:41:22,1.34627314814815,184.178984242452,427736.981195159,4019132.61156856
usa_NC_0047_0109,30-Dec-2023 15:41:22,1.34627314814815,188.589515741231,427751.08462007,4019084.54106191
usa_NC_0047_0108,30-Dec-2023 15:41:22,1.34627314814815,193.275228307663,427765.455204352,4019036.53792378
usa_NC_0047_0107,30-Dec-2023 15:41:22,1.34627314814815,198.42216257493,427780.273685222,4018988.6471003
usa_NC_0047_0106,30-Dec-2023 15:41:22,1.34627314814815,202.62115627874,427794.171054268,4018940.52823162
usa_NC_0047_0105,30-Dec-2023 15:41:22,1.34627314814815,206.495982078904,427807.753380813,4018892.33162456
usa_NC_0047_0104,30-Dec-2023 15:41:22,1.34627314814815,210.413350465465,427821.376924752,4018844.14585821
usa_NC_0047_0103,30-Dec-2023 15:41:22,1.34627314814815,213.884924692892,427834.567335491,4018795.85262719
usa_NC_0047_0102,30-Dec-2023 15:41:22,1.34627314814815,217.050723771355,427847.460669352,4018747.48561501
usa_NC_0047_0101,30-Dec-2023 15:41:22,1.34627314814815,220.101532826163,427860.242268555,4018699.09093528
usa_NC_0047_0100,30-Dec-2023 15:41:22,1.34627314814815,223.941140501138,427873.789928174,4018650.88808553
usa_NC_0047_0099,30-Dec-2023 15:41:22,1.34627314814815,228.215215942963,427887.75943143,4018602.79139556
usa_NC_0047_0098,30-Dec-2023 15:41:22,1.34627314814815,232.981409017778,427902.206707779,4018554.81517851
usa_NC_0047_0097,30-Dec-2023 15:41:22,1.34627314814815,237.12533987066,427916.058192163,4018506.64493111
usa_NC_0047_0096,30-Dec-2023 15:41:22,1.34627314814815,240.83903593546,427929.492246091,4018458.36804092
usa_NC_0047_0095,30-Dec-2023 15:41:22,1.34627314814815,243.429578411076,427941.835645917,4018409.81739235
usa_NC_0047_0094,30-Dec-2023 15:41:22,1.34627314814815,245.942032453073,427954.103232195,4018361.24763374
usa_NC_0047_0093,30-Dec-2023 15:41:22,1.34627314814815,249.006765988071,427966.906947596,4018312.8133372
usa_NC_0047_0092,30-Dec-2023 15:41:22,1.34627314814815,251.239792891979,427978.903283572,4018264.17501362
usa_NC_0047_0091,30-Dec-2023 15:41:22,1.34627314814815,254.912282205918,427992.296775487,4018215.89082014
usa_NC_0047_0090,30-Dec-2023 15:41:22,1.34627314814815,258.025616785603,428005.147434361,4018167.46962704
usa_NC_0047_0089,30-Dec-2023 15:41:22,1.34627314814815,261.41835777496,428018.269142193,4018119.11790072
usa_NC_0047_0088,30-Dec-2023 15:41:22,1.34627314814815,264.944212903206,428031.519882759,4018070.79976888
usa_NC_0047_0087,30-Dec-2023 15:41:22,1.34627314814815,267.76647363405,428044.087807054,4018022.30804565
usa_NC_0047_0086,30-Dec-2023 15:41:22,1.34627314814815,270.97733369522,428057.032696888,4017973.91298821
usa_NC_0047_0085,30-Dec-2023 15:41:22,1.34627314814815,275.037787671028,428070.801657846,4017925.72971063
usa_NC_0047_0084,30-Dec-2023 15:41:22,1.34627314814815,280.042652784334,428085.486455466,4017877.7828654
usa_NC_0047_0083,30-Dec-2023 15:41:22,1.34627314814815,284.590269430221,428099.724974197,4017829.73588657
usa_NC_0047_0082,30-Dec-2023 15:41:22,1.34627314814815,289.774936549142,428114.574482834,4017781.88235092
usa_NC_0047_0081,30-Dec-2023 15:41:22,1.34627314814815,294.476290533967,428128.955039089,4017733.90913229
usa_NC_0047_0080,30-Dec-2023 15:41:22,1.34627314814815,298.792532775457,428142.9619388,4017685.84048667
usa_NC_0047_0079,30-Dec-2023 15:41:22,1.34627314814815,302.435270550628,428156.315553654,4017637.60402164
usa_NC_0047_0078,30-Dec-2023 15:41:22,1.34627314814815,306.421182602168,428170.001871475,4017589.45391077
usa_NC_0047_0077,30-Dec-2023 15:41:22,1.34627314814815,310.55654614707,428183.832992684,4017541.3418467
usa_NC_0047_0076,30-Dec-2023 15:41:22,1.34627314814815,314.549264266568,428197.525674918,4017493.19461939
usa_NC_0047_0075,30-Dec-2023 15:41:22,1.34627314814815,317.217381347828,428209.933899771,4017444.71544929
usa_NC_0047_0074,30-Dec-2023 15:41:22,1.34627314814815,319.971866787851,428222.425856815,4017396.25801638
usa_NC_0047_0073,30-Dec-2023 15:41:22,1.34627314814815,323.403057246296,428235.57388337,4017347.97080083
usa_NC_0047_0072,30-Dec-2023 15:41:22,1.34627314814815,326.242607997605,428248.148270325,4017299.53497235
usa_NC_0047_0071,30-Dec-2023 15:41:22,1.34627314814815,329.854876743598,428261.471786837,4017251.29363781
usa_NC_0047_0070,30-Dec-2023 15:41:22,1.34627314814815,333.350835419784,428274.682508242,4017203.023206
usa_NC_0047_0069,30-Dec-2023 15:41:22,1.34627314814815,337.680471510877,428288.701333448,4017154.96323368
usa_NC_0047_0068,30-Dec-2023 15:41:22,1.34627314814815,341.019574788689,428301.759910969,4017106.65370525
usa_NC_0047_0067,30-Dec-2023 15:41:22,1.34627314814815,345.402915352784,428315.835576021,4017058.58335559
usa_NC_0047_0066,30-Dec-2023 15:41:22,1.34627314814815,349.733415467002,428329.881568028,4017010.39183983
usa_NC_0047_0065,30-Dec-2023 15:41:22,1.34627314814815,353.552557600863,428343.431669248,4016962.07232943
usa_NC_0047_0064,30-Dec-2023 15:41:22,1.34627314814815,357.164129256809,428356.780435684,4016913.70107737
usa_NC_0047_0063,30-Dec-2023 15:41:22,1.34627314814815,360.927762257969,428370.276302961,4016865.36969366
usa_NC_0047_0062,30-Dec-2023 15:41:22,1.34627314814815,364.893002046633,428383.967174578,4016817.09129697
usa_NC_0047_0061,30-Dec-2023 15:41:22,1.34627314814815,368.477798562972,428397.289390439,4016768.71627212
usa_NC_0047_0060,30-Dec-2023 15:41:22,1.34627314814815,372.984989887655,428411.504356518,4016720.58085669
usa_NC_0047_0059,30-Dec-2023 15:41:22,1.34627314814815,376.87760684051,428425.124004379,4016672.28827356
usa_NC_0047_0058,30-Dec-2023 15:41:22,1.34627314814815,381.182937843357,428439.14275672,4016624.10462953
usa_NC_0047_0057,30-Dec-2023 15:41:22,1.34627314814815,385.502640303142,428453.174993858,4016575.92684451
usa_NC_0047_0056,30-Dec-2023 15:41:22,1.34627314814815,389.127408288178,428466.534558131,4016527.56890098
usa_NC_0047_0055,30-Dec-2023 15:41:22,1.34627314814815,393.922385813279,428481.02574262,4016479.51984712
usa_NC_0047_0054,30-Dec-2023 15:41:22,1.34627314814815,399.042180345876,428495.830431721,4016431.55954037
usa_NC_0047_0053,30-Dec-2023 15:41:22,1.34627314814815,402.150667187058,428508.689824658,4016383.06989925
usa_NC_0047_0052,30-Dec-2023 15:41:22,1.34627314814815,405.74813073693,428522.021883421,4016334.71026061
usa_NC_0047_0051,30-Dec-2023 15:41:22,1.34627314814815,409.863283979204,428535.854108198,4016286.48953446
usa_NC_0047_0050,30-Dec-2023 15:41:22,1.34627314814815,412.868809800068,428548.613731126,4016237.97373791
usa_NC_0047_0049,30-Dec-2023 15:41:22,1.34627314814815,415.928813239843,428561.426018172,4016189.47240652
usa_NC_0047_0048,30-Dec-2023 15:41:22,1.34627314814815,418.433918140146,428573.702303297,4016140.82161069
usa_NC_0047_0047,30-Dec-2023 15:41:22,1.34627314814815,422.913163677986,428587.878372257,4016092.73823501
usa_NC_0047_0046,30-Dec-2023 15:41:22,1.34627314814815,426.37200764797,428601.068206639,4016044.38292187
usa_NC_0047_0045,30-Dec-2023 15:41:22,1.34627314814815,429.430988747626,428613.871851795,4015995.91962041
usa_NC_0047_0044,30-Dec-2023 15:41:22,1.34627314814815,433.115422250892,428627.279332931,4015947.62637452
usa_NC_0047_0043,30-Dec-2023 15:41:22,1.34627314814815,436.710056626379,428640.599971962,4015899.30944635
usa_NC_0047_0042,30-Dec-2023 15:41:22,1.34627314814815,441.489830933972,428655.064337514,4015851.31701777
usa_NC_0047_0041,30-Dec-2023 15:41:22,1.34627314814815,445.476278167514,428668.76296882,4015803.10801682
usa_NC_0047_0040,30-Dec-2023 15:41:22,1.34627314814815,450.180166631822,428683.154066312,4015755.09498013
usa_NC_0047_0039,30-Dec-2023 15:41:22,1.34627314814815,454.908511681553,428697.569050655,4015707.08721421
usa_NC_0047_0038,30-Dec-2023 15:41:22,1.34627314814815,459.460996640343,428711.819882403,4015659.00346094
usa_NC_0047_0037,30-Dec-2023 15:41:22,1.34627314814815,463.651643567425,428725.721820987,4015610.8191284
usa_NC_0047_0036,30-Dec-2023 15:41:22,1.34627314814815,468.196232486931,428739.965247006,4015562.73214026
usa_NC_0047_0035,30-Dec-2023 15:41:22,1.34627314814815,472.404522798676,428753.884527158,4015514.55106366
usa_NC_0047_0034,30-Dec-2023 15:41:22,1.34627314814815,477.595925860277,428768.751648726,4015466.64376192
usa_NC_0047_0033,30-Dec-2023 15:41:22,1.34627314814815,483.275716136416,428784.089330255,4015418.87399284
usa_NC_0047_0032,30-Dec-2023 15:41:22,1.34627314814815,489.764967379534,428800.206715577,4015371.33322351
usa_NC_0047_0031,30-Dec-2023 15:41:22,1.34627314814815,495.761828479907,428815.84914864,4015323.65647406
usa_NC_0047_0030,30-Dec-2023 15:41:22,1.34627314814815,501.452144327838,428831.195892219,4015275.89507033
usa_NC_0047_0029,30-Dec-2023 15:41:22,1.34627314814815,506.425400171815,428845.851728096,4015227.93184862
usa_NC_0047_0028,30-Dec-2023 15:41:22,1.34627314814815,510.961768548575,428860.086799848,4015179.84471638
usa_NC_0047_0027,30-Dec-2023 15:41:22,1.34627314814815,515.534991991591,428874.357435513,4015131.7676918
usa_NC_0047_0026,30-Dec-2023 15:41:22,1.34627314814815,520.994755445732,428889.481538538,4015083.94388464
usa_NC_0047_0025,30-Dec-2023 15:41:22,1.34627314814815,528.221490317213,428906.306038251,4015036.62805702
usa_NC_0047_0024,30-Dec-2023 15:41:22,1.34627314814815,534.97279568599,428922.672231821,4014989.17950125
usa_NC_0047_0023,30-Dec-2023 15:41:22,1.34627314814815,540.531914142114,428937.890747019,4014941.39025951
usa_NC_0047_0022,30-Dec-2023 15:41:22,1.34627314814815,545.544700457173,428952.583455969,4014893.44424735
usa_NC_0047_0021,30-Dec-2023 15:41:22,1.34627314814815,549.096423569032,428965.870851117,4014845.07469458
usa_NC_0047_0020,30-Dec-2023 15:41:22,1.34627314814815,553.351282397284,428979.834805914,4014796.90770287
usa_NC_0047_0019,30-Dec-2023 15:41:22,1.34627314814815,556.335860472715,428992.577608151,4014748.36918053
usa_NC_0047_0018,30-Dec-2023 15:41:22,1.34627314814815,559.772419525924,429005.755492334,4014699.95994386
usa_NC_0047_0017,30-Dec-2023 15:41:22,1.34627314814815,563.756613148555,429019.455728918,4014651.73140863
usa_NC_0047_0016,30-Dec-2023 15:41:22,1.34627314814815,568.154245208174,429033.533870773,4014603.72159803
usa_NC_0047_0015,30-Dec-2023 15:41:22,1.34627314814815,573.368079343069,429048.396478538,4014555.95135773
usa_NC_0047_0014,30-Dec-2023 15:41:22,1.34627314814815,578.78633351272,429063.455520807,4014508.24130424
usa_NC_0047_0013,30-Dec-2023 15:41:22,1.34627314814815,584.934509609709,429079.216012853,4014460.74595059
usa_NC_0047_0012,30-Dec-2023 15:41:22,1.34627314814815,591.168481668225,429095.058891513,4014413.27614679
usa_NC_0047_0011,30-Dec-2023 15:41:22,1.34627314814815,596.898552946805,429110.417470712,4014365.65839742
usa_NC_0047_0010,30-Dec-2023 15:41:22,1.34627314814815,602.185624662699,429125.35032289,4014317.91038179
usa_NC_0047_0009,30-Dec-2023 15:41:22,1.34627314814815,605.607006364728,429138.490416825,4014269.61280693
usa_NC_0047_0008,30-Dec-2023 15:41:22,1.34627314814815,609.247359051991,429151.841023795,4014221.37922263
usa_NC_0047_0007,30-Dec-2023 15:41:22,1.34627314814815,614.222290754439,429166.474044719,4014173.5387279
usa_NC_0047_0006,30-Dec-2023 15:41:22,1.34627314814815,618.04587830603,429180.000855668,4014125.35845705
usa_NC_0047_0005,30-Dec-2023 15:41:22,1.34627314814815,622.503774090293,429194.137180185,4014077.36502304
usa_NC_0047_0004,30-Dec-2023 15:41:22,1.34627314814815,626.470131081765,429207.801303229,4014029.22618764
usa_NC_0047_0003,30-Dec-2023 15:41:22,1.34627314814815,631.580527183394,429222.564599751,4013981.42506173
usa_NC_0047_0002,30-Dec-2023 15:41:22,1.34627314814815,635.114177414653,429235.813143121,4013933.15770629
usa_NC_0047_0001,30-Dec-2023 15:41:22,1.34627314814815,639.270889226386,429249.660336754,4013885.07415659
usa_NC_0046_0151,30-Dec-2023 15:41:22,1.34627314814815,644.516211720038,429264.553333384,4013837.31253386
usa_NC_0046_0150,30-Dec-2023 15:41:22,1.34627314814815,649.283671006733,429278.98729554,4013789.40940788
usa_NC_0046_0149,30-Dec-2023 15:41:22,1.34627314814815,652.97228169983,429292.38498578,4013741.18647678
usa_NC_0046_0148,30-Dec-2023 15:41:22,1.34627314814815,657.032552237622,429306.13975754,4013693.07327111
usa_NC_0046_0147,30-Dec-2023 15:41:22,1.34627314814815,661.349609653799,429320.141242247,4013645.03588428
usa_NC_0046_0146,30-Dec-2023 15:41:22,1.34627314814815,667.209350317214,429335.624470832,4013597.45608565
usa_NC_0046_0145,30-Dec-2023 15:41:22,1.34627314814815,673.025834145249,429351.06611185,4013549.86365379
usa_NC_0046_0144,30-Dec-2023 15:41:22,1.34627314814815,680.142786200161,429367.756682464,4013502.65780185
usa_NC_0046_0143,30-Dec-2023 15:41:22,1.34627314814815,685.752898499943,429383.000006851,4013455.00464298
usa_NC_0046_0142,30-Dec-2023 15:41:22,1.34627314814815,691.478754584179,429398.360352618,4013407.3565416
usa_NC_0046_0141,30-Dec-2023 15:41:22,1.34627314814815,696.605198249273,429413.182153336,4013359.3445345
usa_NC_0046_0140,30-Dec-2023 15:41:22,1.34627314814815,701.34348372215,429427.63116861,4013311.21719412
usa_NC_0046_0139,30-Dec-2023 15:41:22,1.34627314814815,704.901382693268,429440.942225271,4013262.76074761
usa_NC_0046_0138,30-Dec-2023 15:41:22,1.34627314814815,708.780422213406,429454.56211735,4013214.3976525
usa_NC_0046_0137,30-Dec-2023 15:41:22,1.34627314814815,712.715323926363,429468.236196509,4013166.04846699
usa_NC_0046_0136,30-Dec-2023 15:41:22,1.34627314814815,716.89287691613,429482.143527658,4013117.77032564
usa_NC_0046_0135,30-Dec-2023 15:41:22,1.34627314814815,722.048448799585,429496.988873531,4013069.78914006
usa_NC_0046_0134,30-Dec-2023 15:41:22,1.34627314814815,727.747124735323,429512.354739485,4013021.97470493
usa_NC_0046_0133,30-Dec-2023 15:41:22,1.34627314814815,732.130895648666,429526.46049254,4012973.75597987
usa_NC_0046_0132,30-Dec-2023 15:41:22,1.34627314814815,735.984609197801,429540.058870178,4012925.37130482
usa_NC_0046_0131,30-Dec-2023 15:41:22,1.34627314814815,740.384789630353,429554.181215121,4012877.15329058
usa_NC_0046_0130,30-Dec-2023 15:41:22,1.34627314814815,744.465193565333,429567.997759211,4012828.83370002
usa_NC_0046_0129,30-Dec-2023 15:41:22,1.34627314814815,749.835206628858,429583.049256833,4012780.91521352
usa_NC_0046_0128,30-Dec-2023 15:41:22,1.34627314814815,755.640548774556,429598.51727373,4012733.13392745
usa_NC_0046_0127,30-Dec-2023 15:41:22,1.34627314814815,761.052634571242,429613.608756247,4012685.23005172
usa_NC_0046_0126,30-Dec-2023 15:41:22,1.34627314814815,765.859327713488,429628.121068597,4012637.13505456
usa_NC_0046_0125,30-Dec-2023 15:41:22,1.34627314814815,771.47390705367,429643.406128286,4012589.29583331
usa_NC_0046_0124,30-Dec-2023 15:41:22,1.34627314814815,777.963639742256,429659.527677705,4012541.73668226
usa_NC_0046_0123,30-Dec-2023 15:41:22,1.34627314814815,783.723032572828,429674.95054997,4012493.94682328
usa_NC_0046_0122,30-Dec-2023 15:41:22,1.34627314814815,789.763752223507,429690.641988655,4012446.24865508
usa_NC_0046_0121,30-Dec-2023 15:41:22,1.34627314814815,796.692459443871,429707.181362797,4012398.83877536
usa_NC_0046_0120,30-Dec-2023 15:41:22,1.34627314814815,803.380554981686,429723.490114342,4012351.35510169
usa_NC_0046_0119,30-Dec-2023 15:41:22,1.34627314814815,808.950267383384,429738.730244051,4012303.51175703
usa_NC_0046_0118,30-Dec-2023 15:41:22,1.34627314814815,814.099428336355,429753.568720802,4012255.53223016
usa_NC_0046_0117,30-Dec-2023 15:41:22,1.34627314814815,818.527851800529,429767.719349265,4012207.31680751
usa_NC_0046_0116,30-Dec-2023 15:41:22,1.34627314814815,824.021236985625,429782.88735394,4012159.44488216
usa_NC_0046_0115,30-Dec-2023 15:41:22,1.34627314814815,830.057273247912,429798.574236283,4012111.74561482
usa_NC_0046_0114,30-Dec-2023 15:41:22,1.34627314814815,836.305688987961,429814.464636314,4012064.11170688
usa_NC_0046_0113,30-Dec-2023 15:41:22,1.34627314814815,840.357989954433,429828.261974928,4012015.74480959
usa_NC_0046_0112,30-Dec-2023 15:41:22,1.34627314814815,844.535731823358,429842.180785219,4011967.41018623
usa_NC_0046_0111,30-Dec-2023 15:41:22,1.34627314814815,848.476084995302,429855.875213235,4011918.98698791
usa_NC_0046_0110,30-Dec-2023 15:41:22,1.34627314814815,853.864895782298,429870.951634879,4011871.03970286
usa_NC_0046_0109,30-Dec-2023 15:41:22,1.34627314814815,858.936089191437,429885.726792946,4011822.97915393
usa_NC_0046_0108,30-Dec-2023 15:41:22,1.34627314814815,864.892469307618,429901.346336479,4011775.21036529
usa_NC_0046_0107,30-Dec-2023 15:41:22,1.34627314814815,870.860906462128,429916.978371314,4011727.44059628
usa_NC_0046_0106,30-Dec-2023 15:41:22,1.34627314814815,877.202633385807,429932.966716106,4011679.7927319
usa_NC_0046_0105,30-Dec-2023 15:41:22,1.34627314814815,882.528087610849,429947.988815841,4011631.79396592
usa_NC_0046_0104,30-Dec-2023 15:41:22,1.34627314814815,888.431958725105,429963.562504069,4011583.98668473
usa_NC_0046_0103,30-Dec-2023 15:41:22,1.34627314814815,894.246473625924,429979.05224118,4011536.143514
usa_NC_0046_0102,30-Dec-2023 15:41:22,1.34627314814815,901.869797729734,429996.27700625,4011488.84852609
usa_NC_0046_0101,30-Dec-2023 15:41:22,1.34627314814815,909.478612999617,430013.502568437,4011441.47550605
usa_NC_0046_0100,30-Dec-2023 15:41:22,1.34627314814815,917.635048067762,430031.248804459,4011394.29151226
usa_NC_0046_0099,30-Dec-2023 15:41:22,1.34627314814815,925.089618433548,430048.328431336,4011346.86164774
usa_NC_0046_0098,30-Dec-2023 15:41:22,1.34627314814815,932.338176468364,430065.212967708,4011299.35674457
usa_NC_0046_0097,30-Dec-2023 15:41:22,1.34627314814815,939.655420902957,430082.163329404,4011251.87295476
usa_NC_0046_0096,30-Dec-2023 15:41:22,1.34627314814815,946.553291098065,430098.716438178,4011204.23697096
usa_NC_0046_0095,30-Dec-2023 15:41:22,1.34627314814815,954.733295931847,430116.48628063,4011157.05512555
usa_NC_0046_0094,30-Dec-2023 15:41:22,1.34627314814815,963.308125382447,430134.630355426,4011110.01539341
usa_NC_0046_0093,30-Dec-2023 15:41:22,1.34627314814815,973.374013596459,430154.18698723,4011063.51603076
usa_NC_0046_0092,30-Dec-2023 15:41:22,1.34627314814815,982.592980051979,430172.932704737,4011016.75268342
usa_NC_0046_0091,30-Dec-2023 15:41:22,1.34627314814815,990.927330131138,430190.794138987,4010969.90014981
usa_NC_0046_0090,30-Dec-2023 15:41:22,1.34627314814815,998.386592334227,430207.826819273,4010922.72916747
usa_NC_0046_0089,30-Dec-2023 15:41:22,1.34627314814815,1005.67529441107,430224.698164915,4010875.49514306
usa_NC_0046_0088,30-Dec-2023 15:41:22,1.34627314814815,1013.65638082071,430242.225215689,4010828.51317589
usa_NC_0046_0087,30-Dec-2023 15:41:22,1.34627314814815,1021.08167979827,430259.226185199,4010781.32756132
usa_NC_0046_0086,30-Dec-2023 15:41:22,1.34627314814815,1027.57842157081,430275.348468764,4010733.80050584
usa_NC_0046_0085,30-Dec-2023 15:41:22,1.34627314814815,1033.18739686033,430290.631014795,4010685.94526467
usa_NC_0046_0084,30-Dec-2023 15:41:22,1.34627314814815,1038.30632404365,430305.450495998,4010637.90650637
usa_NC_0046_0083,30-Dec-2023 15:41:22,1.34627314814815,1042.99382160514,430319.862554423,4010589.7049255
usa_NC_0046_0082,30-Dec-2023 15:41:22,1.34627314814815,1048.37629366907,430334.932903145,4010541.75568318
usa_NC_0046_0081,30-Dec-2023 15:41:22,1.34627314814815,1052.93802937701,430349.227650591,4010493.49936877
usa_NC_0046_0080,30-Dec-2023 15:41:22,1.34627314814815,1058.90530662898,430364.85253845,4010445.75944657
usa_NC_0046_0079,30-Dec-2023 15:41:22,1.34627314814815,1064.29714920796,430379.933839928,4010397.80321318
usa_NC_0046_0078,30-Dec-2023 15:41:22,1.34627314814815,1069.87378093628,430395.190539065,4010349.91226037
usa_NC_0046_0077,30-Dec-2023 15:41:22,1.34627314814815,1075.60668590297,430410.595657638,4010302.07607177
usa_NC_0046_0076,30-Dec-2023 15:41:22,1.34627314814815,1082.58858785032,430427.182282716,4010254.7011998
usa_NC_0046_0075,30-Dec-2023 15:41:22,1.34627314814815,1090.07613697451,430444.247461267,4010207.51194088
usa_NC_0046_0074,30-Dec-2023 15:41:22,1.34627314814815,1097.14644470626,430460.918911337,4010160.16373494
usa_NC_0046_0073,30-Dec-2023 15:41:22,1.34627314814815,1104.72019089531,430478.066674877,4010113.00108007
usa_NC_0046_0072,30-Dec-2023 15:41:22,1.34627314814815,1111.89842891409,430494.841326946,4010065.68721429
usa_NC_0046_0071,30-Dec-2023 15:41:22,1.34627314814815,1119.69894133234,430512.202064416,4010018.61601628
usa_NC_0046_0070,30-Dec-2023 15:41:22,1.34627314814815,1126.82907960877,430528.888614843,4009971.49757623
usa_NC_0046_0069,30-Dec-2023 15:41:22,1.34627314814815,1133.70895502378,430545.338577228,4009924.28594259
usa_NC_0046_0068,30-Dec-2023 15:41:22,1.34627314814815,1140.2549203538,430561.472902813,4009876.94982734
usa_NC_0046_0067,30-Dec-2023 15:41:22,1.34627314814815,1147.59124607794,430578.35368707,4009829.91160673
usa_NC_0046_0066,30-Dec-2023 15:41:22,1.34627314814815,1155.72754723638,430595.990100086,4009783.17445875
usa_NC_0046_0065,30-Dec-2023 15:41:22,1.34627314814815,1164.11308074618,430613.861882745,4009736.53134267
usa_NC_0046_0064,30-Dec-2023 15:41:22,1.34627314814815,1173.19612327596,430632.392610656,4009690.1502219
usa_NC_0046_0063,30-Dec-2023 15:41:22,1.34627314814815,1182.21161757929,430650.859475357,4009643.74397707
usa_NC_0046_0062,30-Dec-2023 15:41:22,1.34627314814815,1191.19223594069,430669.293346018,4009597.32486406
usa_NC_0046_0061,30-Dec-2023 15:41:22,1.34627314814815,1199.68238137707,430687.263702384,4009550.72231522
usa_NC_0046_0060,30-Dec-2023 15:41:22,1.34627314814815,1207.00222541216,430704.128071271,4009503.68213212
usa_NC_0046_0059,30-Dec-2023 15:41:22,1.34627314814815,1213.14042270117,430719.875605706,4009456.20069828
usa_NC_0046_0058,30-Dec-2023 15:41:22,1.34627314814815,1218.84585176679,430735.213907026,4009408.55867018
usa_NC_0046_0057,30-Dec-2023 15:41:22,1.34627314814815,1224.80953282394,430750.796001396,4009361.0145501
usa_NC_0046_0056,30-Dec-2023 15:41:22,1.34627314814815,1231.18296254296,430766.765099741,4009313.62479127
usa_NC_0046_0055,30-Dec-2023 15:41:22,1.34627314814815,1237.8193402022,430782.982496552,4009266.33435855
usa_NC_0046_0054,30-Dec-2023 15:41:22,1.34627314814815,1244.45922342961,430799.202993682,4009219.04630066
usa_NC_0046_0053,30-Dec-2023 15:41:22,1.34627314814815,1252.33700263841,430816.59337315,4009172.22107928
usa_NC_0046_0052,30-Dec-2023 15:41:22,1.34627314814815,1259.89375519031,430833.660739587,4009125.37403779
usa_NC_0046_0051,30-Dec-2023 15:41:22,1.34627314814815,1267.41952561937,430850.678475249,4009078.61725593
usa_NC_0046_0050,30-Dec-2023 15:41:22,1.34627314814815,1274.63870197704,430867.405616402,4009031.75007349
usa_NC_0046_0049,30-Dec-2023 15:41:22,1.34627314814815,1281.5787126563,430883.867959288,4008984.78337201
usa_NC_0046_0048,30-Dec-2023 15:41:22,1.34627314814815,1289.32299992298,430901.090274293,4008938.11795746
usa_NC_0046_0047,30-Dec-2023 15:41:22,1.34627314814815,1296.57872560102,430917.849754625,4008891.27546014
usa_NC_0046_0046,30-Dec-2023 15:41:22,1.34627314814815,1303.79607681726,430934.572171727,4008844.42260436
usa_NC_0046_0045,30-Dec-2023 15:41:22,1.34627314814815,1310.38062033148,430950.695255555,4008797.33962342
usa_NC_0046_0044,30-Dec-2023 15:41:22,1.34627314814815,1317.25379159513,430967.091235152,4008750.36392649
usa_NC_0046_0043,30-Dec-2023 15:41:22,1.34627314814815,1323.61278780708,430983.000171365,4008703.20158282
usa_NC_0046_0042,30-Dec-2023 15:41:22,1.34627314814815,1328.99339205031,430997.982219829,4008655.68469591
usa_NC_0046_0041,30-Dec-2023 15:41:22,1.34627314814815,1334.62905504516,431013.205124616,4008608.26411741
usa_NC_0046_0040,30-Dec-2023 15:41:22,1.34627314814815,1340.10078419594,431028.272107597,4008560.78722495
usa_NC_0046_0039,30-Dec-2023 15:41:22,1.34627314814815,1346.02954391982,431043.771406832,4008513.47922833
usa_NC_0046_0038,30-Dec-2023 15:41:22,1.34627314814815,1352.80240731228,431060.070036889,4008466.47880287
usa_NC_0046_0037,30-Dec-2023 15:41:22,1.34627314814815,1360.17265940594,431076.934575595,4008419.6950178
usa_NC_0046_0036,30-Dec-2023 15:41:22,1.34627314814815,1367.14166758988,431093.418699449,4008372.76729942
usa_NC_0046_0035,30-Dec-2023 15:41:22,1.34627314814815,1374.91438325074,431110.664595926,4008326.12895323
usa_NC_0046_0034,30-Dec-2023 15:41:22,1.34627314814815,1383.17895332256,431128.376947081,4008279.66637825
usa_NC_0046_0033,30-Dec-2023 15:41:22,1.34627314814815,1392.20696789585,431146.81356196,4008233.47540963
usa_NC_0046_0032,30-Dec-2023 15:41:22,1.34627314814815,1401.37792983732,431165.299792426,4008187.76565058
usa_NC_0046_0031,30-Dec-2023 15:41:22,1.34627314814815,1410.8051469584,431184.015496383,4008142.21526962
usa_NC_0046_0030,30-Dec-2023 15:41:22,1.34627314814815,1419.68724912034,431202.215240461,4008096.46505498
usa_NC_0046_0029,30-Dec-2023 15:41:22,1.34627314814815,1427.96286331951,431219.839949046,4008050.49743776
usa_NC_0046_0028,30-Dec-2023 15:41:22,1.34627314814815,1437.19834266046,431238.377871481,4008004.85824496
usa_NC_0046_0027,30-Dec-2023 15:41:22,1.34627314814815,1446.16681217479,431256.663412788,4007959.11942815
usa_NC_0046_0026,30-Dec-2023 15:41:22,1.34627314814815,1454.58226558752,431274.424030321,4007913.18531439
usa_NC_0046_0025,30-Dec-2023 15:41:22,1.34627314814815,1463.96500352747,431293.106395178,4007867.57478377
usa_NC_0046_0024,30-Dec-2023 15:41:22,1.34627314814815,1472.8934743295,431311.357764508,4007821.80285055
usa_NC_0046_0023,30-Dec-2023 15:41:22,1.34627314814815,1482.8880058355,431330.626389489,4007776.3806264
usa_NC_0046_0022,30-Dec-2023 15:41:22,1.34627314814815,1492.9970438365,431350.006475121,4007730.98497345
usa_NC_0046_0021,30-Dec-2023 15:41:22,1.34627314814815,1502.77462315197,431369.075458535,4007685.45465638
usa_NC_0046_0020,30-Dec-2023 15:41:22,1.34627314814815,1512.77163234716,431388.403260303,4007639.74893388
usa_NC_0046_0019,30-Dec-2023 15:41:22,1.34627314814815,1522.51167335523,431407.487244209,4007593.95197918
usa_NC_0046_0018,30-Dec-2023 15:41:22,1.34627314814815,1531.23296460597,431425.599793791,4007547.81745072
usa_NC_0046_0017,30-Dec-2023 15:41:22,1.34627314814815,1539.97382422281,431443.731727578,4007501.68577986
usa_NC_0046_0016,30-Dec-2023 15:41:22,1.34627314814815,1548.9058366428,431462.046995365,4007455.61214885
usa_NC_0046_0015,30-Dec-2023 15:41:22,1.34627314814815,1558.38015427605,431480.881383438,4007409.70819666
usa_NC_0046_0014,30-Dec-2023 15:41:22,1.34627314814815,1568.36187583948,431500.202018345,4007363.96032231
usa_NC_0046_0013,30-Dec-2023 15:41:22,1.34627314814815,1578.48745293597,431519.661681426,4007318.25083817
usa_NC_0046_0012,30-Dec-2023 15:41:22,1.34627314814815,1589.14304173382,431539.629915673,4007272.70108701
usa_NC_0046_0011,30-Dec-2023 15:41:22,1.34627314814815,1600.35223465817,431560.129782102,4007227.31606229
usa_NC_0046_0010,30-Dec-2023 15:41:22,1.34627314814815,1611.67918404707,431580.744560293,4007181.95692373
usa_NC_0046_0009,30-Dec-2023 15:41:22,1.34627314814815,1621.35168694792,431599.777373735,4007136.07137737
usa_NC_0046_0008,30-Dec-2023 15:41:22,1.34627314814815,1630.78033248923,431618.577863293,4007090.10398725
usa_NC_0046_0007,30-Dec-2023 15:41:22,1.34627314814815,1639.02572645453,431636.246539885,4007043.76211451
usa_NC_0046_0006,30-Dec-2023 15:41:22,1.34627314814815,1648.24347811434,431654.849838523,4006997.70528493
usa_NC_0046_0005,30-Dec-2023 15:41:22,1.34627314814815,1656.50416442162,431672.538797361,4006951.33995379
usa_NC_0046_0004,30-Dec-2023 15:41:22,1.34627314814815,1664.13045289511,431689.622008281,4006904.76848385
usa_NC_0046_0003,30-Dec-2023 15:41:22,1.34627314814815,1671.55462193813,431706.513607942,4006858.12443046
usa_NC_0046_0002,30-Dec-2023 15:41:22,1.34627314814815,1678.77477017263,431723.211591994,4006811.40812084
usa_NC_0046_0001,30-Dec-2023 15:41:22,1.34627314814815,1686.43466089156,431740.33376697,4006764.81314282
usa_NC_0045_0100,30-Dec-2023 15:41:22,1.34627314814815,1694.16655556672,431757.527400436,4006718.22801819
usa_NC_0045_0099,30-Dec-2023 15:41:22,1.34627314814815,1702.60732410462,431775.404319215,4006671.84108043
usa_NC_0045_0098,30-Dec-2023 15:41:22,1.34627314814815,1711.3763046094,431793.599390135,4006625.53695732
usa_NC_0045_0097,30-Dec-2023 15:41:22,1.34627314814815,1720.4909854332,431812.13399703,4006579.29788463
usa_NC_0045_0096,30-Dec-2023 15:41:22,1.34627314814815,1728.44524271166,431829.595786095,4006532.50559411
usa_NC_0045_0095,30-Dec-2023 15:41:22,1.34627314814815,1735.35869381118,431846.057895127,4006485.40452119
usa_NC_0045_0094,30-Dec-2023 15:41:22,1.34627314814815,1741.42193547574,431861.703228732,4006438.05201682
usa_NC_0045_0093,30-Dec-2023 15:41:22,1.34627314814815,1746.99109502641,431876.873950381,4006390.55319467
usa_NC_0045_0092,30-Dec-2023 15:41:22,1.34627314814815,1753.38522236691,431892.838459905,4006343.29202636
usa_NC_0045_0091,30-Dec-2023 15:41:22,1.34627314814815,1759.88192892783,431908.902218876,4006296.05767012
usa_NC_0045_0090,30-Dec-2023 15:41:22,1.34627314814815,1765.84811325644,431924.456239501,4006248.66681652
usa_NC_0045_0089,30-Dec-2023 15:41:22,1.34627314814815,1771.48968798641,431939.698448363,4006201.17980263
usa_NC_0045_0088,30-Dec-2023 15:41:22,1.34627314814815,1777.54888095847,431955.342892746,4006153.81108653
usa_NC_0045_0087,30-Dec-2023 15:41:22,1.34627314814815,1782.93341568987,431970.33861678,4006106.24582046
usa_NC_0045_0086,30-Dec-2023 15:41:22,1.34627314814815,1788.30389655946,431985.321166292,4006058.67476342
usa_NC_0045_0085,30-Dec-2023 15:41:22,1.34627314814815,1794.25132690043,432000.859392405,4006011.26724408
usa_NC_0045_0084,30-Dec-2023 15:41:22,1.34627314814815,1800.90231780004,432017.075375889,4005964.05846005
usa_NC_0045_0083,30-Dec-2023 15:41:22,1.34627314814815,1807.87839435658,432033.604974543,4005916.93924085
usa_NC_0045_0082,30-Dec-2023 15:41:22,1.34627314814815,1814.90729403829,432050.238153632,4005869.57123915
usa_NC_0045_0081,30-Dec-2023 15:41:22,1.34627314814815,1822.89084476152,432067.798250181,4005822.43647472
usa_NC_0045_0080,30-Dec-2023 15:41:22,1.34627314814815,1831.48801220203,432085.947266357,4005775.48601171
usa_NC_0045_0079,30-Dec-2023 15:41:22,1.34627314814815,1839.82241264848,432103.841729544,4005728.468446
usa_NC_0045_0078,30-Dec-2023 15:41:22,1.34627314814815,1847.90418915187,432121.491540146,4005681.38599537
usa_NC_0045_0077,30-Dec-2023 15:41:22,1.34627314814815,1854.31371092903,432137.531605956,4005633.82527772
usa_NC_0045_0076,30-Dec-2023 15:41:22,1.34627314814815,1860.01633923962,432152.891054628,4005586.06312725
usa_NC_0045_0075,30-Dec-2023 15:41:22,1.34627314814815,1864.74523899928,432167.313770524,4005538.01950061
usa_NC_0045_0074,30-Dec-2023 15:41:22,1.34627314814815,1870.03543707003,432182.275645293,4005490.14219984
usa_NC_0045_0073,30-Dec-2023 15:41:22,1.34627314814815,1874.98614943751,432196.910768809,4005442.16758422
usa_NC_0045_0072,30-Dec-2023 15:41:22,1.34627314814815,1880.40015638936,432211.990607877,4005394.33178091
usa_NC_0045_0071,30-Dec-2023 15:41:22,1.34627314814815,1885.72045221057,432226.980378084,4005346.46847904
usa_NC_0045_0070,30-Dec-2023 15:41:22,1.34627314814815,1891.43838891361,432242.35237004,4005298.72168074
usa_NC_0045_0069,30-Dec-2023 15:41:22,1.34627314814815,1897.12057862062,432257.690227741,4005250.96327506
usa_NC_0045_0068,30-Dec-2023 15:41:22,1.34627314814815,1903.03285919071,432273.24917905,4005203.27265897
usa_NC_0045_0067,30-Dec-2023 15:41:22,1.34627314814815,1908.82341922667,432288.691418091,4005155.54493726
usa_NC_0045_0066,30-Dec-2023 15:41:22,1.34627314814815,1915.86896875301,432305.338141095,4005108.19412604
usa_NC_0045_0065,30-Dec-2023 15:41:22,1.34627314814815,1923.38686691845,432322.437748791,4005060.98745133
usa_NC_0045_0064,30-Dec-2023 15:41:22,1.34627314814815,1930.86087572575,432339.494564407,4005013.77094325
usa_NC_0045_0063,30-Dec-2023 15:41:22,1.34627314814815,1937.58639182888,432355.833057132,4004966.32940228
usa_NC_0045_0062,30-Dec-2023 15:41:22,1.34627314814815,1943.25568333773,432371.158569241,4004918.56695508
usa_NC_0045_0061,30-Dec-2023 15:41:22,1.34627314814815,1948.21345229497,432385.802153992,4004870.58600823
usa_NC_0045_0060,30-Dec-2023 15:41:22,1.34627314814815,1953.26959712324,432400.540504585,4004822.6328601
usa_NC_0045_0059,30-Dec-2023 15:41:22,1.34627314814815,1958.7264655478,432415.66331397,4004774.80075258
usa_NC_0045_0058,30-Dec-2023 15:41:22,1.34627314814815,1965.35765412084,432431.911572605,4004727.32939425
usa_NC_0045_0057,30-Dec-2023 15:41:22,1.34627314814815,1972.11259400543,432448.278229806,4004679.89706635
usa_NC_0045_0056,30-Dec-2023 15:41:22,1.34627314814815,1979.33762253129,432465.094924517,4004632.61158987
usa_NC_0045_0055,30-Dec-2023 15:41:22,1.34627314814815,1987.08648672234,432482.412861086,4004585.49100673
usa_NC_0045_0054,30-Dec-2023 15:41:22,1.34627314814815,1994.71986807573,432499.619669222,4004538.33720727
usa_NC_0045_0053,30-Dec-2023 15:41:22,1.34627314814815,2003.47003410259,432517.894950213,4004491.53566691
usa_NC_0045_0052,30-Dec-2023 15:41:22,1.34627314814815,2015.06748332797,432538.894204557,4004445.63291007
usa_NC_0045_0051,30-Dec-2023 15:41:22,1.34627314814815,2019.54273882883,432553.076685935,4004397.49708187
usa_NC_0045_0050,30-Dec-2023 15:41:22,1.34627314814815,2024.45935991629,432567.682052001,4004349.49740533
usa_NC_0045_0049,30-Dec-2023 15:41:22,1.34627314814815,2031.28186575661,432584.110815408,4004302.09908468
usa_NC_0045_0048,30-Dec-2023 15:41:22,1.34627314814815,2037.64950431967,432600.104376902,4004254.55734905
usa_NC_0045_0047,30-Dec-2023 15:41:22,1.34627314814815,2044.06246928715,432616.13820337,4004207.04542708
usa_NC_0045_0046,30-Dec-2023 15:41:22,1.34627314814815,2049.02332244315,432630.75499096,4004159.21432285
usa_NC_0045_0045,30-Dec-2023 15:41:22,1.34627314814815,2052.84123129864,432644.278994287,4004111.01912226
usa_NC_0045_0044,30-Dec-2023 15:41:22,1.34627314814815,2056.71557870537,432657.856951487,4004062.84193965
usa_NC_0045_0043,30-Dec-2023 15:41:22,1.34627314814815,2061.8697851167,432672.658594387,4004015.07249166
usa_NC_0045_0042,30-Dec-2023 15:41:22,1.34627314814815,2066.48124854009,432686.941313358,4003967.13014811
usa_NC_0045_0041,30-Dec-2023 15:41:22,1.34627314814815,2071.74026562949,432701.843159734,4003919.39412569
usa_NC_0045_0040,30-Dec-2023 15:41:22,1.34627314814815,2076.72386414039,432716.481673925,4003871.57037
usa_NC_0045_0039,30-Dec-2023 15:41:22,1.34627314814815,2081.2389335253,432730.672216588,4003823.59738263
usa_NC_0045_0038,30-Dec-2023 15:41:22,1.34627314814815,2085.74159341985,432744.85088838,4003775.62047209
usa_NC_0045_0037,30-Dec-2023 15:41:22,1.34627314814815,2090.98945940714,432759.742064506,4003727.88094007
usa_NC_0045_0036,30-Dec-2023 15:41:22,1.34627314814815,2095.8641972355,432774.27648187,4003680.02257417
usa_NC_0045_0035,30-Dec-2023 15:41:22,1.34627314814815,2101.10401829297,432789.159958698,4003632.28051656
usa_NC_0045_0034,30-Dec-2023 15:41:22,1.34627314814815,2105.91142662451,432803.629995871,4003584.40073001
usa_NC_0045_0033,30-Dec-2023 15:41:22,1.34627314814815,2111.75181195929,432819.08768554,4003536.84996145
usa_NC_0045_0032,30-Dec-2023 15:41:22,1.34627314814815,2116.70761134246,432833.702493641,4003489.00297237
usa_NC_0045_0031,30-Dec-2023 15:41:22,1.34627314814815,2121.6265010378,432848.28683443,4003441.12009159
usa_NC_0045_0030,30-Dec-2023 15:41:22,1.34627314814815,2125.98714472103,432862.3375772,4003393.05863316
usa_NC_0045_0029,30-Dec-2023 15:41:22,1.34627314814815,2130.84228107712,432876.861195496,4003345.15427747
usa_NC_0045_0028,30-Dec-2023 15:41:22,1.34627314814815,2136.40234394964,432892.058797981,4003297.47451042
usa_NC_0045_0027,30-Dec-2023 15:41:22,1.34627314814815,2142.25813943395,432907.539143256,4003249.88900748
usa_NC_0045_0026,30-Dec-2023 15:41:22,1.34627314814815,2148.00446052509,432922.914873153,4003202.26835741
usa_NC_0045_0025,30-Dec-2023 15:41:22,1.34627314814815,2153.39260426396,432937.948280812,4003154.53292628
usa_NC_0045_0024,30-Dec-2023 15:41:22,1.34627314814815,2157.91826574314,432952.157393354,4003106.52106302
usa_NC_0045_0023,30-Dec-2023 15:41:22,1.34627314814815,2162.63180638683,432966.546205133,4003058.56872294
usa_NC_0045_0022,30-Dec-2023 15:41:22,1.34627314814815,2166.82855703192,432980.441228039,4003010.4501482
usa_NC_0045_0021,30-Dec-2023 15:41:22,1.34627314814815,2171.40941959213,432994.703496423,4002962.45398138
usa_NC_0045_0020,30-Dec-2023 15:41:22,1.34627314814815,2175.44507976597,433008.444874832,4002914.28220677
usa_NC_0045_0019,30-Dec-2023 15:41:22,1.34627314814815,2179.5695000129,433022.271242673,4002866.1380833
usa_NC_0045_0018,30-Dec-2023 15:41:22,1.34627314814815,2183.73991313036,433036.141722248,4002818.00792403
usa_NC_0045_0017,30-Dec-2023 15:41:22,1.34627314814815,2188.98389933131,433051.038183531,4002770.22214336
usa_NC_0045_0016,30-Dec-2023 15:41:22,1.34627314814815,2195.47193295826,433067.123385189,4002722.83621925
usa_NC_0045_0015,30-Dec-2023 15:41:22,1.34627314814815,2202.63734007016,433083.855757462,4002675.66845729
usa_NC_0045_0014,30-Dec-2023 15:41:22,1.34627314814815,2209.64670184562,433100.439213447,4002628.44958063
usa_NC_0045_0013,30-Dec-2023 15:41:22,1.34627314814815,2217.40511959559,433117.738228859,4002581.47244079
usa_NC_0045_0012,30-Dec-2023 15:41:22,1.34627314814815,2223.44879281879,433133.398983575,4002533.94289963
usa_NC_0045_0011,30-Dec-2023 15:41:22,1.34627314814815,2227.99556017703,433147.629784111,4002485.93021136
usa_NC_0045_0010,30-Dec-2023 15:41:22,1.34627314814815,2231.19317710095,433160.571957533,4002437.48116404
usa_NC_0045_0009,30-Dec-2023 15:41:22,1.34627314814815,2235.21865896503,433174.305151295,4002389.29840541
usa_NC_0045_0008,30-Dec-2023 15:41:22,1.34627314814815,2239.74095140079,433188.513055371,4002341.27539651
usa_NC_0045_0007,30-Dec-2023 15:41:22,1.34627314814815,2246.27756721962,433204.645013706,4002293.90341441
usa_NC_0045_0006,30-Dec-2023 15:41:22,1.34627314814815,2255.10956788729,433222.969252768,4002247.27449698
usa_NC_0045_0005,30-Dec-2023 15:41:22,1.34627314814815,2265.98942172339,433243.250704083,4002201.30178419
usa_NC_0045_0004,30-Dec-2023 15:41:22,1.34627314814815,2278.44498845247,433265.05338957,4002155.7575959
usa_NC_0045_0003,30-Dec-2023 15:41:22,1.34627314814815,2291.76841032786,433287.683166418,4002110.50326576
usa_NC_0045_0002,30-Dec-2023 15:41:22,1.34627314814815,2302.89539651869,433308.214409028,4002064.5416966
usa_NC_0045_0001,30-Dec-2023 15:41:22,1.34627314814815,2312.54115537121,433327.330653781,4002018.10214565
usa_NC_0044_0140,30-Dec-2023 15:41:22,1.34627314814815,2320.42608570368,433344.76564264,4001971.0901766
usa_NC_0044_0139,30-Dec-2023 15:41:22,1.34627314814815,2326.83308739136,433360.790024412,4001923.59508695
usa_NC_0044_0138,30-Dec-2023 15:41:22,1.34627314814815,2331.64889606647,433375.296317792,4001875.57673033
usa_NC_0044_0137,30-Dec-2023 15:41:22,1.34627314814815,2336.46139531547,433389.799955862,4001827.55477286
usa_NC_0044_0136,30-Dec-2023 15:41:22,1.34627314814815,2341.99090463568,433405.013576888,4001779.63891883
usa_NC_0044_0135,30-Dec-2023 15:41:22,1.34627314814815,2348.29678864805,433420.916815026,4001732.23404253
usa_NC_0044_0134,30-Dec-2023 15:41:22,1.34627314814815,2354.51779273172,433436.764791251,4001684.67254903
usa_NC_0044_0133,30-Dec-2023 15:41:22,1.34627314814815,2362.60687151568,433454.43431007,4001637.52873691
usa_NC_0044_0132,30-Dec-2023 15:41:22,1.34627314814815,2371.54668324793,433472.914419837,4001590.66997732
usa_NC_0044_0131,30-Dec-2023 15:41:22,1.34627314814815,2380.88049705189,433491.768319544,4001543.95134725
usa_NC_0044_0130,30-Dec-2023 15:41:22,1.34627314814815,2391.48704503786,433511.832327267,4001497.67203943
usa_NC_0044_0129,30-Dec-2023 15:41:22,1.34627314814815,2400.64106768425,433530.511070168,4001450.91242976
usa_NC_0044_0128,30-Dec-2023 15:41:22,1.34627314814815,2409.31898980237,433548.735135529,4001403.99850861
usa_NC_0044_0127,30-Dec-2023 15:41:22,1.34627314814815,2416.80713681705,433565.826198219,4001356.682767
usa_NC_0044_0126,30-Dec-2023 15:41:22,1.34627314814815,2423.0487051003,433581.731485365,4001308.9394137
usa_NC_0044_0125,30-Dec-2023 15:41:22,1.34627314814815,2429.74402034948,433598.068399421,4001261.35164871
usa_NC_0044_0124,30-Dec-2023 15:41:22,1.34627314814815,2436.68405486225,433614.637863324,4001213.84899525
usa_NC_0044_0123,30-Dec-2023 15:41:22,1.34627314814815,2444.60600371052,433632.139785688,4001166.69098282
usa_NC_0044_0122,30-Dec-2023 15:41:22,1.34627314814815,2452.93204438721,433650.021833423,4001119.69288618
usa_NC_0044_0121,30-Dec-2023 15:41:22,1.34627314814815,2462.58612656997,433669.158893603,4001073.19164358
usa_NC_0044_0120,30-Dec-2023 15:41:22,1.34627314814815,2472.01566067387,433688.081397963,4001026.61818039
usa_NC_0044_0119,30-Dec-2023 15:41:22,1.34627314814815,2480.16924632385,433705.795494554,4000979.58048287
usa_NC_0044_0118,30-Dec-2023 15:41:22,1.34627314814815,2488.06976549152,433723.269461968,4000932.45300519
usa_NC_0044_0117,30-Dec-2023 15:41:22,1.34627314814815,2495.48085020791,433740.27947999,4000885.14956872
usa_NC_0044_0116,30-Dec-2023 15:41:22,1.34627314814815,2504.70812204761,433759.01077708,4000838.50077147
usa_NC_0044_0115,30-Dec-2023 15:41:22,1.34627314814815,2515.00695500756,433778.756306062,4000792.24488562
usa_NC_0044_0114,30-Dec-2023 15:41:22,1.34627314814815,2524.55859008518,433797.792763342,4000745.72427836
usa_NC_0044_0113,30-Dec-2023 15:41:22,1.34627314814815,2532.4708162993,433815.276221359,4000698.60905082
usa_NC_0044_0112,30-Dec-2023 15:41:22,1.34627314814815,2540.18150676232,433832.568929351,4000651.41990861
usa_NC_0044_0111,30-Dec-2023 15:41:22,1.34627314814815,2549.70535905083,433851.57706564,4000604.89924603
usa_NC_0044_0110,30-Dec-2023 15:41:22,1.34627314814815,2561.20515248054,433872.452890655,4000559.11580804
usa_NC_0044_0109,30-Dec-2023 15:41:22,1.34627314814815,2572.9118675981,433893.522095323,4000513.42061118
usa_NC_0044_0108,30-Dec-2023 15:41:22,1.34627314814815,2582.93970063106,433912.999659072,4000467.12272731
usa_NC_0044_0107,30-Dec-2023 15:41:22,1.34627314814815,2590.1598408441,433929.824731667,4000419.77037819
usa_NC_0044_0106,30-Dec-2023 15:41:22,1.34627314814815,2596.64515898044,433945.957811091,4000372.13099786
usa_NC_0044_0105,30-Dec-2023 15:41:22,1.34627314814815,2603.10056488939,433962.065146038,4000324.46780119
usa_NC_0044_0104,30-Dec-2023 15:41:22,1.34627314814815,2610.6310725385,433979.192734413,4000277.18545079
usa_NC_0044_0103,30-Dec-2023 15:41:22,1.34627314814815,2619.3639205671,433997.467019286,4000230.30051629
usa_NC_0044_0102,30-Dec-2023 15:41:22,1.34627314814815,2628.51141831008,434016.133746627,4000183.56773838
usa_NC_0044_0101,30-Dec-2023 15:41:22,1.34627314814815,2637.64120240752,434034.784848501,4000136.82275794
usa_NC_0044_0100,30-Dec-2023 15:41:22,1.34627314814815,2646.81316299837,434053.476784362,4000090.08866863
usa_NC_0044_0099,30-Dec-2023 15:41:22,1.34627314814815,2656.53567907985,434072.688349829,4000043.56381302
usa_NC_0044_0098,30-Dec-2023 15:41:22,1.34627314814815,2665.6292714971,434091.308401293,3999996.78952314
usa_NC_0044_0097,30-Dec-2023 15:41:22,1.34627314814815,2673.84426267034,434109.102691891,3999949.66387615
usa_NC_0044_0096,30-Dec-2023 15:41:22,1.34627314814815,2682.63482241389,434127.440256181,3999902.75678848
usa_NC_0044_0095,30-Dec-2023 15:41:22,1.34627314814815,2693.00215548843,434147.26045773,3999856.47679041
usa_NC_0044_0094,30-Dec-2023 15:41:22,1.34627314814815,2704.99349952048,434168.591977004,3999810.92142235
usa_NC_0044_0093,30-Dec-2023 15:41:22,1.34627314814815,2716.11296916649,434189.103264638,3999765.0213561
usa_NC_0044_0092,30-Dec-2023 15:41:22,1.34627314814815,2724.80552741578,434207.334196888,3999718.14776316
usa_NC_0044_0091,30-Dec-2023 15:41:22,1.34627314814815,2732.66580551116,434224.784570797,3999670.9329936
usa_NC_0044_0090,30-Dec-2023 15:41:22,1.34627314814815,2738.38062875852,434240.222232853,3999622.84166865
usa_NC_0044_0089,30-Dec-2023 15:41:22,1.34627314814815,2745.73437824048,434257.201009186,3999575.40197788
usa_NC_0044_0088,30-Dec-2023 15:41:22,1.34627314814815,2755.28387924773,434276.241888082,3999528.84835238
usa_NC_0044_0087,30-Dec-2023 15:41:22,1.34627314814815,2764.30924978577,434294.791728029,3999482.07726989
usa_NC_0044_0086,30-Dec-2023 15:41:22,1.34627314814815,2774.17858442265,434314.133825423,3999435.64844409
usa_NC_0044_0085,30-Dec-2023 15:41:22,1.34627314814815,2783.61757497538,434333.072922661,3999389.04020312
usa_NC_0044_0084,30-Dec-2023 15:41:22,1.34627314814815,2794.10407399798,434352.994261919,3999342.86221474
usa_NC_0044_0083,30-Dec-2023 15:41:22,1.34627314814815,2805.35738403978,434373.591860046,3999297.21324734
usa_NC_0044_0082,30-Dec-2023 15:41:22,1.34627314814815,2815.74244603056,434393.374974907,3999251.20932105
usa_NC_0044_0081,30-Dec-2023 15:41:22,1.34627314814815,2825.719554792,434412.775923234,3999205.03598778
usa_NC_0044_0080,30-Dec-2023 15:41:22,1.34627314814815,2835.15331984974,434431.667970994,3999158.63653267
usa_NC_0044_0079,30-Dec-2023 15:41:22,1.34627314814815,2843.53442669839,434449.574185886,3999111.7985142
usa_NC_0044_0078,30-Dec-2023 15:41:22,1.34627314814815,2851.5303438475,434467.200818776,3999064.39388674
usa_NC_0044_0077,30-Dec-2023 15:41:22,1.34627314814815,2858.70803047983,434483.900203475,3999017.45387311
usa_NC_0044_0076,30-Dec-2023 15:41:22,1.34627314814815,2867.90115632586,434502.568343464,3998970.94688006
usa_NC_0044_0075,30-Dec-2023 15:41:22,1.34627314814815,2878.95952890683,434522.983380775,3998925.21668923
usa_NC_0044_0074,30-Dec-2023 15:41:22,1.34627314814815,2889.21027444398,434542.642306152,3998879.14879524
usa_NC_0044_0073,30-Dec-2023 15:41:22,1.34627314814815,2898.95260670517,434561.825437692,3998832.86736171
usa_NC_0044_0072,30-Dec-2023 15:41:22,1.34627314814815,2908.09996480252,434580.451863706,3998786.33555404
usa_NC_0044_0071,30-Dec-2023 15:41:22,1.34627314814815,2915.42194447527,434597.405562533,3998738.85922935
usa_NC_0044_0070,30-Dec-2023 15:41:22,1.34627314814815,2923.141831163,434614.757686561,3998691.41967827
usa_NC_0044_0069,30-Dec-2023 15:41:22,1.34627314814815,2932.41483966901,434633.56491549,3998644.62429803
usa_NC_0044_0068,30-Dec-2023 15:41:22,1.34627314814815,2943.89145114841,434654.433700616,3998598.75778563
usa_NC_0044_0067,30-Dec-2023 15:41:22,1.34627314814815,2955.84859151999,434675.751544766,3998553.09630117
usa_NC_0044_0066,30-Dec-2023 15:41:22,1.34627314814815,2966.9102810199,434696.232605615,3998507.05263115
usa_NC_0044_0065,30-Dec-2023 15:41:22,1.34627314814815,2976.44642252381,434715.289460891,3998460.35087621
usa_NC_0044_0064,30-Dec-2023 15:41:22,1.34627314814815,2985.66625552551,434734.052451734,3998413.50550889
usa_NC_0044_0063,30-Dec-2023 15:41:22,1.34627314814815,2997.44286893169,434755.202698934,3998367.76145743
usa_NC_0044_0062,30-Dec-2023 15:41:22,1.34627314814815,3009.67703891654,434776.779521772,3998322.21771438
usa_NC_0044_0061,30-Dec-2023 15:41:22,1.34627314814815,3021.30561320712,434797.791192817,3998276.41166054
usa_NC_0044_0060,30-Dec-2023 15:41:22,1.34627314814815,3032.42923563838,434818.266210781,3998230.71429422
usa_NC_0044_0059,30-Dec-2023 15:41:22,1.34627314814815,3041.51461034542,434836.751123797,3998184.57435012
usa_NC_0044_0058,30-Dec-2023 15:41:22,1.34627314814815,3049.36915653953,434854.086236347,3998137.90713981
usa_NC_0044_0057,30-Dec-2023 15:41:22,1.34627314814815,3056.08072221648,434870.352313106,3998090.75680208
usa_NC_0044_0056,30-Dec-2023 15:41:22,1.34627314814815,3063.30276577992,434887.091926095,3998043.84183815
usa_NC_0044_0055,30-Dec-2023 15:41:22,1.34627314814815,3072.54300236414,434905.713711249,3997997.80724264
usa_NC_0044_0054,30-Dec-2023 15:41:22,1.34627314814815,3084.03665565201,434926.435079555,3997952.76542871
usa_NC_0044_0053,30-Dec-2023 15:41:22,1.34627314814815,3096.12022356947,434947.693060321,3997908.04872175
usa_NC_0044_0052,30-Dec-2023 15:41:22,1.34627314814815,3107.36783485972,434968.169954951,3997862.97471727
usa_NC_0044_0051,30-Dec-2023 15:41:22,1.34627314814815,3118.40498080363,434988.449900575,3997817.81224966
usa_NC_0044_0050,30-Dec-2023 15:41:22,1.34627314814815,3128.72067153012,435008.080016081,3997772.21996636
usa_NC_0044_0049,30-Dec-2023 15:41:22,1.34627314814815,3137.21828558824,435026.084993466,3997725.48227569
usa_NC_0044_0048,30-Dec-2023 15:41:22,1.34627314814815,3147.1010300498,435045.38624571,3997679.32628876
usa_NC_0044_0047,30-Dec-2023 15:41:22,1.34627314814815,3157.00291505602,435064.705439994,3997633.17819326
usa_NC_0044_0046,30-Dec-2023 15:41:22,1.34627314814815,3165.77474959171,435082.951999558,3997586.63096674
usa_NC_0044_0045,30-Dec-2023 15:41:22,1.34627314814815,3174.49454915687,435101.139853309,3997540.11197554
usa_NC_0044_0044,30-Dec-2023 15:41:22,1.34627314814815,3182.42997282076,435118.593842518,3997493.26260467
usa_NC_0044_0043,30-Dec-2023 15:41:22,1.34627314814815,3191.04346781965,435136.682478754,3997446.69763002
usa_NC_0044_0042,30-Dec-2023 15:41:22,1.34627314814815,3200.9814426176,435156.010609902,3997400.68898845
usa_NC_0044_0041,30-Dec-2023 15:41:22,1.34627314814815,3211.535739844,435175.915553788,3997354.93904378
usa_NC_0044_0040,30-Dec-2023 15:41:22,1.34627314814815,3225.01773468546,435198.560090456,3997310.42009673
usa_NC_0044_0039,30-Dec-2023 15:41:22,1.34627314814815,3239.97274655418,435222.582967297,3997266.52068047
usa_NC_0044_0038,30-Dec-2023 15:41:22,1.34627314814815,3254.63227018081,435246.329348297,3997222.49698511
usa_NC_0044_0037,30-Dec-2023 15:41:22,1.34627314814815,3267.07336807002,435267.999971807,3997177.53984535
usa_NC_0044_0036,30-Dec-2023 15:41:22,1.34627314814815,3275.72493377597,435286.124856302,3997130.98775742
usa_NC_0044_0035,30-Dec-2023 15:41:22,1.34627314814815,3283.32148613274,435303.127883757,3997084.66580292
usa_NC_0044_0034,30-Dec-2023 15:41:22,1.34627314814815,3292.80485041418,435322.128563647,3997037.97583216
usa_NC_0044_0033,30-Dec-2023 15:41:22,1.34627314814815,3303.16695882307,435341.889184863,3996991.96733327
usa_NC_0044_0032,30-Dec-2023 15:41:22,1.34627314814815,3313.79235957857,435361.795743934,3996946.57216884
usa_NC_0044_0031,30-Dec-2023 15:41:22,1.34627314814815,3325.44474115407,435382.708543624,3996901.38240012
usa_NC_0044_0030,30-Dec-2023 15:41:22,1.34627314814815,3338.31897406174,435404.764417555,3996856.70774484
usa_NC_0044_0029,30-Dec-2023 15:41:22,1.34627314814815,3350.61281072492,435426.27713564,3996811.78930339
usa_NC_0044_0028,30-Dec-2023 15:41:22,1.34627314814815,3361.51741806898,435446.489978994,3996766.28625527
usa_NC_0044_0027,30-Dec-2023 15:41:22,1.34627314814815,3371.57414461936,435465.90946779,3996720.42645269
usa_NC_0044_0026,30-Dec-2023 15:41:22,1.34627314814815,3380.54447554404,435484.31247777,3996674.10927811
usa_NC_0044_0025,30-Dec-2023 15:41:22,1.34627314814815,3388.06227708215,435501.367792361,3996627.12376953
usa_NC_0044_0024,30-Dec-2023 15:41:22,1.34627314814815,3397.33391196936,435520.097664148,3996580.70850333
usa_NC_0044_0023,30-Dec-2023 15:41:22,1.34627314814815,3408.54115074373,435540.638420024,3996535.10887992
usa_NC_0044_0022,30-Dec-2023 15:41:22,1.34627314814815,3420.30169567533,435561.696817768,3996489.74247508
usa_NC_0044_0021,30-Dec-2023 15:41:22,1.34627314814815,3432.78227910502,435583.386753861,3996444.89019483
usa_NC_0044_0020,30-Dec-2023 15:41:22,1.34627314814815,3445.02085009856,435604.822566992,3996400.07457675
usa_NC_0044_0019,30-Dec-2023 15:41:22,1.34627314814815,3456.6244880725,435625.664369421,3996354.99135123
usa_NC_0044_0018,30-Dec-2023 15:41:22,1.34627314814815,3468.42485714115,435646.690492167,3996309.9896974
usa_NC_0044_0017,30-Dec-2023 15:41:22,1.34627314814815,3480.36348169741,435667.846311762,3996265.04455245
usa_NC_0044_0016,30-Dec-2023 15:41:22,1.34627314814815,3491.01030105269,435687.791981063,3996219.56297154
usa_NC_0044_0015,30-Dec-2023 15:41:22,1.34627314814815,3500.49959277474,435706.652343809,3996173.60544977
usa_NC_0044_0014,30-Dec-2023 15:41:22,1.34627314814815,3510.36218645935,435725.861662934,3996127.8066949
usa_NC_0044_0013,30-Dec-2023 15:41:22,1.34627314814815,3519.42678393171,435744.321823729,3996081.68458753
usa_NC_0044_0012,30-Dec-2023 15:41:22,1.34627314814815,3527.77677978595,435762.110428899,3996035.27636307
usa_NC_0044_0011,30-Dec-2023 15:41:22,1.34627314814815,3538.18542454047,435781.829043423,3995989.71557068
usa_NC_0044_0010,30-Dec-2023 15:41:22,1.34627314814815,3551.04153229128,435803.920628083,3995944.7697073
usa_NC_0044_0009,30-Dec-2023 15:41:22,1.34627314814815,3565.40406717369,435827.527826021,3995899.92691086
usa_NC_0044_0008,30-Dec-2023 15:41:22,1.34627314814815,3579.25271311502,435850.651004639,3995854.88379424
usa_NC_0044_0007,30-Dec-2023 15:41:22,1.34627314814815,3590.88851921244,435871.698864746,3995808.93354294
usa_NC_0044_0006,30-Dec-2023 15:41:22,1.34627314814815,3600.21502258914,435890.583825368,3995762.02216509
usa_NC_0044_0005,30-Dec-2023 15:41:22,1.34627314814815,3609.44769362631,435909.382861961,3995715.06192781
usa_NC_0044_0004,30-Dec-2023 15:41:22,1.34627314814815,3618.91477124408,435928.403247321,3995668.19022765
usa_NC_0044_0003,30-Dec-2023 15:41:22,1.34627314814815,3628.23121232325,435947.284544682,3995621.24583111
usa_NC_0044_0002,30-Dec-2023 15:41:22,1.34627314814815,3638.68349715363,435967.229702072,3995574.77404233
usa_NC_0044_0001,30-Dec-2023 15:41:22,1.34627314814815,3649.83959633192,435987.834402066,3995528.59343752
usa_NC_0043_0130,31-Dec-2023 15:35:01,0.35068287037037,3661.3279213182,436008.724042809,3995482.68233346
usa_NC_0043_0129,31-Dec-2023 15:35:01,0.35068287037037,3682.52576121247,436038.598885764,3995441.35656829
usa_NC_0043_0128,31-Dec-2023 15:35:01,0.35068287037037,3690.7035079998,436056.310786843,3995394.45315966
usa_NC_0043_0127,31-Dec-2023 15:35:01,0.35068287037037,3701.83547150218,436076.782404147,3995348.81537856
usa_NC_0043_0126,31-Dec-2023 15:35:01,0.35068287037037,3713.92685928372,436098.150253141,3995303.58875711
usa_NC_0043_0125,31-Dec-2023 15:35:01,0.35068287037037,3726.78843060766,436120.237523594,3995258.69236594
usa_NC_0043_0124,31-Dec-2023 15:35:01,0.35068287037037,3739.15636673176,436141.863658107,3995213.5844987
usa_NC_0043_0123,31-Dec-2023 15:35:01,0.35068287037037,3752.40247766703,436164.3100564,3995168.85332181
usa_NC_0043_0122,31-Dec-2023 15:35:01,0.35068287037037,3764.74370562811,436185.911187561,3995123.7342807
usa_NC_0043_0121,31-Dec-2023 15:35:01,0.35068287037037,3775.71645258137,436206.23405674,3995078.02835966
usa_NC_0043_0120,31-Dec-2023 15:35:01,0.35068287037037,3785.21977268773,436225.184427301,3995031.69199632
usa_NC_0043_0119,31-Dec-2023 15:35:01,0.35068287037037,3796.41826878508,436245.718203011,3994986.08268768
usa_NC_0043_0118,31-Dec-2023 15:35:01,0.35068287037037,3807.8167731885,436266.438796543,3994940.55917692
usa_NC_0043_0117,31-Dec-2023 15:35:01,0.35068287037037,3819.08794466421,436287.04046437,3994894.98099562
usa_NC_0043_0116,31-Dec-2023 15:35:01,0.35068287037037,3830.58892576125,436307.856778684,3994849.50143245
usa_NC_0043_0115,31-Dec-2023 15:35:01,0.35068287037037,3843.06402023232,436329.582897822,3994804.44006687
usa_NC_0043_0114,31-Dec-2023 15:35:01,0.35068287037037,3856.96053900394,436352.636548554,3994759.98920359
usa_NC_0043_0113,31-Dec-2023 15:35:01,0.35068287037037,3871.2035767646,436376.013779149,3994715.68741901
usa_NC_0043_0112,31-Dec-2023 15:35:01,0.35068287037037,3885.43723117074,436399.382167048,3994671.38200044
usa_NC_0043_0111,31-Dec-2023 15:35:01,0.35068287037037,3899.69099982435,436422.769272708,3994627.0855604
usa_NC_0043_0110,31-Dec-2023 15:35:01,0.35068287037037,3911.88063762085,436444.228580453,3994581.9026453
usa_NC_0043_0109,31-Dec-2023 15:35:01,0.35068287037037,3924.70393468838,436466.279654787,3994536.9920677
usa_NC_0043_0108,31-Dec-2023 15:35:01,0.35068287037037,3937.55604826421,436488.357600396,3994492.09407572
usa_NC_0043_0107,31-Dec-2023 15:35:01,0.35068287037037,3951.27352175584,436511.243654605,3994447.56820481
usa_NC_0043_0106,31-Dec-2023 15:35:01,0.35068287037037,3963.4948521058,436532.761965185,3994402.25175435
usa_NC_0043_0105,31-Dec-2023 15:35:01,0.35068287037037,3975.55156044147,436554.153867239,3994356.72778249
usa_NC_0043_0104,31-Dec-2023 15:35:01,0.35068287037037,3987.30050196101,436575.25839712,3994311.07129941
usa_NC_0043_0103,31-Dec-2023 15:35:01,0.35068287037037,3997.6387037792,436595.046706962,3994264.80223358
usa_NC_0043_0102,31-Dec-2023 15:35:01,0.35068287037037,4008.20915333979,436615.052348246,3994218.63079184
usa_NC_0043_0101,31-Dec-2023 15:35:01,0.35068287037037,4018.81744717308,436635.093861238,3994172.47296565
usa_NC_0043_0100,31-Dec-2023 15:35:01,0.35068287037037,4029.32775240896,436655.044589622,3994126.26939355
usa_NC_0043_0099,31-Dec-2023 15:35:01,0.35068287037037,4038.94233000747,436674.161094528,3994079.66941315
usa_NC_0043_0098,31-Dec-2023 15:35:01,0.35068287037037,4050.13393917771,436694.74809525,3994033.75860055
usa_NC_0043_0097,31-Dec-2023 15:35:01,0.35068287037037,4061.93187846704,436715.900188248,3993988.11414459
usa_NC_0043_0096,31-Dec-2023 15:35:01,0.35068287037037,4072.44059029519,436735.851628728,3993941.89887724
usa_NC_0043_0095,31-Dec-2023 15:35:01,0.35068287037037,4082.59482393531,436755.473657282,3993895.52309877
usa_NC_0043_0094,31-Dec-2023 15:35:01,0.35068287037037,4094.62210271318,436776.839888099,3993849.97740727
usa_NC_0043_0093,31-Dec-2023 15:35:01,0.35068287037037,4106.09532369288,436797.690407927,3993804.18499849
usa_NC_0043_0092,31-Dec-2023 15:35:01,0.35068287037037,4118.05334147605,436818.992074977,3993758.60894799
usa_NC_0043_0091,31-Dec-2023 15:35:01,0.35068287037037,4130.85806512272,436841.081122429,3993713.41355282
usa_NC_0043_0090,31-Dec-2023 15:35:01,0.35068287037037,4142.71093164357,436862.28461408,3993667.79218939
usa_NC_0043_0089,31-Dec-2023 15:35:01,0.35068287037037,4154.80680537924,436883.713950245,3993622.28075636
usa_NC_0043_0088,31-Dec-2023 15:35:01,0.35068287037037,4167.78472617394,436905.962806098,3993577.16949869
usa_NC_0043_0087,31-Dec-2023 15:35:01,0.35068287037037,4180.88984016893,436928.329224467,3993532.11902037
usa_NC_0043_0086,31-Dec-2023 15:35:01,0.35068287037037,4193.28232081068,436950.033076131,3993486.7474857
usa_NC_0043_0085,31-Dec-2023 15:35:01,0.35068287037037,4206.0918768366,436972.123891749,3993441.56790309
usa_NC_0043_0084,31-Dec-2023 15:35:01,0.35068287037037,4218.53500415867,436993.874028668,3993396.22320533
usa_NC_0043_0083,31-Dec-2023 15:35:01,0.35068287037037,4231.19827497685,437015.828130318,3993350.98125198
usa_NC_0043_0082,31-Dec-2023 15:35:01,0.35068287037037,4244.37342692247,437038.256707229,3993305.97713435
usa_NC_0043_0081,31-Dec-2023 15:35:01,0.35068287037037,4256.6207568808,437059.823371206,3993260.55138944
usa_NC_0043_0080,31-Dec-2023 15:35:01,0.35068287037037,4269.97815725227,437082.417850846,3993215.64710246
usa_NC_0043_0079,31-Dec-2023 15:35:01,0.35068287037037,4281.83751768951,437103.624029845,3993170.045431
usa_NC_0043_0078,31-Dec-2023 15:35:01,0.35068287037037,4293.38437830119,437124.541800706,3993124.29227866
usa_NC_0043_0077,31-Dec-2023 15:35:01,0.35068287037037,4305.51552692477,437146.002361945,3993078.80460233
usa_NC_0043_0076,31-Dec-2023 15:35:01,0.35068287037037,4317.94717485009,437167.742398282,3993033.45186876
usa_NC_0043_0075,31-Dec-2023 15:35:01,0.35068287037037,4329.76734099849,437188.917075165,3992987.80782511
usa_NC_0043_0074,31-Dec-2023 15:35:01,0.35068287037037,4342.14482829845,437210.609033523,3992942.41929335
usa_NC_0043_0073,31-Dec-2023 15:35:01,0.35068287037037,4355.70247259636,437233.394420454,3992897.58154145
usa_NC_0043_0072,31-Dec-2023 15:35:01,0.35068287037037,4369.03208897785,437255.969212846,3992852.63398656
usa_NC_0043_0071,31-Dec-2023 15:35:01,0.35068287037037,4381.17571654189,437277.44727092,3992807.1224334
usa_NC_0043_0070,31-Dec-2023 15:35:01,0.35068287037037,4394.26488524226,437299.801022234,3992762.053972
usa_NC_0043_0069,31-Dec-2023 15:35:01,0.35068287037037,4408.4325478632,437323.15273296,3992717.4952358
usa_NC_0043_0068,31-Dec-2023 15:35:01,0.35068287037037,4422.00491129602,437345.954237519,3992672.65194156
usa_NC_0043_0067,31-Dec-2023 15:35:01,0.35068287037037,4434.64280442961,437367.892491993,3992627.35978325
usa_NC_0043_0066,31-Dec-2023 15:35:01,0.35068287037037,4447.56056913718,437390.090218497,3992582.19740088
usa_NC_0043_0065,31-Dec-2023 15:35:01,0.35068287037037,4461.33002214244,437413.075449161,3992537.4404814
usa_NC_0043_0064,31-Dec-2023 15:35:01,0.35068287037037,4475.80983776068,437436.717054237,3992493.02401855
usa_NC_0043_0063,31-Dec-2023 15:35:01,0.35068287037037,4488.99104624604,437459.151708508,3992448.02039592
usa_NC_0043_0062,31-Dec-2023 15:35:01,0.35068287037037,4502.74736098482,437482.114653823,3992403.30795203
usa_NC_0043_0061,31-Dec-2023 15:35:01,0.35068287037037,4516.6175974607,437505.183015022,3992358.64934543
usa_NC_0043_0060,31-Dec-2023 15:35:01,0.35068287037037,4530.29413523581,437528.07287956,3992313.89549862
usa_NC_0043_0059,31-Dec-2023 15:35:01,0.35068287037037,4543.87986524975,437550.879277622,3992269.09592924
usa_NC_0043_0058,31-Dec-2023 15:35:01,0.35068287037037,4557.14889964204,437573.393922133,3992224.14020825
usa_NC_0043_0057,31-Dec-2023 15:35:01,0.35068287037037,4570.93673377461,437596.387438223,3992179.43562997
usa_NC_0043_0056,31-Dec-2023 15:35:01,0.35068287037037,4584.77105561145,437619.389724519,3992134.92440339
usa_NC_0043_0055,31-Dec-2023 15:35:01,0.35068287037037,4598.30532885886,437642.083407814,3992090.42630108
usa_NC_0043_0054,31-Dec-2023 15:35:01,0.35068287037037,4611.7813014982,437664.72326078,3992045.90005988
usa_NC_0043_0053,31-Dec-2023 15:35:01,0.35068287037037,4625.87038544288,437687.928443296,3992001.67359438
usa_NC_0043_0052,31-Dec-2023 15:35:01,0.35068287037037,4639.24352984262,437710.47334302,3991957.09777047
usa_NC_0043_0051,31-Dec-2023 15:35:01,0.35068287037037,4652.19885224518,437732.632822936,3991912.31845682
usa_NC_0043_0050,31-Dec-2023 15:35:01,0.35068287037037,4665.68599089104,437755.282685311,3991867.79910837
usa_NC_0043_0049,31-Dec-2023 15:35:01,0.35068287037037,4679.35521269088,437778.100416964,3991823.36890579
usa_NC_0043_0048,31-Dec-2023 15:35:01,0.35068287037037,4692.40213994794,437800.344095839,3991778.6357169
usa_NC_0043_0047,31-Dec-2023 15:35:01,0.35068287037037,4703.99188071812,437821.243521559,3991733.19320118
usa_NC_0043_0046,31-Dec-2023 15:35:01,0.35068287037037,4715.23612997453,437841.824015288,3991687.5835906
usa_NC_0043_0045,31-Dec-2023 15:35:01,0.35068287037037,4727.61747100179,437863.453230613,3991642.52871518
usa_NC_0043_0044,31-Dec-2023 15:35:01,0.35068287037037,4740.80097573091,437885.822316133,3991597.86494153
usa_NC_0043_0043,31-Dec-2023 15:35:01,0.35068287037037,4753.89884158292,437908.112295593,3991553.16000257
usa_NC_0043_0042,31-Dec-2023 15:35:01,0.35068287037037,4765.63677380249,437929.147459104,3991507.79447088
usa_NC_0043_0041,31-Dec-2023 15:35:01,0.35068287037037,4778.7098148458,437951.414269891,3991463.07878796
usa_NC_0043_0040,31-Dec-2023 15:35:01,0.35068287037037,4793.68111704463,437975.43251953,3991419.28566253
usa_NC_0043_0039,31-Dec-2023 15:35:01,0.35068287037037,4809.71399370329,438000.430389278,3991376.00769379
usa_NC_0043_0038,31-Dec-2023 15:35:01,0.35068287037037,4826.22209567144,438025.866941983,3991332.95961289
usa_NC_0043_0037,31-Dec-2023 15:35:01,0.35068287037037,4843.71269590356,438052.210381199,3991290.38712459
usa_NC_0043_0036,31-Dec-2023 15:35:01,0.35068287037037,4861.71397276607,438079.025405322,3991248.06078949
usa_NC_0043_0035,31-Dec-2023 15:35:01,0.35068287037037,4879.37281892555,438105.524727773,3991205.56681407
usa_NC_0043_0034,31-Dec-2023 15:35:01,0.35068287037037,4895.9471117759,438131.023360467,3991162.54585419
usa_NC_0043_0033,31-Dec-2023 15:35:01,0.35068287037037,4911.60796824608,438155.67911441,3991119.08142706
usa_NC_0043_0032,31-Dec-2023 15:35:01,0.35068287037037,4926.62355585326,438179.739401391,3991075.30393315
usa_NC_0043_0031,31-Dec-2023 15:35:01,0.35068287037037,4941.2507086318,438203.441223804,3991031.33802719
usa_NC_0043_0030,31-Dec-2023 15:35:01,0.35068287037037,4956.71967707019,438227.920200479,3990987.77899577
usa_NC_0043_0029,31-Dec-2023 15:35:01,0.35068287037037,4973.09207552325,438253.233312139,3990944.65612311
usa_NC_0043_0028,31-Dec-2023 15:35:01,0.35068287037037,4989.37090794285,438278.460244633,3990901.48702689
usa_NC_0043_0027,31-Dec-2023 15:35:01,0.35068287037037,5005.65293644927,438303.690322345,3990858.31850143
usa_NC_0043_0026,31-Dec-2023 15:35:01,0.35068287037037,5020.64123369939,438327.726114121,3990814.52431957
usa_NC_0043_0025,31-Dec-2023 15:35:01,0.35068287037037,5035.43833370832,438351.585458445,3990770.63740822
usa_NC_0043_0024,31-Dec-2023 15:35:01,0.35068287037037,5051.18828483578,438376.32469903,3990727.20986024
usa_NC_0043_0023,31-Dec-2023 15:35:01,0.35068287037037,5068.01453109045,438402.057945357,3990684.30060198
usa_NC_0043_0022,31-Dec-2023 15:35:01,0.35068287037037,5085.9851603399,438428.848201239,3990641.9418122
usa_NC_0043_0021,31-Dec-2023 15:35:01,0.35068287037037,5102.46577413354,438454.262779607,3990598.86341846
usa_NC_0043_0020,31-Dec-2023 15:35:01,0.35068287037037,5116.88475642706,438477.773599173,3990554.79100396
usa_NC_0043_0019,31-Dec-2023 15:35:01,0.35068287037037,5132.2165576296,438502.127507656,3990511.15785381
usa_NC_0043_0018,31-Dec-2023 15:35:01,0.35068287037037,5148.64972131815,438527.565168242,3990467.72179551
usa_NC_0043_0017,31-Dec-2023 15:35:01,0.35068287037037,5164.53337109198,438552.495476423,3990424.02037929
usa_NC_0043_0016,31-Dec-2023 15:35:01,0.35068287037037,5178.48875981605,438575.645365485,3990379.38833497
usa_NC_0043_0015,31-Dec-2023 15:35:01,0.35068287037037,5190.76036299215,438597.241732912,3990333.93781661
usa_NC_0043_0014,31-Dec-2023 15:35:01,0.35068287037037,5203.59176392421,438619.355272703,3990288.75599504
usa_NC_0043_0013,31-Dec-2023 15:35:01,0.35068287037037,5217.67729983371,438642.633267219,3990244.14704437
usa_NC_0043_0012,31-Dec-2023 15:35:01,0.35068287037037,5231.05832250427,438665.264640493,3990199.17867974
usa_NC_0043_0011,31-Dec-2023 15:35:01,0.35068287037037,5244.58523191274,438688.030810965,3990154.28024457
usa_NC_0043_0010,31-Dec-2023 15:35:01,0.35068287037037,5260.75709695474,438713.234198606,3990110.68308807
usa_NC_0043_0009,31-Dec-2023 15:35:01,0.35068287037037,5278.82417586417,438740.182077901,3990068.02770418
usa_NC_0043_0008,31-Dec-2023 15:35:01,0.35068287037037,5297.1809739658,438767.39454091,3990025.52677088
usa_NC_0043_0007,31-Dec-2023 15:35:01,0.35068287037037,5314.49714431094,438793.64670974,3989982.5208642
usa_NC_0043_0006,31-Dec-2023 15:35:01,0.35068287037037,5331.61456849173,438819.71419621,3989939.42491409
usa_NC_0043_0005,31-Dec-2023 15:35:01,0.35068287037037,5347.18204898348,438844.354053497,3989895.56351335
usa_NC_0043_0004,31-Dec-2023 15:35:01,0.35068287037037,5362.22557897392,438868.511182652,3989851.44398362
usa_NC_0043_0003,31-Dec-2023 15:35:01,0.35068287037037,5377.0251237285,438892.443425676,3989807.20473622
usa_NC_0043_0002,31-Dec-2023 15:35:01,0.35068287037037,5391.7687975032,438916.323883092,3989762.93951652
usa_NC_0043_0001,31-Dec-2023 15:35:01,0.35068287037037,5406.97857255641,438940.632254997,3989718.91151136
usa_NC_0042_0130,31-Dec-2023 15:35:01,0.35068287037037,5421.70557814004,438964.49648918,3989674.64241587
usa_NC_0042_0129,31-Dec-2023 15:35:01,0.35068287037037,5436.41207718837,438988.341504853,3989630.3648458
usa_NC_0042_0128,31-Dec-2023 15:35:01,0.35068287037037,5451.59856556557,439012.626817109,3989586.33340065
usa_NC_0042_0127,31-Dec-2023 15:35:01,0.35068287037037,5466.29821085603,439036.464664008,3989542.05672898
usa_NC_0042_0126,31-Dec-2023 15:35:01,0.35068287037037,5480.60916046351,439059.88645334,3989497.87853092
usa_NC_0042_0125,31-Dec-2023 15:35:01,0.35068287037037,5493.70955481162,439082.187544312,3989453.1308895
usa_NC_0042_0124,31-Dec-2023 15:35:01,0.35068287037037,5507.25867410026,439104.900450898,3989408.61235058
usa_NC_0042_0123,31-Dec-2023 15:35:01,0.35068287037037,5520.18771258871,439127.041462725,3989363.79132323
usa_NC_0042_0122,31-Dec-2023 15:35:01,0.35068287037037,5533.77627667075,439149.787582873,3989319.30787019
usa_NC_0042_0121,31-Dec-2023 15:35:01,0.35068287037037,5546.67762197597,439171.902655747,3989274.4753242
usa_NC_0042_0120,31-Dec-2023 15:35:01,0.35068287037037,5559.27333677208,439193.736908324,3989229.48838119
usa_NC_0042_0119,31-Dec-2023 15:35:01,0.35068287037037,5572.03454900063,439215.722820049,3989184.58706356
usa_NC_0042_0118,31-Dec-2023 15:35:01,0.35068287037037,5585.8692623643,439238.694001142,3989140.23349712
usa_NC_0042_0117,31-Dec-2023 15:35:01,0.35068287037037,5603.5704845965,439265.214764268,3989097.84848272
usa_NC_0042_0116,31-Dec-2023 15:35:01,0.35068287037037,5617.14291185584,439287.944870471,3989053.36281825
usa_NC_0042_0115,31-Dec-2023 15:35:01,0.35068287037037,5629.07133340145,439309.16532627,3989008.04214048
usa_NC_0042_0114,31-Dec-2023 15:35:01,0.35068287037037,5642.21577263286,439331.501988226,3988963.34126318
usa_NC_0042_0113,31-Dec-2023 15:35:01,0.35068287037037,5656.24490053844,439354.650744345,3988919.09120231
usa_NC_0042_0112,31-Dec-2023 15:35:01,0.35068287037037,5669.96424458549,439377.514868128,3988874.68462546
usa_NC_0042_0111,31-Dec-2023 15:35:01,0.35068287037037,5685.34276557152,439401.902353218,3988831.12187089
usa_NC_0042_0110,31-Dec-2023 15:35:01,0.35068287037037,5703.57794022848,439428.91302032,3988789.01011778
usa_NC_0042_0109,31-Dec-2023 15:35:01,0.35068287037037,5722.24129197817,439456.316979559,3988747.11530357
usa_NC_0042_0108,31-Dec-2023 15:35:01,0.35068287037037,5741.16191498392,439483.957313649,3988705.35051584
usa_NC_0042_0107,31-Dec-2023 15:35:01,0.35068287037037,5760.1335132553,439511.644589592,3988663.61095602
usa_NC_0042_0106,31-Dec-2023 15:35:01,0.35068287037037,5779.64522594728,439539.828050167,3988622.14467332
usa_NC_0042_0105,31-Dec-2023 15:35:01,0.35068287037037,5798.86550556253,439567.743999676,3988580.5298431
usa_NC_0042_0104,31-Dec-2023 15:35:01,0.35068287037037,5817.622832445,439595.234878374,3988538.67963552
usa_NC_0042_0103,31-Dec-2023 15:35:01,0.35068287037037,5835.05436112718,439621.508096539,3988496.15709927
usa_NC_0042_0102,31-Dec-2023 15:35:01,0.35068287037037,5850.88564999885,439646.311439625,3988452.82385001
usa_NC_0042_0101,31-Dec-2023 15:35:01,0.35068287037037,5864.93915614724,439669.484023014,3988408.57895827
usa_NC_0042_0100,31-Dec-2023 15:35:01,0.35068287037037,5879.37824219971,439693.01120469,3988364.52725732
usa_NC_0042_0099,31-Dec-2023 15:35:01,0.35068287037037,5893.21199501301,439715.982354054,3988320.16894769
usa_NC_0042_0098,31-Dec-2023 15:35:01,0.35068287037037,5906.09302460579,439738.009760575,3988275.67143955
usa_NC_0042_0097,31-Dec-2023 15:35:01,0.35068287037037,5917.27002648891,439758.469349194,3988230.32369924
usa_NC_0042_0096,31-Dec-2023 15:35:01,0.35068287037037,5928.15685064251,439778.660714454,3988184.83738242
usa_NC_0042_0095,31-Dec-2023 15:35:01,0.35068287037037,5938.99292132036,439798.803827729,3988139.33352593
usa_NC_0042_0094,31-Dec-2023 15:35:01,0.35068287037037,5949.23436462808,439818.398194754,3988093.54123392
usa_NC_0042_0093,31-Dec-2023 15:35:01,0.35068287037037,5961.71000694601,439840.047117152,3988048.8689855
usa_NC_0042_0092,31-Dec-2023 15:35:01,0.35068287037037,5976.04043467564,439863.403267016,3988005.11867474
usa_NC_0042_0091,31-Dec-2023 15:35:01,0.35068287037037,5990.77309088545,439887.130429618,3987961.56437355
usa_NC_0042_0090,31-Dec-2023 15:35:01,0.35068287037037,6003.5393445294,439909.046570731,3987917.03794203
usa_NC_0042_0089,31-Dec-2023 15:35:01,0.35068287037037,6015.27528001002,439930.012675336,3987872.00781694
usa_NC_0042_0088,31-Dec-2023 15:35:01,0.35068287037037,6024.75356501377,439948.896234634,3987825.87804028
usa_NC_0042_0087,31-Dec-2023 15:35:01,0.35068287037037,6035.08679282498,439968.565895613,3987780.1773538
usa_NC_0042_0086,31-Dec-2023 15:35:01,0.35068287037037,6046.36026672596,439989.101128818,3987734.94338617
usa_NC_0042_0085,31-Dec-2023 15:35:01,0.35068287037037,6055.99836692129,440008.125786527,3987688.92308653
usa_NC_0042_0084,31-Dec-2023 15:35:01,0.35068287037037,6065.66651792285,440027.175894927,3987642.92878065
usa_NC_0042_0083,31-Dec-2023 15:35:01,0.35068287037037,6077.47831961257,440048.203352206,3987597.97879252
usa_NC_0042_0082,31-Dec-2023 15:35:01,0.35068287037037,6092.54036026722,440072.186954853,3987554.82211989
usa_NC_0042_0081,31-Dec-2023 15:35:01,0.35068287037037,6110.01664222982,440098.398198122,3987512.83811897
usa_NC_0042_0080,31-Dec-2023 15:35:01,0.35068287037037,6128.70318883942,440125.732713126,3987471.40920019
usa_NC_0042_0079,31-Dec-2023 15:35:01,0.35068287037037,6145.36315196504,440151.196937166,3987428.99763591
usa_NC_0042_0078,31-Dec-2023 15:35:01,0.35068287037037,6160.60909386066,440175.3551005,3987385.90590112
usa_NC_0042_0077,31-Dec-2023 15:35:01,0.35068287037037,6174.91234466912,440198.641791026,3987342.36449863
usa_NC_0042_0076,31-Dec-2023 15:35:01,0.35068287037037,6187.68214726639,440220.577635602,3987297.75757503
usa_NC_0042_0075,31-Dec-2023 15:35:01,0.35068287037037,6200.52071019091,440242.588250587,3987253.12737751
usa_NC_0042_0074,31-Dec-2023 15:35:01,0.35068287037037,6214.47094230361,440265.629031823,3987209.01503374
usa_NC_0042_0073,31-Dec-2023 15:35:01,0.35068287037037,6228.14873849264,440288.417396701,3987164.77555124
usa_NC_0042_0072,31-Dec-2023 15:35:01,0.35068287037037,6240.52866566396,440310.002362358,3987119.93490235
usa_NC_0042_0071,31-Dec-2023 15:35:01,0.35068287037037,6252.13686826568,440330.871198301,3987074.73968572
usa_NC_0042_0070,31-Dec-2023 15:35:01,0.35068287037037,6264.2655686422,440352.222177467,3987029.78790487
usa_NC_0042_0069,31-Dec-2023 15:35:01,0.35068287037037,6277.42939188903,440374.533038298,3986985.31506865
usa_NC_0042_0068,31-Dec-2023 15:35:01,0.35068287037037,6291.65175081033,440397.826057535,3986941.32917868
usa_NC_0042_0067,31-Dec-2023 15:35:01,0.35068287037037,6306.47719514527,440421.679072505,3986897.61859163
usa_NC_0042_0066,31-Dec-2023 15:35:01,0.35068287037037,6321.54219267527,440445.754935719,3986854.0153025
usa_NC_0042_0065,31-Dec-2023 15:35:01,0.35068287037037,6336.93495461131,440470.135671976,3986810.55899757
usa_NC_0042_0064,31-Dec-2023 15:35:01,0.35068287037037,6351.59031242056,440493.832261634,3986766.76321724
usa_NC_0042_0063,31-Dec-2023 15:35:01,0.35068287037037,6365.3625645405,440516.70898485,3986722.56359434
usa_NC_0042_0062,31-Dec-2023 15:35:01,0.35068287037037,6378.74607152527,440539.224640071,3986678.18700431
usa_NC_0042_0061,31-Dec-2023 15:35:01,0.35068287037037,6391.84501223644,440561.475831345,3986633.68166127
usa_NC_0042_0060,31-Dec-2023 15:35:01,0.35068287037037,6404.23315082146,440583.066267539,3986588.85554114
usa_NC_0042_0059,31-Dec-2023 15:35:01,0.35068287037037,6416.92684567262,440604.940335623,3986544.16936889
usa_NC_0042_0058,31-Dec-2023 15:35:01,0.35068287037037,6430.23590045311,440627.386232713,3986499.76192207
usa_NC_0042_0057,31-Dec-2023 15:35:01,0.35068287037037,6444.11268457096,440650.360274427,3986455.60874004
usa_NC_0042_0056,31-Dec-2023 15:35:01,0.35068287037037,6458.18063618324,440673.512958848,3986411.53714983
usa_NC_0042_0055,31-Dec-2023 15:35:01,0.35068287037037,6471.70247168338,440696.158524261,3986367.21637373
usa_NC_0042_0054,31-Dec-2023 15:35:01,0.35068287037037,6484.33169055846,440717.974287572,3986322.49293956
usa_NC_0042_0053,31-Dec-2023 15:35:01,0.35068287037037,6497.4593036207,440740.254265105,3986277.98986317
usa_NC_0042_0052,31-Dec-2023 15:35:01,0.35068287037037,6510.74929796919,440762.685963971,3986233.5561983
usa_NC_0042_0051,31-Dec-2023 15:35:01,0.35068287037037,6523.69930190094,440784.801778769,3986188.96825942
usa_NC_0042_0050,31-Dec-2023 15:35:01,0.35068287037037,6536.92814628074,440807.177750441,3986144.50140712
usa_NC_0042_0049,31-Dec-2023 15:35:01,0.35068287037037,6551.12834521025,440830.459595834,3986100.45834597
usa_NC_0042_0048,31-Dec-2023 15:35:01,0.35068287037037,6565.07417878873,440853.506569845,3986056.29256417
usa_NC_0042_0047,31-Dec-2023 15:35:01,0.35068287037037,6577.94700892685,440875.554711366,3986011.64944599
usa_NC_0042_0046,31-Dec-2023 15:35:01,0.35068287037037,6589.7109540053,440896.570036499,3985966.5159446
usa_NC_0042_0045,31-Dec-2023 15:35:01,0.35068287037037,6600.91979353403,440917.068109114,3985921.13809331
usa_NC_0042_0044,31-Dec-2023 15:35:01,0.35068287037037,6611.50660364787,440936.986260758,3985875.48797538
usa_NC_0042_0043,31-Dec-2023 15:35:01,0.35068287037037,6621.65475056398,440956.495127089,3985829.64744053
usa_NC_0042_0042,31-Dec-2023 15:35:01,0.35068287037037,6631.66317699524,440975.873258792,3985783.7481139
usa_NC_0042_0041,31-Dec-2023 15:35:01,0.35068287037037,6641.18768218574,440994.799557559,3985737.64032884
usa_NC_0042_0040,31-Dec-2023 15:35:01,0.35068287037037,6652.73821015466,441015.615130061,3985692.41733094
usa_NC_0042_0039,31-Dec-2023 15:35:01,0.35068287037037,6664.92595583531,441037.025246723,3985647.47093035
usa_NC_0042_0038,31-Dec-2023 15:35:01,0.35068287037037,6675.80127631061,441057.210890189,3985601.95454071
usa_NC_0042_0037,31-Dec-2023 15:35:01,0.35068287037037,6686.99275946121,441077.691415158,3985556.57592945
usa_NC_0042_0036,31-Dec-2023 15:35:01,0.35068287037037,6698.68217807444,441098.636665534,3985511.4127768
usa_NC_0042_0035,31-Dec-2023 15:35:01,0.35068287037037,6709.87903077386,441119.122085244,3985466.03707289
usa_NC_0042_0034,31-Dec-2023 15:35:01,0.35068287037037,6722.5967596472,441141.027660118,3985421.31588192
usa_NC_0042_0033,31-Dec-2023 15:35:01,0.35068287037037,6736.09607851415,441163.663654578,3985376.92809311
usa_NC_0042_0032,31-Dec-2023 15:35:01,0.35068287037037,6748.82190890584,441185.61731334,3985332.00761694
usa_NC_0042_0031,31-Dec-2023 15:35:01,0.35068287037037,6758.77680835875,441204.987868315,3985285.87304241
usa_NC_0042_0030,31-Dec-2023 15:35:01,0.35068287037037,6769.37657431553,441224.960757052,3985240.01511727
usa_NC_0042_0029,31-Dec-2023 15:35:01,0.35068287037037,6781.56195847685,441246.41461705,3985194.83775712
usa_NC_0042_0028,31-Dec-2023 15:35:01,0.35068287037037,6795.03519804897,441269.071314807,3985150.2132706
usa_NC_0042_0027,31-Dec-2023 15:35:01,0.35068287037037,6809.12174083641,441292.300795491,3985105.85223969
usa_NC_0042_0026,31-Dec-2023 15:35:01,0.35068287037037,6822.84996176374,441315.195577644,3985061.33753836
usa_NC_0042_0025,31-Dec-2023 15:35:01,0.35068287037037,6833.97211961221,441335.656353106,3985015.70397262
usa_NC_0042_0024,31-Dec-2023 15:35:01,0.35068287037037,6841.64107014983,441352.891967227,3984968.58753777
usa_NC_0042_0023,31-Dec-2023 15:35:01,0.35068287037037,6850.24746567366,441371.003169129,3984921.87340527
usa_NC_0042_0022,31-Dec-2023 15:35:01,0.35068287037037,6860.53075727342,441390.680545538,3984875.87926802
usa_NC_0042_0021,31-Dec-2023 15:35:01,0.35068287037037,6872.99338204892,441412.393306647,3984830.82111431
usa_NC_0042_0020,31-Dec-2023 15:35:01,0.35068287037037,6886.56065430619,441435.13773096,3984786.2374891
usa_NC_0042_0019,31-Dec-2023 15:35:01,0.35068287037037,6898.8335200499,441456.673242921,3984741.09795751
usa_NC_0042_0018,31-Dec-2023 15:35:01,0.35068287037037,6909.20657748693,441476.434472894,3984695.14228843
usa_NC_0042_0017,31-Dec-2023 15:35:01,0.35068287037037,6918.62119219305,441495.300622162,3984648.7747089
usa_NC_0042_0016,31-Dec-2023 15:35:01,0.35068287037037,6928.17378926991,441514.295659829,3984602.46629024
usa_NC_0042_0015,31-Dec-2023 15:35:01,0.35068287037037,6938.18843954358,441533.722239674,3984556.35627319
usa_NC_0042_0014,31-Dec-2023 15:35:01,0.35068287037037,6948.56039003929,441553.463628697,3984510.49424658
usa_NC_0042_0013,31-Dec-2023 15:35:01,0.35068287037037,6958.77567431342,441573.054694933,3984464.58497534
usa_NC_0042_0012,31-Dec-2023 15:35:01,0.35068287037037,6968.42868330172,441592.120314045,3984418.4357737
usa_NC_0042_0011,31-Dec-2023 15:35:01,0.35068287037037,6979.22929904432,441612.257722881,3984372.77952689
usa_NC_0042_0010,31-Dec-2023 15:35:01,0.35068287037037,6991.14387916021,441633.435766552,3984327.60045817
usa_NC_0042_0009,31-Dec-2023 15:35:01,0.35068287037037,7003.91659843215,441655.415671925,3984282.78792256
usa_NC_0042_0008,31-Dec-2023 15:35:01,0.35068287037037,7016.82736618308,441677.52474882,3984238.03346833
usa_NC_0042_0007,31-Dec-2023 15:35:01,0.35068287037037,7030.57451930481,441700.415658161,3984193.63476483
usa_NC_0042_0006,31-Dec-2023 15:35:01,0.35068287037037,7043.18667199435,441722.24614157,3984148.75057178
usa_NC_0042_0005,31-Dec-2023 15:35:01,0.35068287037037,7054.56859718698,441742.926918008,3984103.34171181
usa_NC_0042_0004,31-Dec-2023 15:35:01,0.35068287037037,7066.74001681202,441764.345647386,3984058.26889307
usa_NC_0042_0003,31-Dec-2023 15:35:01,0.35068287037037,7079.35128355426,441786.17565073,3984013.38258119
usa_NC_0042_0002,31-Dec-2023 15:35:01,0.35068287037037,7092.10169263113,441808.135900493,3983968.55455379
usa_NC_0042_0001,31-Dec-2023 15:35:01,0.35068287037037,7103.85155035174,441829.160822419,3983923.30113433
usa_NC_0041_0150,31-Dec-2023 15:35:01,0.35068287037037,7116.262778653,441850.804196007,3983878.32792964
usa_NC_0041_0149,31-Dec-2023 15:35:01,0.35068287037037,7128.05266809982,441871.866037497,3983833.09404512
usa_NC_0041_0148,31-Dec-2023 15:35:01,0.35068287037037,7138.7098064801,441891.867378426,3983787.38652375
usa_NC_0041_0147,31-Dec-2023 15:35:01,0.35068287037037,7149.87756327409,441912.346147495,3983741.89561676
usa_NC_0041_0146,31-Dec-2023 15:35:01,0.35068287037037,7159.69501684102,441931.561760436,3983695.83500133
usa_NC_0041_0145,31-Dec-2023 15:35:01,0.35068287037037,7170.51555963983,441951.715455798,3983650.19894457
usa_NC_0041_0144,31-Dec-2023 15:35:01,0.35068287037037,7182.79330151418,441973.232346551,3983605.17748486
usa_NC_0041_0143,31-Dec-2023 15:35:01,0.35068287037037,7195.29905237607,441994.962696013,3983560.25139817
usa_NC_0041_0142,31-Dec-2023 15:35:01,0.35068287037037,7210.04393840978,442018.788473415,3983516.26600423
usa_NC_0041_0141,31-Dec-2023 15:35:01,0.35068287037037,7222.03133325221,442040.034225804,3983471.11969178
usa_NC_0041_0140,31-Dec-2023 15:35:01,0.35068287037037,7231.53717985943,442058.95750884,3983424.93177805
usa_NC_0041_0139,31-Dec-2023 15:35:01,0.35068287037037,7239.23789010246,442076.190868039,3983377.98870724
usa_NC_0041_0138,31-Dec-2023 15:35:01,0.35068287037037,7249.40731091107,442095.734688499,3983332.08181611
usa_NC_0041_0137,31-Dec-2023 15:35:01,0.35068287037037,7261.30111617063,442116.892760597,3983286.8966721
usa_NC_0041_0136,31-Dec-2023 15:35:01,0.35068287037037,7274.54459131581,442139.314701377,3983242.2744385
usa_NC_0041_0135,31-Dec-2023 15:35:01,0.35068287037037,7288.30998310304,442162.225800574,3983197.86777495
usa_NC_0041_0134,31-Dec-2023 15:35:01,0.35068287037037,7301.82423816647,442184.902268997,3983153.35366333
usa_NC_0041_0133,31-Dec-2023 15:35:01,0.35068287037037,7313.16743119098,442205.545993983,3983107.93256047
usa_NC_0041_0132,31-Dec-2023 15:35:01,0.35068287037037,7322.39438207589,442224.207759645,3983061.63008653
usa_NC_0041_0131,31-Dec-2023 15:35:01,0.35068287037037,7331.61165958318,442242.860233322,3983015.32474693
usa_NC_0041_0130,31-Dec-2023 15:35:01,0.35068287037037,7341.15882752913,442261.821505854,3982969.1575951
usa_NC_0041_0129,31-Dec-2023 15:35:01,0.35068287037037,7352.70439851101,442282.65870278,3982923.80108347
usa_NC_0041_0128,31-Dec-2023 15:35:01,0.35068287037037,7364.83185245672,442304.09050592,3982878.43846833
usa_NC_0041_0127,31-Dec-2023 15:35:01,0.35068287037037,7376.37245418415,442324.972293481,3982832.83344886
usa_NC_0041_0126,31-Dec-2023 15:35:01,0.35068287037037,7389.64280761689,442347.473736217,3982787.95052595
usa_NC_0041_0125,31-Dec-2023 15:35:01,0.35068287037037,7404.43543544621,442371.399913352,3982743.70633533
usa_NC_0041_0124,31-Dec-2023 15:35:01,0.35068287037037,7419.52849228496,442395.60633722,3982699.5928672
usa_NC_0041_0123,31-Dec-2023 15:35:01,0.35068287037037,7433.01697628825,442418.309607755,3982654.81311013
usa_NC_0041_0122,31-Dec-2023 15:35:01,0.35068287037037,7444.88292249901,442439.49350812,3982609.35653851
usa_NC_0041_0121,31-Dec-2023 15:35:01,0.35068287037037,7455.6485773252,442459.647389181,3982563.43944219
usa_NC_0041_0120,31-Dec-2023 15:35:01,0.35068287037037,7465.61497225161,442479.053341613,3982517.18639051
usa_NC_0041_0119,31-Dec-2023 15:35:01,0.35068287037037,7475.4833799683,442498.367787219,3982470.89121424
usa_NC_0041_0118,31-Dec-2023 15:35:01,0.35068287037037,7486.73088425643,442518.972557001,3982425.17672864
usa_NC_0041_0117,31-Dec-2023 15:35:01,0.35068287037037,7498.91574227827,442540.453928776,3982379.85900423
usa_NC_0041_0116,31-Dec-2023 15:35:01,0.35068287037037,7509.96834395712,442560.875997253,3982334.06417613
usa_NC_0041_0115,31-Dec-2023 15:35:01,0.35068287037037,7521.32550828119,442581.582763061,3982288.39889328
usa_NC_0041_0114,31-Dec-2023 15:35:01,0.35068287037037,7534.31490425846,442603.832127892,3982243.34364989
usa_NC_0041_0113,31-Dec-2023 15:35:01,0.35068287037037,7546.74069002187,442625.557083817,3982198.03646791
usa_NC_0041_0112,31-Dec-2023 15:35:01,0.35068287037037,7557.67043969572,442645.883259658,3982152.09457073
usa_NC_0041_0111,31-Dec-2023 15:35:01,0.35068287037037,7567.15126448574,442664.855609691,3982105.53341336
usa_NC_0041_0110,31-Dec-2023 15:35:01,0.35068287037037,7577.19387373462,442684.353212162,3982059.21065583
usa_NC_0041_0109,31-Dec-2023 15:35:01,0.35068287037037,7587.5573299411,442704.150702649,3982013.02452754
usa_NC_0041_0108,31-Dec-2023 15:35:01,0.35068287037037,7599.77684001808,442725.681235487,3981967.63762293
usa_NC_0041_0107,31-Dec-2023 15:35:01,0.35068287037037,7613.28309649888,442748.412222631,3981922.80986001
usa_NC_0041_0106,31-Dec-2023 15:35:01,0.35068287037037,7625.19926880133,442769.658086857,3981877.29951731
usa_NC_0041_0105,31-Dec-2023 15:35:01,0.35068287037037,7634.40438111523,442788.373941704,3981830.61491192
usa_NC_0041_0104,31-Dec-2023 15:35:01,0.35068287037037,7643.06784554487,442806.585159992,3981783.69150028
usa_NC_0041_0103,31-Dec-2023 15:35:01,0.35068287037037,7651.75037278152,442824.815595094,3981736.7692039
usa_NC_0041_0102,31-Dec-2023 15:35:01,0.35068287037037,7662.49331316569,442844.969017879,3981690.73848217
usa_NC_0041_0101,31-Dec-2023 15:35:01,0.35068287037037,7675.43713099182,442867.175066245,3981645.66741118
usa_NC_0041_0100,31-Dec-2023 15:35:01,0.35068287037037,7689.00613961474,442889.963853138,3981600.87064026
usa_NC_0041_0099,31-Dec-2023 15:35:01,0.35068287037037,7702.14602907485,442912.352621854,3981555.88578238
usa_NC_0041_0098,31-Dec-2023 15:35:01,0.35068287037037,7715.49791388454,442934.938878954,3981510.99449646
usa_NC_0041_0097,31-Dec-2023 15:35:01,0.35068287037037,7728.43907897873,442957.142512448,3981465.92197269
usa_NC_0041_0096,31-Dec-2023 15:35:01,0.35068287037037,7740.377147567,442978.387309158,3981420.52871573
usa_NC_0041_0095,31-Dec-2023 15:35:01,0.35068287037037,7753.03924695263,443000.281877305,3981375.5787121
usa_NC_0041_0094,31-Dec-2023 15:35:01,0.35068287037037,7766.65409896692,443023.063667487,3981331.0509083
usa_NC_0041_0093,31-Dec-2023 15:35:01,0.35068287037037,7780.37096913764,443045.940455787,3981286.56832852
usa_NC_0041_0092,31-Dec-2023 15:35:01,0.35068287037037,7793.72017108894,443068.474863275,3981241.92282598
usa_NC_0041_0091,31-Dec-2023 15:35:01,0.35068287037037,7810.26234635986,443093.982580892,3981198.69249584
usa_NC_0041_0090,31-Dec-2023 15:35:01,0.35068287037037,7822.06671703937,443115.078426641,3981153.3623435
usa_NC_0041_0089,31-Dec-2023 15:35:01,0.35068287037037,7833.1422100593,443135.495545237,3981107.70910803
usa_NC_0041_0088,31-Dec-2023 15:35:01,0.35068287037037,7844.05260273898,443155.758937731,3981061.98261747
usa_NC_0041_0087,31-Dec-2023 15:35:01,0.35068287037037,7854.74032253959,443175.814996828,3981016.15733235
usa_NC_0041_0086,31-Dec-2023 15:35:01,0.35068287037037,7865.44830310009,443195.889939804,3980970.34094214
usa_NC_0041_0085,31-Dec-2023 15:35:01,0.35068287037037,7873.06867857273,443213.089774955,3980923.15566509
usa_NC_0041_0084,31-Dec-2023 15:35:01,0.35068287037037,7881.62777880779,443231.163773433,3980876.38634999
usa_NC_0041_0083,31-Dec-2023 15:35:01,0.35068287037037,7889.79532307743,443248.87320025,3980829.4432569
usa_NC_0041_0082,31-Dec-2023 15:35:01,0.35068287037037,7898.8800909769,443267.436754518,3980782.90666587
usa_NC_0041_0081,31-Dec-2023 15:35:01,0.35068287037037,7909.02735279013,443286.989702818,3980736.84101143
usa_NC_0041_0080,31-Dec-2023 15:35:01,0.35068287037037,7919.25707823488,443306.61946457,3980690.8117911
usa_NC_0041_0079,31-Dec-2023 15:35:01,0.35068287037037,7929.34042915107,443326.10877445,3980644.73845008
usa_NC_0041_0078,31-Dec-2023 15:35:01,0.35068287037037,7940.04779436933,443346.125317002,3980599.21117714
usa_NC_0041_0077,31-Dec-2023 15:35:01,0.35068287037037,7950.05525395285,443365.488873645,3980553.37985544
usa_NC_0041_0076,31-Dec-2023 15:35:01,0.35068287037037,7960.11218480941,443384.897283497,3980507.57653868
usa_NC_0041_0075,31-Dec-2023 15:35:01,0.35068287037037,7969.50698118027,443403.687352006,3980461.48855663
usa_NC_0041_0074,31-Dec-2023 15:35:01,0.35068287037037,7979.05160343575,443422.615590849,3980415.47372627
usa_NC_0041_0073,31-Dec-2023 15:35:01,0.35068287037037,7989.42744800233,443442.31744312,3980369.82942899
usa_NC_0041_0072,31-Dec-2023 15:35:01,0.35068287037037,8000.96404915173,443463.10075881,3980324.69678338
usa_NC_0041_0071,31-Dec-2023 15:35:01,0.35068287037037,8010.92713488749,443482.415759764,3980278.88199907
usa_NC_0041_0070,31-Dec-2023 15:35:01,0.35068287037037,8020.64511158828,443501.501683395,3980232.9627363
usa_NC_0041_0069,31-Dec-2023 15:35:01,0.35068287037037,8030.56399851977,443520.774748801,3980187.13225301
usa_NC_0041_0068,31-Dec-2023 15:35:01,0.35068287037037,8039.91274257145,443539.46360007,3980141.31578066
usa_NC_0041_0067,31-Dec-2023 15:35:01,0.35068287037037,8049.65191812089,443558.61995282,3980095.15224852
usa_NC_0041_0066,31-Dec-2023 15:35:01,0.35068287037037,8059.66650572459,443577.981406009,3980049.36782978
usa_NC_0041_0065,31-Dec-2023 15:35:01,0.35068287037037,8068.75183563825,443596.474639155,3980003.18602005
usa_NC_0041_0064,31-Dec-2023 15:35:01,0.35068287037037,8078.42982568088,443615.520959242,3979957.26088397
usa_NC_0041_0063,31-Dec-2023 15:35:01,0.35068287037037,8089.46303462139,443635.833348986,3979911.91596211
usa_NC_0041_0062,31-Dec-2023 15:35:01,0.35068287037037,8099.52987471206,443655.242667405,3979866.15866842
usa_NC_0041_0061,31-Dec-2023 15:35:01,0.35068287037037,8110.60224322255,443675.591841961,3979820.82950498
usa_NC_0041_0060,31-Dec-2023 15:35:01,0.35068287037037,8121.73300185631,443695.995820922,3979775.52406262
usa_NC_0041_0059,31-Dec-2023 15:35:01,0.35068287037037,8132.86482792956,443716.401029237,3979730.21791558
usa_NC_0041_0058,31-Dec-2023 15:35:01,0.35068287037037,8143.99199627257,443736.802105149,3979684.90867881
usa_NC_0041_0057,31-Dec-2023 15:35:01,0.35068287037037,8155.46494419246,443757.526959836,3979639.74375184
usa_NC_0041_0056,31-Dec-2023 15:35:01,0.35068287037037,8167.63852857601,443778.907934562,3979594.87091893
usa_NC_0041_0055,31-Dec-2023 15:35:01,0.35068287037037,8178.80685634457,443799.348503796,3979549.57409205
usa_NC_0041_0054,31-Dec-2023 15:35:01,0.35068287037037,8188.11145651669,443818.044222564,3979503.49797234
usa_NC_0041_0053,31-Dec-2023 15:35:01,0.35068287037037,8198.67506454817,443837.918538419,3979457.9488177
usa_NC_0041_0052,31-Dec-2023 15:35:01,0.35068287037037,8209.72473521246,443858.241637523,3979412.63431145
usa_NC_0041_0051,31-Dec-2023 15:35:01,0.35068287037037,8220.00690165762,443877.954324288,3979366.45772597
usa_NC_0041_0050,31-Dec-2023 15:35:01,0.35068287037037,8230.53979799962,443897.888846448,3979320.45054525
usa_NC_0041_0049,31-Dec-2023 15:35:01,0.35068287037037,8241.51190328486,443917.750062968,3979277.05163202
usa_NC_0041_0048,31-Dec-2023 15:35:01,0.35068287037037,8252.74613499092,443938.18559753,3979232.11632864
usa_NC_0041_0047,31-Dec-2023 15:35:01,0.35068287037037,8264.86755098447,443959.678285959,3979186.41820722
usa_NC_0041_0046,31-Dec-2023 15:35:01,0.35068287037037,8276.2853920116,443980.303087331,3979141.47275697
usa_NC_0041_0045,31-Dec-2023 15:35:01,0.35068287037037,8285.88337977104,443999.055017581,3979096.61258133
usa_NC_0041_0044,31-Dec-2023 15:35:01,0.35068287037037,8296.06875728927,444018.651190359,3979050.52513165
usa_NC_0041_0043,31-Dec-2023 15:35:01,0.35068287037037,8307.60268750102,444039.346281226,3979005.8203654
usa_NC_0041_0042,31-Dec-2023 15:35:01,0.35068287037037,8319.7336771211,444060.687411063,3978960.92955699
usa_NC_0041_0041,31-Dec-2023 15:35:01,0.35068287037037,8332.13904914365,444082.287284566,3978916.14415659
usa_NC_0041_0040,31-Dec-2023 15:35:01,0.35068287037037,8345.25922827816,444104.560376547,3978871.63760045
usa_NC_0041_0039,31-Dec-2023 15:35:01,0.35068287037037,8357.51739046014,444126.023573217,3978826.78492479
usa_NC_0041_0038,31-Dec-2023 15:35:01,0.35068287037037,8368.10891749063,444145.919030167,3978781.27245146
usa_NC_0041_0037,31-Dec-2023 15:35:01,0.35068287037037,8378.71350090471,444165.826771138,3978735.76513505
usa_NC_0041_0036,31-Dec-2023 15:35:01,0.35068287037037,8388.51938680563,444184.982485572,3978689.94524078
usa_NC_0041_0035,31-Dec-2023 15:35:01,0.35068287037037,8397.42879847546,444203.293540792,3978643.77735243
usa_NC_0041_0034,31-Dec-2023 15:35:01,0.35068287037037,8407.1843326549,444222.406123794,3978597.9163436
usa_NC_0041_0033,31-Dec-2023 15:35:01,0.35068287037037,8417.86147853252,444242.470515457,3978551.99539721
usa_NC_0041_0032,31-Dec-2023 15:35:01,0.35068287037037,8431.01627226288,444264.86849525,3978507.04050474
usa_NC_0041_0031,31-Dec-2023 15:35:01,0.35068287037037,8445.2648890681,444288.296235834,3978462.51442088
usa_NC_0041_0030,31-Dec-2023 15:35:01,0.35068287037037,8460.17761882023,444312.348816654,3978418.25057613
usa_NC_0041_0029,31-Dec-2023 15:35:01,0.35068287037037,8474.70971510176,444336.042327948,3978373.84115951
usa_NC_0041_0028,31-Dec-2023 15:35:01,0.35068287037037,8487.49287348451,444358.088535874,3978328.75009514
usa_NC_0041_0027,31-Dec-2023 15:35:01,0.35068287037037,8497.94705333315,444377.941185952,3978282.75091838
usa_NC_0041_0026,31-Dec-2023 15:35:01,0.35068287037037,8507.98800674899,444397.3993051,3978236.61729992
usa_NC_0041_0025,31-Dec-2023 15:35:01,0.35068287037037,8519.51407697842,444418.255062112,3978191.06838833
usa_NC_0041_0024,31-Dec-2023 15:35:01,0.35068287037037,8532.37139616968,444440.350681937,3978146.10851383
usa_NC_0041_0023,31-Dec-2023 15:35:01,0.35068287037037,8546.44026371498,444463.610991072,3978101.50300362
usa_NC_0041_0022,31-Dec-2023 15:35:01,0.35068287037037,8557.94404181866,444484.443789065,3978055.95522394
usa_NC_0041_0021,31-Dec-2023 15:35:01,0.35068287037037,8565.45649575279,444501.52017744,3978008.8369638
usa_NC_0041_0020,31-Dec-2023 15:35:01,0.35068287037037,8573.31856249567,444518.925589562,3977961.85632784
usa_NC_0041_0019,31-Dec-2023 15:35:01,0.35068287037037,8582.94042158831,444537.986703751,3977915.570703
usa_NC_0041_0018,31-Dec-2023 15:35:01,0.35068287037037,8595.08165348822,444559.417709697,3977870.28239046
usa_NC_0041_0017,31-Dec-2023 15:35:01,0.35068287037037,8607.37936959835,444580.995263402,3977825.05928535
usa_NC_0041_0016,31-Dec-2023 15:35:01,0.35068287037037,8619.24041634244,444602.161398028,3977779.66661663
usa_NC_0041_0015,31-Dec-2023 15:35:01,0.35068287037037,8632.34973738267,444624.500967536,3977734.7719699
usa_NC_0041_0014,31-Dec-2023 15:35:01,0.35068287037037,8645.88328692355,444647.238699055,3977690.04974052
usa_NC_0041_0013,31-Dec-2023 15:35:01,0.35068287037037,8659.373024193,444669.934356031,3977645.31448035
usa_NC_0041_0012,31-Dec-2023 15:35:01,0.35068287037037,8671.22480074869,444691.088965236,3977599.93218052
usa_NC_0041_0011,31-Dec-2023 15:35:01,0.35068287037037,8682.40915445978,444711.615433236,3977554.28726943
usa_NC_0041_0010,31-Dec-2023 15:35:01,0.35068287037037,8694.20333626405,444732.714721853,3977508.88789072
usa_NC_0041_0009,31-Dec-2023 15:35:01,0.35068287037037,8704.59785222373,444752.497968985,3977462.93154901
usa_NC_0041_0008,31-Dec-2023 15:35:01,0.35068287037037,8714.78238811259,444772.089293357,3977416.86406747
usa_NC_0041_0007,31-Dec-2023 15:35:01,0.35068287037037,8725.72762605647,444792.395835143,3977371.09946786
usa_NC_0041_0006,31-Dec-2023 15:35:01,0.35068287037037,8736.64203970912,444812.695880201,3977325.21007443
usa_NC_0041_0005,31-Dec-2023 15:35:01,0.35068287037037,8745.58251173215,444831.144417432,3977278.51268528
usa_NC_0041_0004,31-Dec-2023 15:35:01,0.35068287037037,8755.1276722057,444850.162021436,3977232.05338496
usa_NC_0041_0003,31-Dec-2023 15:35:01,0.35068287037037,8765.0236314585,444869.509889536,3977185.73155402
usa_NC_0041_0002,31-Dec-2023 15:35:01,0.35068287037037,8777.02552673584,444890.840611358,3977140.23402297
usa_NC_0041_0001,31-Dec-2023 15:35:01,0.35068287037037,8791.38597051345,444914.430129536,3977095.4690311
usa_NC_0040_0208,31-Dec-2023 15:35:01,0.35068287037037,8806.37270719149,444938.604860843,3977050.97157982
usa_NC_0040_0207,31-Dec-2023 15:35:01,0.35068287037037,8819.09999974328,444960.65821232,3977005.5596659
usa_NC_0040_0206,31-Dec-2023 15:35:01,0.35068287037037,8830.11326654765,444981.057306195,3976959.6790733
usa_NC_0040_0205,31-Dec-2023 15:35:01,0.35068287037037,8842.34183822553,445002.586112745,3976914.34705181
usa_NC_0040_0204,31-Dec-2023 15:35:01,0.35068287037037,8854.86842413445,445024.393992226,3976869.1393036
usa_NC_0040_0203,31-Dec-2023 15:35:01,0.35068287037037,8865.08982470928,445044.041724962,3976822.97766538
usa_NC_0040_0202,31-Dec-2023 15:35:01,0.35068287037037,8875.72056931395,445064.073377856,3976776.98375602
usa_NC_0040_0201,31-Dec-2023 15:35:01,0.35068287037037,8886.8615835152,445084.583280512,3976731.20056923
usa_NC_0040_0200,31-Dec-2023 15:35:01,0.35068287037037,8897.74087640659,445104.848241634,3976685.30751686
usa_NC_0040_0199,31-Dec-2023 15:35:01,0.35068287037037,8909.15224959967,445125.611630774,3976639.63551428
usa_NC_0040_0198,31-Dec-2023 15:35:01,0.35068287037037,8920.7934022409,445146.590190662,3976594.05935224
usa_NC_0040_0197,31-Dec-2023 15:35:01,0.35068287037037,8932.38318384503,445167.520658617,3976548.46169796
usa_NC_0040_0196,31-Dec-2023 15:35:01,0.35068287037037,8944.94531707553,445189.361083791,3976503.27248788
usa_NC_0040_0195,31-Dec-2023 15:35:01,0.35068287037037,8958.22319489741,445211.870894489,3976458.38608785
usa_NC_0040_0194,31-Dec-2023 15:35:01,0.35068287037037,8969.45599131222,445232.466995983,3976412.63992279
usa_NC_0040_0193,31-Dec-2023 15:35:01,0.35068287037037,8978.85466285359,445251.347696134,3976366.11816232
usa_NC_0040_0192,31-Dec-2023 15:35:01,0.35068287037037,8989.33217218053,445271.234103227,3976320.06911036
usa_NC_0040_0191,31-Dec-2023 15:35:01,0.35068287037037,9000.35061725629,445291.563669162,3976274.56288787
usa_NC_0040_0190,31-Dec-2023 15:35:01,0.35068287037037,9012.19559358558,445312.666288995,3976229.40605863
usa_NC_0040_0189,31-Dec-2023 15:35:01,0.35068287037037,9025.99040983004,445335.587510806,3976185.09889981
usa_NC_0040_0188,31-Dec-2023 15:35:01,0.35068287037037,9039.11972744384,445357.885508603,3976140.51434214
usa_NC_0040_0187,31-Dec-2023 15:35:01,0.35068287037037,9050.22555530696,445378.289707718,3976095.08056863
usa_NC_0040_0186,31-Dec-2023 15:35:01,0.35068287037037,9061.40037638826,445398.757946564,3976049.67841005
usa_NC_0040_0185,31-Dec-2023 15:35:01,0.35068287037037,9074.2388530692,445420.783220761,3976004.97441223
usa_NC_0040_0184,31-Dec-2023 15:35:01,0.35068287037037,9087.0171031387,445442.784365103,3975960.08381424
usa_NC_0040_0183,31-Dec-2023 15:35:01,0.35068287037037,9098.27339224941,445463.361153178,3975914.55419123
usa_NC_0040_0182,31-Dec-2023 15:35:01,0.35068287037037,9110.53495920642,445484.879111035,3975869.44484574
usa_NC_0040_0181,31-Dec-2023 15:35:01,0.35068287037037,9122.47366726864,445506.098851335,3975824.18024385
usa_NC_0040_0180,31-Dec-2023 15:35:01,0.35068287037037,9133.99270625789,445526.926506848,3975778.73608008
usa_NC_0040_0179,31-Dec-2023 15:35:01,0.35068287037037,9145.51576103901,445547.757912826,3975733.2936414
usa_NC_0040_0178,31-Dec-2023 15:35:01,0.35068287037037,9157.39554586694,445568.923286011,3975688.00040944
usa_NC_0040_0177,31-Dec-2023 15:35:01,0.35068287037037,9168.12819652303,445589.014691364,3975642.22753445
usa_NC_0040_0176,31-Dec-2023 15:35:01,0.35068287037037,9178.53410902063,445608.800193691,3975596.31806696
usa_NC_0040_0175,31-Dec-2023 15:35:01,0.35068287037037,9189.54219281003,445629.149449735,3975550.66043096
usa_NC_0040_0174,31-Dec-2023 15:35:01,0.35068287037037,9200.73428389725,445649.670969925,3975505.07976678
usa_NC_0040_0173,31-Dec-2023 15:35:01,0.35068287037037,9211.43433923633,445669.731837835,3975459.29336862
usa_NC_0040_0172,31-Dec-2023 15:35:01,0.35068287037037,9223.1088357204,445690.704971383,3975413.91452593
usa_NC_0040_0171,31-Dec-2023 15:35:01,0.35068287037037,9234.75989347506,445711.656151499,3975368.52593135
usa_NC_0040_0170,31-Dec-2023 15:35:01,0.35068287037037,9246.81860748167,445732.988969064,3975323.30787591
usa_NC_0040_0169,31-Dec-2023 15:35:01,0.35068287037037,9258.92145774715,445754.363091485,3975278.10835648
usa_NC_0040_0168,31-Dec-2023 15:35:01,0.35068287037037,9271.6057563072,445776.281549113,3975233.15209019
usa_NC_0040_0167,31-Dec-2023 15:35:01,0.35068287037037,9283.41336917243,445797.379250896,3975187.82919543
usa_NC_0040_0166,31-Dec-2023 15:35:01,0.35068287037037,9294.73124675214,445818.018462238,3975142.30148801
usa_NC_0040_0165,31-Dec-2023 15:35:01,0.35068287037037,9307.00672315792,445839.554148082,3975097.17440925
usa_NC_0040_0164,31-Dec-2023 15:35:01,0.35068287037037,9318.92123801462,445860.731801616,3975051.99695988
usa_NC_0040_0163,31-Dec-2023 15:35:01,0.35068287037037,9330.8097725151,445881.88306925,3975006.81896965
usa_NC_0040_0162,31-Dec-2023 15:35:01,0.35068287037037,9343.56821274691,445903.849501271,3974962.00098938
usa_NC_0040_0161,31-Dec-2023 15:35:01,0.35068287037037,9356.03944585333,445925.547615669,3974917.06006425
usa_NC_0040_0160,31-Dec-2023 15:35:01,0.35068287037037,9366.55131791945,445945.41092287,3974871.30197644
usa_NC_0040_0159,31-Dec-2023 15:35:01,0.35068287037037,9377.13117441528,445965.339357029,3974825.56491449
usa_NC_0040_0158,31-Dec-2023 15:35:01,0.35068287037037,9387.58981709107,445985.154007559,3974779.77867685
usa_NC_0040_0157,31-Dec-2023 15:35:01,0.35068287037037,9397.77051852627,446004.71239622,3974733.85644951
usa_NC_0040_0156,31-Dec-2023 15:35:01,0.35068287037037,9407.52940260092,446023.928110071,3974687.49643092
usa_NC_0040_0155,31-Dec-2023 15:35:01,0.35068287037037,9417.35502867573,446043.215596181,3974641.11784213
usa_NC_0040_0154,31-Dec-2023 15:35:01,0.35068287037037,9427.02658257216,446062.359680527,3974594.67061152
usa_NC_0040_0153,31-Dec-2023 15:35:01,0.35068287037037,9437.26314238515,446082.03364934,3974548.45504043
usa_NC_0040_0152,31-Dec-2023 15:35:01,0.35068287037037,9448.1693342868,446102.335024591,3974502.51703209
usa_NC_0040_0151,31-Dec-2023 15:35:01,0.35068287037037,9459.09077456997,446122.651015846,3974456.58369701
usa_NC_0040_0150,31-Dec-2023 15:35:01,0.35068287037037,9471.08423023511,446143.970196637,3974411.10085164
usa_NC_0040_0149,31-Dec-2023 15:35:01,0.35068287037037,9483.03174044179,446165.246249402,3974365.59936119
usa_NC_0040_0148,31-Dec-2023 15:35:01,0.35068287037037,9494.20515784126,446185.798401852,3974319.77010416
usa_NC_0040_0147,31-Dec-2023 15:35:01,0.35068287037037,9504.68065956698,446205.698404881,3974273.64276765
usa_NC_0040_0146,31-Dec-2023 15:35:01,0.35068287037037,9515.52691964561,446225.945456622,3974227.67076388
usa_NC_0040_0145,31-Dec-2023 15:35:01,0.35068287037037,9529.45699350319,446249.074033609,3974183.01618358
usa_NC_0040_0144,31-Dec-2023 15:35:01,0.35068287037037,9548.66576017952,446277.132052025,3974140.63163338
usa_NC_0040_0143,31-Dec-2023 15:35:01,0.35068287037037,9551.90712939727,446290.276067811,3974091.39577289
usa_NC_0040_0142,31-Dec-2023 15:35:01,0.35068287037037,9563.2841170933,446311.019223886,3974045.64954433
usa_NC_0040_0141,31-Dec-2023 15:35:01,0.35068287037037,9576.8727677997,446333.826730886,3974000.85933061
usa_NC_0040_0140,31-Dec-2023 15:35:01,0.35068287037037,9588.30953332381,446354.62541368,3973955.14029028
usa_NC_0040_0139,31-Dec-2023 15:35:01,0.35068287037037,9597.77557906934,446373.585806002,3973908.56355175
usa_NC_0040_0138,31-Dec-2023 15:35:01,0.35068287037037,9606.84148224159,446392.174069143,3973861.80703576
usa_NC_0040_0137,31-Dec-2023 15:35:01,0.35068287037037,9616.62073908387,446411.428678897,3973815.35633605
usa_NC_0040_0136,31-Dec-2023 15:35:01,0.35068287037037,9626.87313216969,446431.125217837,3973769.10861768
usa_NC_0040_0135,31-Dec-2023 15:35:01,0.35068287037037,9637.23820164088,446450.927441063,3973722.90703799
usa_NC_0040_0134,31-Dec-2023 15:35:01,0.35068287037037,9647.62056304065,446470.716153762,3973676.86131608
usa_NC_0040_0133,31-Dec-2023 15:35:01,0.35068287037037,9657.46628531634,446490.004585381,3973630.58055271
usa_NC_0040_0132,31-Dec-2023 15:35:01,0.35068287037037,9667.92163841212,446509.861286032,3973584.56709281
usa_NC_0040_0131,31-Dec-2023 15:35:01,0.35068287037037,9678.56167899384,446529.890369173,3973538.6334837
usa_NC_0040_0130,31-Dec-2023 15:35:01,0.35068287037037,9688.80655460649,446549.551719388,3973492.52349888
usa_NC_0040_0129,31-Dec-2023 15:35:01,0.35068287037037,9698.06398651789,446568.293800902,3973445.97464849
usa_NC_0040_0128,31-Dec-2023 15:35:01,0.35068287037037,9707.82234298282,446587.515438204,3973399.58229418
usa_NC_0040_0127,31-Dec-2023 15:35:01,0.35068287037037,9717.19946100577,446606.386627194,3973352.99813686
usa_NC_0040_0126,31-Dec-2023 15:35:01,0.35068287037037,9727.31606251651,446625.947267719,3973306.73751867
usa_NC_0040_0125,31-Dec-2023 15:35:01,0.35068287037037,9737.74442225603,446645.798904214,3973260.61164627
usa_NC_0040_0124,31-Dec-2023 15:35:01,0.35068287037037,9747.67597843741,446665.188937868,3973214.26046525
usa_NC_0040_0123,31-Dec-2023 15:35:01,0.35068287037037,9757.9063452264,446684.857881055,3973168.03843936
usa_NC_0040_0122,31-Dec-2023 15:35:01,0.35068287037037,9768.27375931979,446704.655103211,3973121.87385223
usa_NC_0040_0121,31-Dec-2023 15:35:01,0.35068287037037,9778.2069508603,446724.049193407,3973075.51071649
usa_NC_0040_0120,31-Dec-2023 15:35:01,0.35068287037037,9788.75675669245,446744.017585974,3973029.42032994
usa_NC_0040_0119,31-Dec-2023 15:35:01,0.35068287037037,9799.02967915121,446763.729225291,3972983.20181136
usa_NC_0040_0118,31-Dec-2023 15:35:01,0.35068287037037,9808.42093031934,446782.614256012,3972936.62051065
usa_NC_0040_0117,31-Dec-2023 15:35:01,0.35068287037037,9818.16670761057,446801.749983235,3972890.59388708
usa_NC_0040_0116,31-Dec-2023 15:35:01,0.35068287037037,9827.83514454677,446820.812667931,3972844.53810393
usa_NC_0040_0115,31-Dec-2023 15:35:01,0.35068287037037,9838.41970862927,446840.726435508,3972798.89846331
usa_NC_0040_0114,31-Dec-2023 15:35:01,0.35068287037037,9850.97271768076,446862.470933687,3972754.14274426
usa_NC_0040_0113,31-Dec-2023 15:35:01,0.35068287037037,9863.73874843034,446884.413667439,3972709.48209574
usa_NC_0040_0112,31-Dec-2023 15:35:01,0.35068287037037,9875.72239137523,446905.628215917,3972664.47279224
usa_NC_0040_0111,31-Dec-2023 15:35:01,0.35068287037037,9887.27952645241,446926.445438955,3972619.27525255
usa_NC_0040_0110,31-Dec-2023 15:35:01,0.35068287037037,9898.85367836899,446947.278115163,3972574.08722161
usa_NC_0040_0109,31-Dec-2023 15:35:01,0.35068287037037,9909.19393728573,446966.961138217,3972528.35554822
usa_NC_0040_0108,31-Dec-2023 15:35:01,0.35068287037037,9920.94631006016,446987.958828695,3972483.2512402
usa_NC_0040_0107,31-Dec-2023 15:35:01,0.35068287037037,9932.2326316975,447008.515664408,3972437.9747315
usa_NC_0040_0106,31-Dec-2023 15:35:01,0.35068287037037,9942.84588079653,447028.428477383,3972392.48625655
usa_NC_0040_0105,31-Dec-2023 15:35:01,0.35068287037037,9954.93743059559,447049.71854658,3972347.6497011
usa_NC_0040_0104,31-Dec-2023 15:35:01,0.35068287037037,9966.3791669285,447070.399517232,3972302.54510389
usa_NC_0040_0103,31-Dec-2023 15:35:01,0.35068287037037,9973.978731505,447087.472772302,3972255.88707645
usa_NC_0040_0102,31-Dec-2023 15:35:01,0.35068287037037,9982.03349043524,447104.965728495,3972209.45170489
usa_NC_0040_0101,31-Dec-2023 15:35:01,0.35068287037037,9991.08972481632,447123.389972579,3972163.46665874
usa_NC_0040_0100,31-Dec-2023 15:35:01,0.35068287037037,10001.7006670057,447143.263388465,3972118.16356867
usa_NC_0040_0099,31-Dec-2023 15:35:01,0.35068287037037,10015.2057208114,447165.839322025,3972074.10561422
usa_NC_0040_0098,31-Dec-2023 15:35:01,0.35068287037037,10028.468714355,447188.189062549,3972029.9443061
usa_NC_0040_0097,31-Dec-2023 15:35:01,0.35068287037037,10039.2776487696,447208.243641482,3971984.74502382
usa_NC_0040_0096,31-Dec-2023 15:35:01,0.35068287037037,10049.8106127849,447228.038174347,3971939.43874721
usa_NC_0040_0095,31-Dec-2023 15:35:01,0.35068287037037,10061.213238655,447248.644607084,3971894.50757284
usa_NC_0040_0094,31-Dec-2023 15:35:01,0.35068287037037,10073.6648610246,447270.231787597,3971850.02172268
usa_NC_0040_0093,31-Dec-2023 15:35:01,0.35068287037037,10084.7890661435,447290.575709998,3971804.98338118
usa_NC_0040_0092,31-Dec-2023 15:35:01,0.35068287037037,10095.6588742644,447310.688782627,3971759.80203189
usa_NC_0040_0091,31-Dec-2023 15:35:01,0.35068287037037,10104.8044518201,447329.186794095,3971713.90377195
usa_NC_0040_0090,31-Dec-2023 15:35:01,0.35068287037037,10116.3564883983,447349.941381775,3971668.99366379
usa_NC_0040_0089,31-Dec-2023 15:35:01,0.35068287037037,10128.289907384,447371.055420986,3971624.23103787
usa_NC_0040_0088,31-Dec-2023 15:35:01,0.35068287037037,10138.9479732382,447390.974549239,3971578.93967263
usa_NC_0040_0087,31-Dec-2023 15:35:01,0.35068287037037,10148.7108836785,447410.092756124,3971533.08816312
usa_NC_0040_0086,31-Dec-2023 15:35:01,0.35068287037037,10158.721439579,447429.44791757,3971487.31465559
usa_NC_0040_0085,31-Dec-2023 15:35:01,0.35068287037037,10168.9177757397,447448.977856598,3971441.61458966
usa_NC_0040_0084,31-Dec-2023 15:35:01,0.35068287037037,10185.3143272421,447474.33200316,3971398.40962348
usa_NC_0040_0083,31-Dec-2023 15:35:01,0.35068287037037,10192.4278296188,447490.967683034,3971351.46086055
usa_NC_0040_0082,31-Dec-2023 15:35:01,0.35068287037037,10200.7183800607,447508.708550242,3971304.98816643
usa_NC_0040_0081,31-Dec-2023 15:35:01,0.35068287037037,10207.5228874172,447525.052264706,3971257.92361065
usa_NC_0040_0080,31-Dec-2023 15:35:01,0.35068287037037,10214.1786500658,447541.255129432,3971210.80482949
usa_NC_0040_0079,31-Dec-2023 15:35:01,0.35068287037037,10222.2322772247,447558.770724098,3971164.25039078
usa_NC_0040_0078,31-Dec-2023 15:35:01,0.35068287037037,10232.3417237108,447578.199477172,3971118.61327239
usa_NC_0040_0077,31-Dec-2023 15:35:01,0.35068287037037,10242.6797858308,447597.839721629,3971073.08446815
usa_NC_0040_0076,31-Dec-2023 15:35:01,0.35068287037037,10254.373641891,447618.757131693,3971028.08328448
usa_NC_0040_0075,31-Dec-2023 15:35:01,0.35068287037037,10266.4887663461,447640.073032496,3970983.23776676
usa_NC_0040_0074,31-Dec-2023 15:35:01,0.35068287037037,10276.3813488498,447659.298108083,3970937.51320285
usa_NC_0040_0073,31-Dec-2023 15:35:01,0.35068287037037,10285.0951791549,447677.413722914,3970891.32525923
usa_NC_0040_0072,31-Dec-2023 15:35:01,0.35068287037037,10292.5202207141,447694.315217505,3970844.63614064
usa_NC_0040_0071,31-Dec-2023 15:35:01,0.35068287037037,10300.2500601248,447711.503526565,3970798.06717268
usa_NC_0040_0070,31-Dec-2023 15:35:01,0.35068287037037,10310.5660937485,447731.129848016,3970752.49562617
usa_NC_0040_0069,31-Dec-2023 15:35:01,0.35068287037037,10321.80802203,447751.630510629,3970707.27367567
usa_NC_0040_0068,31-Dec-2023 15:35:01,0.35068287037037,10332.3479153351,447771.478787689,3970661.73380533
usa_NC_0040_0067,31-Dec-2023 15:35:01,0.35068287037037,10343.155357467,447791.663437064,3970615.87598637
usa_NC_0040_0066,31-Dec-2023 15:35:01,0.35068287037037,10353.8864679686,447811.760774533,3970570.06556498
usa_NC_0040_0065,31-Dec-2023 15:35:01,0.35068287037037,10363.2732893377,447830.579997001,3970523.79098672
usa_NC_0040_0064,31-Dec-2023 15:35:01,0.35068287037037,10373.15036856,447849.861747822,3970477.70368074
usa_NC_0040_0063,31-Dec-2023 15:35:01,0.35068287037037,10382.8374666336,447868.964358004,3970431.54332907
usa_NC_0040_0062,31-Dec-2023 15:35:01,0.35068287037037,10391.5117479493,447887.112111285,3970384.99272195
usa_NC_0040_0061,31-Dec-2023 15:35:01,0.35068287037037,10400.6253713606,447905.674318822,3970338.61012904
usa_NC_0040_0060,31-Dec-2023 15:35:01,0.35068287037037,10409.5561290314,447924.06394893,3970292.15795782
usa_NC_0040_0059,31-Dec-2023 15:35:01,0.35068287037037,10420.2776450481,447944.142996741,3970246.39010109
usa_NC_0040_0058,31-Dec-2023 15:35:01,0.35068287037037,10430.9481716652,447964.173963062,3970200.60264748
usa_NC_0040_0057,31-Dec-2023 15:35:01,0.35068287037037,10442.1614613083,447984.71705613,3970155.02220733
usa_NC_0040_0056,31-Dec-2023 15:35:01,0.35068287037037,10454.9864533568,448006.78087777,3970110.05648745
usa_NC_0040_0055,31-Dec-2023 15:35:01,0.35068287037037,10468.7508158054,448029.73118336,3970065.44836742
usa_NC_0040_0054,31-Dec-2023 15:35:01,0.35068287037037,10481.7581643914,448051.969980746,3970020.53762517
usa_NC_0040_0053,31-Dec-2023 15:35:01,0.35068287037037,10493.3567881074,448072.896743461,3969975.00363731
usa_NC_0040_0052,31-Dec-2023 15:35:01,0.35068287037037,10506.0870870774,448094.891041717,3969929.90259046
usa_NC_0040_0051,31-Dec-2023 15:35:01,0.35068287037037,10518.3519097363,448116.445933906,3969884.62502662
usa_NC_0040_0050,31-Dec-2023 15:35:01,0.35068287037037,10530.019771539,448137.437462346,3969839.12027019
usa_NC_0040_0049,31-Dec-2023 15:35:01,0.35068287037037,10540.7313286199,448157.526749206,3969793.25034991
usa_NC_0040_0048,31-Dec-2023 15:35:01,0.35068287037037,10551.8401021643,448177.990647097,3969747.53285414
usa_NC_0040_0047,31-Dec-2023 15:35:01,0.35068287037037,10561.6041454166,448197.196907899,3969701.24647101
usa_NC_0040_0046,31-Dec-2023 15:35:01,0.35068287037037,10571.2471216806,448216.301516737,3969654.85095013
usa_NC_0040_0045,31-Dec-2023 15:35:01,0.35068287037037,10581.3005236105,448235.793260963,3969608.61258782
usa_NC_0040_0044,31-Dec-2023 15:35:01,0.35068287037037,10590.7003191321,448254.66889808,3969562.12190068
usa_NC_0040_0043,31-Dec-2023 15:35:01,0.35068287037037,10600.2485852068,448273.68471649,3969515.68738497
usa_NC_0040_0042,31-Dec-2023 15:35:01,0.35068287037037,10609.570139018,448292.487078445,3969469.16410255
usa_NC_0040_0041,31-Dec-2023 15:35:01,0.35068287037037,10619.0505494128,448311.439312572,3969422.7014979
usa_NC_0040_0040,31-Dec-2023 15:35:01,0.35068287037037,10629.0887318067,448330.916909127,3969376.45626584
usa_NC_0040_0039,31-Dec-2023 15:35:01,0.35068287037037,10637.588217758,448348.944833024,3969329.6132951
usa_NC_0040_0038,31-Dec-2023 15:35:01,0.35068287037037,10646.3105167417,448367.182764732,3969282.85645039
usa_NC_0040_0037,31-Dec-2023 15:35:01,0.35068287037037,10654.9083190507,448385.27071608,3969236.21481854
usa_NC_0040_0036,31-Dec-2023 15:35:01,0.35068287037037,10663.5048933528,448403.357924617,3969189.57063709
usa_NC_0040_0035,31-Dec-2023 15:35:01,0.35068287037037,10673.1913770133,448422.475394498,3969143.33278639
usa_NC_0040_0034,31-Dec-2023 15:35:01,0.35068287037037,10682.5198468409,448441.255679681,3969096.95527896
usa_NC_0040_0033,31-Dec-2023 15:35:01,0.35068287037037,10691.5043702534,448459.7120602,3969050.44344689
usa_NC_0040_0032,31-Dec-2023 15:35:01,0.35068287037037,10700.8401586127,448478.499202913,3969004.06897053
usa_NC_0040_0031,31-Dec-2023 15:35:01,0.35068287037037,10710.0486715207,448497.166479653,3968957.64482242
usa_NC_0040_0030,31-Dec-2023 15:35:01,0.35068287037037,10719.3324969967,448515.904660917,3968911.25018483
usa_NC_0040_0029,31-Dec-2023 15:35:01,0.35068287037037,10729.7550697414,448535.71498749,3968865.30150991
usa_NC_0040_0028,31-Dec-2023 15:35:01,0.35068287037037,10739.8740843375,448555.239424301,3968819.23438335
usa_NC_0040_0027,31-Dec-2023 15:35:01,0.35068287037037,10749.5445192963,448574.341465451,3968772.99184232
usa_NC_0040_0026,31-Dec-2023 15:35:01,0.35068287037037,10759.0048126043,448593.245626184,3968726.66715121
usa_NC_0040_0025,31-Dec-2023 15:35:01,0.35068287037037,10767.013477233,448610.783192007,3968679.77330295
usa_NC_0040_0024,31-Dec-2023 15:35:01,0.35068287037037,10773.9891483591,448627.348394638,3968632.47383912
usa_NC_0040_0023,31-Dec-2023 15:35:01,0.35068287037037,10780.8655070759,448643.820244707,3968585.13472454
usa_NC_0040_0022,31-Dec-2023 15:35:01,0.35068287037037,10788.1013133516,448660.631148592,3968537.93322969
usa_NC_0040_0021,31-Dec-2023 15:35:01,0.35068287037037,10794.4079002707,448676.568229112,3968490.3625806
usa_NC_0040_0020,31-Dec-2023 15:35:01,0.35068287037037,10801.0967914525,448692.865390456,3968442.94096905
usa_NC_0040_0019,31-Dec-2023 15:35:01,0.35068287037037,10807.5798705309,448708.969079307,3968395.43724353
usa_NC_0040_0018,31-Dec-2023 15:35:01,0.35068287037037,10814.2675413429,448725.265559982,3968348.01281037
usa_NC_0040_0017,31-Dec-2023 15:35:01,0.35068287037037,10820.3621650699,448741.004128368,3968300.35387666
usa_NC_0040_0016,31-Dec-2023 15:35:01,0.35068287037037,10825.7770292966,448756.118772572,3968252.34827038
usa_NC_0040_0015,31-Dec-2023 15:35:01,0.35068287037037,10831.4000766499,448771.464686441,3968204.24772695
usa_NC_0040_0014,31-Dec-2023 15:35:01,0.35068287037037,10836.003920944,448785.853933218,3968155.73339568
usa_NC_0040_0013,31-Dec-2023 15:35:01,0.35068287037037,10841.185182895,448800.788640091,3968107.4361186
usa_NC_0040_0012,31-Dec-2023 15:35:01,0.35068287037037,10845.7006464409,448815.099566281,3968058.86269861
usa_NC_0040_0011,31-Dec-2023 15:35:01,0.35068287037037,10851.9119647805,448831.00684565,3968010.95500068
usa_NC_0040_0010,31-Dec-2023 15:35:01,0.35068287037037,10857.1755504351,448846.025216159,3967962.65916275
usa_NC_0040_0009,31-Dec-2023 15:35:01,0.35068287037037,10864.4355590656,448862.921615289,3967915.15332982
usa_NC_0040_0008,31-Dec-2023 15:35:01,0.35068287037037,10872.2403725882,448880.331217898,3967867.85954226
usa_NC_0040_0007,31-Dec-2023 15:35:01,0.35068287037037,10880.1373904743,448897.828639333,3967820.59682377
usa_NC_0040_0006,31-Dec-2023 15:35:01,0.35068287037037,10888.2352378054,448915.515804744,3967773.4094501
usa_NC_0040_0005,31-Dec-2023 15:35:01,0.35068287037037,10896.3803918654,448933.248478729,3967726.23575535
usa_NC_0040_0004,31-Dec-2023 15:35:01,0.35068287037037,10903.4555457559,448949.978105594,3967678.62114242
usa_NC_0040_0003,31-Dec-2023 15:35:01,0.35068287037037,10909.8972056702,448966.114929737,3967630.74022074
usa_NC_0040_0002,31-Dec-2023 15:35:01,0.35068287037037,10916.1194120351,448982.119099024,3967582.40321441
usa_NC_0040_0001,31-Dec-2023 15:35:01,0.35068287037037,10921.6427757243,448997.327104317,3967534.48410056
usa_NC_0039_0165,31-Dec-2023 15:35:01,0.35068287037037,10928.4005876432,449013.766073074,3967486.70455549
usa_NC_0039_0164,31-Dec-2023 15:35:01,0.35068287037037,10934.7806967379,449029.852706529,3967438.76069396
usa_NC_0039_0163,31-Dec-2023 15:35:01,0.35068287037037,10940.7632018592,449045.568597285,3967390.64307176
usa_NC_0039_0162,31-Dec-2023 15:35:01,0.35068287037037,10944.2341547061,449058.917528738,3967341.55337275
usa_NC_0039_0161,31-Dec-2023 15:35:01,0.35068287037037,10949.4231938343,449073.85983946,3967293.25773251
usa_NC_0039_0160,31-Dec-2023 15:35:01,0.35068287037037,10953.5522409405,449087.810556832,3967244.5149298
usa_NC_0039_0159,31-Dec-2023 15:35:01,0.35068287037037,10959.1311190251,449103.120736044,3967196.36780656
usa_NC_0039_0158,31-Dec-2023 15:35:01,0.35068287037037,10964.3211575885,449118.06799903,3967148.05248376
usa_NC_0039_0157,31-Dec-2023 15:35:01,0.35068287037037,10969.8139811396,449133.300085229,3967099.85700432
usa_NC_0039_0156,31-Dec-2023 15:35:01,0.35068287037037,10973.1951454972,449146.556416597,3967050.77249239
usa_NC_0039_0155,31-Dec-2023 15:35:01,0.35068287037037,10978.2492705349,449161.380538646,3967002.37980423
usa_NC_0039_0154,31-Dec-2023 15:35:01,0.35068287037037,10983.7058326518,449176.582936781,3966954.14784167
usa_NC_0039_0153,31-Dec-2023 15:35:01,0.35068287037037,10989.4511224974,449192.057046262,3966906.02960064
usa_NC_0039_0152,31-Dec-2023 15:35:01,0.35068287037037,10995.0073910138,449207.355710526,3966857.8247189
usa_NC_0039_0151,31-Dec-2023 15:35:01,0.35068287037037,11000.5797504102,449222.663988426,3966809.65384365
usa_NC_0039_0150,31-Dec-2023 15:35:01,0.35068287037037,11005.6829198706,449237.527871799,3966761.31246378
usa_NC_0039_0149,31-Dec-2023 15:35:01,0.35068287037037,11011.7112505134,449253.258365473,3966713.35562489
usa_NC_0039_0148,31-Dec-2023 15:35:01,0.35068287037037,11019.847157158,449270.961217976,3966666.28397557
usa_NC_0039_0147,31-Dec-2023 15:35:01,0.35068287037037,11028.9422846358,449289.561833837,3966619.61478259
usa_NC_0039_0146,31-Dec-2023 15:35:01,0.35068287037037,11037.818501084,449307.976761671,3966572.75767141
usa_NC_0039_0145,31-Dec-2023 15:35:01,0.35068287037037,11047.561817184,449327.206919092,3966526.24592362
usa_NC_0039_0144,31-Dec-2023 15:35:01,0.35068287037037,11056.9507153977,449346.106287089,3966479.58086597
usa_NC_0039_0143,31-Dec-2023 15:35:01,0.35068287037037,11066.0253946198,449364.712577136,3966432.77892349
usa_NC_0039_0142,31-Dec-2023 15:35:01,0.35068287037037,11075.3128123652,449383.518420834,3966386.06401025
usa_NC_0039_0141,31-Dec-2023 15:35:01,0.35068287037037,11084.5334979253,449402.262575037,3966339.31725939
usa_NC_0039_0140,31-Dec-2023 15:35:01,0.35068287037037,11093.1776887249,449420.468793706,3966292.32050843
usa_NC_0039_0139,31-Dec-2023 15:35:01,0.35068287037037,11101.4262268199,449438.306263258,3966245.14997811
usa_NC_0039_0138,31-Dec-2023 15:35:01,0.35068287037037,11109.5635853996,449456.04083749,3966197.92699107
usa_NC_0039_0137,31-Dec-2023 15:35:01,0.35068287037037,11117.2572489018,449473.362038682,3966150.50836441
usa_NC_0039_0136,31-Dec-2023 15:35:01,0.35068287037037,11124.110154858,449489.899309585,3966102.72217286
usa_NC_0039_0135,31-Dec-2023 15:35:01,0.35068287037037,11130.6892260257,449506.182279019,3966054.81113753
usa_NC_0039_0134,31-Dec-2023 15:35:01,0.35068287037037,11137.0992918258,449522.308924509,3966006.81991913
usa_NC_0039_0133,31-Dec-2023 15:35:01,0.35068287037037,11143.323675125,449538.263748445,3965958.74096494
usa_NC_0039_0132,31-Dec-2023 15:35:01,0.35068287037037,11149.9552535748,449554.600090519,3965910.83079382
usa_NC_0039_0131,31-Dec-2023 15:35:01,0.35068287037037,11155.6499358733,449570.063686757,3965862.50689906
usa_NC_0039_0130,31-Dec-2023 15:35:01,0.35068287037037,11161.6945997308,449585.811289066,3965814.5477956
usa_NC_0039_0129,31-Dec-2023 15:35:01,0.35068287037037,11167.9786510153,449601.782782265,3965766.68992631
usa_NC_0039_0128,31-Dec-2023 15:35:01,0.35068287037037,11174.1243502502,449617.625762095,3965718.76913278
usa_NC_0039_0127,31-Dec-2023 15:35:01,0.35068287037037,11180.6830173077,449633.854541709,3965671.0251551
usa_NC_0039_0126,31-Dec-2023 15:35:01,0.35068287037037,11187.7905332655,449650.595804417,3965623.51746567
usa_NC_0039_0125,31-Dec-2023 15:35:01,0.35068287037037,11194.8078613499,449667.253414433,3965575.96814905
usa_NC_0039_0124,31-Dec-2023 15:35:01,0.35068287037037,11201.1268189935,449683.260141748,3965528.112093
usa_NC_0039_0123,31-Dec-2023 15:35:01,0.35068287037037,11207.1847544727,449699.023978494,3965480.13947552
usa_NC_0039_0122,31-Dec-2023 15:35:01,0.35068287037037,11214.1336781029,449715.619315088,3965432.55270936
usa_NC_0039_0121,31-Dec-2023 15:35:01,0.35068287037037,11221.5921706173,449732.667091253,3965385.30225364
usa_NC_0039_0120,31-Dec-2023 15:35:01,0.35068287037037,11228.9519370354,449749.621357689,3965338.01592584
usa_NC_0039_0119,31-Dec-2023 15:35:01,0.35068287037037,11236.5756548899,449766.821830148,3965290.84451667
usa_NC_0039_0118,31-Dec-2023 15:35:01,0.35068287037037,11243.2435328183,449783.130981242,3965243.25566681
usa_NC_0039_0117,31-Dec-2023 15:35:01,0.35068287037037,11249.569817668,449799.121648943,3965195.51737206
usa_NC_0039_0116,31-Dec-2023 15:35:01,0.35068287037037,11256.2212312585,449815.443710404,3965147.7798913
usa_NC_0039_0115,31-Dec-2023 15:35:01,0.35068287037037,11263.4121048673,449832.242867529,3965100.40787638
usa_NC_0039_0114,31-Dec-2023 15:35:01,0.35068287037037,11270.5455848103,449848.956247857,3965053.17222303
usa_NC_0039_0113,31-Dec-2023 15:35:01,0.35068287037037,11277.4134450226,449865.452217317,3965005.66903551
usa_NC_0039_0112,31-Dec-2023 15:35:01,0.35068287037037,11285.0750717128,449882.688451866,3964958.51211995
usa_NC_0039_0111,31-Dec-2023 15:35:01,0.35068287037037,11291.7034967258,449898.961264953,3964910.90377867
usa_NC_0039_0110,31-Dec-2023 15:35:01,0.35068287037037,11297.9784791721,449914.904555359,3964863.14076562
usa_NC_0039_0109,31-Dec-2023 15:35:01,0.35068287037037,11302.4517807252,449929.167845679,3964814.59056767
usa_NC_0039_0108,31-Dec-2023 15:35:01,0.35068287037037,11306.3858717894,449942.928419212,3964765.804395
usa_NC_0039_0107,31-Dec-2023 15:35:01,0.35068287037037,11310.3181118605,449956.687373592,3964717.01687898
usa_NC_0039_0106,31-Dec-2023 15:35:01,0.35068287037037,11314.3855549256,449970.572487641,3964668.2879954
usa_NC_0039_0105,31-Dec-2023 15:35:01,0.35068287037037,11320.896316404,449986.736041502,3964620.62595482
usa_NC_0039_0104,31-Dec-2023 15:35:01,0.35068287037037,11328.1105659002,450003.555643018,3964573.27092288
usa_NC_0039_0103,31-Dec-2023 15:35:01,0.35068287037037,11337.401609461,450022.311818068,3964526.82307378
usa_NC_0039_0102,31-Dec-2023 15:35:01,0.35068287037037,11348.3673744997,450042.629663529,3964481.10666245
usa_NC_0039_0101,31-Dec-2023 15:35:01,0.35068287037037,11358.3350507661,450062.016850728,3964434.95405807
usa_NC_0039_0100,31-Dec-2023 15:35:01,0.35068287037037,11367.1210820246,450080.302031027,3964388.28600922
usa_NC_0039_0099,31-Dec-2023 15:35:01,0.35068287037037,11374.76557993,450097.516096644,3964341.1526218
usa_NC_0039_0098,31-Dec-2023 15:35:01,0.35068287037037,11381.7072131992,450114.074731047,3964293.71232215
usa_NC_0039_0097,31-Dec-2023 15:35:01,0.35068287037037,11389.6964771989,450131.610190805,3964246.73000604
usa_NC_0039_0096,31-Dec-2023 15:35:01,0.35068287037037,11395.7191879108,450147.282966436,3964199.03332958
usa_NC_0039_0095,31-Dec-2023 15:35:01,0.35068287037037,11402.4169996033,450163.578945731,3964151.66315755
usa_NC_0039_0094,31-Dec-2023 15:35:01,0.35068287037037,11408.6287230399,450179.421034511,3964104.08376503
usa_NC_0039_0093,31-Dec-2023 15:35:01,0.35068287037037,11415.8726547163,450196.225231216,3964056.95730184
usa_NC_0039_0092,31-Dec-2023 15:35:01,0.35068287037037,11422.7136975825,450212.653144658,3964009.65783489
usa_NC_0039_0091,31-Dec-2023 15:35:01,0.35068287037037,11428.9690505586,450228.534192874,3963962.10612978
usa_NC_0039_0090,31-Dec-2023 15:35:01,0.35068287037037,11435.8271440328,450244.976901616,3963914.81963613
usa_NC_0039_0089,31-Dec-2023 15:35:01,0.35068287037037,11443.1746002087,450261.875600557,3963867.74856588
usa_NC_0039_0088,31-Dec-2023 15:35:01,0.35068287037037,11451.0580277036,450279.273860119,3963820.91273451
usa_NC_0039_0087,31-Dec-2023 15:35:01,0.35068287037037,11459.7616082717,450297.43691571,3963774.43507202
usa_NC_0039_0086,31-Dec-2023 15:35:01,0.35068287037037,11468.7904560273,450315.903138151,3963728.10018809
usa_NC_0039_0085,31-Dec-2023 15:35:01,0.35068287037037,11477.6152173672,450334.178627765,3963681.67828659
usa_NC_0039_0084,31-Dec-2023 15:35:01,0.35068287037037,11487.3137975916,450353.269241487,3963635.63656665
usa_NC_0039_0083,31-Dec-2023 15:35:01,0.35068287037037,11497.0227134057,450372.369284625,3963589.60040409
usa_NC_0039_0082,31-Dec-2023 15:35:01,0.35068287037037,11506.4199742535,450391.178246842,3963543.43044785
usa_NC_0039_0081,31-Dec-2023 15:35:01,0.35068287037037,11515.7576187516,450409.931313597,3963497.23597277
usa_NC_0039_0080,31-Dec-2023 15:35:01,0.35068287037037,11525.5764438032,450429.13326271,3963451.25073536
usa_NC_0039_0079,31-Dec-2023 15:35:01,0.35068287037037,11534.2976141212,450447.310386532,3963404.79243611
usa_NC_0039_0078,31-Dec-2023 15:35:01,0.35068287037037,11543.5897416319,450466.020187654,3963358.5821912
usa_NC_0039_0077,31-Dec-2023 15:35:01,0.35068287037037,11553.2960619545,450485.116405127,3963312.55192811
usa_NC_0039_0076,31-Dec-2023 15:35:01,0.35068287037037,11562.340479169,450503.59442686,3963266.23745186
usa_NC_0039_0075,31-Dec-2023 15:35:01,0.35068287037037,11573.0265407236,450523.604950124,3963220.63158252
usa_NC_0039_0074,31-Dec-2023 15:35:01,0.35068287037037,11583.1110567059,450543.053664893,3963174.7673403
usa_NC_0039_0073,31-Dec-2023 15:35:01,0.35068287037037,11592.4215018324,450561.8966166,3963127.98424054
usa_NC_0039_0072,31-Dec-2023 15:35:01,0.35068287037037,11601.9160189613,450581.028921018,3963080.69248788
usa_NC_0039_0071,31-Dec-2023 15:35:01,0.35068287037037,11610.8717100487,450599.691714042,3963033.00055024
usa_NC_0039_0070,31-Dec-2023 15:35:01,0.35068287037037,11621.2533089503,450619.68842077,3962985.91005721
usa_NC_0039_0069,31-Dec-2023 15:35:01,0.35068287037037,11632.2336750396,450640.244358987,3962939.07665442
usa_NC_0039_0068,31-Dec-2023 15:35:01,0.35068287037037,11642.7582777827,450660.375983164,3962892.04077675
usa_NC_0039_0067,31-Dec-2023 15:35:01,0.35068287037037,11653.5853110404,450680.790244621,3962845.13387269
usa_NC_0039_0066,31-Dec-2023 15:35:01,0.35068287037037,11664.9505342978,450701.706490066,3962798.46140267
usa_NC_0039_0065,31-Dec-2023 15:35:01,0.35068287037037,11675.8831458391,450722.220163576,3962751.59580208
usa_NC_0039_0064,31-Dec-2023 15:35:01,0.35068287037037,11686.6726606183,450742.601188439,3962704.66375798
usa_NC_0039_0063,31-Dec-2023 15:35:01,0.35068287037037,11695.1885539365,450760.866938127,3962656.71434995
usa_NC_0039_0062,31-Dec-2023 15:35:01,0.35068287037037,11701.4406949134,450777.028687578,3962607.74151914
usa_NC_0039_0061,31-Dec-2023 15:35:01,0.35068287037037,11708.5942188008,450794.03218547,3962559.1562995
usa_NC_0039_0060,31-Dec-2023 15:35:01,0.35068287037037,11716.1372222401,450811.400685154,3962510.73210875
usa_NC_0039_0059,31-Dec-2023 15:35:01,0.35068287037037,11726.6815651335,450831.561328592,3962463.65174793
usa_NC_0039_0058,31-Dec-2023 15:35:01,0.35068287037037,11738.965613805,450853.339153188,3962417.35666328
usa_NC_0039_0057,31-Dec-2023 15:35:01,0.35068287037037,11752.9233357266,450876.671223333,3962371.82482376
usa_NC_0039_0056,31-Dec-2023 15:35:01,0.35068287037037,11767.55555416,450900.628265051,3962326.60755662
usa_NC_0039_0055,31-Dec-2023 15:35:01,0.35068287037037,11782.6682492829,450925.029568252,3962281.6190597
usa_NC_0039_0054,31-Dec-2023 15:35:01,0.35068287037037,11798.8468342539,450950.417875432,3962237.13079059
usa_NC_0039_0053,31-Dec-2023 15:35:01,0.35068287037037,11815.2310427264,450975.994244355,3962192.75075037
usa_NC_0039_0052,31-Dec-2023 15:35:01,0.35068287037037,11830.8066143334,451000.817999023,3962148.01034987
usa_NC_0039_0051,31-Dec-2023 15:35:01,0.35068287037037,11842.2645949627,451021.822672535,3962101.36872224
usa_NC_0039_0050,31-Dec-2023 15:35:01,0.35068287037037,11857.2365659317,451046.084025479,3962056.36242995
usa_NC_0039_0049,31-Dec-2023 15:35:01,0.35068287037037,11872.782720574,451070.883033851,3962011.59574532
usa_NC_0039_0048,31-Dec-2023 15:35:01,0.35068287037037,11888.1553775975,451095.519314249,3961966.75800044
usa_NC_0039_0047,31-Dec-2023 15:35:01,0.35068287037037,11901.850503894,451118.571663449,3961921.28588261
usa_NC_0039_0046,31-Dec-2023 15:35:01,0.35068287037037,11913.7088398125,451139.789971583,3961875.61828399
usa_NC_0039_0045,31-Dec-2023 15:35:01,0.35068287037037,11927.0560620025,451162.386939662,3961830.64960154
usa_NC_0039_0044,31-Dec-2023 15:35:01,0.35068287037037,11943.667981353,451188.005510003,3961787.22044848
usa_NC_0039_0043,31-Dec-2023 15:35:01,0.35068287037037,11959.7277764728,451213.112977777,3961743.53138347
usa_NC_0039_0042,31-Dec-2023 15:35:01,0.35068287037037,11975.4626153041,451237.919532263,3961699.68984887
usa_NC_0039_0041,31-Dec-2023 15:35:01,0.35068287037037,11991.6754964637,451263.168331624,3961656.07475305
usa_NC_0039_0040,31-Dec-2023 15:35:01,0.35068287037037,12007.9197106433,451288.445864102,3961612.47576804
usa_NC_0039_0039,31-Dec-2023 15:35:01,0.35068287037037,12022.3818120079,451312.074913913,3961568.03173511
usa_NC_0039_0038,31-Dec-2023 15:35:01,0.35068287037037,12034.234937009,451333.291250555,3961522.34740965
usa_NC_0039_0037,31-Dec-2023 15:35:01,0.35068287037037,12041.7237057094,451350.472390467,3961474.58406062
usa_NC_0039_0036,31-Dec-2023 15:35:01,0.35068287037037,12047.4232828434,451366.003276684,3961425.94840151
usa_NC_0039_0035,31-Dec-2023 15:35:01,0.35068287037037,12051.4260541178,451380.003523232,3961376.31331179
usa_NC_0039_0034,31-Dec-2023 15:35:01,0.35068287037037,12055.9446658295,451394.484064182,3961326.90714221
usa_NC_0039_0033,31-Dec-2023 15:35:01,0.35068287037037,12059.7297813648,451408.289820816,3961277.13458835
usa_NC_0039_0032,31-Dec-2023 15:35:01,0.35068287037037,12062.1972229878,451420.896928809,3961226.63602394
usa_NC_0039_0031,31-Dec-2023 15:35:01,0.35068287037037,12062.3362193684,451431.437182374,3961174.59799742
usa_NC_0039_0030,31-Dec-2023 15:35:01,0.35068287037037,12061.9098434945,451441.252023854,3961123.30493511
usa_NC_0039_0029,31-Dec-2023 15:35:01,0.35068287037037,12061.1937480658,451451.25613058,3961069.58619055
usa_NC_0039_0028,31-Dec-2023 15:35:01,0.35068287037037,12058.544374002,451459.086977601,3961016.8771327
usa_NC_0039_0027,31-Dec-2023 15:35:01,0.35068287037037,12055.7800898238,451466.580908549,3960965.26770704
usa_NC_0039_0026,31-Dec-2023 15:35:01,0.35068287037037,12054.2990464503,451475.55318376,3960912.80886775
usa_NC_0039_0025,31-Dec-2023 15:35:01,0.35068287037037,12053.2032083951,451484.886363383,3960860.50974943
usa_NC_0039_0024,31-Dec-2023 15:35:01,0.35068287037037,12052.9684445462,451495.018803618,3960808.60515951
usa_NC_0039_0023,31-Dec-2023 15:35:01,0.35068287037037,12055.1702344742,451507.249721299,3960758.63348949
usa_NC_0039_0022,31-Dec-2023 15:35:01,0.35068287037037,12056.5643553563,451518.578819929,3960709.05307483
usa_NC_0039_0021,31-Dec-2023 15:35:01,0.35068287037037,12061.9418900652,451533.579855149,3960661.42550632
usa_NC_0039_0020,31-Dec-2023 15:35:01,0.35068287037037,12064.6635827787,451546.126061281,3960612.5292393
usa_NC_0039_0019,31-Dec-2023 15:35:01,0.35068287037037,12069.9087507654,451560.999468405,3960564.86486128
usa_NC_0039_0018,31-Dec-2023 15:35:01,0.35068287037037,12069.9867453407,451571.097252152,3960514.72980806
usa_NC_0039_0017,31-Dec-2023 15:35:01,0.35068287037037,12065.5285056518,451576.999657529,3960462.44019381
usa_NC_0039_0016,31-Dec-2023 15:35:01,0.35068287037037,12057.8228775538,451579.895288321,3960408.62517882
usa_NC_0039_0015,31-Dec-2023 15:35:01,0.35068287037037,12046.2679371577,451579.226075952,3960353.00574359
usa_NC_0039_0014,31-Dec-2023 15:35:01,0.35068287037037,12032.9918248283,451576.957452535,3960296.60668785
usa_NC_0039_0013,31-Dec-2023 15:35:01,0.35068287037037,12027.5649845446,451581.937394169,3960243.99035938
usa_NC_0039_0012,31-Dec-2023 15:35:01,0.35068287037037,12026.6006786359,451591.038033766,3960193.52620736
usa_NC_0039_0011,05-Apr-2024 15:34:29,95.6489467592593,12025.7667386509,451600.254700809,3960143.14670814
usa_NC_0039_0010,20-Mar-2024 15:34:38,79.6490509259259,12033.2759968889,451617.186895354,3960096.73373919
usa_NC_0039_0009,23-May-2024 15:33:57,143.648576388889,12044.2347015231,451637.308885894,3960051.96142766
usa_NC_0039_0008,23-May-2024 15:33:57,143.648576388889,12044.6526758591,451647.675007931,3960002.21853091
usa_NC_0039_0007,02-Aug-2024 15:40:39,214.653229166667,12029.9978689519,451644.084603989,3959945.3982553
usa_NC_0039_0006,29-Feb-2020 15:41:01,1401.3465162037,12059.6866638673,451681.539115241,3959909.47295914
usa_NC_0039_0005,23-Jul-2020 15:04:14,1256.37206018519,12022.7201752455,451657.276645125,3959842.24003617
usa_NC_0039_0004,23-Jul-2020 15:04:14,1256.37206018519,12022.4026248047,451666.940017222,3959792.260353
usa_NC_0039_0003,23-Jul-2020 15:04:14,1256.37206018519,12033.0826096911,451686.786390057,3959747.44494264
usa_NC_0039_0002,23-Jul-2020 15:04:14,1256.37206018519,12045.3739824949,451708.125235296,3959703.38405206
usa_NC_0039_0001,14-Jul-2020 15:10:58,1265.36738425926,12063.132430069,451734.567933612,3959661.68174171
usa_NC_0038_0147,31-Dec-2023 15:35:01,0.35068287037037,12777.318539109,452610.280772281,3958923.99937476
usa_NC_0038_0146,31-Dec-2023 15:35:01,0.35068287037037,12811.7919877683,452652.401802998,3958889.13863473
usa_NC_0038_0145,31-Dec-2023 15:35:01,0.35068287037037,12844.7853668495,452693.150869478,3958853.59046499
usa_NC_0038_0144,31-Dec-2023 15:35:01,0.35068287037037,12877.5549673683,452733.691341705,3958817.94416785
usa_NC_0038_0143,31-Dec-2023 15:35:01,0.35068287037037,12907.6766963099,452771.778836363,3958781.060582
usa_NC_0038_0142,31-Dec-2023 15:35:01,0.35068287037037,12935.3781752794,452807.624367253,3958743.04533877
usa_NC_0038_0141,31-Dec-2023 15:35:01,0.35068287037037,12962.6700983347,452843.089729126,3958704.84251325
usa_NC_0038_0140,31-Dec-2023 15:35:01,0.35068287037037,12984.5019606534,452873.499268,3958664.07654182
usa_NC_0038_0139,31-Dec-2023 15:35:01,0.35068287037037,13012.3227759322,452909.452517882,3958626.13124249
usa_NC_0038_0138,31-Dec-2023 15:35:01,0.35068287037037,13034.4631838749,452940.146326903,3958585.51728047
usa_NC_0038_0137,31-Dec-2023 15:35:01,0.35068287037037,13052.5610010694,452967.097391063,3958543.00282527
usa_NC_0038_0136,31-Dec-2023 15:35:01,0.35068287037037,13072.34923999,452995.612877835,3958501.28615801
usa_NC_0038_0135,31-Dec-2023 15:35:01,0.35068287037037,13090.4539690491,453022.569670112,3958458.77831055
usa_NC_0038_0134,31-Dec-2023 15:35:01,0.35068287037037,13107.3394341498,453048.397600008,3958415.69743236
usa_NC_0038_0133,31-Dec-2023 15:35:01,0.35068287037037,13121.2410328909,453071.350490079,3958371.77673774
usa_NC_0038_0132,31-Dec-2023 15:35:01,0.35068287037037,13132.8149476932,453092.08399617,3958327.08378105
usa_NC_0038_0131,31-Dec-2023 15:35:01,0.35068287037037,13143.8499435553,453112.317440013,3958282.1430532
usa_NC_0038_0130,31-Dec-2023 15:35:01,0.35068287037037,13153.7263916199,453131.47637851,3958236.66712499
usa_NC_0038_0129,31-Dec-2023 15:35:01,0.35068287037037,13162.4722663771,453149.585896095,3958190.67322699
usa_NC_0038_0128,31-Dec-2023 15:35:01,0.35068287037037,13171.7958718035,453168.228662515,3958144.9590903
usa_NC_0038_0127,31-Dec-2023 15:35:01,0.35068287037037,13181.0694977705,453186.823077336,3958099.23186248
usa_NC_0038_0126,31-Dec-2023 15:35:01,0.35068287037037,13192.8476665627,453207.738223421,3958054.67228248
usa_NC_0038_0125,31-Dec-2023 15:35:01,0.35068287037037,13206.5860944228,453230.471002035,3958011.02039652
usa_NC_0038_0124,31-Dec-2023 15:35:01,0.35068287037037,13219.4915710776,453252.431029582,3957966.98483885
usa_NC_0038_0123,31-Dec-2023 15:35:01,0.35068287037037,13231.2309152977,453273.308464344,3957922.41584663
usa_NC_0038_0122,31-Dec-2023 15:35:01,0.35068287037037,13242.2958243456,453293.558945674,3957877.54251304
usa_NC_0038_0121,31-Dec-2023 15:35:01,0.35068287037037,13254.038875319,453314.438007531,3957832.98429494
usa_NC_0038_0120,31-Dec-2023 15:35:01,0.35068287037037,13265.8327065317,453335.363417621,3957788.45328019
usa_NC_0038_0119,31-Dec-2023 15:35:01,0.35068287037037,13279.8466134417,453358.350700025,3957744.9336167
usa_NC_0038_0118,31-Dec-2023 15:35:01,0.35068287037037,13296.9147578986,453384.156160702,3957702.89745196
usa_NC_0038_0117,31-Dec-2023 15:35:01,0.35068287037037,13316.0300419163,453411.864062038,3957661.78794764
usa_NC_0038_0116,31-Dec-2023 15:35:01,0.35068287037037,13337.2545176918,453441.594754144,3957621.31949831
usa_NC_0038_0115,31-Dec-2023 15:35:01,0.35068287037037,13356.6378873016,453469.744414937,3957579.36738802
usa_NC_0038_0114,31-Dec-2023 15:35:01,0.35068287037037,13373.7945970537,453495.823576682,3957536.41349687
usa_NC_0038_0113,31-Dec-2023 15:35:01,0.35068287037037,13389.2087358469,453520.282423018,3957492.6753926
usa_NC_0038_0112,31-Dec-2023 15:35:01,0.35068287037037,13401.6220273578,453541.951092029,3957447.58612935
usa_NC_0038_0111,31-Dec-2023 15:35:01,0.35068287037037,13413.0672928292,453562.719747263,3957402.06073602
usa_NC_0038_0110,31-Dec-2023 15:35:01,0.35068287037037,13424.8329311381,453583.786326774,3957356.67937964
usa_NC_0038_0109,31-Dec-2023 15:35:01,0.35068287037037,13438.2022382136,453606.346040076,3957312.00984
usa_NC_0038_0108,31-Dec-2023 15:35:01,0.35068287037037,13453.2991898137,453630.503375822,3957268.16190335
usa_NC_0038_0107,31-Dec-2023 15:35:01,0.35068287037037,13468.1995490811,453654.477381598,3957224.22814708
usa_NC_0038_0106,31-Dec-2023 15:35:01,0.35068287037037,13482.0481897328,453677.473486449,3957179.82092809
usa_NC_0038_0105,31-Dec-2023 15:35:01,0.35068287037037,13494.6447901941,453699.305491625,3957134.84975174
usa_NC_0038_0104,31-Dec-2023 15:35:01,0.35068287037037,13507.0476056052,453720.957286062,3957089.7914724
usa_NC_0038_0103,31-Dec-2023 15:35:01,0.35068287037037,13519.1598630015,453742.338910022,3957044.60241995
usa_NC_0038_0102,31-Dec-2023 15:35:01,0.35068287037037,13533.5059560849,453765.79720823,3957000.42086583
usa_NC_0038_0101,31-Dec-2023 15:35:01,0.35068287037037,13548.4480715286,453789.809504009,3956956.50858673
usa_NC_0038_0100,31-Dec-2023 15:35:01,0.35068287037037,13562.5772835165,453813.065988828,3956912.23017111
usa_NC_0038_0099,31-Dec-2023 15:35:01,0.35068287037037,13576.317404346,453835.938158691,3956867.88935901
usa_NC_0038_0098,31-Dec-2023 15:35:01,0.35068287037037,13589.6450956742,453858.067994366,3956825.15870967
usa_NC_0038_0097,31-Dec-2023 15:35:01,0.35068287037037,13602.369775273,453879.640448089,3956782.14005312
usa_NC_0038_0096,31-Dec-2023 15:35:01,0.35068287037037,13614.22498704,453900.406209561,3956738.72122361
usa_NC_0038_0095,31-Dec-2023 15:35:01,0.35068287037037,13626.1209632422,453921.212117164,3956695.30952134
usa_NC_0038_0094,31-Dec-2023 15:35:01,0.35068287037037,13638.3472371134,453942.328287203,3956652.03076074
usa_NC_0038_0093,31-Dec-2023 15:35:01,0.35068287037037,13650.2847148169,453963.177510129,3956608.61408737
usa_NC_0038_0092,31-Dec-2023 15:35:01,0.35068287037037,13661.3490731664,453983.213559135,3956564.81104288
usa_NC_0038_0091,31-Dec-2023 15:35:01,0.35068287037037,13671.6518754783,454002.536139353,3956520.69200754
usa_NC_0038_0090,31-Dec-2023 15:35:01,0.35068287037037,13680.2809117965,454020.284609257,3956475.90866448
usa_NC_0038_0089,31-Dec-2023 15:35:01,0.35068287037037,13689.4882385622,454038.568440912,3956431.39736563
usa_NC_0038_0088,31-Dec-2023 15:35:01,0.35068287037037,13699.5676708217,454057.663787327,3956387.2755669
usa_NC_0038_0087,31-Dec-2023 15:35:01,0.35068287037037,13709.9353410927,454077.025192741,3956343.29327697
usa_NC_0038_0086,31-Dec-2023 15:35:01,0.35068287037037,13720.1953036004,454096.281979878,3956299.28487006
usa_NC_0038_0085,31-Dec-2023 15:35:01,0.35068287037037,13731.2690980552,454116.298474431,3956255.62783872
usa_NC_0038_0084,31-Dec-2023 15:35:01,0.35068287037037,13742.9321258605,454136.870875512,3956212.19588285
usa_NC_0038_0083,31-Dec-2023 15:35:01,0.35068287037037,13755.2163093435,454158.15941685,3956168.35004246
usa_NC_0038_0082,31-Dec-2023 15:35:01,0.35068287037037,13766.7782371023,454178.830370329,3956123.90894884
usa_NC_0038_0081,31-Dec-2023 15:35:01,0.35068287037037,13778.3847654548,454199.542085079,3956079.49148118
usa_NC_0038_0080,31-Dec-2023 15:35:01,0.35068287037037,13789.4964446629,454219.787559386,3956034.88188715
usa_NC_0038_0079,31-Dec-2023 15:35:01,0.35068287037037,13800.3128014162,454239.75397858,3955990.16166764
usa_NC_0038_0078,31-Dec-2023 15:35:01,0.35068287037037,13810.2457864855,454258.888050541,3955945.09870664
usa_NC_0038_0077,31-Dec-2023 15:35:01,0.35068287037037,13818.7067054371,454276.635227765,3955899.46387787
usa_NC_0038_0076,31-Dec-2023 15:35:01,0.35068287037037,13828.9289924736,454296.037033569,3955854.53747381
usa_NC_0038_0075,31-Dec-2023 15:35:01,0.35068287037037,13840.1297376927,454316.357983923,3955810.00470076
usa_NC_0038_0074,31-Dec-2023 15:35:01,0.35068287037037,13851.2595782939,454336.611547975,3955765.44730581
usa_NC_0038_0073,31-Dec-2023 15:35:01,0.35068287037037,13862.958539615,454357.413392263,3955721.05051019
usa_NC_0038_0072,31-Dec-2023 15:35:01,0.35068287037037,13872.8270609454,454376.493686312,3955675.92769562
usa_NC_0038_0071,31-Dec-2023 15:35:01,0.35068287037037,13882.3643089037,454395.263735937,3955630.66686992
usa_NC_0038_0070,31-Dec-2023 15:35:01,0.35068287037037,13892.4655886919,454414.567261672,3955585.61475876
usa_NC_0038_0069,31-Dec-2023 15:35:01,0.35068287037037,13901.8466093233,454433.19368029,3955540.27544007
usa_NC_0038_0068,31-Dec-2023 15:35:01,0.35068287037037,13912.2881071939,454452.822072887,3955495.3338115
usa_NC_0038_0067,31-Dec-2023 15:35:01,0.35068287037037,13922.6076211471,454472.337634303,3955450.33431079
usa_NC_0038_0066,31-Dec-2023 15:35:01,0.35068287037037,13932.1543840515,454491.071507918,3955405.30308107
usa_NC_0038_0065,31-Dec-2023 15:35:01,0.35068287037037,13942.2312310389,454510.187882534,3955361.06285592
usa_NC_0038_0064,31-Dec-2023 15:35:01,0.35068287037037,13952.5959364381,454529.527495697,3955317.1744919
usa_NC_0038_0063,31-Dec-2023 15:35:01,0.35068287037037,13961.8469358498,454547.673222338,3955273.57719713
usa_NC_0038_0062,31-Dec-2023 15:35:01,0.35068287037037,13971.5378184033,454566.241032981,3955230.11249559
usa_NC_0038_0061,31-Dec-2023 15:35:01,0.35068287037037,13979.2250655265,454582.916365446,3955185.89329265
usa_NC_0038_0060,31-Dec-2023 15:35:01,0.35068287037037,13987.1214947418,454599.792966577,3955141.73438681
usa_NC_0038_0059,31-Dec-2023 15:35:01,0.35068287037037,13993.5389773318,454615.269077003,3955097.03653915
usa_NC_0038_0058,31-Dec-2023 15:35:01,0.35068287037037,14000.0559495476,454630.841870654,3955052.36257874
usa_NC_0038_0057,31-Dec-2023 15:35:01,0.35068287037037,14006.0320853836,454645.900009301,3955007.50408949
usa_NC_0038_0056,31-Dec-2023 15:35:01,0.35068287037037,14012.9821017286,454661.884128962,3954962.98165773
usa_NC_0038_0055,31-Dec-2023 15:35:01,0.35068287037037,14021.8214708226,454679.669088735,3954919.08909875
usa_NC_0038_0054,31-Dec-2023 15:35:01,0.35068287037037,14030.9497451204,454697.733355074,3954875.27315767
usa_NC_0038_0053,31-Dec-2023 15:35:01,0.35068287037037,14039.7819223021,454715.519216077,3954831.33938605
usa_NC_0038_0052,31-Dec-2023 15:35:01,0.35068287037037,14048.2181163603,454732.930468163,3954787.25947346
usa_NC_0038_0051,31-Dec-2023 15:35:01,0.35068287037037,14056.5552163486,454750.250005122,3954743.13283004
usa_NC_0038_0050,31-Dec-2023 15:35:01,0.35068287037037,14063.5021074291,454766.241745677,3954698.5563113
usa_NC_0038_0049,31-Dec-2023 15:35:01,0.35068287037037,14068.8315113364,454780.705522679,3954653.37175737
usa_NC_0038_0048,31-Dec-2023 15:35:01,0.35068287037037,14073.8632526677,454795.221310286,3954606.40785903
usa_NC_0038_0047,31-Dec-2023 15:35:01,0.35068287037037,14075.8137080313,454806.782557767,3954558.50483118
usa_NC_0038_0046,31-Dec-2023 15:35:01,0.35068287037037,14079.2532227684,454819.768795866,3954511.06974688
usa_NC_0038_0045,31-Dec-2023 15:35:01,0.35068287037037,14080.107078004,454830.273340068,3954462.85856854
usa_NC_0038_0044,31-Dec-2023 15:35:01,0.35068287037037,14082.3092450086,454842.068065936,3954415.0716897
usa_NC_0038_0043,31-Dec-2023 15:35:01,0.35068287037037,14084.9865954132,454854.316202955,3954367.44077944
usa_NC_0038_0042,31-Dec-2023 15:35:01,0.35068287037037,14088.6570395408,454867.515247,3954320.11923856
usa_NC_0038_0041,31-Dec-2023 15:35:01,0.35068287037037,14092.632700329,454881.005554983,3954272.89771882
usa_NC_0038_0040,31-Dec-2023 15:35:01,0.35068287037037,14095.1995465994,454893.141244732,3954225.26560005
usa_NC_0038_0039,31-Dec-2023 15:35:01,0.35068287037037,14101.3826041996,454908.748791495,3954178.71365283
usa_NC_0038_0038,31-Dec-2023 15:35:01,0.35068287037037,14107.0177215117,454923.831605679,3954131.99135528
usa_NC_0038_0037,31-Dec-2023 15:35:01,0.35068287037037,14113.9414624849,454940.154362425,3954085.64016567
usa_NC_0038_0036,31-Dec-2023 15:35:01,0.35068287037037,14120.8801460529,454956.493515503,3954039.28317937
usa_NC_0038_0035,31-Dec-2023 15:35:01,0.35068287037037,14126.6415523213,454971.702512572,3953992.57390698
usa_NC_0038_0034,31-Dec-2023 15:35:01,0.35068287037037,14132.2686515598,454986.778322792,3953945.84574119
usa_NC_0038_0033,31-Dec-2023 15:35:01,0.35068287037037,14137.2071891567,455001.167820716,3953899.03819621
usa_NC_0038_0032,31-Dec-2023 15:35:01,0.35068287037037,14141.3594790566,455014.801642035,3953851.99987493
usa_NC_0038_0031,31-Dec-2023 15:35:01,0.35068287037037,14145.8355304723,455028.747891844,3953805.05029958
usa_NC_0038_0030,31-Dec-2023 15:35:01,0.35068287037037,14151.1940721841,455043.545062198,3953758.34601993
usa_NC_0038_0029,31-Dec-2023 15:35:01,0.35068287037037,14157.2343633593,455059.000556785,3953711.82641753
usa_NC_0038_0028,31-Dec-2023 15:35:01,0.35068287037037,14163.2697295719,455074.453156484,3953665.29616863
usa_NC_0038_0027,31-Dec-2023 15:35:01,0.35068287037037,14169.9172825276,455090.497857681,3953618.92700029
usa_NC_0038_0026,31-Dec-2023 15:35:01,0.35068287037037,14176.7314187051,455106.61391079,3953573.05088585
usa_NC_0038_0025,31-Dec-2023 15:35:01,0.35068287037037,14182.8024897892,455121.957680725,3953527.24747473
usa_NC_0038_0024,31-Dec-2023 15:35:01,0.35068287037037,14188.6766273874,455137.114621293,3953481.37401528
usa_NC_0038_0023,31-Dec-2023 15:35:01,0.35068287037037,14193.11261061,455150.88501483,3953435.10001009
usa_NC_0038_0022,31-Dec-2023 15:35:01,0.35068287037037,14197.970053195,455165.064436774,3953388.92991098
usa_NC_0038_0021,31-Dec-2023 15:35:01,0.35068287037037,14202.7087497837,455179.130990023,3953342.71865156
usa_NC_0038_0020,31-Dec-2023 15:35:01,0.35068287037037,14207.7342472748,455193.477024839,3953296.57239538
usa_NC_0038_0019,31-Dec-2023 15:35:01,0.35068287037037,14212.2623186976,455207.343484724,3953250.28759276
usa_NC_0038_0018,31-Dec-2023 15:35:01,0.35068287037037,14216.4923966062,455220.922800388,3953203.91901434
usa_NC_0038_0017,31-Dec-2023 15:35:01,0.35068287037037,14221.3229762798,455235.085685509,3953157.69458195
usa_NC_0038_0016,31-Dec-2023 15:35:01,0.35068287037037,14227.2536857082,455250.317870396,3953111.7332753
usa_NC_0038_0015,31-Dec-2023 15:35:01,0.35068287037037,14234.784409106,455267.106431704,3953066.14864408
usa_NC_0038_0014,31-Dec-2023 15:35:01,0.35068287037037,14243.5520162288,455285.149758383,3953020.59689707
usa_NC_0038_0013,31-Dec-2023 15:35:01,0.35068287037037,14252.9175015196,455303.911806264,3952974.49955723
usa_NC_0038_0012,31-Dec-2023 15:35:01,0.35068287037037,14260.7556132803,455321.125113092,3952928.35803829
usa_NC_0038_0011,31-Dec-2023 15:35:01,0.35068287037037,14267.3227508152,455337.240642749,3952881.22403317
usa_NC_0038_0010,31-Dec-2023 15:35:01,0.35068287037037,14272.1723175892,455351.620413351,3952834.01112181
usa_NC_0038_0009,31-Dec-2023 15:35:01,0.35068287037037,14276.6871800421,455365.675534882,3952786.71477636
usa_NC_0038_0008,31-Dec-2023 15:35:01,0.35068287037037,14281.6419824388,455380.18053639,3952739.41221258
usa_NC_0038_0007,31-Dec-2023 15:35:01,0.35068287037037,14287.5687451147,455395.692612793,3952692.03008269
usa_NC_0038_0006,31-Dec-2023 15:35:01,0.35068287037037,14294.443129983,455412.127107036,3952644.86783746
usa_NC_0038_0005,31-Dec-2023 15:35:01,0.35068287037037,14302.4140999895,455429.629222773,3952597.95902741
usa_NC_0038_0004,31-Dec-2023 15:35:01,0.35068287037037,14310.5886773333,455447.330403134,3952551.09309461
usa_NC_0038_0003,31-Dec-2023 15:35:01,0.35068287037037,14319.5258587439,455465.774677485,3952504.4002455
usa_NC_0038_0002,31-Dec-2023 15:35:01,0.35068287037037,14327.5578270293,455483.33911802,3952457.49083189
usa_NC_0038_0001,31-Dec-2023 15:35:01,0.35068287037037,14335.3222313021,455500.642374457,3952410.52301945
usa_NC_0037_0178,31-Dec-2023 15:35:01,0.35068287037037,14341.4145052183,455516.318257154,3952363.16579654
usa_NC_0037_0177,31-Dec-2023 15:35:01,0.35068287037037,14349.3216841734,455533.762163375,3952316.22274325
usa_NC_0037_0176,31-Dec-2023 15:35:01,0.35068287037037,14356.4876573312,455550.485963651,3952269.10076748
usa_NC_0037_0175,31-Dec-2023 15:35:01,0.35068287037037,14365.2698896876,455568.784930146,3952222.34434038
usa_NC_0037_0174,31-Dec-2023 15:35:01,0.35068287037037,14373.5623886912,455586.608702138,3952175.46670384
usa_NC_0037_0173,31-Dec-2023 15:35:01,0.35068287037037,14380.2779412342,455602.898286547,3952128.21907124
usa_NC_0037_0172,31-Dec-2023 15:35:01,0.35068287037037,14385.0181549897,455617.251013951,3952080.58343197
usa_NC_0037_0171,31-Dec-2023 15:35:01,0.35068287037037,14388.9034290094,455630.800196218,3952032.60601176
usa_NC_0037_0170,31-Dec-2023 15:35:01,0.35068287037037,14392.5204029075,455644.074580072,3951984.63456725
usa_NC_0037_0169,31-Dec-2023 15:35:01,0.35068287037037,14398.5592882011,455659.709337135,3951937.21069378
usa_NC_0037_0168,31-Dec-2023 15:35:01,0.35068287037037,14405.3462486326,455676.074190961,3951889.95080137
usa_NC_0037_0167,31-Dec-2023 15:35:01,0.35068287037037,14411.5109067768,455691.833928962,3951842.54333423
usa_NC_0037_0166,31-Dec-2023 15:35:01,0.35068287037037,14418.2217418576,455708.127169792,3951795.25332887
usa_NC_0037_0165,31-Dec-2023 15:35:01,0.35068287037037,14425.5462468532,455725.019855152,3951748.09522587
usa_NC_0037_0164,31-Dec-2023 15:35:01,0.35068287037037,14432.5569334529,455741.608058356,3951700.85935333
usa_NC_0037_0163,31-Dec-2023 15:35:01,0.35068287037037,14439.281672402,455757.918857303,3951653.55243633
usa_NC_0037_0162,31-Dec-2023 15:35:01,0.35068287037037,14446.8143139379,455775.018661266,3951606.42001939
usa_NC_0037_0161,31-Dec-2023 15:35:01,0.35068287037037,14454.5163927565,455792.285908172,3951559.31434609
usa_NC_0037_0160,31-Dec-2023 15:35:01,0.35068287037037,14460.8268072825,455808.199467426,3951511.88093967
usa_NC_0037_0159,31-Dec-2023 15:35:01,0.35068287037037,14467.2257794588,455824.200261526,3951464.46291447
usa_NC_0037_0158,31-Dec-2023 15:35:01,0.35068287037037,14473.4056331121,455839.988206437,3951416.99183678
usa_NC_0037_0157,31-Dec-2023 15:35:01,0.35068287037037,14480.1215455953,455856.270526339,3951369.78239537
usa_NC_0037_0156,31-Dec-2023 15:35:01,0.35068287037037,14485.4837635592,455871.225017448,3951322.30958492
usa_NC_0037_0155,31-Dec-2023 15:35:01,0.35068287037037,14491.0015172776,455886.332637659,3951274.86420613
usa_NC_0037_0154,31-Dec-2023 15:35:01,0.35068287037037,14497.205025719,455902.168460398,3951227.27424757
usa_NC_0037_0153,31-Dec-2023 15:35:01,0.35068287037037,14502.8780765732,455917.523528814,3951179.38307466
usa_NC_0037_0152,31-Dec-2023 15:35:01,0.35068287037037,14508.8701444,455933.189547538,3951131.56383218
usa_NC_0037_0151,31-Dec-2023 15:35:01,0.35068287037037,14514.8800604261,455948.872579528,3951083.75053383
usa_NC_0037_0150,31-Dec-2023 15:35:01,0.35068287037037,14519.4662220066,455963.008357576,3951036.41441446
usa_NC_0037_0149,31-Dec-2023 15:35:01,0.35068287037037,14523.9591133779,455977.03487691,3950989.1490799
usa_NC_0037_0148,31-Dec-2023 15:35:01,0.35068287037037,14527.660951501,455990.290637901,3950941.70391946
usa_NC_0037_0147,31-Dec-2023 15:35:01,0.35068287037037,14531.7910679513,456003.96651489,3950894.34197793
usa_NC_0037_0146,31-Dec-2023 15:35:01,0.35068287037037,14535.6054399163,456017.33546426,3950846.90467545
usa_NC_0037_0145,31-Dec-2023 15:35:01,0.35068287037037,14537.948184782,456029.266234161,3950799.1543936
usa_NC_0037_0144,31-Dec-2023 15:35:01,0.35068287037037,14540.0303043722,456040.94222704,3950751.34906005
usa_NC_0037_0143,31-Dec-2023 15:35:01,0.35068287037037,14541.6535970495,456052.169037922,3950703.45006584
usa_NC_0037_0142,31-Dec-2023 15:35:01,0.35068287037037,14543.5335234565,456063.646960495,3950655.60409595
usa_NC_0037_0141,31-Dec-2023 15:35:01,0.35068287037037,14546.5639404599,456076.252344293,3950607.98719703
usa_NC_0037_0140,31-Dec-2023 15:35:01,0.35068287037037,14549.9755360595,456089.232371785,3950560.44071297
usa_NC_0037_0139,31-Dec-2023 15:35:01,0.35068287037037,14555.051713191,456103.84642779,3950513.21181243
usa_NC_0037_0138,31-Dec-2023 15:35:01,0.35068287037037,14560.4768441623,456118.805578998,3950466.03674557
usa_NC_0037_0137,31-Dec-2023 15:35:01,0.35068287037037,14565.6738504123,456133.543724061,3950418.80348526
usa_NC_0037_0136,31-Dec-2023 15:35:01,0.35068287037037,14571.7078146128,456149.225007321,3950371.12166346
usa_NC_0037_0135,31-Dec-2023 15:35:01,0.35068287037037,14578.0291938308,456165.192757901,3950323.4730196
usa_NC_0037_0134,31-Dec-2023 15:35:01,0.35068287037037,14583.5206975946,456180.346255969,3950275.66408925
usa_NC_0037_0133,31-Dec-2023 15:35:01,0.35068287037037,14586.7393045035,456193.268139252,3950227.42369974
usa_NC_0037_0132,31-Dec-2023 15:35:01,0.35068287037037,14589.2973186569,456205.547707358,3950179.02648689
usa_NC_0037_0131,31-Dec-2023 15:35:01,0.35068287037037,14591.492617652,456217.473138654,3950130.55045967
usa_NC_0037_0130,31-Dec-2023 15:35:01,0.35068287037037,14590.8037345053,456226.565628991,3950081.53265688
usa_NC_0037_0129,31-Dec-2023 15:35:01,0.35068287037037,14589.3420686652,456234.898723814,3950032.37140465
usa_NC_0037_0128,31-Dec-2023 15:35:01,0.35068287037037,14587.2935489693,456242.654915465,3949983.10229529
usa_NC_0037_0127,31-Dec-2023 15:35:01,0.35068287037037,14584.9003875195,456250.07205072,3949933.77113771
usa_NC_0037_0126,31-Dec-2023 15:35:01,0.35068287037037,14583.4429129395,456258.408132405,3949884.6163274
usa_NC_0037_0125,31-Dec-2023 15:35:01,0.35068287037037,14582.9051227381,456267.609747339,3949835.82349823
usa_NC_0037_0124,31-Dec-2023 15:35:01,0.35068287037037,14584.4357832057,456278.840020702,3949787.43444575
usa_NC_0037_0123,31-Dec-2023 15:35:01,0.35068287037037,14585.2799969952,456289.396686694,3949738.91322721
usa_NC_0037_0122,31-Dec-2023 15:35:01,0.35068287037037,14585.9562937326,456299.78926907,3949690.35621191
usa_NC_0037_0121,31-Dec-2023 15:35:01,0.35068287037037,14588.0753232732,456311.601016362,3949642.05987539
usa_NC_0037_0120,31-Dec-2023 15:35:01,0.35068287037037,14591.1269721327,456324.330780779,3949593.92888208
usa_NC_0037_0119,31-Dec-2023 15:35:01,0.35068287037037,14595.7349581367,456338.592005279,3949546.07635855
usa_NC_0037_0118,31-Dec-2023 15:35:01,0.35068287037037,14601.3014063929,456353.797183163,3949498.39126795
usa_NC_0037_0117,31-Dec-2023 15:35:01,0.35068287037037,14606.1661697473,456368.314077548,3949450.56969076
usa_NC_0037_0116,31-Dec-2023 15:35:01,0.35068287037037,14609.0701216612,456380.904292071,3949402.38331421
usa_NC_0037_0115,31-Dec-2023 15:35:01,0.35068287037037,14609.8111665878,456391.368612367,3949353.79772552
usa_NC_0037_0114,31-Dec-2023 15:35:01,0.35068287037037,14609.4840058303,456400.783239753,3949305.01380944
usa_NC_0037_0113,31-Dec-2023 15:35:01,0.35068287037037,14607.5935043222,456408.660883981,3949255.94332155
usa_NC_0037_0112,31-Dec-2023 15:35:01,0.35068287037037,14605.6256608296,456416.462995129,3949206.85612941
usa_NC_0037_0111,31-Dec-2023 15:35:01,0.35068287037037,14604.8745896338,456425.466338039,3949157.96708887
usa_NC_0037_0110,31-Dec-2023 15:35:01,0.35068287037037,14604.6005316501,456434.929655007,3949109.21051175
usa_NC_0037_0109,31-Dec-2023 15:35:01,0.35068287037037,14603.2683838037,456443.350864306,3949060.26927201
usa_NC_0037_0108,31-Dec-2023 15:35:01,0.35068287037037,14601.3925705742,456451.235712166,3949011.23769327
usa_NC_0037_0107,31-Dec-2023 15:35:01,0.35068287037037,14599.0143125591,456458.643601023,3948962.02886494
usa_NC_0037_0106,31-Dec-2023 15:35:01,0.35068287037037,14597.4035295149,456466.812061141,3948912.93051523
usa_NC_0037_0105,31-Dec-2023 15:35:01,0.35068287037037,14594.7737374016,456473.976038092,3948863.65865716
usa_NC_0037_0104,31-Dec-2023 15:35:01,0.35068287037037,14591.7709510048,456480.771537435,3948814.3272939
usa_NC_0037_0103,31-Dec-2023 15:35:01,0.35068287037037,14589.3689984195,456488.157937893,3948765.10508085
usa_NC_0037_0102,31-Dec-2023 15:35:01,0.35068287037037,14586.0209192915,456494.611021603,3948715.72515811
usa_NC_0037_0101,31-Dec-2023 15:35:01,0.35068287037037,14584.5691696087,456502.931926803,3948666.67551252
usa_NC_0037_0100,31-Dec-2023 15:35:01,0.35068287037037,14584.6003409543,456512.833252578,3948617.28465503
usa_NC_0037_0099,31-Dec-2023 15:35:01,0.35068287037037,14584.5659133901,456522.68584089,3948567.80292655
usa_NC_0037_0098,31-Dec-2023 15:35:01,0.35068287037037,14583.4569619103,456531.481028598,3948518.12919898
usa_NC_0037_0097,31-Dec-2023 15:35:01,0.35068287037037,14581.7749129247,456539.713458607,3948468.34702795
usa_NC_0037_0096,31-Dec-2023 15:35:01,0.35068287037037,14580.2205687548,456548.073282473,3948418.5790475
usa_NC_0037_0095,31-Dec-2023 15:35:01,0.35068287037037,14580.3904007288,456558.130736449,3948369.11449409
usa_NC_0037_0094,31-Dec-2023 15:35:01,0.35068287037037,14580.8868526627,456568.509850192,3948319.70707738
usa_NC_0037_0093,31-Dec-2023 15:35:01,0.35068287037037,14581.9270157413,456579.475499424,3948270.13914351
usa_NC_0037_0092,31-Dec-2023 15:35:01,0.35068287037037,14581.7273884406,456589.154623816,3948220.68242812
usa_NC_0037_0091,31-Dec-2023 15:35:01,0.35068287037037,14582.2455026936,456599.575262621,3948171.17775397
usa_NC_0037_0090,31-Dec-2023 15:35:01,0.35068287037037,14584.3876965597,456611.590597387,3948121.98080434
usa_NC_0037_0089,31-Dec-2023 15:35:01,0.35068287037037,14586.690585623,456623.762622174,3948072.81979644
usa_NC_0037_0088,31-Dec-2023 15:35:01,0.35068287037037,14588.6754379846,456635.621562228,3948023.60254218
usa_NC_0037_0087,31-Dec-2023 15:35:01,0.35068287037037,14590.1600176001,456646.989113596,3947974.29133446
usa_NC_0037_0086,31-Dec-2023 15:35:01,0.35068287037037,14591.6889901459,456658.29086694,3947925.53595545
usa_NC_0037_0085,31-Dec-2023 15:35:01,0.35068287037037,14592.5736471264,456668.926945597,3947876.82372034
usa_NC_0037_0084,31-Dec-2023 15:35:01,0.35068287037037,14593.0259088049,456679.139357844,3947828.0250237
usa_NC_0037_0083,31-Dec-2023 15:35:01,0.35068287037037,14592.8935348194,456688.778661582,3947779.11080016
usa_NC_0037_0082,31-Dec-2023 15:35:01,0.35068287037037,14593.0963426991,456698.746907963,3947730.26096111
usa_NC_0037_0081,31-Dec-2023 15:35:01,0.35068287037037,14590.4503920209,456705.92090373,3947680.85650301
usa_NC_0037_0080,31-Dec-2023 15:35:01,0.35068287037037,14587.6357356005,456712.929102417,3947631.42079802
usa_NC_0037_0079,31-Dec-2023 15:35:01,0.35068287037037,14586.4553916832,456721.540463449,3947582.30267022
usa_NC_0037_0078,31-Dec-2023 15:35:01,0.35068287037037,14585.6758386171,456730.545077531,3947533.26191648
usa_NC_0037_0077,31-Dec-2023 15:35:01,0.35068287037037,14584.8843701497,456739.53805429,3947484.21859229
usa_NC_0037_0076,31-Dec-2023 15:35:01,0.35068287037037,14585.0798534999,456749.499694427,3947435.36443403
usa_NC_0037_0075,31-Dec-2023 15:35:01,0.35068287037037,14586.21148623,456760.442303845,3947386.37859784
usa_NC_0037_0074,31-Dec-2023 15:35:01,0.35068287037037,14588.2211046824,456772.293828897,3947337.32484002
usa_NC_0037_0073,31-Dec-2023 15:35:01,0.35068287037037,14590.8538142189,456784.754561058,3947288.40220811
usa_NC_0037_0072,31-Dec-2023 15:35:01,0.35068287037037,14593.428113228,456797.155795149,3947239.47923983
usa_NC_0037_0071,31-Dec-2023 15:35:01,0.35068287037037,14596.7562666742,456810.293679316,3947190.71695094
usa_NC_0037_0070,31-Dec-2023 15:35:01,0.35068287037037,14598.9898397179,456822.356464015,3947141.74888024
usa_NC_0037_0069,31-Dec-2023 15:35:01,0.35068287037037,14601.2159179257,456834.409913583,3947092.78927756
usa_NC_0037_0068,31-Dec-2023 15:35:01,0.35068287037037,14604.3759920381,456847.378787051,3947044.01502069
usa_NC_0037_0067,31-Dec-2023 15:35:01,0.35068287037037,14607.9041148857,456860.7064085,3946995.32372105
usa_NC_0037_0066,31-Dec-2023 15:35:01,0.35068287037037,14612.4204993856,456874.998855401,3946946.84747824
usa_NC_0037_0065,31-Dec-2023 15:35:01,0.35068287037037,14616.6468300527,456889.004688441,3946898.32532414
usa_NC_0037_0064,31-Dec-2023 15:35:01,0.35068287037037,14621.9477538746,456904.058753232,3946850.04140686
usa_NC_0037_0063,31-Dec-2023 15:35:01,0.35068287037037,14625.9738591097,456917.83598006,3946801.64147156
usa_NC_0037_0062,31-Dec-2023 15:35:01,0.35068287037037,14630.0399277005,456931.565982086,3946753.68181215
usa_NC_0037_0061,31-Dec-2023 15:35:01,0.35068287037037,14632.8484212174,456944.087888329,3946705.35012213
usa_NC_0037_0060,31-Dec-2023 15:35:01,0.35068287037037,14635.2262884003,456956.204336529,3946656.8498767
usa_NC_0037_0059,31-Dec-2023 15:35:01,0.35068287037037,14638.7638916655,456969.45529266,3946608.59062045
usa_NC_0037_0058,31-Dec-2023 15:35:01,0.35068287037037,14641.5584386578,456981.979633952,3946560.17557111
usa_NC_0037_0057,31-Dec-2023 15:35:01,0.35068287037037,14644.0891465078,456994.246059995,3946511.70477357
usa_NC_0037_0056,31-Dec-2023 15:35:01,0.35068287037037,14646.2960050977,457006.195846339,3946463.16585677
usa_NC_0037_0055,31-Dec-2023 15:35:01,0.35068287037037,14647.4029840202,457017.069829829,3946414.39763439
usa_NC_0037_0054,31-Dec-2023 15:35:01,0.35068287037037,14647.1100992367,457026.574460012,3946365.33823154
usa_NC_0037_0053,31-Dec-2023 15:35:01,0.35068287037037,14644.5174071905,457033.829219331,3946315.80139766
usa_NC_0037_0052,31-Dec-2023 15:35:01,0.35068287037037,14640.6248276742,457039.812153348,3946265.99552629
usa_NC_0037_0051,31-Dec-2023 15:35:01,0.35068287037037,14636.8322602144,457045.89273356,3946216.21138923
usa_NC_0037_0050,31-Dec-2023 15:35:01,0.35068287037037,14635.2393626429,457054.106475312,3946166.97770838
usa_NC_0037_0049,31-Dec-2023 15:35:01,0.35068287037037,14634.1462961626,457062.794260423,3946117.9225296
usa_NC_0037_0048,31-Dec-2023 15:35:01,0.35068287037037,14633.8532046926,457072.2644376,3946069.03448768
usa_NC_0037_0047,31-Dec-2023 15:35:01,0.35068287037037,14634.6600737364,457082.810595054,3946020.37527604
usa_NC_0037_0046,31-Dec-2023 15:35:01,0.35068287037037,14635.7669559405,457093.650090244,3945971.77915242
usa_NC_0037_0045,31-Dec-2023 15:35:01,0.35068287037037,14638.1737946155,457105.761397563,3945923.45248434
usa_NC_0037_0044,31-Dec-2023 15:35:01,0.35068287037037,14640.4183757097,457117.713801192,3945875.09297924
usa_NC_0037_0043,31-Dec-2023 15:35:01,0.35068287037037,14641.817130837,457128.82458823,3945826.62872735
usa_NC_0037_0042,31-Dec-2023 15:35:01,0.35068287037037,14642.6169714849,457139.345912452,3945778.05792241
usa_NC_0037_0041,31-Dec-2023 15:35:01,0.35068287037037,14641.9172223925,457148.39869348,3945729.18338757
usa_NC_0037_0040,31-Dec-2023 15:35:01,0.35068287037037,14641.417796651,457157.646546193,3945680.35495295
usa_NC_0037_0039,31-Dec-2023 15:35:01,0.35068287037037,14639.6187474361,457165.621097039,3945631.26621737
usa_NC_0037_0038,31-Dec-2023 15:35:01,0.35068287037037,14637.618333638,457173.404750525,3945582.10517796
usa_NC_0037_0037,31-Dec-2023 15:35:01,0.35068287037037,14636.2596774475,457181.853252652,3945532.89207446
usa_NC_0037_0036,31-Dec-2023 15:35:01,0.35068287037037,14633.386070507,457188.914751345,3945482.88879365
usa_NC_0037_0035,31-Dec-2023 15:35:01,0.35068287037037,14630.6106336913,457196.07318675,3945432.90139772
usa_NC_0037_0034,31-Dec-2023 15:35:01,0.35068287037037,14629.1332466661,457204.502220594,3945383.17980072
usa_NC_0037_0033,31-Dec-2023 15:35:01,0.35068287037037,14626.6540288156,457211.951575178,3945333.24823322
usa_NC_0037_0032,31-Dec-2023 15:35:01,0.35068287037037,14622.7730585055,457218.031188038,3945283.01779015
usa_NC_0037_0031,31-Dec-2023 15:35:01,0.35068287037037,14620.2900173033,457225.478504142,3945233.07691223
usa_NC_0037_0030,31-Dec-2023 15:35:01,0.35068287037037,14619.0048107164,457234.096761275,3945183.38912721
usa_NC_0037_0029,31-Dec-2023 15:35:01,0.35068287037037,14619.2556791787,457244.215241746,3945134.03272861
usa_NC_0037_0028,31-Dec-2023 15:35:01,0.35068287037037,14619.7690808775,457254.589050333,3945084.73836075
usa_NC_0037_0027,31-Dec-2023 15:35:01,0.35068287037037,14621.481804087,457266.132360894,3945035.71187545
usa_NC_0037_0026,31-Dec-2023 15:35:01,0.35068287037037,14623.1940853933,457277.673346164,3944986.69477162
usa_NC_0037_0025,31-Dec-2023 15:35:01,0.35068287037037,14625.4954426679,457289.727361802,3944938.11650841
usa_NC_0037_0024,31-Dec-2023 15:35:01,0.35068287037037,14626.7995388478,457300.761414907,3944889.553188
usa_NC_0037_0023,31-Dec-2023 15:35:01,0.35068287037037,14626.8098863513,457310.53339386,3944840.70335986
usa_NC_0037_0022,31-Dec-2023 15:35:01,0.35068287037037,14626.3222051562,457319.819566784,3944791.74309262
usa_NC_0037_0021,31-Dec-2023 15:35:01,0.35068287037037,14624.9784767429,457328.270330411,3944742.59485277
usa_NC_0037_0020,31-Dec-2023 15:35:01,0.35068287037037,14621.9478399409,457335.074364259,3944693.07865046
usa_NC_0037_0019,31-Dec-2023 15:35:01,0.35068287037037,14619.2170410373,457342.171105195,3944643.62779775
usa_NC_0037_0018,31-Dec-2023 15:35:01,0.35068287037037,14617.1860396201,457349.950881864,3944594.33006132
usa_NC_0037_0017,31-Dec-2023 15:35:01,0.35068287037037,14615.9548371635,457358.511529654,3944545.20617472
usa_NC_0037_0016,31-Dec-2023 15:35:01,0.35068287037037,14613.3239277829,457365.705319464,3944495.77942021
usa_NC_0037_0015,31-Dec-2023 15:35:01,0.35068287037037,14610.5930065028,457372.801213077,3944446.33218329
usa_NC_0037_0014,31-Dec-2023 15:35:01,0.35068287037037,14609.1237258748,457381.129173064,3944397.15776709
usa_NC_0037_0013,31-Dec-2023 15:35:01,0.35068287037037,14607.4788157591,457389.317170996,3944347.78748188
usa_NC_0037_0012,31-Dec-2023 15:35:01,0.35068287037037,14605.1431574893,457396.931375842,3944297.76357087
usa_NC_0037_0011,31-Dec-2023 15:35:01,0.35068287037037,14603.5322046502,457405.256045179,3944247.88262533
usa_NC_0037_0010,31-Dec-2023 15:35:01,0.35068287037037,14601.1695708028,457412.851560007,3944197.81458147
usa_NC_0037_0009,31-Dec-2023 15:35:01,0.35068287037037,14597.7931051933,457419.567385778,3944146.97493429
usa_NC_0037_0008,31-Dec-2023 15:35:01,0.35068287037037,14594.4341906051,457426.336177746,3944095.95979274
usa_NC_0037_0007,31-Dec-2023 15:35:01,0.35068287037037,14591.9653805063,457433.982989159,3944045.09319144
usa_NC_0037_0006,31-Dec-2023 15:35:01,0.35068287037037,14590.7686509069,457442.876955023,3943994.47718225
usa_NC_0037_0005,31-Dec-2023 15:35:01,0.35068287037037,14589.1970317626,457451.415000318,3943943.72915565
usa_NC_0037_0004,31-Dec-2023 15:35:01,0.35068287037037,14586.6218393562,457458.987889952,3943892.68958484
usa_NC_0037_0003,31-Dec-2023 15:35:01,0.35068287037037,14583.7511121458,457466.283695023,3943841.5284435
usa_NC_0037_0002,31-Dec-2023 15:35:01,0.35068287037037,14580.4451156654,457473.16867798,3943790.20189624
usa_NC_0037_0001,31-Dec-2023 15:35:01,0.35068287037037,14576.210790993,457479.166783542,3943738.57606988
usa_NC_0036_0112,31-Dec-2023 15:35:01,0.35068287037037,14571.2250145781,457484.451433938,3943686.68574983
usa_NC_0036_0111,31-Dec-2023 15:35:01,0.35068287037037,14565.5629292909,457489.097169867,3943634.54138382
usa_NC_0036_0110,31-Dec-2023 15:35:01,0.35068287037037,14560.5645839266,457494.399554706,3943582.49817076
usa_NC_0036_0109,31-Dec-2023 15:35:01,0.35068287037037,14555.9974527405,457500.132611796,3943530.50033174
usa_NC_0036_0108,31-Dec-2023 15:35:01,0.35068287037037,14551.5460877635,457505.991223412,3943478.46496161
usa_NC_0036_0107,31-Dec-2023 15:35:01,0.35068287037037,14546.1076906702,457510.913131335,3943426.08007756
usa_NC_0036_0106,31-Dec-2023 15:35:01,0.35068287037037,14541.604592874,457516.748386469,3943373.89758347
usa_NC_0036_0105,31-Dec-2023 15:35:01,0.35068287037037,14536.7881186221,457522.293398543,3943321.56831743
usa_NC_0036_0104,31-Dec-2023 15:35:01,0.35068287037037,14532.5334735484,457528.392301123,3943269.33436384
usa_NC_0036_0103,31-Dec-2023 15:35:01,0.35068287037037,14529.5677866341,457535.741486706,3943217.42147782
usa_NC_0036_0102,31-Dec-2023 15:35:01,0.35068287037037,14526.0421119481,457542.564949235,3943165.28171615
usa_NC_0036_0101,31-Dec-2023 15:35:01,0.35068287037037,14523.5261384742,457550.367830782,3943113.39339233
usa_NC_0036_0100,31-Dec-2023 15:35:01,0.35068287037037,14524.2992825124,457561.329337205,3943062.48351012
usa_NC_0036_0099,31-Dec-2023 15:35:01,0.35068287037037,14527.5343022898,457574.628874401,3943012.43695923
usa_NC_0036_0098,31-Dec-2023 15:35:01,0.35068287037037,14531.009061931,457588.00403849,3942963.23540955
usa_NC_0036_0097,31-Dec-2023 15:35:01,0.35068287037037,14531.1485828769,457598.192675514,3942912.95968062
usa_NC_0036_0096,31-Dec-2023 15:35:01,0.35068287037037,14528.1583373335,457605.390744917,3942861.67770618
usa_NC_0036_0095,31-Dec-2023 15:35:01,0.35068287037037,14522.8761218211,457609.927895202,3942812.01533591
usa_NC_0036_0094,31-Dec-2023 15:35:01,0.35068287037037,14516.7321712278,457613.623461679,3942762.16686568
usa_NC_0036_0093,31-Dec-2023 15:35:01,0.35068287037037,14510.8032080061,457617.506161521,3942712.47905702
usa_NC_0036_0092,31-Dec-2023 15:35:01,0.35068287037037,14505.0175976948,457621.507794306,3942662.92763756
usa_NC_0036_0091,31-Dec-2023 15:35:01,0.35068287037037,14500.0161580227,457626.242567889,3942613.70917215
usa_NC_0036_0090,31-Dec-2023 15:35:01,0.35068287037037,14493.9791475205,457629.9679823,3942564.25707997
usa_NC_0036_0089,31-Dec-2023 15:35:01,0.35068287037037,14487.4831044115,457633.234733093,3942514.757727
usa_NC_0036_0088,31-Dec-2023 15:35:01,0.35068287037037,14480.8115621307,457635.919304825,3942467.27618923
usa_NC_0036_0087,31-Dec-2023 15:35:01,0.35068287037037,14473.9969830683,457638.403713947,3942420.06637916
usa_NC_0036_0086,31-Dec-2023 15:35:01,0.35068287037037,14466.955498171,457640.626008669,3942373.01031706
usa_NC_0036_0085,31-Dec-2023 15:35:01,0.35068287037037,14460.9987066307,457643.850301646,3942326.47540591
usa_NC_0036_0084,31-Dec-2023 15:35:01,0.35068287037037,14456.4438495153,457648.387259643,3942280.52593212
usa_NC_0036_0083,31-Dec-2023 15:35:01,0.35068287037037,14452.4206944016,457653.400692805,3942234.90543781
usa_NC_0036_0082,31-Dec-2023 15:35:01,0.35068287037037,14447.8819673495,457657.867549883,3942189.3890919
usa_NC_0036_0081,31-Dec-2023 15:35:01,0.35068287037037,14442.2836494668,457661.193353162,3942144.17558688
usa_NC_0036_0080,31-Dec-2023 15:35:01,0.35068287037037,14436.3231319418,457664.124650025,3942099.08792294
usa_NC_0036_0079,31-Dec-2023 15:35:01,0.35068287037037,14432.1389203757,457668.738354078,3942054.64590173
usa_NC_0036_0078,31-Dec-2023 15:35:01,0.35068287037037,14429.8409831935,457675.14935108,3942010.83579478
usa_NC_0036_0077,31-Dec-2023 15:35:01,0.35068287037037,14429.1608807751,457683.103922795,3941967.55737279
usa_NC_0036_0076,31-Dec-2023 15:35:01,0.35068287037037,14427.3147306898,457689.888159656,3941924.18504298
usa_NC_0036_0075,31-Dec-2023 15:35:01,0.35068287037037,14423.0176737135,457694.239070416,3941880.48225269
usa_NC_0036_0074,31-Dec-2023 15:35:01,0.35068287037037,14418.2567249724,457698.093663779,3941836.89583743
usa_NC_0036_0073,31-Dec-2023 15:35:01,0.35068287037037,14413.3603879185,457701.77230507,3941793.49902377
usa_NC_0036_0072,31-Dec-2023 15:35:01,0.35068287037037,14410.7170934231,457707.622938138,3941750.73072249
usa_NC_0036_0071,31-Dec-2023 15:35:01,0.35068287037037,14408.7849920974,457713.846497133,3941709.72559857
usa_NC_0036_0070,31-Dec-2023 15:35:01,0.35068287037037,14406.5842920482,457719.905429042,3941668.17358799
usa_NC_0036_0069,31-Dec-2023 15:35:01,0.35068287037037,14403.1266916155,457725.193197427,3941624.06641764
usa_NC_0036_0068,31-Dec-2023 15:35:01,0.35068287037037,14399.4662567478,457730.432671915,3941579.16580132
usa_NC_0036_0067,31-Dec-2023 15:35:01,0.35068287037037,14396.7172848012,457736.57660381,3941534.39041849
usa_NC_0036_0066,31-Dec-2023 15:35:01,0.35068287037037,14394.3075987641,457743.060578569,3941489.6448147
usa_NC_0036_0065,31-Dec-2023 15:35:01,0.35068287037037,14393.3912646716,457751.034656499,3941445.06321324
usa_NC_0036_0064,31-Dec-2023 15:35:01,0.35068287037037,14389.9050210066,457756.405477019,3941400.39424372
usa_NC_0036_0063,31-Dec-2023 15:35:01,0.35068287037037,14385.5878032184,457760.554181224,3941357.60048377
usa_NC_0036_0062,31-Dec-2023 15:35:01,0.35068287037037,14381.2567324147,457764.707031866,3941314.71527729
usa_NC_0036_0061,31-Dec-2023 15:35:01,0.35068287037037,14378.0854295391,457770.045787921,3941271.8140103
usa_NC_0036_0060,31-Dec-2023 15:35:01,0.35068287037037,14375.3315924745,457775.833048266,3941228.79871699
usa_NC_0036_0059,31-Dec-2023 15:35:01,0.35068287037037,14372.7503487793,457781.82534709,3941185.6381317
usa_NC_0036_0058,31-Dec-2023 15:35:01,0.35068287037037,14369.6266476004,457787.305847273,3941142.27045026
usa_NC_0036_0057,31-Dec-2023 15:35:01,0.35068287037037,14366.1443852138,457792.450015994,3941098.75604874
usa_NC_0036_0056,31-Dec-2023 15:35:01,0.35068287037037,14363.7715271598,457798.699863256,3941055.370051
usa_NC_0036_0055,31-Dec-2023 15:35:01,0.35068287037037,14362.0939569755,457805.693515327,3941011.81004443
usa_NC_0036_0054,31-Dec-2023 15:35:01,0.35068287037037,14360.1602981361,457812.468650601,3940968.03667819
usa_NC_0036_0053,31-Dec-2023 15:35:01,0.35068287037037,14357.3104437164,457818.389318458,3940923.86375767
usa_NC_0036_0052,31-Dec-2023 15:35:01,0.35068287037037,14353.5973029616,457823.509811786,3940879.28959315
usa_NC_0036_0051,31-Dec-2023 15:35:01,0.35068287037037,14350.0898033698,457828.870502617,3940834.56284083
usa_NC_0036_0050,31-Dec-2023 15:35:01,0.35068287037037,14346.6428212048,457834.324903249,3940789.67596873
usa_NC_0036_0049,31-Dec-2023 15:35:01,0.35068287037037,14342.5407334989,457839.145639384,3940744.616985
usa_NC_0036_0048,31-Dec-2023 15:35:01,0.35068287037037,14337.9094956457,457843.45818391,3940699.40076563
usa_NC_0036_0047,31-Dec-2023 15:35:01,0.35068287037037,14333.6991600916,457848.228963598,3940654.03936048
usa_NC_0036_0046,31-Dec-2023 15:35:01,0.35068287037037,14329.728985383,457853.282191596,3940608.49009328
usa_NC_0036_0045,31-Dec-2023 15:35:01,0.35068287037037,14327.8147368318,457861.066347159,3940559.76626912
usa_NC_0036_0044,31-Dec-2023 15:35:01,0.35068287037037,14325.864237338,457868.821834868,3940511.00090988
usa_NC_0036_0043,31-Dec-2023 15:35:01,0.35068287037037,14323.1778700354,457875.828151683,3940462.22932142
usa_NC_0036_0042,31-Dec-2023 15:35:01,0.35068287037037,14319.7370432987,457882.064979898,3940413.45830233
usa_NC_0036_0041,31-Dec-2023 15:35:01,0.35068287037037,14317.2058545372,457889.233569205,3940364.66656562
usa_NC_0036_0040,31-Dec-2023 15:35:01,0.35068287037037,14316.1195322153,457897.882578335,3940315.83985386
usa_NC_0036_0039,31-Dec-2023 15:35:01,0.35068287037037,14311.8299639447,457903.267029531,3940267.00305816
usa_NC_0036_0038,31-Dec-2023 15:35:01,0.35068287037037,14306.4385155871,457907.98223708,3940215.89217391
usa_NC_0036_0037,31-Dec-2023 15:35:01,0.35068287037037,14303.821464934,457915.552405317,3940164.65260644
usa_NC_0036_0036,31-Dec-2023 15:35:01,0.35068287037037,14302.3946941561,457924.333499922,3940113.42747614
usa_NC_0036_0035,31-Dec-2023 15:35:01,0.35068287037037,14304.0777844502,457936.285871665,3940062.20266991
usa_NC_0036_0034,31-Dec-2023 15:35:01,0.35068287037037,14304.0488334214,457946.479791607,3940011.04073885
usa_NC_0036_0033,31-Dec-2023 15:35:01,0.35068287037037,14304.3127643485,457956.964730551,3939959.91710688
usa_NC_0036_0032,31-Dec-2023 15:35:01,0.35068287037037,14303.0981747471,457965.941022229,3939908.79796345
usa_NC_0036_0031,31-Dec-2023 15:35:01,0.35068287037037,14301.6507066028,457974.732244045,3939857.41652775
usa_NC_0036_0030,31-Dec-2023 15:35:01,0.35068287037037,14300.8679587025,457984.191890617,3939806.08231717
usa_NC_0036_0029,31-Dec-2023 15:35:01,0.35068287037037,14298.1906940836,457991.710689379,3939754.79253132
usa_NC_0036_0028,31-Dec-2023 15:35:01,0.35068287037037,14295.6802766224,457999.390538888,3939703.54825984
usa_NC_0036_0027,31-Dec-2023 15:35:01,0.35068287037037,14294.9215377618,458008.845479315,3939652.36012609
usa_NC_0036_0026,31-Dec-2023 15:35:01,0.35068287037037,14294.5257635929,458018.661089718,3939601.21938575
usa_NC_0036_0025,31-Dec-2023 15:35:01,0.35068287037037,14293.0135279402,458027.275976248,3939550.38986916
usa_NC_0036_0024,31-Dec-2023 15:35:01,0.35068287037037,14290.0499789833,458034.32531212,3939499.9884538
usa_NC_0036_0023,31-Dec-2023 15:35:01,0.35068287037037,14289.4391054262,458043.764018537,3939449.63616335
usa_NC_0036_0022,31-Dec-2023 15:35:01,0.35068287037037,14287.1006592005,458051.443181001,3939399.27295234
usa_NC_0036_0021,31-Dec-2023 15:35:01,0.35068287037037,14280.6312127108,458054.921536522,3939348.85038099
usa_NC_0036_0020,31-Dec-2023 15:35:01,0.35068287037037,14274.466001936,458058.708037281,3939298.43834436
usa_NC_0036_0019,31-Dec-2023 15:35:01,0.35068287037037,14270.1974003046,458064.169458115,3939249.32336306
usa_NC_0036_0018,31-Dec-2023 15:35:01,0.35068287037037,14264.99444696,458068.603502837,3939200.58147084
usa_NC_0036_0017,31-Dec-2023 15:35:01,0.35068287037037,14262.9586631282,458076.263680937,3939151.85784422
usa_NC_0036_0016,31-Dec-2023 15:35:01,0.35068287037037,14262.3975864768,458085.432339081,3939103.11110521
usa_NC_0036_0015,31-Dec-2023 15:35:01,0.35068287037037,14261.9502708255,458094.725680681,3939054.32096106
usa_NC_0036_0014,31-Dec-2023 15:35:01,0.35068287037037,14261.1442122544,458103.690020797,3939005.34648754
usa_NC_0036_0013,31-Dec-2023 15:35:01,0.35068287037037,14257.1258952563,458109.497244892,3938955.77825714
usa_NC_0036_0012,31-Dec-2023 15:35:01,0.35068287037037,14250.1405350627,458112.281221426,3938906.19775101
usa_NC_0036_0011,31-Dec-2023 15:35:01,0.35068287037037,14240.8757077501,458112.741256929,3938856.61429067
usa_NC_0036_0010,31-Dec-2023 15:35:01,0.35068287037037,14233.577240913,458115.206589476,3938807.03051838
usa_NC_0036_0009,31-Dec-2023 15:35:01,0.35068287037037,14228.5723383106,458120.012263363,3938757.43956896
usa_NC_0036_0008,31-Dec-2023 15:35:01,0.35068287037037,14224.6463843606,458125.920327692,3938707.83805346
usa_NC_0036_0007,31-Dec-2023 15:35:01,0.35068287037037,14221.8006297796,458132.932736929,3938658.22257381
usa_NC_0036_0006,31-Dec-2023 15:35:01,0.35068287037037,14219.8506928171,458140.861951722,3938608.59069008
usa_NC_0036_0005,31-Dec-2023 15:35:01,0.35068287037037,14214.3976867155,458145.217142916,3938558.96731406
usa_NC_0036_0004,31-Dec-2023 15:35:01,0.35068287037037,14207.0081908826,458147.600633562,3938509.32856019
usa_NC_0036_0003,31-Dec-2023 15:35:01,0.35068287037037,14199.5677470945,458149.920011178,3938459.75064876
usa_NC_0036_0002,31-Dec-2023 15:35:01,0.35068287037037,14194.2711650185,458154.409539439,3938410.2532799
usa_NC_0036_0001,31-Dec-2023 15:35:01,0.35068287037037,14191.9704586732,458161.962779585,3938360.71282949
usa_NC_0035_0090,31-Dec-2023 15:35:01,0.35068287037037,14195.0114951843,458174.980611804,3938311.08607915
usa_NC_0035_0089,31-Dec-2023 15:35:01,0.35068287037037,14197.7428714551,458187.690003705,3938261.42258773
usa_NC_0035_0088,31-Dec-2023 15:35:01,0.35068287037037,14197.6646032955,458197.534076946,3938211.75973978
usa_NC_0035_0087,31-Dec-2023 15:35:01,0.35068287037037,14194.4859517818,458204.212891084,3938162.11481897
usa_NC_0035_0086,31-Dec-2023 15:35:01,0.35068287037037,14188.0715670753,458207.585210821,3938112.50388756
usa_NC_0035_0085,31-Dec-2023 15:35:01,0.35068287037037,14181.1557278763,458210.447532293,3938062.88610116
usa_NC_0035_0084,31-Dec-2023 15:35:01,0.35068287037037,14173.8810639012,458212.945486839,3938013.26054954
usa_NC_0035_0083,31-Dec-2023 15:35:01,0.35068287037037,14159.1175872575,458207.774979055,3937963.7931289
usa_NC_0035_0082,31-Dec-2023 15:35:01,0.35068287037037,14147.4825437365,458205.80858506,3937914.25648436
usa_NC_0035_0081,31-Dec-2023 15:35:01,0.35068287037037,14131.8855265981,458199.781666979,3937864.82104671
usa_NC_0035_0080,31-Dec-2023 15:35:01,0.35068287037037,14116.6946854806,458194.169200438,3937815.38438016
usa_NC_0035_0079,31-Dec-2023 15:35:01,0.35068287037037,14103.126580499,458190.219182344,3937765.9095232
usa_NC_0035_0078,31-Dec-2023 15:35:01,0.35068287037037,14092.2402781585,458189.002214477,3937716.44352737
usa_NC_0035_0077,31-Dec-2023 15:35:01,0.35068287037037,14084.1400069374,458190.629380219,3937666.96239999
usa_NC_0035_0076,31-Dec-2023 15:35:01,0.35068287037037,14078.3844967666,458194.667298609,3937617.3830041
usa_NC_0035_0075,31-Dec-2023 15:35:01,0.35068287037037,14072.6347608281,458198.716414181,3937567.77704103
usa_NC_0035_0074,31-Dec-2023 15:35:01,0.35068287037037,14066.2115083779,458202.109127116,3937518.0187996
usa_NC_0035_0073,31-Dec-2023 15:35:01,0.35068287037037,14058.2150175172,458203.828599706,3937468.60535743
usa_NC_0035_0072,31-Dec-2023 15:35:01,0.35068287037037,14049.3305300139,458204.668715706,3937419.06082358
usa_NC_0035_0071,31-Dec-2023 15:35:01,0.35068287037037,14039.8915833093,458204.941135155,3937369.52767914
usa_NC_0035_0070,31-Dec-2023 15:35:01,0.35068287037037,14030.0524484556,458204.803954393,3937320.0020437
usa_NC_0035_0069,31-Dec-2023 15:35:01,0.35068287037037,14020.5622084381,458205.027940196,3937270.44951374
usa_NC_0035_0068,31-Dec-2023 15:35:01,0.35068287037037,14010.3791311653,458204.540337944,3937220.92227417
usa_NC_0035_0067,31-Dec-2023 15:35:01,0.35068287037037,14000.4931629111,458204.33452682,3937171.50108543
usa_NC_0035_0066,31-Dec-2023 15:35:01,0.35068287037037,13990.9278807843,458204.445240519,3937122.13244838
usa_NC_0035_0065,31-Dec-2023 15:35:01,0.35068287037037,13981.2085397588,458204.430713164,3937072.6043543
usa_NC_0035_0064,31-Dec-2023 15:35:01,0.35068287037037,13971.0147563307,458203.975190931,3937022.86193751
usa_NC_0035_0063,31-Dec-2023 15:35:01,0.35068287037037,13961.3797977903,458204.097324486,3936973.08057101
usa_NC_0035_0062,31-Dec-2023 15:35:01,0.35068287037037,13951.7446809912,458204.220479463,3936923.29328529
usa_NC_0035_0061,31-Dec-2023 15:35:01,0.35068287037037,13942.3996630992,458204.644384015,3936873.48140048
usa_NC_0035_0060,31-Dec-2023 15:35:01,0.35068287037037,13934.087234353,458206.136175895,3936823.59502922
usa_NC_0035_0059,31-Dec-2023 15:35:01,0.35068287037037,13925.7431358819,458207.597135248,3936773.70133508
usa_NC_0035_0058,31-Dec-2023 15:35:01,0.35068287037037,13917.1660189476,458208.819161513,3936723.81418633
usa_NC_0035_0057,31-Dec-2023 15:35:01,0.35068287037037,13908.6320958974,458210.087583794,3936673.91528629
usa_NC_0035_0056,31-Dec-2023 15:35:01,0.35068287037037,13900.0985887821,458211.35821512,3936624.007454
usa_NC_0035_0055,31-Dec-2023 15:35:01,0.35068287037037,13891.8520530835,458212.927405876,3936574.07002238
usa_NC_0035_0054,31-Dec-2023 15:35:01,0.35068287037037,13882.2194018212,458213.065656343,3936524.21977558
usa_NC_0035_0053,31-Dec-2023 15:35:01,0.35068287037037,13872.3233127201,458212.936326404,3936474.3641966
usa_NC_0035_0052,31-Dec-2023 15:35:01,0.35068287037037,13863.0531646418,458213.458191371,3936424.44416501
usa_NC_0035_0051,31-Dec-2023 15:35:01,0.35068287037037,13853.420190791,458213.606459023,3936374.54214221
usa_NC_0035_0050,31-Dec-2023 15:35:01,0.35068287037037,13843.5964689083,458213.559037816,3936324.64597356
usa_NC_0035_0049,31-Dec-2023 15:35:01,0.35068287037037,13832.8919123205,458212.601057494,3936274.81141188
usa_NC_0035_0048,31-Dec-2023 15:35:01,0.35068287037037,13822.0110060629,458211.461675012,3936224.98468767
usa_NC_0035_0047,31-Dec-2023 15:35:01,0.35068287037037,13811.2693124774,458210.467750016,3936175.14048503
usa_NC_0035_0046,31-Dec-2023 15:35:01,0.35068287037037,13801.235238167,458210.208523799,3936125.2307745
usa_NC_0035_0045,31-Dec-2023 15:35:01,0.35068287037037,13791.6109013501,458210.35247125,3936075.39444904
usa_NC_0035_0044,31-Dec-2023 15:35:01,0.35068287037037,13782.2073609373,458210.71718375,3936025.58012491
usa_NC_0035_0043,31-Dec-2023 15:35:01,0.35068287037037,13772.6387658721,458210.911553707,3935975.77593373
usa_NC_0035_0042,31-Dec-2023 15:35:01,0.35068287037037,13763.4097225176,458211.460594198,3935925.92967574
usa_NC_0035_0041,31-Dec-2023 15:35:01,0.35068287037037,13753.2186044056,458211.014732426,3935876.15251634
usa_NC_0035_0040,31-Dec-2023 15:35:01,0.35068287037037,13742.4654200918,458209.989433082,3935826.40668193
usa_NC_0035_0039,31-Dec-2023 15:35:01,0.35068287037037,13730.3046793522,458207.504953022,3935776.77993866
usa_NC_0035_0038,31-Dec-2023 15:35:01,0.35068287037037,13717.3372058292,458204.184243174,3935727.2209956
usa_NC_0035_0037,31-Dec-2023 15:35:01,0.35068287037037,13703.7997899281,458200.272570461,3935677.71085986
usa_NC_0035_0036,31-Dec-2023 15:35:01,0.35068287037037,13689.0311612666,458195.080776033,3935628.3236732
usa_NC_0035_0035,31-Dec-2023 15:35:01,0.35068287037037,13672.9337841438,458188.505563604,3935579.07861409
usa_NC_0035_0034,31-Dec-2023 15:35:01,0.35068287037037,13658.2202842533,458183.371414292,3935529.68428884
usa_NC_0035_0033,31-Dec-2023 15:35:01,0.35068287037037,13643.8111751878,458178.555017615,3935480.25321091
usa_NC_0035_0032,31-Dec-2023 15:35:01,0.35068287037037,13629.3642988238,458173.699983465,3935430.82275116
usa_NC_0035_0031,31-Dec-2023 15:35:01,0.35068287037037,13614.5437438729,458168.455800533,3935381.43274029
usa_NC_0035_0030,31-Dec-2023 15:35:01,0.35068287037037,13598.4744480411,458161.908568315,3935332.19096523
usa_NC_0035_0029,31-Dec-2023 15:35:01,0.35068287037037,13582.5484715351,458155.510140878,3935282.93591815
usa_NC_0035_0028,31-Dec-2023 15:35:01,0.35068287037037,13567.3504320546,458149.880632006,3935233.54780233
usa_NC_0035_0027,31-Dec-2023 15:35:01,0.35068287037037,13552.2415443247,458144.35290675,3935184.10529212
usa_NC_0035_0026,31-Dec-2023 15:35:01,0.35068287037037,13536.5975657602,458138.265798992,3935134.73140748
usa_NC_0035_0025,31-Dec-2023 15:35:01,0.35068287037037,13519.2861284989,458130.434634763,3935085.57587728
usa_NC_0035_0024,31-Dec-2023 15:35:01,0.35068287037037,13502.9790794914,458123.652550517,3935036.29606176
usa_NC_0035_0023,31-Dec-2023 15:35:01,0.35068287037037,13487.5085040803,458117.737877473,3934986.94417913
usa_NC_0035_0022,31-Dec-2023 15:35:01,0.35068287037037,13470.6573583628,458110.362410075,3934937.85718137
usa_NC_0035_0021,31-Dec-2023 15:35:01,0.35068287037037,13452.6426318465,458101.766367254,3934888.94028755
usa_NC_0035_0020,31-Dec-2023 15:35:01,0.35068287037037,13433.4600908124,458091.944180607,3934840.19975807
usa_NC_0035_0019,31-Dec-2023 15:35:01,0.35068287037037,13415.5718580748,458083.476798684,3934791.28453379
usa_NC_0035_0018,31-Dec-2023 15:35:01,0.35068287037037,13397.6003768041,458074.921241029,3934742.3857309
usa_NC_0035_0017,31-Dec-2023 15:35:01,0.35068287037037,13379.1007379948,458065.828423208,3934693.48022787
usa_NC_0035_0016,31-Dec-2023 15:35:01,0.35068287037037,13363.3792699385,458059.661982189,3934644.10790374
usa_NC_0035_0015,31-Dec-2023 15:35:01,0.35068287037037,13349.3895811235,458055.314679877,3934594.46973317
usa_NC_0035_0014,31-Dec-2023 15:35:01,0.35068287037037,13335.95482966,458051.552173835,3934544.73703995
usa_NC_0035_0013,31-Dec-2023 15:35:01,0.35068287037037,13321.580509058,458046.804889572,3934495.13763392
usa_NC_0035_0012,31-Dec-2023 15:35:01,0.35068287037037,13304.2363915795,458038.938344308,3934445.99238641
usa_NC_0035_0011,31-Dec-2023 15:35:01,0.35068287037037,13285.4364861783,458029.541263454,3934397.0771763
usa_NC_0035_0010,31-Dec-2023 15:35:01,0.35068287037037,13266.484985678,458019.983664901,3934348.1916202
usa_NC_0035_0009,31-Dec-2023 15:35:01,0.35068287037037,13247.9581714761,458010.871576629,3934299.24386931
usa_NC_0035_0008,31-Dec-2023 15:35:01,0.35068287037037,13231.464700228,458003.898014768,3934249.97090915
usa_NC_0035_0007,31-Dec-2023 15:35:01,0.35068287037037,13216.0722559206,457998.083667062,3934200.51568815
usa_NC_0035_0006,31-Dec-2023 15:35:01,0.35068287037037,13200.2475734009,457991.799401125,3934151.20626871
usa_NC_0035_0005,31-Dec-2023 15:35:01,0.35068287037037,13184.6508749999,457985.745725203,3934101.90636391
usa_NC_0035_0004,31-Dec-2023 15:35:01,0.35068287037037,13168.6139402237,457979.228716751,3934052.67848628
usa_NC_0035_0003,31-Dec-2023 15:35:01,0.35068287037037,13150.9346001988,457970.979441037,3934003.73782095
usa_NC_0035_0002,31-Dec-2023 15:35:01,0.35068287037037,13132.3162882126,457961.738903736,3933954.96593559
usa_NC_0035_0001,31-Dec-2023 15:35:01,0.35068287037037,13113.8424909127,457952.649251894,3933906.17646601
usa_NC_0034_0250,31-Dec-2023 15:35:25,0.350405092592593,13092.0083457931,457940.009583494,3933858.00371484
usa_NC_0034_0249,31-Dec-2023 15:35:25,0.350405092592593,13075.2377874283,457932.714680456,3933808.92480503
usa_NC_0034_0248,31-Dec-2023 15:35:25,0.350405092592593,13059.3820592317,457926.387597255,3933759.67122352
usa_NC_0034_0247,31-Dec-2023 15:35:25,0.350405092592593,13043.8382178716,457920.393819626,3933710.34131106
usa_NC_0034_0246,31-Dec-2023 15:35:25,0.350405092592593,13028.409690723,457914.525199451,3933660.97354791
usa_NC_0034_0245,31-Dec-2023 15:35:25,0.350405092592593,13013.726090392,457909.46856105,3933611.34391578
usa_NC_0034_0244,31-Dec-2023 15:35:25,0.350405092592593,12999.8387375626,457905.265402802,3933561.50664653
usa_NC_0034_0243,31-Dec-2023 15:35:25,0.350405092592593,12986.5189795777,457901.666517121,3933511.54198305
usa_NC_0034_0242,31-Dec-2023 15:35:25,0.350405092592593,12972.5132414254,457897.344377705,3933461.69598323
usa_NC_0034_0241,31-Dec-2023 15:35:25,0.350405092592593,12957.0628687529,457891.494311816,3933412.12388306
usa_NC_0034_0240,31-Dec-2023 15:35:25,0.350405092592593,12939.5017117245,457883.408699813,3933362.96730763
usa_NC_0034_0239,31-Dec-2023 15:35:25,0.350405092592593,12921.1685774091,457874.505162898,3933313.96429599
usa_NC_0034_0238,31-Dec-2023 15:35:25,0.350405092592593,12901.7456389452,457864.445792963,3933265.1838981
usa_NC_0034_0237,31-Dec-2023 15:35:25,0.350405092592593,12883.0157017332,457855.126896996,3933216.23449084
usa_NC_0034_0236,31-Dec-2023 15:35:25,0.350405092592593,12866.1650261906,457847.804014105,3933166.88674
usa_NC_0034_0235,31-Dec-2023 15:35:25,0.350405092592593,12851.6051625569,457842.914064748,3933117.05440012
usa_NC_0034_0234,31-Dec-2023 15:35:25,0.350405092592593,12836.1011399597,457837.023786475,3933067.40974563
usa_NC_0034_0233,31-Dec-2023 15:35:25,0.350405092592593,12817.4283766262,457827.769533743,3933018.4286154
usa_NC_0034_0232,31-Dec-2023 15:35:25,0.350405092592593,12796.6910784776,457816.321825177,3932969.88840009
usa_NC_0034_0231,31-Dec-2023 15:35:25,0.350405092592593,12775.6645132527,457804.563971016,3932921.42405015
usa_NC_0034_0230,31-Dec-2023 15:35:25,0.350405092592593,12755.2555030851,457793.460994013,3932872.83402407
usa_NC_0034_0229,31-Dec-2023 15:35:25,0.350405092592593,12736.8459744974,457784.48402905,3932823.80861029
usa_NC_0034_0228,31-Dec-2023 15:35:25,0.350405092592593,12719.0770300386,457776.189490771,3932774.6371767
usa_NC_0034_0227,31-Dec-2023 15:35:25,0.350405092592593,12700.5900535969,457767.132589887,3932725.61655186
usa_NC_0034_0226,31-Dec-2023 15:35:25,0.350405092592593,12680.9601901013,457756.860633706,3932676.84401275
usa_NC_0034_0225,31-Dec-2023 15:35:25,0.350405092592593,12660.4343320208,457745.635460344,3932628.26919199
usa_NC_0034_0224,31-Dec-2023 15:35:25,0.350405092592593,12639.8093058339,457734.304668578,3932579.71683976
usa_NC_0034_0223,31-Dec-2023 15:35:25,0.350405092592593,12620.5308926001,457724.413303449,3932530.83323986
usa_NC_0034_0222,31-Dec-2023 15:35:25,0.350405092592593,12602.4782832244,457715.839561611,3932481.61141567
usa_NC_0034_0221,31-Dec-2023 15:35:25,0.350405092592593,12583.4203658685,457706.195636385,3932432.61479247
usa_NC_0034_0220,31-Dec-2023 15:35:25,0.350405092592593,12563.3965037011,457695.531960591,3932383.79186798
usa_NC_0034_0219,31-Dec-2023 15:35:25,0.350405092592593,12545.1080721654,457686.717978324,3932334.56882348
usa_NC_0034_0218,31-Dec-2023 15:35:25,0.350405092592593,12525.912865849,457676.938196763,3932285.55144826
usa_NC_0034_0217,31-Dec-2023 15:35:25,0.350405092592593,12506.8497138536,457667.299172434,3932236.50358516
usa_NC_0034_0216,31-Dec-2023 15:35:25,0.350405092592593,12488.086547526,457657.979817285,3932187.38689739
usa_NC_0034_0215,31-Dec-2023 15:35:25,0.350405092592593,12468.8893881634,457648.198222551,3932138.36862897
usa_NC_0034_0214,31-Dec-2023 15:35:25,0.350405092592593,12448.7510582806,457637.414012066,3932089.56474107
usa_NC_0034_0213,31-Dec-2023 15:35:25,0.350405092592593,12428.4419038954,457626.447834051,3932040.79971657
usa_NC_0034_0212,31-Dec-2023 15:35:25,0.350405092592593,12406.9255557094,457614.196317089,3931992.3063263
usa_NC_0034_0211,31-Dec-2023 15:35:25,0.350405092592593,12384.3407055258,457600.806477511,3931944.05663263
usa_NC_0034_0210,31-Dec-2023 15:35:25,0.350405092592593,12360.1072419551,457585.659878778,3931896.1850358
usa_NC_0034_0209,31-Dec-2023 15:35:25,0.350405092592593,12335.020338714,457569.603641699,3931848.51024339
usa_NC_0034_0208,31-Dec-2023 15:35:25,0.350405092592593,12308.9675161065,457552.517832077,3931801.05843236
usa_NC_0034_0207,31-Dec-2023 15:35:25,0.350405092592593,12284.0684324933,457536.66105369,3931753.3439756
usa_NC_0034_0206,31-Dec-2023 15:35:25,0.350405092592593,12261.4489462267,457523.246865188,3931705.03937442
usa_NC_0034_0205,31-Dec-2023 15:35:25,0.350405092592593,12238.8015670461,457509.812770301,3931656.69204609
usa_NC_0034_0204,31-Dec-2023 15:35:25,0.350405092592593,12215.9398230641,457496.151139612,3931608.38942227
usa_NC_0034_0203,31-Dec-2023 15:35:25,0.350405092592593,12193.1488473833,457482.567616563,3931560.05707109
usa_NC_0034_0202,31-Dec-2023 15:35:25,0.350405092592593,12169.2166474167,457467.786777892,3931511.89251529
usa_NC_0034_0201,31-Dec-2023 15:35:25,0.350405092592593,12146.1990715851,457453.981790966,3931463.51204167
usa_NC_0034_0200,31-Dec-2023 15:35:25,0.350405092592593,12124.0941754466,457441.149791365,3931414.92006177
usa_NC_0034_0199,31-Dec-2023 15:35:25,0.350405092592593,12102.1220602674,457428.460258836,3931366.29274558
usa_NC_0034_0198,31-Dec-2023 15:35:25,0.350405092592593,12080.8153074304,457416.479535311,3931317.51383344
usa_NC_0034_0197,31-Dec-2023 15:35:25,0.350405092592593,12059.7876524184,457404.796320644,3931268.67039806
usa_NC_0034_0196,31-Dec-2023 15:35:25,0.350405092592593,12039.53072652,457393.932996821,3931219.65719083
usa_NC_0034_0195,31-Dec-2023 15:35:25,0.350405092592593,12019.5626525278,457383.377422687,3931170.57798949
usa_NC_0034_0194,31-Dec-2023 15:35:25,0.350405092592593,11999.9554650156,457373.20582383,3931121.41894736
usa_NC_0034_0193,31-Dec-2023 15:35:25,0.350405092592593,11980.4884004466,457363.183352003,3931072.22870843
usa_NC_0034_0192,31-Dec-2023 15:35:25,0.350405092592593,11962.2831888445,457354.501039303,3931022.7714372
usa_NC_0034_0191,31-Dec-2023 15:35:25,0.350405092592593,11942.4097357841,457344.047205854,3930973.66596724
usa_NC_0034_0190,31-Dec-2023 15:35:25,0.350405092592593,11923.3252862012,457334.431197084,3930924.39423754
usa_NC_0034_0189,31-Dec-2023 15:35:25,0.350405092592593,11903.2675488571,457323.782493401,3930875.32351153
usa_NC_0034_0188,31-Dec-2023 15:35:25,0.350405092592593,11882.1731053978,457312.022120817,3930826.52536116
usa_NC_0034_0187,31-Dec-2023 15:35:25,0.350405092592593,11861.3558283034,457300.534733235,3930777.77555726
usa_NC_0034_0186,31-Dec-2023 15:35:25,0.350405092592593,11839.7162980193,457288.17347621,3930729.20271104
usa_NC_0034_0185,31-Dec-2023 15:35:25,0.350405092592593,11818.6254372458,457276.394432468,3930680.51628167
usa_NC_0034_0184,31-Dec-2023 15:35:25,0.350405092592593,11798.5569481242,457265.699941707,3930631.61982168
usa_NC_0034_0183,31-Dec-2023 15:35:25,0.350405092592593,11778.424047234,457254.937238765,3930582.73600782
usa_NC_0034_0182,31-Dec-2023 15:35:25,0.350405092592593,11760.200705566,457246.19977395,3930533.46221506
usa_NC_0034_0181,31-Dec-2023 15:35:25,0.350405092592593,11743.1229141721,457238.677057722,3930483.9554627
usa_NC_0034_0180,31-Dec-2023 15:35:25,0.350405092592593,11725.381885927,457230.450837796,3930434.58460358
usa_NC_0034_0179,31-Dec-2023 15:35:25,0.350405092592593,11707.1551180036,457221.709420637,3930385.31310459
usa_NC_0034_0178,31-Dec-2023 15:35:25,0.350405092592593,11688.7858646876,457212.816498948,3930336.07264399
usa_NC_0034_0177,31-Dec-2023 15:35:25,0.350405092592593,11668.8299933256,457202.238244147,3930287.16921897
usa_NC_0034_0176,31-Dec-2023 15:35:25,0.350405092592593,11648.6669651924,457191.440581348,3930238.30660869
usa_NC_0034_0175,31-Dec-2023 15:35:25,0.350405092592593,11629.2581412142,457181.442757249,3930189.29024301
usa_NC_0034_0174,31-Dec-2023 15:35:25,0.350405092592593,11608.7292644261,457170.257703712,3930140.49924225
usa_NC_0034_0173,31-Dec-2023 15:35:25,0.350405092592593,11587.5242462118,457158.356165542,3930091.84324016
usa_NC_0034_0172,31-Dec-2023 15:35:25,0.350405092592593,11567.0384041259,457147.217324298,3930043.04059517
usa_NC_0034_0171,31-Dec-2023 15:35:25,0.350405092592593,11546.6970288806,457136.23189279,3929994.20748937
usa_NC_0034_0170,31-Dec-2023 15:35:25,0.350405092592593,11528.5866302617,457127.597095715,3929944.99629208
usa_NC_0034_0169,31-Dec-2023 15:35:25,0.350405092592593,11510.9484153213,457119.461109519,3929895.69855766
usa_NC_0034_0168,31-Dec-2023 15:35:25,0.350405092592593,11493.3584219952,457111.376242354,3929846.39109426
usa_NC_0034_0167,31-Dec-2023 15:35:25,0.350405092592593,11474.8536074817,457102.32153536,3929797.2684572
usa_NC_0034_0166,31-Dec-2023 15:35:25,0.350405092592593,11456.6120586268,457093.54586546,3929748.09294007
usa_NC_0034_0165,31-Dec-2023 15:35:25,0.350405092592593,11438.1802091343,457084.56838207,3929698.95621024
usa_NC_0034_0164,31-Dec-2023 15:35:25,0.350405092592593,11417.4885329398,457073.194799977,3929650.27786125
usa_NC_0034_0163,31-Dec-2023 15:35:25,0.350405092592593,11397.4762326201,457062.55010329,3929601.41896189
usa_NC_0034_0162,31-Dec-2023 15:35:25,0.350405092592593,11377.0644180052,457051.518178585,3929552.4590516
usa_NC_0034_0161,31-Dec-2023 15:35:25,0.350405092592593,11356.5178492922,457040.343773321,3929503.52447555
usa_NC_0034_0160,31-Dec-2023 15:35:25,0.350405092592593,11337.4041928179,457030.688222366,3929454.30157794
usa_NC_0034_0159,31-Dec-2023 15:35:25,0.350405092592593,11317.7365870803,457020.445603929,3929405.1896115
usa_NC_0034_0158,31-Dec-2023 15:35:25,0.350405092592593,11296.8786485035,457008.942103559,3929356.31293392
usa_NC_0034_0157,31-Dec-2023 15:35:25,0.350405092592593,11277.0820174857,456998.563177193,3929307.2246475
usa_NC_0034_0156,31-Dec-2023 15:35:25,0.350405092592593,11257.3472012442,456988.249818087,3929258.12369787
usa_NC_0034_0155,31-Dec-2023 15:35:25,0.350405092592593,11239.5975342554,456980.038318844,3929208.63508479
usa_NC_0034_0154,31-Dec-2023 15:35:25,0.350405092592593,11223.5928863823,456973.673356574,3929158.81108126
usa_NC_0034_0153,31-Dec-2023 15:35:25,0.350405092592593,11207.9756161371,456967.714644237,3929108.93095873
usa_NC_0034_0152,31-Dec-2023 15:35:25,0.350405092592593,11189.2812032236,456958.477008449,3929059.75618661
usa_NC_0034_0151,31-Dec-2023 15:35:25,0.350405092592593,11168.6653259014,456947.205853198,3929010.95208045
usa_NC_0034_0150,31-Dec-2023 15:35:25,0.350405092592593,11147.3295630446,456935.173029791,3928962.28584853
usa_NC_0034_0149,31-Dec-2023 15:35:25,0.350405092592593,11124.7995509207,456921.876701685,3928913.84804402
usa_NC_0034_0148,31-Dec-2023 15:35:25,0.350405092592593,11104.3372664016,456910.768589389,3928865.01184142
usa_NC_0034_0147,31-Dec-2023 15:35:25,0.350405092592593,11085.4884165978,456901.367686694,3928815.86597885
usa_NC_0034_0146,31-Dec-2023 15:35:25,0.350405092592593,11066.6276507403,456891.979234911,3928766.59699596
usa_NC_0034_0145,31-Dec-2023 15:35:25,0.350405092592593,11049.3774589095,456884.347137053,3928716.75781757
usa_NC_0034_0144,31-Dec-2023 15:35:25,0.350405092592593,11031.9076046493,456876.480611642,3928666.97079714
usa_NC_0034_0143,31-Dec-2023 15:35:25,0.350405092592593,11013.0866641804,456867.184751993,3928617.44168985
usa_NC_0034_0142,31-Dec-2023 15:35:25,0.350405092592593,10995.8796202205,456859.592287613,3928567.6243676
usa_NC_0034_0141,31-Dec-2023 15:35:25,0.350405092592593,10979.7969864592,456853.184259381,3928517.61789621
usa_NC_0034_0140,31-Dec-2023 15:35:25,0.350405092592593,10963.6681832676,456846.724139429,3928467.63649441
usa_NC_0034_0139,31-Dec-2023 15:35:25,0.350405092592593,10945.5764098068,456838.190820456,3928418.0125127
usa_NC_0034_0138,31-Dec-2023 15:35:25,0.350405092592593,10927.0191506009,456829.180329356,3928368.40096133
usa_NC_0034_0137,31-Dec-2023 15:35:25,0.350405092592593,10908.4398212147,456820.169861155,3928318.67666445
usa_NC_0034_0136,31-Dec-2023 15:35:25,0.350405092592593,10888.4766930325,456809.704590464,3928269.17079092
usa_NC_0034_0135,31-Dec-2023 15:35:25,0.350405092592593,10868.6635282782,456799.400628529,3928219.62297772
usa_NC_0034_0134,31-Dec-2023 15:35:25,0.350405092592593,10849.5547621812,456789.840539258,3928169.94731127
usa_NC_0034_0133,31-Dec-2023 15:35:25,0.350405092592593,10829.1189201333,456778.888617889,3928120.46441499
usa_NC_0034_0132,31-Dec-2023 15:35:25,0.350405092592593,10810.0277581694,456769.352717809,3928070.7575361
usa_NC_0034_0131,31-Dec-2023 15:35:25,0.350405092592593,10792.1624607727,456761.054034463,3928021.11512722
usa_NC_0034_0130,31-Dec-2023 15:35:25,0.350405092592593,10773.8598714721,456752.293082243,3927971.55444911
usa_NC_0034_0129,31-Dec-2023 15:35:25,0.350405092592593,10757.058454932,456745.107513244,3927921.77091212
usa_NC_0034_0128,31-Dec-2023 15:35:25,0.350405092592593,10740.6225021582,456738.304901336,3927871.93598903
usa_NC_0034_0127,31-Dec-2023 15:35:25,0.350405092592593,10723.6860347683,456730.977125118,3927822.17490398
usa_NC_0034_0126,31-Dec-2023 15:35:25,0.350405092592593,10705.531756007,456722.37304626,3927772.58604735
usa_NC_0034_0125,31-Dec-2023 15:35:25,0.350405092592593,10686.4293766817,456712.776450468,3927723.12566684
usa_NC_0034_0124,31-Dec-2023 15:35:25,0.350405092592593,10667.7255228511,456703.598507882,3927673.60398772
usa_NC_0034_0123,31-Dec-2023 15:35:25,0.350405092592593,10648.3914592326,456693.761857529,3927624.16257355
usa_NC_0034_0122,31-Dec-2023 15:35:25,0.350405092592593,10628.6640211804,456683.514994787,3927574.76650445
usa_NC_0034_0121,31-Dec-2023 15:35:25,0.350405092592593,10609.8077458097,456674.174165214,3927525.28211856
usa_NC_0034_0120,31-Dec-2023 15:35:25,0.350405092592593,10590.7893825611,456664.573762718,3927476.26954817
usa_NC_0034_0119,31-Dec-2023 15:35:25,0.350405092592593,10573.0658550289,456656.295637668,3927427.24775323
usa_NC_0034_0118,31-Dec-2023 15:35:25,0.350405092592593,10555.618129405,456648.304031362,3927378.1996136
usa_NC_0034_0117,31-Dec-2023 15:35:25,0.350405092592593,10538.4445985441,456640.597430032,3927329.12450298
usa_NC_0034_0116,31-Dec-2023 15:35:25,0.350405092592593,10520.8858828566,456632.485593584,3927280.1116234
usa_NC_0034_0115,31-Dec-2023 15:35:25,0.350405092592593,10502.7789596537,456623.797565381,3927231.18455068
usa_NC_0034_0114,31-Dec-2023 15:35:25,0.350405092592593,10485.0552013569,456615.508571463,3927182.21596996
usa_NC_0034_0113,31-Dec-2023 15:35:25,0.350405092592593,10466.3653719028,456606.19573589,3927133.44091647
usa_NC_0034_0112,31-Dec-2023 15:35:25,0.350405092592593,10446.1971738669,456595.285287078,3927085.11634594
usa_NC_0034_0111,31-Dec-2023 15:35:25,0.350405092592593,10427.3628511551,456585.766734851,3927036.63338182
usa_NC_0034_0110,31-Dec-2023 15:35:25,0.350405092592593,10409.2061934141,456576.953429524,3926988.07943197
usa_NC_0034_0109,31-Dec-2023 15:35:25,0.350405092592593,10391.1514223196,456568.242008833,3926939.5355723
usa_NC_0034_0108,31-Dec-2023 15:35:25,0.350405092592593,10374.7071054413,456561.216331575,3926890.77426698
usa_NC_0034_0107,31-Dec-2023 15:35:25,0.350405092592593,10358.9810376278,456554.915755004,3926842.0497333
usa_NC_0034_0106,31-Dec-2023 15:35:25,0.350405092592593,10343.1415345709,456548.5820743,3926792.91197005
usa_NC_0034_0105,31-Dec-2023 15:35:25,0.350405092592593,10326.3432960813,456541.217530081,3926744.04031052
usa_NC_0034_0104,31-Dec-2023 15:35:25,0.350405092592593,10309.2822688599,456533.730962067,3926694.43821173
usa_NC_0034_0103,31-Dec-2023 15:35:25,0.350405092592593,10293.6350109447,456527.779040063,3926644.37107151
usa_NC_0034_0102,31-Dec-2023 15:35:25,0.350405092592593,10277.737636621,456521.564227217,3926594.34311415
usa_NC_0034_0101,31-Dec-2023 15:35:25,0.350405092592593,10260.7669014942,456514.222312208,3926544.47790607
usa_NC_0034_0100,31-Dec-2023 15:35:25,0.350405092592593,10242.1918410906,456505.19692629,3926494.85004894
usa_NC_0034_0099,31-Dec-2023 15:35:25,0.350405092592593,10223.1270941903,456495.659302616,3926445.28659978
usa_NC_0034_0098,31-Dec-2023 15:35:25,0.350405092592593,10204.3872073164,456486.464450118,3926395.66565645
usa_NC_0034_0097,31-Dec-2023 15:35:25,0.350405092592593,10185.4553877188,456477.070046872,3926346.06384777
usa_NC_0034_0096,31-Dec-2023 15:35:25,0.350405092592593,10166.6907184419,456467.813823645,3926296.62355425
usa_NC_0034_0095,31-Dec-2023 15:35:25,0.350405092592593,10149.7899696029,456460.383695992,3926247.55695682
usa_NC_0034_0094,31-Dec-2023 15:35:25,0.350405092592593,10133.0103104419,456453.063393149,3926198.55871295
usa_NC_0034_0093,31-Dec-2023 15:35:25,0.350405092592593,10116.0732977784,456445.579088319,3926149.57817287
usa_NC_0034_0092,31-Dec-2023 15:35:25,0.350405092592593,10100.1324550346,456439.140856682,3926100.44645389
usa_NC_0034_0091,31-Dec-2023 15:35:25,0.350405092592593,10084.8506472466,456433.395318304,3926051.21149757
usa_NC_0034_0090,31-Dec-2023 15:35:25,0.350405092592593,10069.8450363292,456427.94098162,3926001.92877695
usa_NC_0034_0089,31-Dec-2023 15:35:25,0.350405092592593,10053.8841288334,456421.485605473,3925952.78045888
usa_NC_0034_0088,31-Dec-2023 15:35:25,0.350405092592593,10036.7890675394,456413.841159756,3925903.79475275
usa_NC_0034_0087,31-Dec-2023 15:35:25,0.350405092592593,10020.380354044,456406.918113716,3925854.7015375
usa_NC_0034_0086,31-Dec-2023 15:35:25,0.350405092592593,10003.720151661,456399.732210849,3925805.6403307
usa_NC_0034_0085,31-Dec-2023 15:35:25,0.350405092592593,9986.39840240948,456391.852871232,3925756.67326288
usa_NC_0034_0084,31-Dec-2023 15:35:25,0.350405092592593,9967.86121030893,456382.698303396,3925707.88513398
usa_NC_0034_0083,31-Dec-2023 15:35:25,0.350405092592593,9950.04990522021,456374.306635164,3925658.98359561
usa_NC_0034_0082,31-Dec-2023 15:35:25,0.350405092592593,9933.60748974002,456367.353389192,3925609.86952049
usa_NC_0034_0081,31-Dec-2023 15:35:25,0.350405092592593,9916.25081362783,456359.503018582,3925560.57923839
usa_NC_0034_0080,31-Dec-2023 15:35:25,0.350405092592593,9900.634652213,456353.483026282,3925511.0114424
usa_NC_0034_0079,31-Dec-2023 15:35:25,0.350405092592593,9886.59640141813,456349.147749463,3925461.06526501
usa_NC_0034_0078,31-Dec-2023 15:35:25,0.350405092592593,9873.22579509423,456345.522538164,3925410.97285001
usa_NC_0034_0077,31-Dec-2023 15:35:25,0.350405092592593,9859.58929611133,456341.618189742,3925360.92040927
usa_NC_0034_0076,31-Dec-2023 15:35:25,0.350405092592593,9844.0502295856,456335.71790911,3925311.14697034
usa_NC_0034_0075,31-Dec-2023 15:35:25,0.350405092592593,9826.93349108669,456328.163570732,3925261.59970795
usa_NC_0034_0074,31-Dec-2023 15:35:25,0.350405092592593,9810.15688926887,456320.967214868,3925211.99678965
usa_NC_0034_0073,31-Dec-2023 15:35:25,0.350405092592593,9794.30645410218,456314.743069686,3925162.25507978
usa_NC_0034_0072,31-Dec-2023 15:35:25,0.350405092592593,9779.24544859188,456309.34726965,3925112.39672421
usa_NC_0034_0071,31-Dec-2023 15:35:25,0.350405092592593,9763.47801220939,456303.211568968,3925062.6359734
usa_NC_0034_0070,31-Dec-2023 15:35:25,0.350405092592593,9747.04735189662,456296.470170803,3925012.52172292
usa_NC_0034_0069,31-Dec-2023 15:35:25,0.350405092592593,9733.52513819098,456292.811643822,3924961.82233283
usa_NC_0034_0068,31-Dec-2023 15:35:25,0.350405092592593,9719.86738671678,456289.010643286,3924911.14424261
usa_NC_0034_0067,31-Dec-2023 15:35:25,0.350405092592593,9706.79983444353,456285.841274697,3924860.31719861
usa_NC_0034_0066,31-Dec-2023 15:35:25,0.350405092592593,9694.53888058292,456283.557068824,3924809.17679
usa_NC_0034_0065,31-Dec-2023 15:35:25,0.350405092592593,9680.9523990103,456279.886445426,3924758.20995616
usa_NC_0034_0064,31-Dec-2023 15:35:25,0.350405092592593,9666.21061485477,456275.010762332,3924707.37782604
usa_NC_0034_0063,31-Dec-2023 15:35:25,0.350405092592593,9650.82974566829,456269.47096235,3924656.60773704
usa_NC_0034_0062,31-Dec-2023 15:35:25,0.350405092592593,9636.3802724882,456264.902674052,3924605.72904153
usa_NC_0034_0061,31-Dec-2023 15:35:25,0.350405092592593,9623.02782775075,456261.475293815,3924554.73929014
usa_NC_0034_0060,31-Dec-2023 15:35:25,0.350405092592593,9609.70542655595,456258.077719529,3924503.75370009
usa_NC_0034_0059,31-Dec-2023 15:35:25,0.350405092592593,9597.43097777857,456255.765806134,3924452.68308156
usa_NC_0034_0058,31-Dec-2023 15:35:25,0.350405092592593,9584.11761775865,456252.373711972,3924401.71620683
usa_NC_0034_0057,31-Dec-2023 15:35:25,0.350405092592593,9570.07310290651,456248.223117987,3924350.8138401
usa_NC_0034_0056,31-Dec-2023 15:35:25,0.350405092592593,9555.23014885581,456243.246546204,3924299.97029352
usa_NC_0034_0055,31-Dec-2023 15:35:25,0.350405092592593,9540.22185335398,456238.100602055,3924249.13056114
usa_NC_0034_0054,31-Dec-2023 15:35:25,0.350405092592593,9527.47231912499,456235.167386451,3924198.74466349
usa_NC_0034_0053,31-Dec-2023 15:35:25,0.350405092592593,9515.57349681995,456233.07395019,3924148.49764144
usa_NC_0034_0052,31-Dec-2023 15:35:25,0.350405092592593,9503.62731106172,456230.930646962,3924098.25846204
usa_NC_0034_0051,31-Dec-2023 15:35:25,0.350405092592593,9491.49395710939,456228.593191685,3924048.03571503
usa_NC_0034_0050,31-Dec-2023 15:35:25,0.350405092592593,9479.10057517449,456225.986534572,3923997.83315163
usa_NC_0034_0049,31-Dec-2023 15:35:25,0.350405092592593,9466.242221824,456222.89941473,3923947.66211078
usa_NC_0034_0048,31-Dec-2023 15:35:25,0.350405092592593,9451.99861674387,456218.382880112,3923897.57502891
usa_NC_0034_0047,31-Dec-2023 15:35:25,0.350405092592593,9437.95860501596,456214.076545976,3923847.47502493
usa_NC_0034_0046,31-Dec-2023 15:35:25,0.350405092592593,9425.35995921104,456211.256445019,3923797.29308948
usa_NC_0034_0045,31-Dec-2023 15:35:25,0.350405092592593,9412.59476484611,456208.264069342,3923747.12333244
usa_NC_0034_0044,31-Dec-2023 15:35:25,0.350405092592593,9400.27859344899,456205.733908888,3923696.93198036
usa_NC_0034_0043,31-Dec-2023 15:35:25,0.350405092592593,9387.36215928889,456202.584569792,3923646.77590362
usa_NC_0034_0042,31-Dec-2023 15:35:25,0.350405092592593,9373.72363228619,456198.691079146,3923596.65877689
usa_NC_0034_0041,31-Dec-2023 15:35:25,0.350405092592593,9360.66339340348,456195.394096801,3923546.5076823
usa_NC_0034_0040,31-Dec-2023 15:35:25,0.350405092592593,9348.58905244839,456193.11324202,3923496.30284678
usa_NC_0034_0039,31-Dec-2023 15:35:25,0.350405092592593,9335.89203050699,456190.192122916,3923446.12440012
usa_NC_0034_0038,31-Dec-2023 15:35:25,0.350405092592593,9321.72863798051,456185.763051237,3923396.00897041
usa_NC_0034_0037,31-Dec-2023 15:35:25,0.350405092592593,9306.77218563204,456180.519809319,3923345.92072403
usa_NC_0034_0036,31-Dec-2023 15:35:25,0.350405092592593,9293.08782282944,456176.579406178,3923295.80445074
usa_NC_0034_0035,31-Dec-2023 15:35:25,0.350405092592593,9279.78050570481,456172.99671633,3923245.82222681
usa_NC_0034_0034,31-Dec-2023 15:35:25,0.350405092592593,9266.61103350846,456169.556222871,3923195.83186418
usa_NC_0034_0033,31-Dec-2023 15:35:25,0.350405092592593,9254.47209406337,456167.175812599,3923145.79557553
usa_NC_0034_0032,31-Dec-2023 15:35:25,0.350405092592593,9241.66132872244,456164.10488149,3923095.78637649
usa_NC_0034_0031,31-Dec-2023 15:35:25,0.350405092592593,9229.66047833147,456161.866969905,3923045.74168218
usa_NC_0034_0030,31-Dec-2023 15:35:25,0.350405092592593,9217.72700935064,456159.698542148,3922995.69313294
usa_NC_0034_0029,31-Dec-2023 15:35:25,0.350405092592593,9204.9894359828,456156.703763691,3922945.67635878
usa_NC_0034_0028,31-Dec-2023 15:35:25,0.350405092592593,9191.10773445058,456152.533360873,3922895.70400943
usa_NC_0034_0027,31-Dec-2023 15:35:25,0.350405092592593,9175.51517472851,456146.605182636,3922845.79718828
usa_NC_0034_0026,31-Dec-2023 15:35:25,0.350405092592593,9159.77101291516,456140.522051412,3922795.89213756
usa_NC_0034_0025,31-Dec-2023 15:35:25,0.350405092592593,9144.8443639675,456135.279836725,3922745.95084647
usa_NC_0034_0024,31-Dec-2023 15:35:25,0.350405092592593,9130.97311824072,456131.122750523,3922695.965215
usa_NC_0034_0023,31-Dec-2023 15:35:25,0.350405092592593,9117.96286406583,456127.850780643,3922645.94403607
usa_NC_0034_0022,31-Dec-2023 15:35:25,0.350405092592593,9105.00872972831,456124.636850117,3922595.91880335
usa_NC_0034_0021,31-Dec-2023 15:35:25,0.350405092592593,9092.12018961552,456121.490676435,3922545.88923762
usa_NC_0034_0020,31-Dec-2023 15:35:25,0.350405092592593,9079.10435036704,456118.214118267,3922495.86251784
usa_NC_0034_0019,31-Dec-2023 15:35:25,0.350405092592593,9065.68535640499,456114.523895917,3922445.8485054
usa_NC_0034_0018,31-Dec-2023 15:35:25,0.350405092592593,9052.50878927567,456111.083091894,3922395.82348932
usa_NC_0034_0017,31-Dec-2023 15:35:25,0.350405092592593,9038.37474020366,456106.641358205,3922345.92117374
usa_NC_0034_0016,31-Dec-2023 15:35:25,0.350405092592593,9023.77102386438,456101.663431332,3922296.30531235
usa_NC_0034_0015,31-Dec-2023 15:35:25,0.350405092592593,9008.76970665506,456096.275781866,3922246.71077608
usa_NC_0034_0014,31-Dec-2023 15:35:25,0.350405092592593,8994.94337329351,456092.074421154,3922197.17591245
usa_NC_0034_0013,31-Dec-2023 15:35:25,0.350405092592593,8982.67595344548,456089.479333807,3922147.558273
usa_NC_0034_0012,31-Dec-2023 15:35:25,0.350405092592593,8970.53023276016,456087.056542377,3922097.69946874
usa_NC_0034_0011,31-Dec-2023 15:35:25,0.350405092592593,8958.31129563939,456084.524409679,3922048.014203
usa_NC_0034_0010,31-Dec-2023 15:35:25,0.350405092592593,8946.93221263433,456082.855646102,3921998.29435006
usa_NC_0034_0009,31-Dec-2023 15:35:25,0.350405092592593,8935.53239212235,456081.165971157,3921948.57331553
usa_NC_0034_0008,31-Dec-2023 15:35:25,0.350405092592593,8923.63384321298,456078.963807909,3921898.87179918
usa_NC_0034_0007,31-Dec-2023 15:35:25,0.350405092592593,8912.23899513258,456077.275801523,3921849.16779041
usa_NC_0034_0006,31-Dec-2023 15:35:25,0.350405092592593,8900.87721746092,456075.620177654,3921799.47049592
usa_NC_0034_0005,31-Dec-2023 15:35:25,0.350405092592593,8889.21367061405,456073.654516796,3921749.78472122
usa_NC_0034_0004,31-Dec-2023 15:35:25,0.350405092592593,8877.63470471327,456071.776261067,3921700.09318125
usa_NC_0034_0003,31-Dec-2023 15:35:25,0.350405092592593,8865.90051052127,456069.73861317,3921650.40712141
usa_NC_0034_0002,31-Dec-2023 15:35:25,0.350405092592593,8854.6344397412,456068.183241716,3921600.69654815
usa_NC_0034_0001,31-Dec-2023 15:35:25,0.350405092592593,8843.11973944427,456066.372363939,3921550.99579091
usa_NC_0033_0260,31-Dec-2023 15:35:25,0.350405092592593,8828.73240916803,456061.603382317,3921501.4385742
usa_NC_0033_0259,31-Dec-2023 15:35:25,0.350405092592593,8814.24832857338,456056.734081089,3921451.88964758
usa_NC_0033_0258,31-Dec-2023 15:35:25,0.350405092592593,8800.34372561132,456052.461105042,3921402.31373995
usa_NC_0033_0257,31-Dec-2023 15:35:25,0.350405092592593,8787.93356222654,456049.727610967,3921352.6602752
usa_NC_0033_0256,31-Dec-2023 15:35:25,0.350405092592593,8776.03615290921,456047.522667029,3921302.97849016
usa_NC_0033_0255,31-Dec-2023 15:35:25,0.350405092592593,8764.48877991482,456045.678821917,3921253.27597494
usa_NC_0033_0254,31-Dec-2023 15:35:25,0.350405092592593,8753.87036186651,456044.793157567,3921203.51910865
usa_NC_0033_0253,31-Dec-2023 15:35:25,0.350405092592593,8743.6345639211,456044.302806637,3921153.73657465
usa_NC_0033_0252,31-Dec-2023 15:35:25,0.350405092592593,8733.67694985597,456044.100269643,3921103.93337027
usa_NC_0033_0251,31-Dec-2023 15:35:25,0.350405092592593,8723.89504358497,456044.079991869,3921054.11476369
usa_NC_0033_0250,31-Dec-2023 15:35:25,0.350405092592593,8713.88749317833,456043.827971349,3921004.30435282
usa_NC_0033_0249,31-Dec-2023 15:35:25,0.350405092592593,8703.43232419025,456043.158872528,3920954.29682198
usa_NC_0033_0248,31-Dec-2023 15:35:25,0.350405092592593,8691.80751596222,456041.31108639,3920904.21885326
usa_NC_0033_0247,31-Dec-2023 15:35:25,0.350405092592593,8679.89151108298,456039.162725822,3920854.159005
usa_NC_0033_0246,31-Dec-2023 15:35:25,0.350405092592593,8667.78310806702,456036.824685972,3920804.06651574
usa_NC_0033_0245,31-Dec-2023 15:35:25,0.350405092592593,8656.61336798825,456035.490799752,3920753.73915286
usa_NC_0033_0244,31-Dec-2023 15:35:25,0.350405092592593,8645.25790476485,456033.964655367,3920703.42611921
usa_NC_0033_0243,31-Dec-2023 15:35:25,0.350405092592593,8632.22348468183,456030.707125725,3920653.20934985
usa_NC_0033_0242,31-Dec-2023 15:35:25,0.350405092592593,8618.63543783914,456026.87884332,3920603.02351254
usa_NC_0033_0241,31-Dec-2023 15:35:25,0.350405092592593,8604.55735983467,456022.545793935,3920552.8629377
usa_NC_0033_0240,31-Dec-2023 15:35:25,0.350405092592593,8592.23286640916,456020.019630054,3920502.6091154
usa_NC_0033_0239,31-Dec-2023 15:35:25,0.350405092592593,8581.67067433435,456019.308064683,3920452.26793123
usa_NC_0033_0238,31-Dec-2023 15:35:25,0.350405092592593,8572.57910986981,456020.109518462,3920401.86009999
usa_NC_0033_0237,31-Dec-2023 15:35:25,0.350405092592593,8564.09809257918,456021.5375797,3920351.43230135
usa_NC_0033_0236,31-Dec-2023 15:35:25,0.350405092592593,8554.23215496162,456021.538190764,3920301.08032135
usa_NC_0033_0235,31-Dec-2023 15:35:25,0.350405092592593,8543.26414756143,456020.403373121,3920250.78624899
usa_NC_0033_0234,31-Dec-2023 15:35:25,0.350405092592593,8532.17566770376,456019.109051357,3920200.67558676
usa_NC_0033_0233,31-Dec-2023 15:35:25,0.350405092592593,8521.36932655453,456018.089023553,3920150.63209587
usa_NC_0033_0232,31-Dec-2023 15:35:25,0.350405092592593,8510.03646402273,456016.527178384,3920100.61306059
usa_NC_0033_0231,31-Dec-2023 15:35:25,0.350405092592593,8498.74757040881,456015.010431281,3920050.59272467
usa_NC_0033_0230,31-Dec-2023 15:35:25,0.350405092592593,8487.75095172983,456013.794195605,3920000.5600864
usa_NC_0033_0229,31-Dec-2023 15:35:25,0.350405092592593,8475.5404589173,456011.329211323,3919950.5818788
usa_NC_0033_0228,31-Dec-2023 15:35:25,0.350405092592593,8462.18095867511,456007.682347182,3919900.65450047
usa_NC_0033_0227,31-Dec-2023 15:35:25,0.350405092592593,8447.93249084559,456003.12119878,3919850.76586655
usa_NC_0033_0226,31-Dec-2023 15:35:25,0.350405092592593,8432.78132134143,455997.631748186,3919800.9160387
usa_NC_0033_0225,31-Dec-2023 15:35:25,0.350405092592593,8419.64344513144,455994.213019899,3919750.97799908
usa_NC_0033_0224,31-Dec-2023 15:35:25,0.350405092592593,8408.37401664045,455992.712418547,3919700.97620032
usa_NC_0033_0223,31-Dec-2023 15:35:25,0.350405092592593,8397.9977670597,455992.128208772,3919650.94660305
usa_NC_0033_0222,31-Dec-2023 15:35:25,0.350405092592593,8388.53130812289,455992.479588964,3919600.87790613
usa_NC_0033_0221,31-Dec-2023 15:35:25,0.350405092592593,8378.98121420425,455992.744933064,3919550.81295088
usa_NC_0033_0220,31-Dec-2023 15:35:25,0.350405092592593,8368.50185992124,455992.054753827,3919500.7874893
usa_NC_0033_0219,31-Dec-2023 15:35:25,0.350405092592593,8357.99344907595,455991.334747181,3919450.76301063
usa_NC_0033_0218,31-Dec-2023 15:35:25,0.350405092592593,8347.26933262618,455990.393010456,3919400.74733993
usa_NC_0033_0217,31-Dec-2023 15:35:25,0.350405092592593,8335.52135075505,455988.40228877,3919350.75608102
usa_NC_0033_0216,31-Dec-2023 15:35:25,0.350405092592593,8324.39891667288,455987.056663162,3919300.72888351
usa_NC_0033_0215,31-Dec-2023 15:35:25,0.350405092592593,8313.45516740897,455985.894871659,3919250.69359518
usa_NC_0033_0214,31-Dec-2023 15:35:25,0.350405092592593,8302.57387332285,455984.797407726,3919200.65511566
usa_NC_0033_0213,31-Dec-2023 15:35:25,0.350405092592593,8291.82355901845,455983.767756902,3919150.94570423
usa_NC_0033_0212,31-Dec-2023 15:35:25,0.350405092592593,8280.68529726476,455982.328403161,3919101.30678385
usa_NC_0033_0211,31-Dec-2023 15:35:25,0.350405092592593,8269.80053191292,455981.14915343,3919051.6598761
usa_NC_0033_0210,31-Dec-2023 15:35:25,0.350405092592593,8257.73595390846,455978.755565533,3919002.06902257
usa_NC_0033_0209,31-Dec-2023 15:35:25,0.350405092592593,8245.40315766993,455976.091341124,3918952.46373493
usa_NC_0033_0208,31-Dec-2023 15:35:25,0.350405092592593,8232.25920378037,455972.594847613,3918902.88384528
usa_NC_0033_0207,31-Dec-2023 15:35:25,0.350405092592593,8218.28997920418,455968.248217716,3918853.34674502
usa_NC_0033_0206,31-Dec-2023 15:35:25,0.350405092592593,8205.29743015109,455964.906464297,3918803.76514368
usa_NC_0033_0205,31-Dec-2023 15:35:25,0.350405092592593,8191.78835444563,455961.007278276,3918754.33714863
usa_NC_0033_0204,31-Dec-2023 15:35:25,0.350405092592593,8178.79316032544,455957.597313406,3918705.0834043
usa_NC_0033_0203,31-Dec-2023 15:35:25,0.350405092592593,8166.17069065974,455954.570716283,3918655.81327232
usa_NC_0033_0202,31-Dec-2023 15:35:25,0.350405092592593,8153.63273403804,455951.630712645,3918606.5410903
usa_NC_0033_0201,31-Dec-2023 15:35:25,0.350405092592593,8141.43331116821,455949.039582865,3918557.25065525
usa_NC_0033_0200,31-Dec-2023 15:35:25,0.350405092592593,8128.53118337182,455945.722716028,3918508.00595972
usa_NC_0033_0199,31-Dec-2023 15:35:25,0.350405092592593,8116.02988476132,455942.775730597,3918458.95579434
usa_NC_0033_0198,31-Dec-2023 15:35:25,0.350405092592593,8103.72421208653,455940.002406957,3918410.03489994
usa_NC_0033_0197,31-Dec-2023 15:35:25,0.350405092592593,8090.19399963617,455935.961530477,3918361.20810956
usa_NC_0033_0196,31-Dec-2023 15:35:25,0.350405092592593,8077.80555464419,455933.100460858,3918312.30391617
usa_NC_0033_0195,31-Dec-2023 15:35:25,0.350405092592593,8065.58530133297,455930.412975082,3918263.38937836
usa_NC_0033_0194,31-Dec-2023 15:35:25,0.350405092592593,8053.14769126734,455927.499667805,3918214.4956972
usa_NC_0033_0193,31-Dec-2023 15:35:25,0.350405092592593,8041.26298373834,455925.159331266,3918165.55628847
usa_NC_0033_0192,31-Dec-2023 15:35:25,0.350405092592593,8028.86499055129,455922.253580072,3918116.82697099
usa_NC_0033_0191,31-Dec-2023 15:35:25,0.350405092592593,8015.04438544447,455917.866991191,3918068.2482914
usa_NC_0033_0190,31-Dec-2023 15:35:25,0.350405092592593,7999.41699732331,455911.597280579,3918019.87288583
usa_NC_0033_0189,31-Dec-2023 15:35:25,0.350405092592593,7981.44084593045,455902.875289878,3917971.78314302
usa_NC_0033_0188,31-Dec-2023 15:35:25,0.350405092592593,7963.40157607823,455894.090202084,3917923.68704868
usa_NC_0033_0187,31-Dec-2023 15:35:25,0.350405092592593,7945.77484452737,455885.732232975,3917875.55880299
usa_NC_0033_0186,31-Dec-2023 15:35:25,0.350405092592593,7929.03638995349,455878.297410476,3917827.34393799
usa_NC_0033_0185,31-Dec-2023 15:35:25,0.350405092592593,7913.57277462346,455872.191998262,3917778.98210489
usa_NC_0033_0184,31-Dec-2023 15:35:25,0.350405092592593,7900.07600306509,455868.183805756,3917730.16241088
usa_NC_0033_0183,31-Dec-2023 15:35:25,0.350405092592593,7887.55559518097,455865.218334776,3917681.10723359
usa_NC_0033_0182,31-Dec-2023 15:35:25,0.350405092592593,7875.37012470686,455862.608268761,3917631.98276591
usa_NC_0033_0181,31-Dec-2023 15:35:25,0.350405092592593,7862.06574390249,455858.832636336,3917582.98108369
usa_NC_0033_0180,31-Dec-2023 15:35:25,0.350405092592593,7847.49476217998,455853.728468031,3917534.16403644
usa_NC_0033_0179,31-Dec-2023 15:35:25,0.350405092592593,7833.01378811284,455848.716812465,3917485.34335769
usa_NC_0033_0178,31-Dec-2023 15:35:25,0.350405092592593,7818.66018134156,455843.843886046,3917436.47842104
usa_NC_0033_0177,31-Dec-2023 15:35:25,0.350405092592593,7804.30946370071,455838.979222583,3917387.58687759
usa_NC_0033_0176,31-Dec-2023 15:35:25,0.350405092592593,7789.91632200036,455834.075211779,3917338.67573988
usa_NC_0033_0175,31-Dec-2023 15:35:25,0.350405092592593,7774.538091622,455828.140298815,3917289.89641055
usa_NC_0033_0174,31-Dec-2023 15:35:25,0.350405092592593,7757.40548701764,455820.362770938,3917241.38510219
usa_NC_0033_0173,31-Dec-2023 15:35:25,0.350405092592593,7738.2541319183,455810.460525407,3917193.20436872
usa_NC_0033_0172,31-Dec-2023 15:35:25,0.350405092592593,7718.20942240718,455799.615363369,3917145.18327879
usa_NC_0033_0171,31-Dec-2023 15:35:25,0.350405092592593,7696.93886437468,455787.474754938,3917097.38920373
usa_NC_0033_0170,31-Dec-2023 15:35:25,0.350405092592593,7676.74516616581,455776.466136764,3917049.42577413
usa_NC_0033_0169,31-Dec-2023 15:35:25,0.350405092592593,7657.11839937937,455766.053293052,3917001.37409234
usa_NC_0033_0168,31-Dec-2023 15:35:25,0.350405092592593,7638.10538374036,455756.270858435,3916953.29976921
usa_NC_0033_0167,31-Dec-2023 15:35:25,0.350405092592593,7619.46966876799,455746.874307192,3916905.21982311
usa_NC_0033_0166,31-Dec-2023 15:35:25,0.350405092592593,7601.38821965345,455738.065411367,3916857.02761928
usa_NC_0033_0165,31-Dec-2023 15:35:25,0.350405092592593,7583.11978906433,455729.060631115,3916808.86147019
usa_NC_0033_0164,31-Dec-2023 15:35:25,0.350405092592593,7565.54119223756,455720.788912547,3916760.5472409
usa_NC_0033_0163,31-Dec-2023 15:35:25,0.350405092592593,7547.82298173433,455712.444700645,3916711.8833037
usa_NC_0033_0162,31-Dec-2023 15:35:25,0.350405092592593,7529.53149252013,455703.505290894,3916663.27234093
usa_NC_0033_0161,31-Dec-2023 15:35:25,0.350405092592593,7510.19683248561,455693.459832509,3916614.87283649
usa_NC_0033_0160,31-Dec-2023 15:35:25,0.350405092592593,7490.87719803439,455683.430537987,3916566.46912224
usa_NC_0033_0159,31-Dec-2023 15:35:25,0.350405092592593,7471.33767420016,455673.167861361,3916518.11117592
usa_NC_0033_0158,31-Dec-2023 15:35:25,0.350405092592593,7451.7288608727,455662.83155274,3916469.76810596
usa_NC_0033_0157,31-Dec-2023 15:35:25,0.350405092592593,7432.3125067356,455652.699876525,3916421.38315757
usa_NC_0033_0156,31-Dec-2023 15:35:25,0.350405092592593,7413.01738921965,455642.697343819,3916372.97063466
usa_NC_0033_0155,31-Dec-2023 15:35:25,0.350405092592593,7393.78209422606,455632.784722459,3916324.41345456
usa_NC_0033_0154,31-Dec-2023 15:35:25,0.350405092592593,7374.55442428408,455622.921301229,3916275.64897161
usa_NC_0033_0153,31-Dec-2023 15:35:25,0.350405092592593,7355.99041643497,455613.764552956,3916226.73490539
usa_NC_0033_0152,31-Dec-2023 15:35:25,0.350405092592593,7337.05900170107,455604.217003976,3916177.90156133
usa_NC_0033_0151,31-Dec-2023 15:35:25,0.350405092592593,7318.3430427591,455594.899183264,3916129.01810852
usa_NC_0033_0150,31-Dec-2023 15:35:25,0.350405092592593,7299.73709722974,455585.698908483,3916080.1078443
usa_NC_0033_0149,31-Dec-2023 15:35:25,0.350405092592593,7280.87424458428,455576.225312575,3916031.25430492
usa_NC_0033_0148,31-Dec-2023 15:35:25,0.350405092592593,7263.65223247324,455568.454023222,3915982.25550257
usa_NC_0033_0147,31-Dec-2023 15:35:25,0.350405092592593,7246.53933881149,455560.792085453,3915933.26632914
usa_NC_0033_0146,31-Dec-2023 15:35:25,0.350405092592593,7228.13995210412,455551.75984629,3915884.56928525
usa_NC_0033_0145,31-Dec-2023 15:35:25,0.350405092592593,7209.86379935787,455542.638845655,3915836.94533785
usa_NC_0033_0144,31-Dec-2023 15:35:25,0.350405092592593,7191.96434809589,455533.812258975,3915789.77045684
usa_NC_0033_0143,31-Dec-2023 15:35:25,0.350405092592593,7173.04174084963,455524.189495836,3915741.35845986
usa_NC_0033_0142,31-Dec-2023 15:35:25,0.350405092592593,7152.32505773021,455512.908839858,3915692.08745583
usa_NC_0033_0141,31-Dec-2023 15:35:25,0.350405092592593,7130.5590739053,455500.653395276,3915642.33975318
usa_NC_0033_0140,31-Dec-2023 15:35:25,0.350405092592593,7107.33681337775,455486.56353857,3915594.34030528
usa_NC_0033_0139,31-Dec-2023 15:35:25,0.350405092592593,7083.50162036817,455471.756831597,3915546.80026055
usa_NC_0033_0138,31-Dec-2023 15:35:25,0.350405092592593,7058.88439614867,455456.111498824,3915499.46606631
usa_NC_0033_0137,31-Dec-2023 15:35:25,0.350405092592593,7034.61317327214,455440.833729101,3915452.05820076
usa_NC_0033_0136,31-Dec-2023 15:35:25,0.350405092592593,7009.38846931541,455424.533075929,3915404.90331827
usa_NC_0033_0135,31-Dec-2023 15:35:25,0.350405092592593,6985.20359244034,455409.34259474,3915357.49927854
usa_NC_0033_0134,31-Dec-2023 15:35:25,0.350405092592593,6961.30900303761,455394.460592225,3915310.03292273
usa_NC_0033_0133,31-Dec-2023 15:35:25,0.350405092592593,6937.97760664442,455380.179666973,3915262.43269926
usa_NC_0033_0132,31-Dec-2023 15:35:25,0.350405092592593,6914.5845248972,455365.829999514,3915214.8616881
usa_NC_0033_0131,31-Dec-2023 15:35:25,0.350405092592593,6891.75421727512,455352.079267024,3915167.16539243
usa_NC_0033_0130,31-Dec-2023 15:35:25,0.350405092592593,6869.30198463114,455338.732274865,3915119.37806246
usa_NC_0033_0129,31-Dec-2023 15:35:25,0.350405092592593,6847.10316509303,455325.655689154,3915071.53076278
usa_NC_0033_0128,31-Dec-2023 15:35:25,0.350405092592593,6826.32599009607,455314.103034315,3915023.31223399
usa_NC_0033_0127,31-Dec-2023 15:35:25,0.350405092592593,6805.31207492181,455302.296040077,3914975.15835647
usa_NC_0033_0126,31-Dec-2023 15:35:25,0.350405092592593,6784.58731395457,455290.798997673,3914926.92900723
usa_NC_0033_0125,31-Dec-2023 15:35:25,0.350405092592593,6763.16236093414,455278.549862388,3914878.89011587
usa_NC_0033_0124,31-Dec-2023 15:35:25,0.350405092592593,6742.37918865187,455266.989354496,3914830.68028069
usa_NC_0033_0123,31-Dec-2023 15:35:25,0.350405092592593,6722.46591038298,455256.36283238,3914782.23576904
usa_NC_0033_0122,31-Dec-2023 15:35:25,0.350405092592593,6702.07249596465,455245.313460488,3914733.45707287
usa_NC_0033_0121,31-Dec-2023 15:35:25,0.350405092592593,6683.51434838002,455236.055294763,3914685.08044422
usa_NC_0033_0120,31-Dec-2023 15:35:25,0.350405092592593,6665.13816108075,455227.087072096,3914636.18143161
usa_NC_0033_0119,31-Dec-2023 15:35:25,0.350405092592593,6646.22856099689,455217.545670358,3914587.42865134
usa_NC_0033_0118,31-Dec-2023 15:35:25,0.350405092592593,6627.01901928873,455207.699073434,3914538.67248724
usa_NC_0033_0117,31-Dec-2023 15:35:25,0.350405092592593,6607.14838200056,455197.14954288,3914490.06029111
usa_NC_0033_0116,31-Dec-2023 15:35:25,0.350405092592593,6586.76235158849,455186.046550803,3914441.58761325
usa_NC_0033_0115,31-Dec-2023 15:35:25,0.350405092592593,6566.24409235453,455174.802294209,3914393.14707136
usa_NC_0033_0114,31-Dec-2023 15:35:25,0.350405092592593,6545.172565018,455162.963196788,3914344.85983754
usa_NC_0033_0113,31-Dec-2023 15:35:25,0.350405092592593,6523.79327322732,455150.793325582,3914296.65730244
usa_NC_0033_0112,31-Dec-2023 15:35:25,0.350405092592593,6502.43807563507,455138.650036888,3914248.44469864
usa_NC_0033_0111,31-Dec-2023 15:35:25,0.350405092592593,6481.36540778358,455126.811888569,3914200.14689476
usa_NC_0033_0110,31-Dec-2023 15:35:25,0.350405092592593,6459.87173021883,455114.520646423,3914151.96799933
usa_NC_0033_0109,31-Dec-2023 15:35:25,0.350405092592593,6439.46106685068,455103.397786182,3914103.4690396
usa_NC_0033_0108,31-Dec-2023 15:35:25,0.350405092592593,6418.7362183538,455091.937175163,3914055.0569274
usa_NC_0033_0107,31-Dec-2023 15:35:25,0.350405092592593,6398.07493565956,455080.546098857,3914006.62123341
usa_NC_0033_0106,31-Dec-2023 15:35:25,0.350405092592593,6377.02667888796,455068.738441926,3913958.29541649
usa_NC_0033_0105,31-Dec-2023 15:35:25,0.350405092592593,6356.14543261524,455057.111837846,3913909.91584953
usa_NC_0033_0104,31-Dec-2023 15:35:25,0.350405092592593,6336.79853331795,455047.209467627,3913860.7378177
usa_NC_0033_0103,31-Dec-2023 15:35:25,0.350405092592593,6319.07188113536,455039.072696131,3913810.99269069
usa_NC_0033_0102,31-Dec-2023 15:35:25,0.350405092592593,6301.78724810493,455031.411717702,3913761.1222774
usa_NC_0033_0101,31-Dec-2023 15:35:25,0.350405092592593,6284.54252640227,455023.792523733,3913711.24643887
usa_NC_0033_0100,31-Dec-2023 15:35:25,0.350405092592593,6266.90809819266,455015.751621239,3913661.49219492
usa_NC_0033_0099,31-Dec-2023 15:35:25,0.350405092592593,6248.57150595963,455006.952100495,3913611.95100066
usa_NC_0033_0098,31-Dec-2023 15:35:25,0.350405092592593,6229.61660638641,454997.524554724,3913562.39726533
usa_NC_0033_0097,31-Dec-2023 15:35:25,0.350405092592593,6209.85968926854,454987.237391354,3913513.05243486
usa_NC_0033_0096,31-Dec-2023 15:35:25,0.350405092592593,6189.08501028726,454975.85121018,3913464.01354757
usa_NC_0033_0095,31-Dec-2023 15:35:25,0.350405092592593,6168.63988047776,454964.818577723,3913414.88716142
usa_NC_0033_0094,31-Dec-2023 15:35:25,0.350405092592593,6149.06954884339,454954.726067023,3913365.52041951
usa_NC_0033_0093,31-Dec-2023 15:35:25,0.350405092592593,6128.85681012816,454943.939303582,3913316.34957633
usa_NC_0033_0092,31-Dec-2023 15:35:25,0.350405092592593,6109.71976755315,454934.308309876,3913266.88443859
usa_NC_0033_0091,31-Dec-2023 15:35:25,0.350405092592593,6089.85319217633,454923.889692774,3913217.63783181
usa_NC_0033_0090,31-Dec-2023 15:35:25,0.350405092592593,6067.58942904923,454910.890576972,3913169.0714166
usa_NC_0033_0089,31-Dec-2023 15:35:25,0.350405092592593,6045.49908133856,454898.07741633,3913120.45940462
usa_NC_0033_0088,31-Dec-2023 15:35:25,0.350405092592593,6021.94455769871,454883.689860278,3913072.25411438
usa_NC_0033_0087,31-Dec-2023 15:35:25,0.350405092592593,5999.64264155916,454870.648637443,3913023.70371191
usa_NC_0033_0086,31-Dec-2023 15:35:25,0.350405092592593,5977.19392487117,454857.449250708,3912975.19565224
usa_NC_0033_0085,31-Dec-2023 15:35:25,0.350405092592593,5955.53686944651,454845.099580973,3912926.47538269
usa_NC_0033_0084,31-Dec-2023 15:35:25,0.350405092592593,5934.55231159049,454833.470882078,3912877.5790681
usa_NC_0033_0083,31-Dec-2023 15:35:25,0.350405092592593,5912.81072003281,454821.028418404,3912828.89176014
usa_NC_0033_0082,31-Dec-2023 15:35:25,0.350405092592593,5890.4279781042,454807.897297663,3912780.37876147
usa_NC_0033_0081,31-Dec-2023 15:35:25,0.350405092592593,5867.30400208503,454793.970864901,3912732.06305523
usa_NC_0033_0080,31-Dec-2023 15:35:25,0.350405092592593,5842.67026968566,454778.425988316,3912684.14189435
usa_NC_0033_0079,31-Dec-2023 15:35:25,0.350405092592593,5816.23021493891,454760.947550947,3912636.67877429
usa_NC_0033_0078,31-Dec-2023 15:35:25,0.350405092592593,5789.58607482461,454743.255292093,3912589.24418629
usa_NC_0033_0077,31-Dec-2023 15:35:25,0.350405092592593,5762.05662319593,454724.619761107,3912542.01206688
usa_NC_0033_0076,31-Dec-2023 15:35:25,0.350405092592593,5734.9379900619,454706.429591512,3912494.64772611
usa_NC_0033_0075,31-Dec-2023 15:35:25,0.350405092592593,5707.72428631103,454688.142882293,3912447.28133101
usa_NC_0033_0074,31-Dec-2023 15:35:25,0.350405092592593,5681.129062834,454670.523207932,3912399.73313976
usa_NC_0033_0073,31-Dec-2023 15:35:25,0.350405092592593,5656.80291142291,454655.335456383,3912351.59447237
usa_NC_0033_0072,31-Dec-2023 15:35:25,0.350405092592593,5632.98851480664,454640.698186178,3912303.31263314
usa_NC_0033_0071,31-Dec-2023 15:35:25,0.350405092592593,5611.41522500483,454628.459456074,3912254.46466203
usa_NC_0033_0070,31-Dec-2023 15:35:25,0.350405092592593,5589.81641449401,454616.194820416,3912205.61609194
usa_NC_0033_0069,31-Dec-2023 15:35:25,0.350405092592593,5568.96146217685,454604.728052959,3912156.57082894
usa_NC_0033_0068,31-Dec-2023 15:35:25,0.350405092592593,5546.92568093437,454592.00259532,3912107.79838787
usa_NC_0033_0067,31-Dec-2023 15:35:25,0.350405092592593,5523.37138244787,454577.657783982,3912059.38033614
usa_NC_0033_0066,31-Dec-2023 15:35:25,0.350405092592593,5499.66391700576,454563.165493755,3912010.91866566
usa_NC_0033_0065,31-Dec-2023 15:35:25,0.350405092592593,5477.090208307,454549.906962302,3911962.06871549
usa_NC_0033_0064,31-Dec-2023 15:35:25,0.350405092592593,5458.25042002708,454540.632231135,3911912.33768719
usa_NC_0033_0063,31-Dec-2023 15:35:25,0.350405092592593,5440.34796703712,454532.355574789,3911862.39543051
usa_NC_0033_0062,31-Dec-2023 15:35:25,0.350405092592593,5421.5814768128,454523.156846495,3911812.65811802
usa_NC_0033_0061,31-Dec-2023 15:35:25,0.350405092592593,5402.47378100733,454513.593969244,3911763.00186569
usa_NC_0033_0060,31-Dec-2023 15:35:25,0.350405092592593,5383.85665783083,454504.552616388,3911713.23925379
usa_NC_0033_0059,31-Dec-2023 15:35:25,0.350405092592593,5363.48949513555,454493.64872159,3911663.86650651
usa_NC_0033_0058,31-Dec-2023 15:35:25,0.350405092592593,5337.98864926504,454477.287281183,3911615.60658872
usa_NC_0033_0057,31-Dec-2023 15:35:25,0.350405092592593,5315.85978126534,454464.515035259,3911566.59324329
usa_NC_0033_0056,31-Dec-2023 15:35:25,0.350405092592593,5294.19579700218,454452.238998094,3911517.46912885
usa_NC_0033_0055,31-Dec-2023 15:35:25,0.350405092592593,5273.16413530118,454440.636278253,3911468.20241991
usa_NC_0033_0054,31-Dec-2023 15:35:25,0.350405092592593,5252.80396784423,454429.676695063,3911419.14405701
usa_NC_0033_0053,31-Dec-2023 15:35:25,0.350405092592593,5233.24422475546,454419.548320066,3911370.01083006
usa_NC_0033_0052,31-Dec-2023 15:35:25,0.350405092592593,5213.348453821,454409.063341975,3911320.94732454
usa_NC_0033_0051,31-Dec-2023 15:35:25,0.350405092592593,5193.65113908582,454398.789068933,3911271.84215539
usa_NC_0033_0050,31-Dec-2023 15:35:25,0.350405092592593,5174.17923978678,454388.754016655,3911222.69020062
usa_NC_0033_0049,31-Dec-2023 15:35:25,0.350405092592593,5154.73606361148,454378.749433365,3911173.53235061
usa_NC_0033_0048,31-Dec-2023 15:35:25,0.350405092592593,5135.76952765926,454369.250429821,3911124.27683264
usa_NC_0033_0047,31-Dec-2023 15:35:25,0.350405092592593,5117.52537947053,454360.517452476,3911074.87440081
usa_NC_0033_0046,31-Dec-2023 15:35:25,0.350405092592593,5099.58359969547,454352.104882344,3911025.41161081
usa_NC_0033_0045,31-Dec-2023 15:35:25,0.350405092592593,5082.82022568914,454344.961465131,3910975.61127331
usa_NC_0033_0044,31-Dec-2023 15:35:25,0.350405092592593,5065.85138385299,454337.59905536,3910925.85829072
usa_NC_0033_0043,31-Dec-2023 15:35:25,0.350405092592593,5047.705362065,454328.987943131,3910876.34676959
usa_NC_0033_0042,31-Dec-2023 15:35:25,0.350405092592593,5029.02804468449,454319.813274462,3910826.94413026
usa_NC_0033_0041,31-Dec-2023 15:35:25,0.350405092592593,5011.10659709502,454311.439251398,3910777.39219773
usa_NC_0033_0040,31-Dec-2023 15:35:25,0.350405092592593,4993.12865870082,454303.005491628,3910727.85092
usa_NC_0033_0039,31-Dec-2023 15:35:25,0.350405092592593,4974.47552213419,454293.856650021,3910678.44243455
usa_NC_0033_0038,31-Dec-2023 15:35:25,0.350405092592593,4954.39831919122,454283.200286855,3910629.31070051
usa_NC_0033_0037,31-Dec-2023 15:35:25,0.350405092592593,4934.71134429824,454272.957825016,3910580.09910361
usa_NC_0033_0036,31-Dec-2023 15:35:25,0.350405092592593,4915.37874974818,454263.091070787,3910530.8158376
usa_NC_0033_0035,31-Dec-2023 15:35:25,0.350405092592593,4894.38600859853,454251.468202523,3910481.84858248
usa_NC_0033_0034,31-Dec-2023 15:35:25,0.350405092592593,4875.10490294683,454241.657284816,3910432.54865337
usa_NC_0033_0033,31-Dec-2023 15:35:25,0.350405092592593,4855.91204826055,454231.940189592,3910383.22957338
usa_NC_0033_0032,31-Dec-2023 15:35:25,0.350405092592593,4836.49505961736,454221.986527044,3910333.95054
usa_NC_0033_0031,31-Dec-2023 15:35:25,0.350405092592593,4818.69507444035,454213.742995031,3910284.36544163
usa_NC_0033_0030,31-Dec-2023 15:35:25,0.350405092592593,4800.69242083436,454205.285083091,3910234.81890104
usa_NC_0033_0029,31-Dec-2023 15:35:25,0.350405092592593,4782.42180814387,454196.543922616,3910185.32236414
usa_NC_0033_0028,31-Dec-2023 15:35:25,0.350405092592593,4765.09991219879,454188.805245576,3910135.65061959
usa_NC_0033_0027,31-Dec-2023 15:35:25,0.350405092592593,4746.71417150845,454179.942362843,3910086.17569268
usa_NC_0033_0026,31-Dec-2023 15:35:25,0.350405092592593,4727.26978589412,454169.961442416,3910036.89325272
usa_NC_0033_0025,31-Dec-2023 15:35:25,0.350405092592593,4706.53688835929,454158.660571737,3909987.64066343
usa_NC_0033_0024,31-Dec-2023 15:35:25,0.350405092592593,4686.09248175585,454147.669512407,3909938.30992056
usa_NC_0033_0023,31-Dec-2023 15:35:25,0.350405092592593,4665.32298446744,454136.337131996,3909889.02823793
usa_NC_0033_0022,31-Dec-2023 15:35:25,0.350405092592593,4646.05170798632,454126.586848951,3909839.4750316
usa_NC_0033_0021,31-Dec-2023 15:35:25,0.350405092592593,4627.40987581158,454117.500993081,3909789.80903177
usa_NC_0033_0020,31-Dec-2023 15:35:25,0.350405092592593,4607.61754371236,454107.203348512,3909740.33591957
usa_NC_0033_0019,31-Dec-2023 15:35:25,0.350405092592593,4587.89393756827,454096.979899217,3909690.84223623
usa_NC_0033_0018,31-Dec-2023 15:35:25,0.350405092592593,4568.4118435335,454087.012543774,3909641.29947432
usa_NC_0033_0017,31-Dec-2023 15:35:25,0.350405092592593,4547.91584341898,454075.979266745,3909591.916707
usa_NC_0033_0016,31-Dec-2023 15:35:25,0.350405092592593,4528.31199296886,454065.872753039,3909542.44898451
usa_NC_0033_0015,31-Dec-2023 15:35:25,0.350405092592593,4508.95389904992,454056.00323896,3909493.04939867
usa_NC_0033_0014,31-Dec-2023 15:35:25,0.350405092592593,4489.92537027614,454046.481402132,3909443.59177851
usa_NC_0033_0013,31-Dec-2023 15:35:25,0.350405092592593,4472.41754577493,454038.559829507,3909393.88646106
usa_NC_0033_0012,31-Dec-2023 15:35:25,0.350405092592593,4455.1667959644,454030.908656804,3909344.13989277
usa_NC_0033_0011,31-Dec-2023 15:35:25,0.350405092592593,4436.93397331898,454022.224982009,3909294.5485303
usa_NC_0033_0010,31-Dec-2023 15:35:25,0.350405092592593,4416.10431263797,454010.812287963,3909245.36173477
usa_NC_0033_0009,31-Dec-2023 15:35:25,0.350405092592593,4393.6250297817,453997.670979612,3909196.40704057
usa_NC_0033_0008,31-Dec-2023 15:35:25,0.350405092592593,4370.45233472021,453983.858874232,3909147.27056909
usa_NC_0033_0007,31-Dec-2023 15:35:25,0.350405092592593,4348.77324830392,453971.6199361,3909097.88372627
usa_NC_0033_0006,31-Dec-2023 15:35:25,0.350405092592593,4329.40658942088,453961.81159039,3909048.13432141
usa_NC_0033_0005,31-Dec-2023 15:35:25,0.350405092592593,4312.11049953132,453954.177110052,3908998.07283389
usa_NC_0033_0004,31-Dec-2023 15:35:25,0.350405092592593,4296.80265992427,453948.627499313,3908947.72453404
usa_NC_0033_0003,31-Dec-2023 15:35:25,0.350405092592593,4283.12960836445,453944.789686098,3908897.15258718
usa_NC_0033_0002,31-Dec-2023 15:35:25,0.350405092592593,4268.12580681392,453939.55428597,3908846.78345997
usa_NC_0033_0001,31-Dec-2023 15:35:25,0.350405092592593,4251.3567727832,453932.467948554,3908796.66858898
usa_NC_0032_0214,31-Dec-2023 15:35:25,0.350405092592593,4234.05611422973,453924.8269812,3908746.61624961
usa_NC_0032_0213,31-Dec-2023 15:35:25,0.350405092592593,4215.85797036211,453916.248309649,3908696.67638816
usa_NC_0032_0212,31-Dec-2023 15:35:25,0.350405092592593,4198.30421533296,453908.345859592,3908646.64097659
usa_NC_0032_0211,31-Dec-2023 15:35:25,0.350405092592593,4181.01890641948,453900.802336238,3908596.17932497
usa_NC_0032_0210,31-Dec-2023 15:35:25,0.350405092592593,4163.95976196118,453893.343171901,3908546.44969626
usa_NC_0032_0209,31-Dec-2023 15:35:25,0.350405092592593,4147.93377994098,453887.017770458,3908496.31884084
usa_NC_0032_0208,31-Dec-2023 15:35:25,0.350405092592593,4131.82101719213,453880.601846382,3908446.19812568
usa_NC_0032_0207,31-Dec-2023 15:35:25,0.350405092592593,4114.55366417743,453872.979284833,3908396.22364521
usa_NC_0032_0206,31-Dec-2023 15:35:25,0.350405092592593,4096.96590110425,453865.023369668,3908346.28223949
usa_NC_0032_0205,31-Dec-2023 15:35:25,0.350405092592593,4080.3679801419,453858.101685914,3908296.2166228
usa_NC_0032_0204,31-Dec-2023 15:35:25,0.350405092592593,4063.65628669317,453851.061962381,3908246.1611052
usa_NC_0032_0203,31-Dec-2023 15:35:25,0.350405092592593,4045.91837945544,453842.952798809,3908196.22037981
usa_NC_0032_0202,31-Dec-2023 15:35:25,0.350405092592593,4026.56835025829,453833.164449587,3908146.45577146
usa_NC_0032_0201,31-Dec-2023 15:35:25,0.350405092592593,4007.62960043658,453823.807230722,3908096.63251116
usa_NC_0032_0200,31-Dec-2023 15:35:25,0.350405092592593,3988.15166060037,453813.890521481,3908046.85749688
usa_NC_0032_0199,31-Dec-2023 15:35:25,0.350405092592593,3969.22172913679,453804.547139907,3907997.00999241
usa_NC_0032_0198,31-Dec-2023 15:35:25,0.350405092592593,3952.48930127803,453797.493684253,3907946.91738139
usa_NC_0032_0197,31-Dec-2023 15:35:25,0.350405092592593,3936.15287296801,453790.85126813,3907896.78868275
usa_NC_0032_0196,31-Dec-2023 15:35:25,0.350405092592593,3918.6222766512,453782.968267103,3907846.77412701
usa_NC_0032_0195,31-Dec-2023 15:35:25,0.350405092592593,3899.0491308161,453772.96350286,3907796.9539073
usa_NC_0032_0194,31-Dec-2023 15:35:25,0.350405092592593,3879.97651185151,453763.483226643,3907747.06329647
usa_NC_0032_0193,31-Dec-2023 15:35:25,0.350405092592593,3861.12310307052,453754.234519935,3907697.13252243
usa_NC_0032_0192,31-Dec-2023 15:35:25,0.350405092592593,3842.13133491111,453744.845609313,3907647.1972906
usa_NC_0032_0191,31-Dec-2023 15:35:25,0.350405092592593,3824.69678172548,453737.077892365,3907597.09594797
usa_NC_0032_0190,31-Dec-2023 15:35:25,0.350405092592593,3808.26963582099,453730.366080165,3907546.85157338
usa_NC_0032_0189,31-Dec-2023 15:35:25,0.350405092592593,3791.2131309443,453722.981447587,3907496.76243049
usa_NC_0032_0188,31-Dec-2023 15:35:25,0.350405092592593,3772.47309644431,453713.847021598,3907446.83833694
usa_NC_0032_0187,31-Dec-2023 15:35:25,0.350405092592593,3753.16209217074,453704.123183618,3907396.95004645
usa_NC_0032_0186,31-Dec-2023 15:35:25,0.350405092592593,3733.09234113079,453693.615656795,3907347.11150908
usa_NC_0032_0185,31-Dec-2023 15:35:25,0.350405092592593,3712.31302334682,453682.376083926,3907297.31526581
usa_NC_0032_0184,31-Dec-2023 15:35:25,0.350405092592593,3691.63944343899,453671.250255246,3907247.48941708
usa_NC_0032_0183,31-Dec-2023 15:35:25,0.350405092592593,3670.49527190975,453659.640793063,3907197.682277
usa_NC_0032_0182,31-Dec-2023 15:35:25,0.350405092592593,3650.31179625761,453649.031050046,3907147.7748959
usa_NC_0032_0181,31-Dec-2023 15:35:25,0.350405092592593,3631.29945904331,453639.638108724,3907097.75486497
usa_NC_0032_0180,31-Dec-2023 15:35:25,0.350405092592593,3610.14779042861,453628.032951779,3907047.88791992
usa_NC_0032_0179,31-Dec-2023 15:35:25,0.350405092592593,3590.3336757629,453617.816748316,3906997.89608284
usa_NC_0032_0178,31-Dec-2023 15:35:25,0.350405092592593,3571.36741197016,453608.481538038,3906947.82227107
usa_NC_0032_0177,31-Dec-2023 15:35:25,0.350405092592593,3551.38043321019,453598.09327927,3906897.80928425
usa_NC_0032_0176,31-Dec-2023 15:35:25,0.350405092592593,3532.67425800012,453589.033454666,3906847.68465189
usa_NC_0032_0175,31-Dec-2023 15:35:25,0.350405092592593,3513.59799607725,453579.593810395,3906797.57211247
usa_NC_0032_0174,31-Dec-2023 15:35:25,0.350405092592593,3493.28617845929,453568.879939812,3906747.530856
usa_NC_0032_0173,31-Dec-2023 15:35:25,0.350405092592593,3473.77961897289,453558.997221657,3906697.43968273
usa_NC_0032_0172,31-Dec-2023 15:35:25,0.350405092592593,3454.83490680496,453549.577663871,3906647.897962
usa_NC_0032_0171,31-Dec-2023 15:35:25,0.350405092592593,3434.90924948349,453539.138334205,3906598.45349525
usa_NC_0032_0170,31-Dec-2023 15:35:25,0.350405092592593,3415.15903834725,453528.880485552,3906548.99618567
usa_NC_0032_0169,31-Dec-2023 15:35:25,0.350405092592593,3396.96411926187,453520.230124385,3906499.43154291
usa_NC_0032_0168,31-Dec-2023 15:35:25,0.350405092592593,3379.34637657231,453512.176363702,3906449.8267975
usa_NC_0032_0167,31-Dec-2023 15:35:25,0.350405092592593,3360.76713799668,453503.12906154,3906400.28729495
usa_NC_0032_0166,31-Dec-2023 15:35:25,0.350405092592593,3343.88126888982,453495.831852388,3906350.63145952
usa_NC_0032_0165,31-Dec-2023 15:35:25,0.350405092592593,3327.5949290155,453489.154151571,3906300.93495541
usa_NC_0032_0164,31-Dec-2023 15:35:25,0.350405092592593,3311.33713879198,453482.505403647,3906251.23925787
usa_NC_0032_0163,31-Dec-2023 15:35:25,0.350405092592593,3297.20831939416,453478.056807129,3906201.3979751
usa_NC_0032_0162,31-Dec-2023 15:35:25,0.350405092592593,3282.83282463197,453473.353348985,3906151.5732547
usa_NC_0032_0161,31-Dec-2023 15:35:25,0.350405092592593,3267.05117629705,453467.196877199,3906101.84392228
usa_NC_0032_0160,31-Dec-2023 15:35:25,0.350405092592593,3250.82961445324,453460.585907812,3906052.14405142
usa_NC_0032_0159,31-Dec-2023 15:35:25,0.350405092592593,3233.64985362483,453452.984895659,3906002.50873966
usa_NC_0032_0158,31-Dec-2023 15:35:25,0.350405092592593,3213.55847927748,453442.375587588,3905953.06920329
usa_NC_0032_0157,31-Dec-2023 15:35:25,0.350405092592593,3191.34360239277,453429.57454187,3905903.76105292
usa_NC_0032_0156,31-Dec-2023 15:35:25,0.350405092592593,3167.65426349785,453415.250283626,3905854.55099297
usa_NC_0032_0155,31-Dec-2023 15:35:25,0.350405092592593,3145.07682794101,453402.075311708,3905805.26386036
usa_NC_0032_0154,31-Dec-2023 15:35:25,0.350405092592593,3121.74119604516,453388.117280559,3905756.02613904
usa_NC_0032_0153,31-Dec-2023 15:35:25,0.350405092592593,3100.71481676938,453376.545634053,3905706.63088537
usa_NC_0032_0152,31-Dec-2023 15:35:25,0.350405092592593,3080.209773586,453365.512940527,3905657.19904841
usa_NC_0032_0151,31-Dec-2023 15:35:25,0.350405092592593,3059.897907647,453354.680117707,3905607.75282679
usa_NC_0032_0150,31-Dec-2023 15:35:25,0.350405092592593,3040.31219336409,453344.59781903,3905558.2564777
usa_NC_0032_0149,31-Dec-2023 15:35:25,0.350405092592593,3020.65003357971,453334.436788356,3905508.76400798
usa_NC_0032_0148,31-Dec-2023 15:35:25,0.350405092592593,2999.82975000858,453323.079484644,3905459.34787279
usa_NC_0032_0147,31-Dec-2023 15:35:25,0.350405092592593,2979.80361453551,453312.543622401,3905409.87372014
usa_NC_0032_0146,31-Dec-2023 15:35:25,0.350405092592593,2959.85949746911,453302.009213685,3905360.81085872
usa_NC_0032_0145,31-Dec-2023 15:35:25,0.350405092592593,2940.63945484668,453292.091920092,3905312.35489777
usa_NC_0032_0144,31-Dec-2023 15:35:25,0.350405092592593,2920.93621171533,453281.671197814,3905263.9523609
usa_NC_0032_0143,31-Dec-2023 15:35:25,0.350405092592593,2900.92139199008,453270.924086487,3905215.59312536
usa_NC_0032_0142,31-Dec-2023 15:35:25,0.350405092592593,2882.05901484559,453261.364795927,3905167.17086067
usa_NC_0032_0141,31-Dec-2023 15:35:25,0.350405092592593,2863.79655851021,453252.422642168,3905118.72179367
usa_NC_0032_0140,31-Dec-2023 15:35:25,0.350405092592593,2844.94732863989,453242.85667929,3905070.40001434
usa_NC_0032_0139,31-Dec-2023 15:35:25,0.350405092592593,2825.5733296892,453232.683481776,3905022.43900563
usa_NC_0032_0138,31-Dec-2023 15:35:25,0.350405092592593,2805.79413153262,453222.085089669,3904974.53797306
usa_NC_0032_0137,31-Dec-2023 15:35:25,0.350405092592593,2786.34641642593,453211.82446248,3904926.63829884
usa_NC_0032_0136,31-Dec-2023 15:35:25,0.350405092592593,2767.96958008209,453202.668604457,3904878.67497139
usa_NC_0032_0135,31-Dec-2023 15:35:25,0.350405092592593,2750.75918545805,453194.717968131,3904830.63297595
usa_NC_0032_0134,31-Dec-2023 15:35:25,0.350405092592593,2734.27904143822,453187.521404672,3904782.54401209
usa_NC_0032_0133,31-Dec-2023 15:35:25,0.350405092592593,2717.94760390356,453180.476156606,3904734.4567045
usa_NC_0032_0132,31-Dec-2023 15:35:25,0.350405092592593,2703.82331433138,453175.720025089,3904686.17755889
usa_NC_0032_0131,31-Dec-2023 15:35:25,0.350405092592593,2689.74286804596,453171.416285228,3904635.85822218
usa_NC_0032_0130,31-Dec-2023 15:35:25,0.350405092592593,2674.88099960257,453166.386268422,3904585.18560848
usa_NC_0032_0129,31-Dec-2023 15:35:25,0.350405092592593,2660.26749992516,453161.614734634,3904534.48695157
usa_NC_0032_0128,31-Dec-2023 15:35:25,0.350405092592593,2643.60361662546,453154.716450398,3904483.9676088
usa_NC_0032_0127,31-Dec-2023 15:35:25,0.350405092592593,2624.80525201243,453145.605785201,3904433.62693082
usa_NC_0032_0126,31-Dec-2023 15:35:25,0.350405092592593,2604.96398977442,453135.416400717,3904383.3623391
usa_NC_0032_0125,31-Dec-2023 15:35:25,0.350405092592593,2583.68151186565,453123.736149168,3904333.20363536
usa_NC_0032_0124,31-Dec-2023 15:35:25,0.350405092592593,2562.38599632169,453112.046455633,3904283.02564776
usa_NC_0032_0123,31-Dec-2023 15:35:25,0.350405092592593,2543.08756033047,453102.430277229,3904232.66272833
usa_NC_0032_0122,31-Dec-2023 15:35:25,0.350405092592593,2523.13613439974,453092.199151744,3904182.0448249
usa_NC_0032_0121,31-Dec-2023 15:35:25,0.350405092592593,2505.73966866228,453084.617486007,3904131.20678446
usa_NC_0032_0120,31-Dec-2023 15:35:25,0.350405092592593,2488.84208049748,453077.536884486,3904080.40715753
usa_NC_0032_0119,31-Dec-2023 15:35:25,0.350405092592593,2471.70589219212,453070.209114336,3904029.62680469
usa_NC_0032_0118,31-Dec-2023 15:35:25,0.350405092592593,2453.17440737174,453061.437817861,3903978.94976868
usa_NC_0032_0117,31-Dec-2023 15:35:25,0.350405092592593,2434.13454370158,453052.141662294,3903928.30490967
usa_NC_0032_0116,31-Dec-2023 15:35:25,0.350405092592593,2415.97814425976,453043.760074911,3903877.59180006
usa_NC_0032_0115,31-Dec-2023 15:35:25,0.350405092592593,2399.29891698586,453036.905707027,3903826.77437842
usa_NC_0032_0114,31-Dec-2023 15:35:25,0.350405092592593,2381.57782139242,453028.974566516,3903776.02855411
usa_NC_0032_0113,31-Dec-2023 15:35:25,0.350405092592593,2365.06542667399,453022.292051245,3903725.20251575
usa_NC_0032_0112,31-Dec-2023 15:35:25,0.350405092592593,2347.46104737405,453014.48162625,3903674.44822511
usa_NC_0032_0111,31-Dec-2023 15:35:25,0.350405092592593,2329.17800739226,453005.971011061,3903623.73453314
usa_NC_0032_0110,31-Dec-2023 15:35:25,0.350405092592593,2309.73830122381,452996.26773625,3903573.08653141
usa_NC_0032_0109,31-Dec-2023 15:35:25,0.350405092592593,2288.43247082078,452984.641279618,3903522.53944281
usa_NC_0032_0108,31-Dec-2023 15:35:25,0.350405092592593,2268.27583369316,452974.173464248,3903472.058768
usa_NC_0032_0107,31-Dec-2023 15:35:25,0.350405092592593,2248.74996044211,452964.310526275,3903421.7700432
usa_NC_0032_0106,31-Dec-2023 15:35:25,0.350405092592593,2230.27722023764,452955.556121283,3903371.30826778
usa_NC_0032_0105,31-Dec-2023 15:35:25,0.350405092592593,2212.8225784809,452947.859409397,3903320.74907111
usa_NC_0032_0104,31-Dec-2023 15:35:25,0.350405092592593,2194.58806758634,452939.363333548,3903270.21027774
usa_NC_0032_0103,31-Dec-2023 15:35:25,0.350405092592593,2177.2530902041,452931.797968737,3903219.60445543
usa_NC_0032_0102,31-Dec-2023 15:35:25,0.350405092592593,2158.22723288324,452924.167987331,3903160.69291696
usa_NC_0032_0101,31-Dec-2023 15:35:25,0.350405092592593,2134.72419851854,452914.709757466,3903088.08220195
usa_NC_0032_0100,31-Dec-2023 15:35:25,0.350405092592593,2112.18890583288,452905.223539827,3903020.55023243
usa_NC_0032_0099,31-Dec-2023 15:35:25,0.350405092592593,2095.93534105127,452898.479158093,3902971.35468595
usa_NC_0032_0098,31-Dec-2023 15:35:25,0.350405092592593,2080.54585920135,452892.623219897,3902922.12271764
usa_NC_0032_0097,31-Dec-2023 15:35:25,0.350405092592593,2064.60488109801,452886.309241162,3902872.36849992
usa_NC_0032_0096,31-Dec-2023 15:35:25,0.350405092592593,2046.41309294902,452877.849990472,3902821.86344704
usa_NC_0032_0095,31-Dec-2023 15:35:25,0.350405092592593,2028.80527211982,452869.995680291,3902771.31121109
usa_NC_0032_0094,31-Dec-2023 15:35:25,0.350405092592593,2012.85372764631,452863.849598845,3902720.66284914
usa_NC_0032_0093,31-Dec-2023 15:35:25,0.350405092592593,1995.58879439845,452856.354779488,3902670.06144782
usa_NC_0032_0092,31-Dec-2023 15:35:25,0.350405092592593,1977.22496844029,452847.732745707,3902619.49306038
usa_NC_0032_0091,31-Dec-2023 15:35:25,0.350405092592593,1960.38939448271,452840.686496968,3902568.83799691
usa_NC_0032_0090,31-Dec-2023 15:35:25,0.350405092592593,1942.88054889179,452832.674329256,3902519.5808402
usa_NC_0032_0089,31-Dec-2023 15:35:25,0.350405092592593,1914.40239113849,452820.788232817,3902433.73048804
usa_NC_0032_0088,31-Dec-2023 15:35:25,0.350405092592593,1891.28731352981,452809.514861526,3902372.18328204
usa_NC_0032_0087,31-Dec-2023 15:35:25,0.350405092592593,1866.16763833177,452797.88599919,3902302.18500643
usa_NC_0032_0086,31-Dec-2023 15:35:25,0.350405092592593,1837.65371167022,452784.907274766,3902221.62003327
usa_NC_0032_0085,31-Dec-2023 15:35:25,0.350405092592593,1808.12351494716,452771.45655856,3902138.23074387
usa_NC_0032_0084,31-Dec-2023 15:35:25,0.350405092592593,1768.19485184334,452753.666721531,3902023.48945618
usa_NC_0032_0083,31-Dec-2023 15:35:25,0.350405092592593,1726.39786057845,452735.961580897,3901898.78966133
usa_NC_0032_0082,31-Dec-2023 15:35:25,0.350405092592593,1685.94852514827,452719.471151588,3901774.88850036
usa_NC_0032_0081,31-Dec-2023 15:35:25,0.350405092592593,1650.80200506316,452704.397226394,3901670.96052534
usa_NC_0032_0080,31-Dec-2023 15:35:25,0.350405092592593,1624.34449654504,452691.980452052,3901598.07787988
usa_NC_0032_0079,31-Dec-2023 15:35:25,0.350405092592593,1582.8398013133,452670.998577701,3901491.26776192
usa_NC_0032_0078,31-Dec-2023 15:35:25,0.350405092592593,1546.67918281495,452649.638329131,3901413.62364147
usa_NC_0032_0077,31-Dec-2023 15:35:25,0.350405092592593,1475.86263045873,452596.309830591,3901319.10067369
usa_NC_0032_0076,31-Dec-2023 15:35:25,0.350405092592593,1451.46128076415,452579.946958591,3901276.45898817
usa_NC_0032_0075,31-Dec-2023 15:35:25,0.350405092592593,1425.63957358123,452561.504667493,3901236.97497068
usa_NC_0032_0074,31-Dec-2023 15:35:25,0.350405092592593,1400.9469216809,452544.21995867,3901197.45989614
usa_NC_0032_0073,31-Dec-2023 15:35:25,0.350405092592593,1376.5601825653,452527.232854974,3901158.0166616
usa_NC_0032_0072,31-Dec-2023 15:35:25,0.350405092592593,1351.06353725037,452509.096581255,3901118.66010973
usa_NC_0032_0071,31-Dec-2023 15:35:25,0.350405092592593,1328.92234365634,452494.540607811,3901078.51030211
usa_NC_0032_0070,31-Dec-2023 15:35:25,0.350405092592593,1309.11659426777,452482.435322481,3901038.01482726
usa_NC_0032_0069,31-Dec-2023 15:35:25,0.350405092592593,1291.38478911836,452472.514915877,3900997.16937972
usa_NC_0032_0068,31-Dec-2023 15:35:25,0.350405092592593,1274.84629022146,452463.856527071,3900956.09813328
usa_NC_0032_0067,31-Dec-2023 15:35:25,0.350405092592593,1256.69252041333,452453.487635669,3900915.34365551
usa_NC_0032_0066,31-Dec-2023 15:35:25,0.350405092592593,1237.16963786542,452441.662075802,3900874.89188662
usa_NC_0032_0065,31-Dec-2023 15:35:25,0.350405092592593,1217.31078007409,452429.674249413,3900833.53757478
usa_NC_0032_0064,31-Dec-2023 15:35:25,0.350405092592593,1199.37095599744,452419.923565361,3900790.78118743
usa_NC_0032_0063,31-Dec-2023 15:35:25,0.350405092592593,1182.23181518698,452411.017860752,3900747.88234079
usa_NC_0032_0062,31-Dec-2023 15:35:25,0.350405092592593,1164.35650463634,452401.32030861,3900705.18929392
usa_NC_0032_0061,31-Dec-2023 15:35:25,0.350405092592593,1145.72136187374,452390.802925802,3900662.72132802
usa_NC_0032_0060,31-Dec-2023 15:35:25,0.350405092592593,1125.61714922758,452378.70450417,3900620.66835462
usa_NC_0032_0059,31-Dec-2023 15:35:25,0.350405092592593,1107.3259265626,452367.371141912,3900584.03898514
usa_NC_0032_0058,31-Dec-2023 15:35:25,0.350405092592593,1089.97072689128,452356.910651041,3900547.818255
usa_NC_0032_0057,31-Dec-2023 15:35:25,0.350405092592593,1073.50623373359,452347.376403492,3900511.50780714
usa_NC_0032_0056,31-Dec-2023 15:35:25,0.350405092592593,1057.45245697892,452338.256537493,3900475.21965159
usa_NC_0032_0055,31-Dec-2023 15:35:25,0.350405092592593,1042.63428122337,452330.445586019,3900438.68685152
usa_NC_0032_0054,31-Dec-2023 15:35:25,0.350405092592593,1030.43985652622,452325.456901849,3900401.42018186
usa_NC_0032_0053,31-Dec-2023 15:35:25,0.350405092592593,1018.36828156168,452320.987169812,3900362.18342185
usa_NC_0032_0052,31-Dec-2023 15:35:25,0.350405092592593,1005.04400567897,452315.429020336,3900322.00059039
usa_NC_0032_0051,31-Dec-2023 15:35:25,0.350405092592593,989.474304460353,452307.684435182,3900281.30040226
usa_NC_0032_0050,31-Dec-2023 15:35:25,0.350405092592593,970.39377538515,452297.889088358,3900232.94615476
usa_NC_0032_0049,31-Dec-2023 15:35:25,0.350405092592593,949.880664459382,452286.534659203,3900185.08323095
usa_NC_0032_0048,31-Dec-2023 15:35:25,0.350405092592593,930.487310010296,452276.403155595,3900136.81479327
usa_NC_0032_0047,31-Dec-2023 15:35:25,0.350405092592593,912.41724444853,452267.717185583,3900088.06551651
usa_NC_0032_0046,31-Dec-2023 15:35:25,0.350405092592593,894.971710619138,452259.715391486,3900039.07954579
usa_NC_0032_0045,31-Dec-2023 15:35:25,0.350405092592593,877.105606747795,452251.258048473,3899990.22701349
usa_NC_0032_0044,31-Dec-2023 15:35:25,0.350405092592593,858.271983897164,452241.748140409,3899941.70436236
usa_NC_0032_0043,31-Dec-2023 15:35:25,0.350405092592593,840.206457170865,452233.079153263,3899892.89326007
usa_NC_0032_0042,31-Dec-2023 15:35:25,0.350405092592593,822.23709136578,452224.518138072,3899844.03256459
usa_NC_0032_0041,31-Dec-2023 15:35:25,0.350405092592593,804.672999141159,452216.402605452,3899795.0107439
usa_NC_0032_0040,31-Dec-2023 15:35:25,0.350405092592593,790.079648422834,452211.391363418,3899745.61450299
usa_NC_0032_0039,31-Dec-2023 15:35:25,0.350405092592593,775.800551817272,452206.514701768,3899697.14850717
usa_NC_0032_0038,31-Dec-2023 15:35:25,0.350405092592593,760.964535493407,452201.157274131,3899648.24631097
usa_NC_0032_0037,31-Dec-2023 15:35:25,0.350405092592593,743.408004118224,452193.288445541,3899598.02847647
usa_NC_0032_0036,31-Dec-2023 15:35:25,0.350405092592593,725.419396229478,452184.946817262,3899547.97168861
usa_NC_0032_0035,31-Dec-2023 15:35:25,0.350405092592593,709.461273490298,452178.823820086,3899497.17423343
usa_NC_0032_0034,31-Dec-2023 15:35:25,0.350405092592593,695.184082586566,452174.138739053,3899447.759222
usa_NC_0032_0033,31-Dec-2023 15:35:25,0.350405092592593,683.317345502801,452172.05331217,3899397.63585882
usa_NC_0032_0032,31-Dec-2023 15:35:25,0.350405092592593,671.683591919365,452170.220935766,3899347.43512312
usa_NC_0032_0031,31-Dec-2023 15:35:25,0.350405092592593,659.5230139126,452167.811291989,3899297.43470159
usa_NC_0032_0030,31-Dec-2023 15:35:25,0.350405092592593,647.927129656109,452166.017194397,3899247.23566326
usa_NC_0032_0029,31-Dec-2023 15:35:25,0.350405092592593,636.136455121359,452164.008682215,3899197.11556082
usa_NC_0032_0028,30-Dec-2023 15:41:22,1.34627314814815,621.872914302447,452159.296519557,3899147.90573655
usa_NC_0032_0027,31-Dec-2023 15:35:25,0.350405092592593,617.80866216373,452165.727359789,3899094.98227676
usa_NC_0032_0026,31-Dec-2023 15:35:25,0.350405092592593,609.684340998083,452168.070396542,3899041.79592902
usa_NC_0032_0025,31-Dec-2023 15:35:25,0.350405092592593,601.118437324109,452170.737488926,3898984.73435409
usa_NC_0032_0024,31-Dec-2023 15:35:25,0.350405092592593,593.96654071939,452174.913270702,3898927.33884773
usa_NC_0032_0023,31-Dec-2023 15:35:25,0.350405092592593,588.561352834593,452180.95561229,3898869.51637172
usa_NC_0032_0022,31-Dec-2023 15:35:25,0.350405092592593,588.370258063285,452192.630966563,3898810.11332012
usa_NC_0032_0021,31-Dec-2023 15:35:25,0.350405092592593,590.874387887736,452207.185272158,3898750.05748241
usa_NC_0032_0020,14-Dec-2023 15:41:22,17.3462731481481,589.94263486335,452217.953757558,3898691.41293409
usa_NC_0032_0019,31-Dec-2023 15:35:25,0.350405092592593,587.678998028219,452227.22982368,3898633.43999578
usa_NC_0032_0018,31-Dec-2023 15:35:25,0.350405092592593,584.419494229078,452235.38209702,3898576.00872033
usa_NC_0032_0017,20-Nov-2023 15:41:18,41.3463194444444,572.907852656408,452234.559435603,3898521.37816873
usa_NC_0032_0016,10-Apr-2023 15:40:37,265.346793981481,465.745443472526,452130.274902505,3898496.37412573
usa_NC_0032_0015,01-Sep-2023 15:41:03,121.346493055556,434.243954137477,452107.908191128,3898447.54369414
usa_NC_0032_0014,11-Apr-2023 15:35:10,264.350578703704,493.160243305418,452182.781637111,3898373.51698048
usa_NC_0032_0013,29-Jan-2023 15:35:39,336.350243055556,458.552514612591,452156.61841702,3898327.83360002
usa_NC_0032_0012,26-Nov-2022 15:35:50,400.350115740741,410.517675281306,452115.919682757,3898286.36867856
usa_NC_0032_0011,09-Oct-2022 15:35:50,448.350115740741,360.354733650645,452072.965176391,3898245.33212145
usa_NC_0032_0010,18-May-2022 15:35:13,592.350543981481,295.002111987753,452013.678327133,3898208.51109063
usa_NC_0032_0009,11-Feb-2022 15:35:23,688.350428240741,290.293409164762,452020.662155586,3898149.53144056
usa_NC_0032_0008,07-Sep-2022 15:35:51,480.350104166667,118.070737404261,451847.731974458,3898136.03329191
usa_NC_0032_0007,12-Sep-2021 14:32:58,840.393773148148,277.13588584822,452030.764709557,3898031.82758613
usa_NC_0032_0006,19-Nov-2020 15:02:38,1137.3731712963,188.318356112984,451947.801920667,3897993.74114362
usa_NC_0032_0005,19-Nov-2020 15:02:38,1137.3731712963,173.884885583757,451944.662239803,3897935.79482907
usa_NC_0032_0004,04-Jun-2020 15:41:00,1305.34652777778,142.737777104001,451923.758011834,3897881.45409875
usa_NC_0032_0003,04-Jun-2020 15:41:00,1305.34652777778,123.987927227565,451916.173426107,3897823.72393443
usa_NC_0032_0002,04-May-2020 15:09:26,1336.36844907407,100.742342954425,451903.898916784,3897766.52078154
usa_NC_0032_0001,17-Apr-2020 15:40:38,1353.34678240741,81.1538916065656,451895.42681772,3897708.95242374
