id,date_init,x_init,UTM_E_init,UTM_N_init,date_now,x_now,UTM_E_now,UTM_N_now,dx
usa_NC_0032_0001,01-Aug-1921,238.169029714969,452061.699400685,3897678.1589479,08-Dec-2019,105.94575551842,451921.680383451,3897704.09029597,-132.223274196549
usa_NC_0032_0002,01-Aug-1921,235.480644739564,452046.889531957,3897738.55340818,08-Dec-2019,134.033893155312,451939.229473724,3897759.6105177,-101.446751584252
usa_NC_0032_0003,01-Aug-1921,222.872070708578,452021.353440734,3897802.00011057,08-Dec-2019,158.14623005009,451952.506559652,3897816.2197085,-64.725840658488
usa_NC_0032_0004,01-Aug-1921,226.25378892403,452012.785763862,3897862.1339184,08-Dec-2019,181.791367702604,451965.388991377,3897872.41963461,-44.462421221426
usa_NC_0032_0005,01-Aug-1921,230.301613367181,452004.928481826,3897922.11199046,08-Dec-2019,189.312760980833,451961.142814078,3897932.05308195,-40.988852386348
usa_NC_0032_0006,01-Aug-1921,239.229751723327,452002.296784854,3897980.84502881,08-Dec-2019,206.5009974024,451967.264372162,3897989.13538833,-32.728754320927
usa_NC_0032_0007,01-Jan-1917,390.41023776737,452152.246844815,3898001.9595294,08-Dec-2019,224.437506298236,451974.247840876,3898045.72303699,-165.972731469134
usa_NC_0032_0008,01-Jan-1917,374.121859748047,452122.847837561,3898065.95853276,08-Dec-2019,239.377098641489,451978.070416118,3898102.83478854,-134.744761106558
usa_NC_0032_0009,01-Jan-1917,345.457459556863,452080.039789489,3898133.90273005,08-Dec-2019,252.019980065383,451979.465295581,3898160.37481299,-93.43747949148
usa_NC_0032_0010,01-Jan-1917,339.496051849557,452061.648936663,3898195.51452873,08-Dec-2019,261.967375953602,451978.062321264,3898218.16044947,-77.528675895955
usa_NC_0032_0011,01-Jan-1917,316.888096694023,452026.081291006,3898258.13295311,08-Dec-2019,268.412958359633,451973.795147223,3898272.40877772,-48.47513833439
usa_NC_0032_0012,01-Jan-1917,291.052095761792,451987.007045059,3898321.82600279,08-Dec-2019,278.542610995304,451973.508339541,3898325.53881161,-12.509484766488
usa_NC_0032_0013,01-Jan-1852,701.195561797813,452418.556205528,3898255.28130886,08-Dec-2019,303.307386189052,451989.028345565,3898374.25318586,-397.888175608761
usa_NC_0032_0014,01-Jan-1852,703.570988561205,452410.013239449,3898310.15603905,08-Dec-2019,322.262834271824,451998.222183919,3898424.97927967,-381.308154289381
usa_NC_0032_0015,01-Jan-1852,689.929318968771,452384.137987015,3898370.02782567,08-Dec-2019,343.965364184809,452010.375676931,3898474.91336119,-345.963954783962
usa_NC_0032_0016,01-Jan-1852,751.907945698866,452439.732734947,3898408.10697476,08-Dec-2019,358.056571441499,452013.819515592,3898529.59088142,-393.851374257367
usa_NC_0032_0017,01-Jan-1852,758.707532385914,452435.681241497,3898463.08254974,08-Dec-2019,372.467797016921,452017.589922941,3898584.26728206,-386.239735368993
usa_NC_0032_0018,01-Jan-1852,758.030676510927,452423.495046763,3898520.61261813,08-Dec-2019,387.701469226533,452022.232186603,3898638.77778667,-370.329207284394
usa_NC_0032_0019,01-Jan-1852,752.68476947767,452406.194879696,3898579.9073074,08-Dec-2019,406.684979987625,452030.923935149,3898692.15973802,-345.999789490045
usa_NC_0032_0020,01-Jan-1852,576.722805995814,452203.601360342,3898695.77283021,08-Dec-2019,425.223567173271,452039.122888251,3898745.73723973,-151.499238822543
usa_NC_0032_0021,01-Jan-1852,565.726405953763,452179.855712572,3898758.48690546,08-Dec-2019,442.184746453033,452045.596862161,3898799.897183,-123.54165950073
usa_NC_0032_0022,01-Jan-1852,560.736468974126,452162.570052287,3898819.52562233,08-Dec-2019,444.67455479972,452036.31421233,3898859.05729161,-116.061914174406
usa_NC_0032_0023,01-Jan-1852,552.152564415119,452141.309408234,3898882.11551868,08-Dec-2019,454.216424411636,452034.664931456,3898916.00601252,-97.9361400034829
usa_NC_0032_0024,01-Jan-1852,550.396626721875,452127.421636643,3898942.65402629,08-Dec-2019,466.050861347947,452035.483924217,3898972.30224772,-84.345765373928
usa_NC_0032_0025,01-Jan-1852,551.554940134756,452116.658474332,3899002.42814341,08-Dec-2019,490.406302126063,452049.938846485,3899024.25773938,-61.148638008693
usa_NC_0032_0026,01-Jan-1852,558.589062812363,452112.263815365,3899060.31795637,08-Dec-2019,513.402762376107,452062.9110565,3899076.69798056,-45.1863004362559
usa_NC_0032_0027,01-Jan-1852,853.32234264434,452423.064766006,3899009.06866106,08-Dec-2019,532.735530253984,452072.770980102,3899126.01631413,-320.586812390356
usa_NC_0032_0028,01-Jan-1852,577.256087652302,452110.543864867,3899164.18881552,08-Dec-2019,548.611043304991,452079.243522362,3899174.64293236,-28.645044347311
usa_NC_0032_0029,01-Jan-1852,589.87364890529,452113.455979878,3899214.00680963,08-Dec-2019,564.528922047801,452085.761066027,3899223.26055194,-25.344726857489
usa_NC_0032_0030,01-Jan-1852,606.961847543163,452121.251928268,3899262.19931751,08-Dec-2019,579.622729183917,452091.376803627,3899272.18565456,-27.339118359246
usa_NC_0032_0031,01-Jan-1852,957.541655528785,452493.484075582,3899188.52741062,08-Dec-2019,594.608062273423,452096.87266586,3899321.1570818,-362.933593255362
usa_NC_0032_0032,01-Jan-1852,996.148541023613,452524.804530307,3899228.810992,08-Dec-2019,610.157609326408,452102.983768467,3899369.92897414,-385.990931697205
usa_NC_0032_0033,01-Jan-1852,715.423126297956,452207.140365442,3899385.89283141,08-Dec-2019,631.774551469523,452115.724367187,3899416.48817849,-83.648574828433
usa_NC_0032_0034,01-Jan-1852,727.461116325514,452209.413988566,3899435.94834685,08-Dec-2019,657.354010784973,452132.794629409,3899461.60207567,-70.1071055405411
usa_NC_0032_0035,01-Jan-1852,660.962399700766,452125.818318867,3899514.92886214,08-Dec-2019,679.442292575812,452146.015406094,3899508.16368161,18.4798928750459
usa_NC_0032_0036,01-Jan-1860,1228.85227317738,452735.176078016,3899363.59205143,08-Dec-2019,700.521027164457,452157.734031145,3899557.09058503,-528.331246012923
usa_NC_0032_0037,01-Jan-1860,1255.56664350834,452753.071088279,3899410.37040206,08-Dec-2019,718.07766490713,452165.602718631,3899607.30966849,-537.48897860121
usa_NC_0032_0038,01-Jan-1852,1564.53847200084,453079.478919786,3899353.68214687,08-Dec-2019,736.156445484587,452174.041558386,3899657.34015283,-828.382026516253
usa_NC_0032_0039,01-Jan-1852,1591.09936106429,453097.29019354,3899400.09628406,08-Dec-2019,752.096976213001,452180.616756161,3899705.78484976,-839.002384851289
usa_NC_0032_0040,01-Jan-1852,1608.38603254952,453104.992267072,3899449.77144495,08-Dec-2019,765.999029236285,452185.095023217,3899754.32039134,-842.387003313235
usa_NC_0032_0041,01-Jan-1860,1360.50615971844,452823.190348331,3899595.00613123,08-Dec-2019,778.747458078145,452188.10040677,3899804.33949247,-581.758701640295
usa_NC_0032_0042,01-Jan-1860,1389.53532838799,452843.711245465,3899640.45669236,08-Dec-2019,794.037547211825,452193.738977778,3899854.15201574,-595.497781176165
usa_NC_0032_0043,01-Jan-1852,1665.2208123687,453133.402600477,3899597.64092663,08-Dec-2019,818.525341134529,452209.418938133,3899900.6523979,-846.695471234171
usa_NC_0032_0044,01-Jul-1860,1449.39932591897,452886.719636273,3899730.73107134,08-Dec-2019,843.550421739485,452225.685631891,3899946.95848646,-605.848904179485
usa_NC_0032_0045,01-Jan-1852,1698.63915121212,453147.462788699,3899697.82257851,08-Dec-2019,866.212247984877,452239.374565655,3899994.10423364,-832.426903227243
usa_NC_0032_0046,01-Jan-1872,1416.76710445886,452828.836486454,3899853.86769611,08-Dec-2019,886.340508615667,452250.301358336,3900042.14320045,-530.426595843193
usa_NC_0032_0047,01-Jan-1852,1752.78967260362,453184.146106852,3899790.59235425,08-Dec-2019,903.084618624671,452257.539926156,3900091.36905863,-849.705053978949
usa_NC_0032_0048,01-Jan-1852,1777.32329396901,453199.716018903,3899837.87733083,08-Dec-2019,919.929128242231,452264.891475383,3900140.54188579,-857.394165726779
usa_NC_0032_0049,01-Jan-1852,1796.02677271947,453208.931011625,3899887.21168307,08-Dec-2019,938.794256149376,452274.449201991,3900188.98601508,-857.232516570094
usa_NC_0032_0050,01-Jan-1872,1530.27512906281,452908.115353486,3900036.39306944,08-Dec-2019,958.953367128783,452285.419950823,3900236.96244772,-571.321761934027
usa_NC_0032_0051,01-Jan-1852,1830.04300451356,453223.674634913,3899987.02440257,08-Dec-2019,978.116448623445,452295.307475826,3900285.27669163,-851.926555890115
usa_NC_0032_0052,01-Jan-1872,1588.43266803454,452950.135326741,3900122.905275,08-Dec-2019,997.063192649119,452306.746176998,3900324.72423346,-591.369475385421
usa_NC_0032_0053,01-Jan-1852,1874.72405886652,453251.01014112,3900078.24851234,08-Dec-2019,1013.70077269739,452315.918142922,3900363.73098974,-861.02328616913
usa_NC_0032_0054,01-Jan-1872,1624.7115491699,452969.557185002,3900210.85335567,08-Dec-2019,1028.9358191919,452323.826753745,3900401.90248587,-595.775729978
usa_NC_0032_0055,01-Jan-1872,1637.98607024917,452974.22208223,3900255.2524411,08-Dec-2019,1043.16790995567,452331.02261903,3900438.52243466,-594.8181602935
usa_NC_0032_0056,01-Jan-1852,1939.14318538926,453289.474968505,3900214.5068086,08-Dec-2019,1057.27366944404,452338.063651265,3900475.27251844,-881.86951594522
usa_NC_0032_0057,01-Jan-1872,1664.1119481612,452983.107618098,3900344.11431032,08-Dec-2019,1070.90088452184,452344.571991381,3900512.24623297,-593.21106363936
usa_NC_0032_0058,01-Jan-1852,1984.69236634087,453317.825686947,3900305.08073469,08-Dec-2019,1084.55418987517,452351.093387177,3900549.28775871,-900.1381764657
usa_NC_0032_0059,01-Jan-1852,2009.17251760894,453333.777966425,3900350.17932736,08-Dec-2019,1098.16505904815,452357.554478,3900586.41450816,-911.00745856079
usa_NC_0032_0060,01-Jan-1852,2035.27413887519,453351.406724706,3900395.16305499,08-Dec-2019,1112.1340010586,452364.286884877,3900624.01084679,-923.14013781659
usa_NC_0032_0061,01-Jan-1852,2048.53737318125,453355.095183763,3900444.39100206,08-Dec-2019,1124.81058341827,452368.468251272,3900667.77823554,-923.72678976298
usa_NC_0032_0062,01-Jan-1852,2060.63251036016,453357.545309446,3900493.85487227,08-Dec-2019,1139.37096909433,452374.663571632,3900711.08067523,-921.26154126583
usa_NC_0032_0063,01-Jan-1852,2074.74848217245,453362.159649944,3900542.80114503,08-Dec-2019,1156.63961065574,452383.744627536,3900753.76288073,-918.10887151671
usa_NC_0032_0064,01-Jan-1852,2090.00911072558,453367.99820224,3900591.46254077,08-Dec-2019,1176.75566016098,452395.84982871,3900795.84233391,-913.2534505646
usa_NC_0032_0065,01-Jan-1872,1809.17567829428,453059.003340623,3900704.6086992,08-Dec-2019,1198.33130170649,452409.493397484,3900837.67196898,-610.84437658779
usa_NC_0032_0066,01-Jan-1872,1830.61454098052,453071.851399561,3900749.72133809,08-Dec-2019,1221.74468863276,452425.282057582,3900878.14534679,-608.86985234776
usa_NC_0032_0067,01-Jan-1872,1845.50655515822,453077.838420178,3900795.75859004,08-Dec-2019,1244.3734600671,452440.425081895,3900917.84559254,-601.13309509112
usa_NC_0032_0068,01-Jan-1852,2151.63127451406,453392.194335831,3900784.85294991,08-Dec-2019,1268.34470665149,452456.972666201,3900957.36795985,-883.28656786257
usa_NC_0032_0069,01-Jan-1852,2173.33237132243,453404.954434476,3900831.74403657,08-Dec-2019,1289.89469816643,452470.93951648,3900997.44887344,-883.437673156
usa_NC_0032_0070,01-Jan-1852,2199.2817781939,453422.193231039,3900877.90248137,08-Dec-2019,1313.1318153849,452486.674238884,3901037.29261695,-886.149962809
usa_NC_0032_0071,01-Jan-1852,2218.68099489559,453432.507689674,3900925.28526061,08-Dec-2019,1336.22465581935,452502.238569973,3901077.25277336,-882.45633907624
usa_NC_0032_0072,01-Jan-1852,2237.63777525114,453442.357260685,3900972.73662214,08-Dec-2019,1361.29396197428,452519.865733707,3901116.97625835,-876.34381327686
usa_NC_0032_0073,01-Jan-1852,2258.84113345009,453454.583321795,3901019.76011859,08-Dec-2019,1387.66397439598,452538.903861276,3901156.27665818,-871.17715905411
usa_NC_0032_0074,01-Jan-1852,2281.64539234892,453468.492508789,3901066.53051404,08-Dec-2019,1415.66453940173,452559.665755972,3901195.27189575,-865.98085294719
usa_NC_0032_0075,01-Jan-1852,2300.90487047593,453478.677148171,3901113.84982829,08-Dec-2019,1446.92060792333,452583.804625149,3901233.98132933,-853.9842625526
usa_NC_0032_0076,01-Jan-1852,2322.91435273866,453491.740391821,3901160.79765013,08-Dec-2019,1475.9237867559,452605.541856401,3901273.21226581,-846.99056598276
usa_NC_0032_0077,01-Jan-1872,2039.9717313608,453185.940865058,3901247.18931719,08-Dec-2019,1504.63789267648,452626.386969218,3901315.43246813,-535.33383868432
usa_NC_0032_0078,01-Jan-1872,2072.52943210585,453199.706376697,3901344.4535392,08-Dec-2019,1557.87152217576,452661.346126681,3901412.15140625,-514.65790993009
usa_NC_0032_0079,01-Jan-1872,2101.7027755085,453214.045117144,3901421.57769089,08-Dec-2019,1599.42446258893,452688.356229647,3901489.0402254,-502.27831291957
usa_NC_0032_0080,01-Jan-1852,2458.78098371934,453562.871797284,3901498.19882902,08-Dec-2019,1652.8063388522,452721.685735217,3901594.67109957,-805.97464486714
usa_NC_0032_0081,01-Jan-1872,2165.20354878293,453239.572575364,3901617.89277756,08-Dec-2019,1676.053401036,452730.668385212,3901668.35548901,-489.15014774693
usa_NC_0032_0082,01-Jan-1872,2199.63290003754,453255.185381159,3901715.46405896,08-Dec-2019,1699.29097644409,452733.385806901,3901773.34500837,-500.34192359345
usa_NC_0032_0083,01-Jan-1872,2257.50535736375,453284.321372477,3901864.99766556,08-Dec-2019,1738.48166784059,452748.437913978,3901898.0208227,-519.02368952316
usa_NC_0032_0084,01-Jan-1872,2308.73509327139,453308.819179801,3902003.84262242,08-Dec-2019,1778.99592597449,452764.759776953,3902023.09687318,-529.7391672969
usa_NC_0032_0085,01-Jan-1872,2356.9182103354,453332.885515555,3902129.29898883,08-Dec-2019,1813.98775033862,452777.455799419,3902138.13530214,-542.93045999678
usa_NC_0032_0086,01-Jan-1872,2377.40369551731,453336.382044719,3902216.34479814,08-Dec-2019,1839.2196227748,452786.507201569,3902221.60472887,-538.18407274251
usa_NC_0032_0087,01-Jan-1852,2656.97127740141,453606.324016095,3902292.17387154,08-Dec-2019,1864.21141411631,452795.886152518,3902302.20977114,-792.7598632851
usa_NC_0032_0088,01-Jan-1872,2431.34907129409,453361.949650615,3902363.69483082,08-Dec-2019,1887.86610782451,452806.015274627,3902372.23705503,-543.48296346958
usa_NC_0032_0089,01-Jan-1852,2683.15134312169,453606.912701815,3902422.83281667,08-Dec-2019,1906.18884344492,452812.389039813,3902433.84692208,-776.96249967677
usa_NC_0032_0090,01-Jan-1872,2477.52922294103,453382.657658805,3902495.73577325,08-Dec-2019,1931.7116846746,452821.185122553,3902520.07896603,-545.81753826643
usa_NC_0032_0091,01-Jan-1852,2707.60885501168,453609.277334206,3902535.81353758,08-Dec-2019,1947.56826244189,452827.498665106,3902569.40464563,-760.04059256979
usa_NC_0032_0092,01-Jan-1852,2722.50490150815,453614.490392556,3902585.74456413,08-Dec-2019,1962.85344660386,452832.94706079,3902620.14384572,-759.65145490429
usa_NC_0032_0093,01-Jan-1852,2737.95845400328,453620.279571695,3902635.63759197,08-Dec-2019,1979.66769799795,452839.971404842,3902670.79971281,-758.29075600533
usa_NC_0032_0094,01-Jan-1852,2753.09011146366,453625.7401099,3902685.53253224,08-Dec-2019,1998.39257369473,452848.965412908,3902721.34915007,-754.69753776893
usa_NC_0032_0095,01-Jan-1852,2760.21351894432,453622.958924596,3902735.80356789,08-Dec-2019,2003.48057691929,452843.924652597,3902772.54064793,-756.73294202503
usa_NC_0032_0096,01-Jan-1852,2766.57176699956,453619.388914222,3902786.11733448,08-Dec-2019,2021.48303109145,452852.179798742,3902823.10088655,-745.08873590811
usa_NC_0032_0097,01-Jul-1852,2770.31866303808,453613.128171319,3902836.56999763,08-Dec-2019,2037.15991747447,452858.043505662,3902873.76069122,-733.15874556361
usa_NC_0032_0098,01-Jan-1872,2313.28840512896,453132.331373677,3902910.29051534,08-Dec-2019,2053.19861005489,452864.457511828,3902923.51300141,-260.08979507407
usa_NC_0032_0099,01-Jan-1872,2618.70267638424,453436.837071494,3902945.05341072,08-Dec-2019,2073.62801505375,452875.506556965,3902972.47700382,-545.07466133049
usa_NC_0032_0100,01-Jan-1852,2801.66960614229,453615.194220058,3902986.22424792,08-Dec-2019,2099.09381656141,452891.739290835,3903021.20217502,-702.57578958088
usa_NC_0032_0101,01-Jan-1852,2813.65224777193,453613.716465068,3903054.77060146,08-Dec-2019,2126.08964630598,452905.819846494,3903088.5058562,-687.56260146595
usa_NC_0032_0102,01-Jan-1852,2823.90835466825,453610.456758903,3903123.42346547,08-Dec-2019,2148.54178079846,452914.182700388,3903161.23517582,-675.36657386979
usa_NC_0032_0103,01-Jan-1852,2836.86545188631,453611.08667997,3903186.3951677,08-Dec-2019,2166.48747159701,452920.711209885,3903220.1464685,-670.3779802893
usa_NC_0032_0104,01-Jan-1852,2847.21535627549,453611.620733117,3903236.54131986,08-Dec-2019,2179.26863338443,452923.583112313,3903271.00060538,-667.94672289106
usa_NC_0032_0105,01-Jan-1852,2859.82496493198,453614.483540589,3903286.56548276,08-Dec-2019,2195.08453552645,452929.58342198,3903321.68623915,-664.74042940553
usa_NC_0032_0106,01-Jan-1852,2874.85476637374,453619.842187394,3903336.450523,08-Dec-2019,2214.77325039673,452939.578104059,3903372.1466982,-660.08151597701
usa_NC_0032_0107,01-Jan-1852,2887.99700520626,453623.262183803,3903386.40448028,08-Dec-2019,2234.60689807881,452949.731507939,3903422.55249087,-653.39010712745
usa_NC_0032_0108,01-Jan-1852,2900.16095178961,453625.6936075,3903436.31309782,08-Dec-2019,2267.40426801304,452973.274815774,3903472.10807237,-632.75668377657
usa_NC_0032_0109,01-Jan-1852,2912.04190231977,453627.821070648,3903486.29863142,08-Dec-2019,2270.62059013217,452966.270419396,3903523.5745731,-641.4213121876
usa_NC_0032_0110,01-Jan-1852,2925.82273450151,453631.899347856,3903536.21724435,08-Dec-2019,2291.74054645863,452977.69894722,3903574.16359869,-634.08218804288
usa_NC_0032_0111,01-Jan-1852,2941.70756978245,453638.146870251,3903586.0175203,08-Dec-2019,2306.93234193362,452983.011837271,3903625.10432833,-634.77522784883
usa_NC_0032_0112,01-Jan-1852,2955.56684581611,453642.302370511,3903635.95000338,08-Dec-2019,2329.57558271398,452996.016310242,3903675.58052575,-625.99126310213
usa_NC_0032_0113,01-Jan-1872,2858.39134201152,453531.782648853,3903693.11543192,08-Dec-2019,2343.22572895286,452999.736737815,3903726.62302132,-515.16561305866
usa_NC_0032_0114,01-Jan-1852,2988.955951582,453656.465111146,3903735.46925925,08-Dec-2019,2358.49204322522,453005.124337482,3903777.57016853,-630.46390835678
usa_NC_0032_0115,01-Jan-1852,3004.47644499352,453662.33278853,3903785.31107268,08-Dec-2019,2392.73349389958,453030.120601485,3903827.22420369,-611.74295109394
usa_NC_0032_0116,01-Jan-1852,2695.84904313387,453333.092795202,3903857.93023936,08-Dec-2019,2397.4487606102,453024.60425343,3903878.89353098,-298.40028252367
usa_NC_0032_0117,01-Jan-1852,3033.36776756794,453671.841915227,3903885.16517723,08-Dec-2019,2420.14729040785,453037.676669269,3903929.3118738,-613.22047716009
usa_NC_0032_0118,01-Jan-1852,3048.18326372099,453676.976377144,3903935.07845646,08-Dec-2019,2441.02546621153,453048.869699489,3903979.84553684,-607.15779750946
usa_NC_0032_0119,01-Jan-1852,3063.74527635582,453682.881830688,3903984.94310926,08-Dec-2019,2468.04359419469,453066.419180554,3904029.90321368,-595.70168216113
usa_NC_0032_0120,01-Jan-1852,3079.35786293404,453688.838615183,3904034.80897723,08-Dec-2019,2469.286663885,453057.293124073,3904081.91717884,-610.07119904904
usa_NC_0032_0121,01-Jan-1852,3096.36832517414,453696.24197609,3904084.56942679,08-Dec-2019,2486.48213176917,453064.675376777,3904132.72740258,-609.88619340497
usa_NC_0032_0122,01-Jan-1852,3112.04712351404,453702.250387301,3904134.51483442,08-Dec-2019,2512.45316009152,453081.132688736,3904182.90702933,-599.59396342252
usa_NC_0032_0123,01-Jan-1852,3131.1565773325,453711.807099408,3904184.21091112,08-Dec-2019,2535.29538130595,453094.355760201,3904233.30473671,-595.86119602655
usa_NC_0032_0124,01-Jan-1872,3043.21644062596,453610.424320563,3904242.78258939,08-Dec-2019,2553.53871614642,453102.876302918,3904283.76612003,-489.67772447954
usa_NC_0032_0125,01-Jan-1872,3055.69108732174,453613.094251818,3904293.08322446,08-Dec-2019,2569.55006429094,453109.085305768,3904334.40479633,-486.1410230308
usa_NC_0032_0126,01-Jan-1852,3182.51515652272,453734.345839141,3904333.51730135,08-Dec-2019,2601.60054703967,453131.928458896,3904383.65261803,-580.91460948305
usa_NC_0032_0127,01-Jan-1852,3200.23035521549,453742.480597564,3904383.21405184,08-Dec-2019,2602.13407933192,453122.089515465,3904435.61314775,-598.09627588357
usa_NC_0032_0128,01-Jan-1852,3217.47936837254,453750.133968205,3904432.94075814,08-Dec-2019,2635.44105991544,453146.247493066,3904484.69339231,-582.0383084571
usa_NC_0032_0129,01-Jan-1852,3234.32194947588,453757.367598634,3904482.69385323,08-Dec-2019,2635.59659799622,453136.011308873,3904536.71284225,-598.72535147966
usa_NC_0032_0130,01-Jan-1872,3115.15115156591,453623.413046054,3904544.88716524,08-Dec-2019,2663.84545743269,453154.930714929,3904586.1957046,-451.30569413322
usa_NC_0032_0131,01-Jan-1872,3133.40342109211,453632.078513615,3904594.66888694,08-Dec-2019,2686.48136343977,453168.029795333,3904636.16101945,-446.92205765234
usa_NC_0032_0132,01-Jan-1872,3149.31328182798,453638.346138332,3904644.49627598,08-Dec-2019,2707.85142598589,453179.903081441,3904685.80067754,-441.46185584209
usa_NC_0032_0133,01-Jan-1872,3165.13528204169,453644.677702961,3904693.55530646,08-Dec-2019,2705.08855908156,453167.127871797,3904735.63283912,-460.04672296013
usa_NC_0032_0134,01-Jan-1872,3182.97230650174,453653.097834471,3904742.44565782,08-Dec-2019,2728.13387367357,453181.14501017,3904783.09318707,-454.83843282817
usa_NC_0032_0135,01-Jan-1852,3321.62552478236,453786.825641478,3904780.81186432,08-Dec-2019,2743.74584941455,453187.443673255,3904831.24504952,-577.87967536781
usa_NC_0032_0136,01-Jan-1872,3207.75321569735,453658.632311566,3904841.21368738,08-Dec-2019,2764.12447725708,453198.682036526,3904879.00250174,-443.62873844027
usa_NC_0032_0137,01-Jan-1852,3349.00917411675,453794.953244589,3904879.88550773,08-Dec-2019,2784.32660139837,453209.731179672,3904926.80612937,-564.68257271838
usa_NC_0032_0138,01-Jan-1852,3353.46972429717,453789.453211112,3904930.17329377,08-Dec-2019,2803.09954067027,453219.293610596,3904974.75624947,-550.3701836269
usa_NC_0032_0139,01-Jan-1872,3254.15446434424,453676.496432463,3904988.61483081,08-Dec-2019,2820.95147067693,453227.897361436,3905022.80376869,-433.20299366731
usa_NC_0032_0140,01-Jan-1872,3272.41542227898,453685.339218979,3905037.55352183,08-Dec-2019,2841.86439445089,453239.665459712,3905070.63690588,-430.55102782809
usa_NC_0032_0141,01-Jan-1852,3395.35086950445,453802.472395951,3905078.75282616,08-Dec-2019,2859.45930665267,453247.934475547,3905119.04792305,-535.89156285178
usa_NC_0032_0142,01-Jan-1852,3409.87531039028,453807.383011485,3905128.30097156,08-Dec-2019,2880.32341138929,453259.56933961,3905167.29867543,-529.55189900099
usa_NC_0032_0143,01-Jan-1852,3420.07578823384,453807.821070385,3905178.16494505,08-Dec-2019,2901.21077571157,453271.223360169,3905215.57226238,-518.86501252227
usa_NC_0032_0144,01-Jan-1852,3425.82345116631,453803.657363503,3905228.33378669,08-Dec-2019,2921.7082105524,453282.469341798,3905263.89789825,-504.11524061391
usa_NC_0032_0145,01-Jan-1852,3436.17031915013,453804.251808116,3905278.16222166,08-Dec-2019,2941.79791391,453293.289254722,3905312.27496165,-494.37240524013
usa_NC_0032_0146,01-Jan-1852,3449.88837002154,453808.331279928,3905327.75446395,08-Dec-2019,2963.62597875204,453305.900928423,3905360.55677922,-486.2623912695
usa_NC_0032_0147,01-Jan-1852,3462.65796226492,453811.398823559,3905377.57049619,08-Dec-2019,2984.72971410222,453317.632963321,3905409.54416135,-477.9282481627
usa_NC_0032_0148,01-Jan-1852,3475.42955329255,453814.447793892,3905427.48967656,08-Dec-2019,3003.50009779997,453326.871522774,3905459.10201344,-471.92945549258
usa_NC_0032_0149,01-Jan-1852,3486.58095144028,453815.823531664,3905477.5139941,08-Dec-2019,3008.76995420637,453322.162623881,3905509.56080559,-477.81099723391
usa_NC_0032_0150,01-Jan-1872,3399.89413307167,453716.113875485,3905534.10881123,08-Dec-2019,3041.9541200294,453346.294239379,3905558.14621438,-357.94001304227
usa_NC_0032_0151,01-Jan-1872,3414.83613919928,453721.404358297,3905583.88692301,08-Dec-2019,3062.6987807668,453357.573996068,3905607.56449721,-352.13735843248
usa_NC_0032_0152,01-Jan-1852,3526.40817886604,453826.535279604,3905627.15902725,08-Dec-2019,3084.45928220762,453369.90362947,3905656.91295297,-441.94889665842
usa_NC_0032_0153,01-Jan-1872,3444.91756341828,453732.189569013,3905683.42848192,08-Dec-2019,3104.96423339466,453380.936299916,3905706.34443595,-339.95333002362
usa_NC_0032_0154,01-Jan-1852,3556.33120916756,453837.160288889,3905726.69396098,08-Dec-2019,3115.36720918597,453381.531316437,3905756.45634432,-440.96399998159
usa_NC_0032_0155,01-Jan-1872,3482.89081176062,453751.129570389,3905782.43483287,08-Dec-2019,3123.05807770926,453379.323919203,3905806.75185872,-359.83273405136
usa_NC_0032_0156,01-Jan-1872,3519.46377551148,453778.771711491,3905830.74634041,08-Dec-2019,3144.57370533936,453391.401362062,3905856.11270364,-374.89007017212
usa_NC_0032_0157,01-Jan-1852,3596.54829874212,453848.275571866,3905876.30914077,08-Dec-2019,3165.55960479386,453402.931745157,3905905.50787383,-430.98869394826
usa_NC_0032_0158,01-Jan-1872,3540.63153456927,453780.348153343,3905930.88283818,08-Dec-2019,3185.74713002336,453413.63744205,3905954.95573212,-354.88440454591
usa_NC_0032_0159,01-Jan-1872,3550.19189339497,453780.079561801,3905981.01642984,08-Dec-2019,3205.35613255939,453423.747941058,3906004.42980335,-344.83576083558
usa_NC_0032_0160,01-Jan-1852,3642.87972677529,453865.710737463,3906025.50062071,08-Dec-2019,3225.43326481274,453434.342599881,3906053.86996823,-417.44646196255
usa_NC_0032_0161,01-Jan-1852,3651.37005860883,453864.33740954,3906075.70204837,08-Dec-2019,3243.10366805247,453442.450431967,3906103.47286317,-408.26639055636
usa_NC_0032_0162,01-Jan-1852,3656.71701444185,453859.715702366,3906126.11796272,08-Dec-2019,3262.26533175244,453452.099428202,3906152.97355872,-394.45168268941
usa_NC_0032_0163,01-Jan-1852,3665.38955916982,453858.530444244,3906176.30810741,08-Dec-2019,3285.0418268131,453465.484114164,3906202.22706593,-380.34773235672
usa_NC_0032_0164,01-Jan-1852,3677.77448464351,453861.181467736,3906226.24548893,08-Dec-2019,3302.45380919556,453473.325377851,3906251.84516742,-375.32067544795
usa_NC_0032_0165,01-Jan-1872,3621.02981513867,453792.393170095,3906280.90229096,08-Dec-2019,3325.56724470865,453487.058719064,3906301.07338448,-295.46257043002
usa_NC_0032_0166,01-Jan-1852,3695.5340683615,453859.238300985,3906326.60245376,08-Dec-2019,3339.72940991747,453491.541221611,3906350.91516277,-355.80465844403
usa_NC_0032_0167,01-Jan-1852,3715.89026517295,453870.126233837,3906375.99911829,08-Dec-2019,3357.6774316156,453499.936046446,3906400.49861134,-358.21283355735
usa_NC_0032_0168,01-Jan-1852,3727.60867655645,453872.087627424,3906425.98623866,08-Dec-2019,3376.93258186768,453509.681830408,3906449.99203564,-350.67609468877
usa_NC_0032_0169,01-Jan-1872,3672.61508839916,453805.104712669,3906480.54453812,08-Dec-2019,3395.80551623922,453519.032753086,3906499.51092787,-276.80957215994
usa_NC_0032_0170,01-Jan-1872,3681.73004048235,453804.374586929,3906530.71477143,08-Dec-2019,3414.19355119724,453527.882680042,3906549.06239869,-267.53648928511
usa_NC_0032_0171,01-Jul-1852,3762.97655923682,453878.191318108,3906575.93430108,08-Dec-2019,3435.39198537184,453539.637235005,3906598.4203593,-327.58457386498
usa_NC_0032_0172,01-Jan-1872,3706.5293911566,453809.703521241,3906630.60552644,08-Dec-2019,3451.26271811254,453545.885812424,3906648.1433859,-255.26667304406
usa_NC_0032_0173,01-Jan-1852,3781.55718172181,453877.092592975,3906676.25537847,08-Dec-2019,3472.23493860769,453557.400758062,3906697.54600295,-309.32224311412
usa_NC_0032_0174,01-Jan-1872,3744.40132089715,453828.482106182,3906729.90260549,08-Dec-2019,3489.522346578,453564.988900424,3906747.79507651,-254.87897431915
usa_NC_0032_0175,01-Jan-1852,3813.62920801342,453889.850530402,3906776.08333189,08-Dec-2019,3507.32724727474,453573.109345186,3906798.0212349,-306.30196073868
usa_NC_0032_0176,01-Jan-1872,3792.57313180234,453857.863972204,3906828.70037312,08-Dec-2019,3527.37019935114,453583.547117574,3906848.07208615,-265.2029324512
usa_NC_0032_0177,01-Jan-1852,3850.90028027686,453907.99161615,3906875.50433415,08-Dec-2019,3545.88554061839,453592.407986318,3906898.21848353,-305.01473965847
usa_NC_0032_0178,01-Jan-1852,3872.9918719413,453920.643316659,3906924.93070126,08-Dec-2019,3564.04362316575,453600.901891018,3906948.37810471,-308.94824877555
usa_NC_0032_0179,01-Jan-1852,3884.13859976521,453921.969554659,3906975.17890005,08-Dec-2019,3582.43465813392,453609.639525326,3906998.50683989,-301.70394163129
usa_NC_0032_0180,01-Jan-1872,3845.48824301286,453871.729283553,3907029.35530327,08-Dec-2019,3602.34804547792,453619.956273026,3907048.50213512,-243.14019753494
usa_NC_0032_0181,01-Jan-1872,3860.29399344759,453876.82857907,3907079.39483291,08-Dec-2019,3622.54010526829,453630.565249203,3907098.45716128,-237.7538881793
usa_NC_0032_0182,01-Jan-1852,3929.63830360749,453938.434722637,3907124.98006555,08-Dec-2019,3641.55578104262,453639.959147116,3907148.48944277,-288.08252256487
usa_NC_0032_0183,01-Jan-1852,3942.78957986169,453941.836421008,3907175.07171379,08-Dec-2019,3657.99147112069,453646.682321981,3907198.72055789,-284.798108741
usa_NC_0032_0184,01-Jan-1852,3957.38710578479,453946.737225075,3907225.04193493,08-Dec-2019,3672.69867300407,453651.615330118,3907249.08932808,-284.68843278072
usa_NC_0032_0185,01-Jan-1872,3919.04311097827,453896.741760242,3907279.55669555,08-Dec-2019,3689.24690478267,453658.458016833,3907299.29669624,-229.7962061956
usa_NC_0032_0186,01-Jan-1872,3934.55414303917,453902.576198469,3907329.51656596,08-Dec-2019,3704.75126742412,453664.219681691,3907349.58671567,-229.80287561505
usa_NC_0032_0187,01-Jan-1852,3997.08812104097,453957.198501052,3907375.29632377,08-Dec-2019,3720.89471197375,453670.645503831,3907399.81447591,-276.19340906722
usa_NC_0032_0188,01-Jul-1852,4006.12767352883,453956.332686583,3907425.7608068,08-Dec-2019,3736.37855207959,453676.388266448,3907450.09435639,-269.74912144924
usa_NC_0032_0189,01-Jan-1872,3969.31157285192,453907.86236653,3907480.44048787,08-Dec-2019,3753.02176247495,453683.335647081,3907500.26250223,-216.28981037697
usa_NC_0032_0190,01-Jan-1852,4033.67804775092,453964.426261697,3907525.85558754,08-Dec-2019,3771.91653449278,453692.617650888,3907550.2377345,-261.76151325814
usa_NC_0032_0191,01-Jan-1852,4043.28247561288,453964.131589414,3907576.34459485,08-Dec-2019,3788.36170366255,453699.335194478,3907600.54540535,-254.92077195033
usa_NC_0032_0192,01-Jan-1852,4061.5721482422,453972.861804841,3907625.99317361,08-Dec-2019,3802.17202523462,453703.324756241,3907651.05847697,-259.40012300758
usa_NC_0032_0193,01-Jan-1852,4073.8509346193,453975.347453936,3907676.21648988,08-Dec-2019,3814.09502324587,453705.352732184,3907701.75646299,-259.75591137343
usa_NC_0032_0194,01-Jan-1852,4089.73075412667,453981.576481064,3907726.08372602,08-Dec-2019,3828.95003483983,453710.42813554,3907752.16695281,-260.78071928684
usa_NC_0032_0195,01-Jan-1852,4106.98026394778,453989.231740938,3907775.80351253,08-Dec-2019,3847.95146625456,453719.81705135,3907802.15147325,-259.02879769322
usa_NC_0032_0196,01-Jan-1852,4120.71445387915,453993.232094288,3907825.87405577,08-Dec-2019,3872.61833095951,453735.104139855,3907851.53178639,-248.09612291964
usa_NC_0032_0197,01-Jan-1852,4132.1243532073,453994.813555476,3907876.18806769,08-Dec-2019,3891.79640134312,453744.686145531,3907901.45145611,-240.32795186418
usa_NC_0032_0198,01-Jan-1852,4146.74071553772,453999.731901197,3907926.16663183,08-Dec-2019,3914.74738852216,453758.199982486,3907950.94913056,-231.99332701556
usa_NC_0032_0199,01-Jan-1852,4163.28221362448,454006.6527097,3907975.94868527,08-Dec-2019,3936.46447215881,453770.431878864,3908000.56512448,-226.81774146567
usa_NC_0032_0200,01-Jan-1917,4147.75245958489,453980.162272362,3908029.2636099,08-Dec-2019,3966.19700523758,453791.018211253,3908049.27770861,-181.55545434731
usa_NC_0032_0201,01-Jan-1852,4185.75558995242,454009.439309594,3908076.69206748,08-Dec-2019,3996.46691121679,453812.174154543,3908097.88212654,-189.288678735631
usa_NC_0032_0202,01-Jan-1852,4200.69558916309,454014.688797658,3908126.66509038,08-Dec-2019,4019.60707509943,453825.907452101,3908147.24696517,-181.08851406366
usa_NC_0032_0203,01-Jan-1917,4194.41451749028,453997.808022877,3908179.08855039,08-Dec-2019,4037.62623310818,453834.305555873,3908197.17703524,-156.7882843821
usa_NC_0032_0204,01-Jan-1917,4213.31584053765,454007.181687647,3908228.63850886,08-Dec-2019,4051.36724630743,453838.242455977,3908247.59994348,-161.94859423022
usa_NC_0032_0205,01-Jan-1917,4229.85629855758,454014.094043248,3908278.457556,08-Dec-2019,4063.22919204329,453840.217211825,3908298.25269416,-166.62710651429
usa_NC_0032_0206,01-Jan-1852,4273.78593027114,454049.597294911,3908324.97247364,08-Dec-2019,4075.07752289742,453842.175144262,3908348.92015453,-198.708407373721
usa_NC_0032_0207,01-Jan-1852,4288.1440001892,454054.241534287,3908375.00462254,08-Dec-2019,4085.6377945076,453842.785463555,3908399.75821118,-202.5062056816
usa_NC_0032_0208,01-Jan-1852,4304.56118339645,454061.035763431,3908424.78570923,08-Dec-2019,4096.3603226438,453843.561752238,3908450.59374007,-208.20086075265
usa_NC_0032_0209,01-Jan-1852,4321.34332043933,454068.211320213,3908474.52096188,08-Dec-2019,4106.7905848529,453844.027739201,3908501.49061157,-214.55273558643
usa_NC_0032_0210,01-Jan-1852,4333.19391656095,454070.233032712,3908524.88080334,08-Dec-2019,4119.22952244576,453846.589454481,3908552.15056527,-213.96439411519
usa_NC_0032_0211,01-Jan-1852,4350.03810767109,454077.731387915,3908573.31733309,08-Dec-2019,4136.86927201188,453854.586563771,3908602.1511233,-213.16883565921
usa_NC_0032_0212,01-Jan-1917,4344.74546756284,454061.536394633,3908627.35315727,08-Dec-2019,4154.58049947928,453862.606975749,3908652.39983974,-190.16496808356
usa_NC_0032_0213,01-Jan-1852,4379.54848031427,454087.552937864,3908674.76715833,08-Dec-2019,4173.67946606058,453872.107858256,3908702.32178902,-205.86901425369
usa_NC_0032_0214,01-Jan-1852,4392.14475728513,454090.336709399,3908725.1188109,08-Dec-2019,4194.84179534112,453883.77184191,3908751.94874789,-197.30296194401
usa_NC_0033_0001,01-Jan-1852,4405.64873019845,454094.068762397,3908775.35716094,08-Dec-2019,4216.52276031155,453895.983838435,3908801.48000341,-189.1259698869
usa_NC_0033_0002,01-Jan-1852,4423.26053075811,454102.10423666,3908825.02309391,08-Dec-2019,4235.86913555476,453905.755790126,3908851.30802389,-187.39139520335
usa_NC_0033_0003,01-Jan-1852,4442.60287191615,454111.953949804,3908874.44137982,08-Dec-2019,4260.82036699031,453921.404525319,3908900.32973296,-181.782504925841
usa_NC_0033_0004,01-Jan-1852,4462.02485914444,454121.888909119,3908923.8395205,08-Dec-2019,4287.63939330081,453939.018375956,3908949.04920317,-174.385465843629
usa_NC_0033_0005,01-Jan-1852,4481.18499988876,454131.550965964,3908973.26708377,08-Dec-2019,4311.16647663708,453953.18674793,3908998.21133612,-170.01852325168
usa_NC_0033_0006,01-Jan-1852,4501.57262918344,454142.502868766,3909022.50402843,08-Dec-2019,4344.87794861045,453978.049053214,3909045.83110604,-156.694680572989
usa_NC_0033_0007,01-Jan-1852,4521.19758531289,454152.656640984,3909071.84296045,08-Dec-2019,4363.00839039702,453986.566104738,3909095.73383254,-158.18919491587
usa_NC_0033_0008,01-Jan-1852,4541.90910886969,454163.953703742,3909121.00552799,08-Dec-2019,4382.60504014073,453996.623837423,3909145.40892607,-159.304068728959
usa_NC_0033_0009,01-Jan-1852,4560.63154707821,454173.163538371,3909170.46244922,08-Dec-2019,4400.3090561221,454004.694638954,3909195.36867192,-160.32249095611
usa_NC_0033_0010,01-Jan-1852,4578.14954922692,454181.132100699,3909219.98455231,08-Dec-2019,4415.63379801371,454010.317747275,3909245.43541996,-162.51575121321
usa_NC_0033_0011,01-Jan-1852,4597.41083188251,454190.934881394,3909269.2240392,08-Dec-2019,4432.13659946976,454017.181485603,3909295.30559305,-165.27423241275
usa_NC_0033_0012,01-Jan-1852,4616.42699475586,454200.480856301,3909318.4977564,08-Dec-2019,4446.13998600297,454021.416568669,3909345.57525434,-170.28700875289
usa_NC_0033_0013,01-Jan-1852,4635.30616110324,454209.883574303,3909367.78924916,08-Dec-2019,4456.81482786121,454022.149130351,3909396.3862517,-178.49133324203
usa_NC_0033_0014,01-Jan-1852,4653.59528088753,454218.666313417,3909417.17215842,08-Dec-2019,4472.63761852391,454028.294247323,3909446.38236984,-180.95766236362
usa_NC_0033_0015,01-Jan-1852,4671.71372358928,454227.269938369,3909466.5804041,08-Dec-2019,4487.35276826857,454033.273094203,3909496.5623062,-184.36095532071
usa_NC_0033_0016,01-Jan-1852,4690.2560891068,454236.320146362,3909515.9171902,08-Dec-2019,4489.91481307301,454025.459429056,3909548.73971139,-200.34127603379
usa_NC_0033_0017,01-Jan-1852,4706.39581950009,454242.831700952,3909565.69695873,08-Dec-2019,4507.19333920397,454033.105402656,3909598.65404906,-199.20248029612
usa_NC_0033_0018,01-Jan-1852,4723.32399697185,454250.16656514,3909615.38026692,08-Dec-2019,4547.96944071901,454065.48253369,3909644.71980556,-175.35455625284
usa_NC_0033_0019,01-Jan-1852,4739.52328472028,454256.733200217,3909665.18833166,08-Dec-2019,4587.89393756827,454096.979899217,3909690.84223623,-151.629347152009
usa_NC_0033_0020,01-Jan-1852,4754.09452963103,454261.583121392,3909715.2790697,08-Dec-2019,4594.97406986382,454093.87772873,3909742.49875508,-159.12045976721
usa_NC_0033_0021,01-Jan-1852,4766.58772880454,454264.240039886,3909765.73950451,08-Dec-2019,4620.01575988261,454109.705172841,3909791.08777599,-146.57196892193
usa_NC_0033_0022,01-Jan-1852,4784.86088543266,454272.989332294,3909815.20832867,08-Dec-2019,4642.68436944986,454123.035306228,3909840.06371172,-142.1765159828
usa_NC_0033_0023,01-Jan-1852,4805.91343807037,454284.671210767,3909864.18551112,08-Dec-2019,4663.26647517269,454134.167351588,3909889.39162888,-142.64696289768
usa_NC_0033_0024,01-Jan-1852,4824.16421089412,454293.398130557,3909913.65206478,08-Dec-2019,4680.11373299748,454141.359206885,3909939.3776491,-144.05047789664
usa_NC_0033_0025,01-Jan-1852,4840.59888960201,454300.207647963,3909963.44592823,08-Dec-2019,4693.65349269673,454145.057858283,3909989.96578423,-146.94539690528
usa_NC_0033_0026,01-Jan-1852,4857.6095661373,454307.625968523,3910013.1326077,08-Dec-2019,4703.38504448946,454144.734442642,3910041.24738666,-154.22452164784
usa_NC_0033_0027,01-Jan-1852,4876.63346781892,454317.190336212,3910062.35377407,08-Dec-2019,4715.37685380548,454146.837324041,3910091.9216831,-161.25661401344
usa_NC_0033_0028,01-Jan-1852,4896.83644444474,454328.000931263,3910111.35553601,08-Dec-2019,4729.2056695133,454150.878607934,3910142.27029913,-167.63077493144
usa_NC_0033_0029,01-Jan-1852,4915.78770045367,454337.489559766,3910160.58499629,08-Dec-2019,4745.0495350368,454157.047625972,3910192.25435891,-170.73816541687
usa_NC_0033_0030,01-Jan-1852,4929.53753209813,454341.480399473,3910210.78297385,08-Dec-2019,4760.7252821994,454163.037945906,3910242.27473095,-168.81224989873
usa_NC_0033_0031,01-Jan-1852,4948.51720467965,454350.998687249,3910260.00902659,08-Dec-2019,4777.90447684724,454170.616744535,3910292.01831809,-170.612727832409
usa_NC_0033_0032,01-Jan-1852,4973.53069291396,454366.897942625,3910308.09475469,08-Dec-2019,4792.83357047608,454175.815702378,3910342.18855855,-180.697122437879
usa_NC_0033_0033,01-Jan-1852,4990.29128739034,454374.07117778,3910357.73168726,08-Dec-2019,4806.68308877335,454179.871427299,3910392.57055798,-183.608198616989
usa_NC_0033_0034,01-Jan-1852,5008.59705645258,454382.878481048,3910407.07663471,08-Dec-2019,4824.59184416384,454188.219577809,3910442.18719423,-184.00521228874
usa_NC_0033_0035,01-Jan-1852,5029.59533655737,454394.534848755,3910455.9045131,08-Dec-2019,4848.16934010095,454202.56577943,3910490.71667222,-181.42599645642
usa_NC_0033_0036,01-Jan-1852,5050.35171954945,454405.936451988,3910504.77285257,08-Dec-2019,4872.990544356,454218.230537848,3910538.99462629,-177.36117519345
usa_NC_0033_0037,01-Jan-1852,5066.84617126123,454412.827765667,3910554.46241697,08-Dec-2019,4898.37891297432,454234.498509408,3910587.14829101,-168.46725828691
usa_NC_0033_0038,01-Jan-1852,5080.53881510573,454416.751971108,3910604.70201031,08-Dec-2019,4923.65273439904,454250.648293123,3910635.30884223,-156.886080706689
usa_NC_0033_0039,01-Jan-1852,5098.43298270745,454425.123566768,3910654.12687229,08-Dec-2019,4961.01197772735,454279.599194644,3910681.08345067,-137.421004980099
usa_NC_0033_0040,01-Jan-1852,5119.17415807132,454436.510573566,3910702.99064855,08-Dec-2019,4979.20610722396,454288.258980368,3910730.59689991,-139.968050847359
usa_NC_0033_0041,01-Jan-1852,5137.28999686061,454445.117441331,3910752.36937742,08-Dec-2019,4995.51923594745,454294.92606323,3910780.483252,-141.770760913159
usa_NC_0033_0042,01-Jan-1852,5154.32887351522,454452.583352564,3910801.96180929,08-Dec-2019,5008.53101791045,454298.094408984,3910831.03080156,-145.79785560477
usa_NC_0033_0043,01-Jan-1852,5175.36904421243,454464.289133343,3910850.75618681,08-Dec-2019,5021.46801853,454301.180944707,3910881.60612684,-153.901025682429
usa_NC_0033_0044,01-Jan-1852,5193.00301632901,454472.384877869,3910900.23365315,08-Dec-2019,5028.87361318393,454298.401137589,3910933.31035369,-164.129403145081
usa_NC_0033_0045,01-Jan-1852,5216.87130057488,454487.089794881,3910948.45196767,08-Dec-2019,5047.43148304481,454307.440371859,3910982.78117984,-169.439817530069
usa_NC_0033_0046,01-Jan-1852,5232.47203250622,454493.029105842,3910998.34478182,08-Dec-2019,5081.24777412297,454332.660285652,3911029.14626735,-151.224258383249
usa_NC_0033_0047,01-Jan-1852,5251.86289223458,454502.996648563,3911047.42100972,08-Dec-2019,5105.30446170013,454347.555871578,3911077.37188367,-146.55843053445
usa_NC_0033_0048,01-Jan-1852,5267.39023244282,454508.866018813,3911097.28929273,08-Dec-2019,5123.36645139971,454356.093967848,3911126.81996228,-144.02378104311
usa_NC_0033_0049,01-Jan-1852,5288.45317987818,454520.606924396,3911146.02412932,08-Dec-2019,5141.13300749294,454364.318256076,3911176.33076482,-147.32017238524
usa_NC_0033_0050,01-Jan-1852,5310.26923457504,454533.147321491,3911194.6013502,08-Dec-2019,5161.68967534334,454375.502421717,3911225.2680353,-148.5795592317
usa_NC_0033_0051,01-Jan-1852,5330.17044692061,454543.656427395,3911243.57188032,08-Dec-2019,5180.70215324787,454385.048262575,3911274.5236178,-149.468293672739
usa_NC_0033_0052,01-Jan-1852,5347.61516057255,454551.558606996,3911293.05217358,08-Dec-2019,5197.62852258969,454392.380012049,3911324.21328574,-149.98663798286
usa_NC_0033_0053,01-Jan-1852,5369.51196071791,454564.185778653,3911341.60721104,08-Dec-2019,5214.75470834266,454399.923156078,3911373.86478108,-154.757252375251
usa_NC_0033_0054,01-Jan-1852,5393.93686544714,454579.497339889,3911389.63025712,08-Dec-2019,5223.87495870878,454398.966896877,3911425.19370951,-170.06190673836
usa_NC_0033_0055,01-Jan-1852,5409.34732141081,454585.230915798,3911439.58160942,08-Dec-2019,5241.65906985792,454407.185280015,3911474.82365219,-167.68825155289
usa_NC_0033_0056,01-Jan-1852,5426.38290856111,454592.654702379,3911489.36806143,08-Dec-2019,5264.4721587885,454420.665075761,3911523.78794429,-161.91074977261
usa_NC_0033_0057,01-Jan-1852,5443.13475253735,454599.774513706,3911539.22769031,08-Dec-2019,5283.67212548714,454430.308109188,3911573.51395198,-159.46262705021
usa_NC_0033_0058,01-Jan-1852,5465.98030791023,454613.370568005,3911587.77586743,08-Dec-2019,5302.14361311461,454439.176123103,3911623.40079361,-163.83669479562
usa_NC_0033_0059,01-Jan-1852,5489.43385014824,454627.616555667,3911636.17427957,30-Jan-2016,5332.73992307838,454460.940200697,3911670.62762039,-156.693927069859
usa_NC_0033_0060,01-Jan-1852,5509.32029379411,454638.070266893,3911685.34665614,08-Dec-2019,5349.82326684373,454468.334485386,3911720.80542764,-159.497026950379
usa_NC_0033_0061,01-Jan-1852,5525.61880868869,454644.704313173,3911735.32375675,08-Dec-2019,5390.71067388555,454501.069996092,3911765.64574475,-134.90813480314
usa_NC_0033_0062,01-Jan-1852,5542.5031416502,454651.959184633,3911785.18362639,08-Dec-2019,5420.47968487809,454521.983248881,3911812.90845507,-122.02345677211
usa_NC_0033_0063,01-Jan-1852,5562.90232289695,454662.957090249,3911834.24930894,08-Dec-2019,5445.76017287232,454538.123156685,3911861.15245059,-117.14215002463
usa_NC_0033_0064,01-Jan-1852,5582.34208139999,454672.932943367,3911883.53349404,08-Dec-2019,5468.33172191111,454551.380442616,3911909.99761241,-114.01035948888
usa_NC_0033_0065,01-Jan-1852,5602.99027689092,454684.197666124,3911932.53472038,08-Dec-2019,5487.620032225,454561.13854844,3911959.59859953,-115.37024466592
usa_NC_0033_0066,01-Jan-1852,5625.17277935008,454697.100796913,3911981.16678222,08-Dec-2019,5505.24412152696,454569.12034324,3912009.59587784,-119.92865782312
usa_NC_0033_0067,01-Jan-1852,5647.41226001322,454710.077248218,3912029.72269814,08-Dec-2019,5523.00574979472,454577.267453947,3912059.46775732,-124.4065102185
usa_NC_0033_0068,01-Jan-1852,5667.6859487543,454720.962770437,3912078.71036226,08-Dec-2019,5542.0843086239,454586.832482399,3912108.96454926,-125.6016401304
usa_NC_0033_0069,01-Jan-1852,5682.70246821175,454726.23282136,3912128.97098735,08-Dec-2019,5567.86604317804,454603.557862573,3912156.83663801,-114.83642503371
usa_NC_0033_0070,01-Jan-1852,5697.09588622456,454730.834576922,3912179.39613335,08-Dec-2019,5591.45844722456,454617.949510567,3912205.21476604,-105.637439
usa_NC_0033_0071,01-Jan-1852,5712.69880868927,454736.726676991,3912229.53638742,08-Dec-2019,5621.44330259733,454639.178982898,3912251.99651602,-91.2555060919394
usa_NC_0033_0072,01-Jan-1852,5729.74144349979,454744.155567721,3912279.33326275,08-Dec-2019,5638.45478196445,454646.543235983,3912301.95786645,-91.2866615353396
usa_NC_0033_0073,01-Jan-1852,5750.39652190618,454755.446765628,3912328.23712318,08-Dec-2019,5657.89544384102,454656.504070888,3912351.32181849,-92.5010780651601
usa_NC_0033_0074,01-Jan-1852,5771.2033089519,454766.901073179,3912377.09893798,08-Dec-2019,5674.39624039689,454663.319205883,3912401.42498919,-96.8070685550101
usa_NC_0033_0075,01-Jan-1852,5791.55585491938,454777.870085909,3912426.07121712,08-Dec-2019,5679.99258519877,454658.460889774,3912454.2976919,-111.56326972061
usa_NC_0033_0076,01-Jan-1852,5810.80854786229,454787.662092943,3912475.32078349,08-Dec-2019,5698.13849795511,454667.029396206,3912504.02187194,-112.670049907179
usa_NC_0033_0077,01-Jan-1852,5826.07209371381,454793.181470976,3912525.5943344,08-Dec-2019,5719.28884076491,454678.814703876,3912552.98050944,-106.783252948901
usa_NC_0033_0078,01-Jan-1852,5845.39180714052,454803.043538913,3912574.83531603,08-Dec-2019,5744.57852485924,454695.035827991,3912600.86499872,-100.813282281279
usa_NC_0033_0079,01-Jan-1852,5864.74389919968,454812.940171231,3912624.06856272,08-Dec-2019,5771.25304224129,454712.745046908,3912648.3697368,-93.4908569583895
usa_NC_0033_0080,01-Jan-1852,5885.07965673367,454823.891284639,3912673.0447402,08-Dec-2019,5800.89521107634,454733.640728477,3912695.07306543,-84.1844456573299
usa_NC_0033_0081,01-Jan-1852,5903.88891439702,454833.204702882,3912722.42635677,08-Dec-2019,5827.36849136813,454751.143828887,3912742.58232261,-76.52042302889
usa_NC_0033_0082,01-Jan-1852,5919.92931469867,454839.544938164,3912772.55655905,08-Dec-2019,5853.68704970743,454768.483365014,3912790.12052276,-66.2422649912405
usa_NC_0033_0083,01-Jan-1852,5936.23283644397,454846.162719439,3912822.64060733,08-Dec-2019,5876.09496998298,454781.628703269,3912838.69086456,-60.1378664609902
usa_NC_0033_0084,01-Jan-1852,5957.5968350705,454858.208027261,3912871.38845842,08-Dec-2019,5898.7655221862,454795.055550734,3912887.19272077,-58.8313128843001
usa_NC_0033_0085,01-Jan-1852,5976.21746797061,454867.306395227,3912920.8836566,08-Dec-2019,5920.6778693142,454807.668007601,3912935.90073759,-55.5395986564108
usa_NC_0033_0086,01-Jan-1852,5992.89667761816,454874.316350641,3912970.92237015,08-Dec-2019,5944.5249795008,454822.357927858,3912984.08604372,-48.3716981173593
usa_NC_0033_0087,01-Jan-1852,6012.53880089273,454884.505554859,3913020.17159644,08-Dec-2019,5969.34117627218,454838.089726591,3913032.00294827,-43.1976246205504
usa_NC_0033_0088,01-Jan-1852,6034.38111432481,454897.05729704,3913068.82604868,08-Dec-2019,5992.65556564442,454852.208578049,3913080.3274575,-41.7255486803906
usa_NC_0033_0089,01-Jan-1852,6057.38658242444,454910.858876177,3913117.16178667,08-Dec-2019,6016.41072640873,454866.801571401,3913128.52857583,-40.9758560157106
usa_NC_0033_0090,01-Jan-1852,6078.29865410455,454922.408919517,3913166.08180375,08-Dec-2019,6042.84121988781,454884.272558486,3913175.9801858,-35.4574342167398
usa_NC_0033_0091,01-Jan-1852,6096.2382194506,454930.759379031,3913215.84411758,08-Dec-2019,6070.06860062213,454902.603340992,3913223.19581956,-26.1696188284695
usa_NC_0033_0092,01-Jan-1852,6114.75227770748,454939.724590348,3913265.46179813,08-Dec-2019,6092.55531327672,454915.834924697,3913271.7366587,-22.1969644307601
usa_NC_0033_0093,01-Jan-1852,6133.8857419487,454949.353508981,3913314.91905898,08-Dec-2019,6112.06376994169,454925.85972484,3913321.1264825,-21.8219720070101
usa_NC_0033_0094,01-Jan-1852,6151.76169698274,454957.625416526,3913364.74985319,08-Dec-2019,6138.12147974333,454942.935379043,3913368.65405589,-13.64021723941
usa_NC_0033_0095,01-Jan-1852,6167.65346646975,454963.755894956,3913415.17124827,08-Dec-2019,6161.64530842155,454957.28319083,3913416.90159543,-6.00815804820013
usa_NC_0033_0096,01-Jan-1852,6181.73702746497,454967.932481304,3913466.14280401,08-Dec-2019,6183.43960885063,454969.767308726,3913465.64943971,1.70258138565987
usa_NC_0033_0097,01-Jan-1852,6197.77112697053,454974.205571096,3913516.57687251,08-Dec-2019,6203.86018057248,454980.769747226,3913514.80160021,6.08905360195058
usa_NC_0033_0098,01-Jan-1852,6209.93098841322,454976.295888193,3913568.17166723,08-Dec-2019,6226.66376369044,454994.340254744,3913563.26342561,16.7327752772198
usa_NC_0033_0099,01-Jan-1852,6225.50060557039,454982.065469062,3913618.7550859,08-Dec-2019,6248.03497339244,455006.373341625,3913612.1092352,22.5343678220506
usa_NC_0033_0100,01-Jan-1852,6243.66387698109,454990.675325622,3913668.36092101,08-Dec-2019,6269.14311946305,455018.16280351,3913660.83174049,25.4792424819607
usa_NC_0033_0101,01-Jan-1852,6261.3932133124,454998.815923909,3913718.10059536,08-Dec-2019,6287.76019154211,455027.264174674,3913710.29373758,26.3669782297102
usa_NC_0033_0102,01-Jan-1852,6279.71574665271,455007.595437925,3913767.6701639,08-Dec-2019,6307.32746304432,455037.389893192,3913759.47867836,27.6117163916106
usa_NC_0033_0103,01-Jan-1852,6298.16702223109,455016.512849553,3913817.20665259,08-Dec-2019,6325.6828194214,455046.207006587,3913809.02759163,27.51579719031
usa_NC_0033_0104,01-Jan-1852,6315.45208867304,455024.170587948,3913867.09549205,08-Dec-2019,6335.45879829846,455045.763512835,3913861.13683492,20.0067096254206
usa_NC_0033_0105,01-Jan-1852,6327.74531995977,455026.458938936,3913918.37987861,08-Dec-2019,6359.271231178,455060.485584581,3913908.984274,31.5259112182293
usa_NC_0033_0106,01-Jan-1852,6351.29237227286,455040.96937543,3913965.93210072,08-Dec-2019,6385.69413632427,455078.091217794,3913955.72333882,34.4017640514103
usa_NC_0033_0107,01-Jan-1852,6374.47285131453,455055.083860935,3914013.5950731,08-Dec-2019,6409.16076315495,455092.50563485,3914003.34564204,34.6879118404195
usa_NC_0033_0108,01-Jan-1852,6392.34895736449,455063.476970974,3914062.82009541,08-Dec-2019,6426.60767247938,455100.426998786,3914052.74113491,34.25871511489
usa_NC_0033_0109,01-Jan-1852,6403.03670061685,455064.121242606,3914114.13876897,08-Dec-2019,6444.47277326128,455108.80192977,3914102.00096873,41.4360726444302
usa_NC_0033_0110,01-Jan-1852,6423.7866758908,455075.619154476,3914162.49244346,08-Dec-2019,6464.52786626119,455119.54019377,3914150.61000653,40.7411903703896
usa_NC_0033_0111,01-Jan-1852,6445.97842386454,455088.671934858,3914210.42278552,08-Dec-2019,6480.73829667616,455126.135990655,3914200.32899915,34.75987281162
usa_NC_0033_0112,01-Jan-1852,6465.32983608973,455098.66433151,3914259.1733223,08-Dec-2019,6498.49420476559,455134.400348393,3914249.58493884,33.1643686758607
usa_NC_0033_0113,01-Jan-1852,6484.33431183637,455108.284613872,3914308.01553421,08-Dec-2019,6516.43955769534,455142.87124749,3914298.77406382,32.1052458589702
usa_NC_0033_0114,01-Jan-1852,6503.80915824905,455118.413315843,3914356.71387094,08-Dec-2019,6536.02057480009,455153.106173238,3914347.48263886,32.2114165510402
usa_NC_0033_0115,01-Jan-1852,6523.06412715384,455128.306832886,3914405.46705823,08-Dec-2019,6558.52376593612,455166.489176384,3914395.34981329,35.4596387822803
usa_NC_0033_0116,01-Jan-1852,6539.7880701519,455135.477298897,3914454.93080483,08-Dec-2019,6581.283515704,455180.148416259,3914443.14389372,41.4954455521001
usa_NC_0033_0117,01-Jan-1852,6555.38750916488,455141.440439269,3914504.69776954,08-Dec-2019,6600.40868501673,455189.895753347,3914491.96621278,45.0211758518499
usa_NC_0033_0118,01-Jan-1852,6570.64659242564,455147.040864822,3914554.5429544,08-Dec-2019,6619.107099729,455199.185640646,3914540.89992122,48.4605073033599
usa_NC_0033_0119,01-Jan-1852,6585.23674732468,455151.933861927,3914604.51462788,08-Dec-2019,6639.48167895347,455210.287726947,3914589.31869299,54.2449316287893
usa_NC_0033_0120,01-Jan-1852,6599.87424085141,455156.901560905,3914654.35404889,08-Dec-2019,6662.34756587098,455224.086036445,3914636.95846766,62.4733250195704
usa_NC_0033_0121,01-Jan-1852,6614.96473721069,455162.358841079,3914704.05523577,08-Dec-2019,6685.225836701,455237.895285065,3914684.60669778,70.2610994903098
usa_NC_0033_0122,01-Jan-1917,6858.73996583351,455413.912901172,3914689.24487318,08-Dec-2019,6707.01610516876,455250.633580532,3914732.06196617,-151.72386066475
usa_NC_0033_0123,01-Jan-1946,6669.70118818612,455199.671038706,3914796.66804295,08-Dec-2019,6729.05022614426,455263.437192958,3914780.43481862,59.3490379581399
usa_NC_0033_0124,01-Jan-1946,6694.36366422162,455215.415939945,3914843.73489334,08-Dec-2019,6749.96058724611,455275.132525215,3914828.61902606,55.59692302449
usa_NC_0033_0125,01-Jan-1852,6672.66851575203,455181.380121061,3914903.34581808,08-Dec-2019,6768.58115405877,455284.368409772,3914877.42570256,95.9126383067405
usa_NC_0033_0126,01-Jan-1852,6686.62458206885,455185.641360056,3914953.24309567,08-Dec-2019,6788.83477557696,455295.35841554,3914925.78808273,102.21019350811
usa_NC_0033_0127,01-Jan-1946,6755.57575821681,455248.92304173,3914988.43702536,08-Dec-2019,6811.3708625931,455308.797841693,3914973.54077317,55.7951043762905
usa_NC_0033_0128,01-Jan-1946,6772.39535580401,455256.246596816,3915037.62281189,08-Dec-2019,6834.74134074902,455323.130968354,3915021.07920757,62.3459849450101
usa_NC_0033_0129,01-Jan-1917,7014.61226751493,455505.303881797,3915027.35467332,08-Dec-2019,6852.98862004303,455331.967652679,3915069.97862991,-161.6236474719
usa_NC_0033_0130,01-Jan-1917,7031.84394577744,455513.000566466,3915076.77615473,08-Dec-2019,6872.29188692645,455341.937878891,3915118.59441532,-159.55205885099
usa_NC_0033_0131,01-Jan-1917,7049.4129524999,455521.060890855,3915126.09933823,08-Dec-2019,6891.21025384133,455351.496236694,3915167.30708094,-158.20269865857
usa_NC_0033_0132,01-Jan-1917,7068.26060660626,455530.493146645,3915175.08219619,08-Dec-2019,6915.40098577996,455366.704833235,3915214.65034488,-152.8596208263
usa_NC_0033_0133,01-Jan-1917,7087.02767510162,455539.839117592,3915224.08560253,08-Dec-2019,6938.24992711054,455380.471371207,3915262.36263758,-148.77774799108
usa_NC_0033_0134,01-Jan-1917,7106.27116717548,455549.695985371,3915272.96362661,08-Dec-2019,6959.76491983565,455392.807082398,3915310.42777113,-146.506247339829
usa_NC_0033_0135,01-Jan-1917,7125.98167468264,455560.053566865,3915321.71921592,08-Dec-2019,6980.75031546815,455404.575107565,3915358.63112042,-145.23135921449
usa_NC_0033_0136,01-Jan-1917,7145.70426691446,455570.424540238,3915370.46945933,08-Dec-2019,7003.11375948592,455417.817591581,3915406.48833246,-142.59050742854
usa_NC_0033_0137,01-Jan-1917,7165.82405052677,455581.22093089,3915419.11774579,08-Dec-2019,7019.87242284555,455425.062073976,3915455.75886214,-145.95162768122
usa_NC_0033_0138,01-Jan-1917,7187.16904402165,455593.328039543,3915467.45933338,08-Dec-2019,7041.13031074401,455437.121274949,3915503.89567094,-146.03873327764
usa_NC_0033_0139,01-Jan-1917,7210.49605016232,455607.553986587,3915515.31228353,08-Dec-2019,7064.64376745031,455451.59183082,3915551.47602184,-145.85228271201
usa_NC_0033_0140,01-Jan-1917,7240.14924885647,455628.54089291,3915561.61537817,08-Dec-2019,7085.36852446194,455463.079295334,3915599.75328224,-154.78072439453
usa_NC_0033_0141,01-Jan-1917,7271.28141494237,455650.953683646,3915608.33044099,08-Dec-2019,7108.55123212072,455477.1476396,3915647.65853595,-162.73018282165
usa_NC_0033_0142,01-Jan-1917,7297.95521192464,455667.875394107,3915659.77248926,08-Dec-2019,7135.30574091031,455494.798408692,3915695.86399961,-162.64947101433
usa_NC_0033_0143,01-Jan-1917,7321.67123264547,455681.962553799,3915710.30524456,08-Dec-2019,7162.31971283445,455512.807857326,3915743.59861719,-159.35151981102
usa_NC_0033_0144,01-Jan-1917,7344.30949515589,455695.467855718,3915758.24970111,08-Dec-2019,7203.34167237545,455545.884899169,3915787.41644776,-140.96782278044
usa_NC_0033_0145,01-Jan-1917,7366.62464144194,455709.500055182,3915801.9084037,08-Dec-2019,7223.56313394464,455557.220851649,3915833.88345915,-143.0615074973
usa_NC_0033_0146,01-Jan-1917,7380.65673152939,455714.45620667,3915848.71605222,08-Dec-2019,7254.04766433545,455579.396743041,3915878.47897016,-126.60906719394
usa_NC_0033_0147,01-Jan-1917,7395.15141073501,455719.257369001,3915898.66005933,08-Dec-2019,7275.12563131464,455591.273693632,3915926.60963605,-120.025779420371
usa_NC_0033_0148,01-Jan-1917,7410.73653851889,455725.225281768,3915948.33010657,08-Dec-2019,7298.68103852653,455605.789821704,3915974.176013,-112.05549999236
usa_NC_0033_0149,01-Jan-1917,7414.94670806074,455719.073540645,3916000.60151162,08-Dec-2019,7318.04012255008,455615.823897358,3916022.75712402,-96.9065855106601
usa_NC_0033_0150,01-Jan-1917,7436.8003417107,455731.704512118,3916048.91724144,08-Dec-2019,7336.73407480908,455625.109664186,3916071.68867956,-100.06626690162
usa_NC_0033_0151,01-Jan-1917,7458.85847771922,455744.552327035,3916097.19144423,08-Dec-2019,7354.89542387942,455633.828563147,3916120.73901545,-103.9630538398
usa_NC_0033_0152,01-Jan-1917,7475.24098168894,455751.355586911,3916146.75035892,08-Dec-2019,7372.24763091341,455641.686470242,3916169.96877508,-102.99335077553
usa_NC_0033_0153,01-Jan-1917,7493.12372063427,455759.757372056,3916195.96581747,08-Dec-2019,7390.91712930077,455650.947710636,3916218.89827442,-102.2065913335
usa_NC_0033_0154,01-Jan-1917,7512.29314555679,455769.529428518,3916244.89028157,08-Dec-2019,7409.67871769277,455660.30735238,3916267.80530032,-102.614427864019
usa_NC_0033_0155,01-Jan-1917,7531.4826581497,455779.323044533,3916293.80936719,08-Dec-2019,7428.09225477614,455669.296942989,3916316.78798723,-103.39040337356
usa_NC_0033_0156,01-Jan-1917,7550.99700731171,455789.48089655,3916342.56342092,08-Dec-2019,7445.97049347377,455677.753055546,3916365.70860496,-105.02651383794
usa_NC_0033_0157,01-Jan-1917,7570.87373128741,455800.035870891,3916391.17943654,08-Dec-2019,7465.01811492435,455687.47665711,3916414.2539548,-105.85561636306
usa_NC_0033_0158,01-Jan-1917,7590.68750074286,455810.523772659,3916439.80983205,08-Dec-2019,7480.49800197391,455693.408840474,3916463.56572941,-110.18949876895
usa_NC_0033_0159,01-Jan-1917,7610.50904794957,455821.019836165,3916488.43907544,08-Dec-2019,7500.68548378387,455704.34619557,3916511.85406189,-109.8235641657
usa_NC_0033_0160,01-Jan-1917,7629.79904094153,455830.951294249,3916537.1811303,08-Dec-2019,7506.85690469851,455700.399348381,3916563.10022423,-122.942136243019
usa_NC_0033_0161,01-Jan-1917,7648.86792592113,455840.64842106,3916585.96748404,08-Dec-2019,7522.95457308161,455707.001182656,3916612.21354407,-125.91335283952
usa_NC_0033_0162,01-Jan-1917,7667.85809127898,455850.262599485,3916634.767212,08-Dec-2019,7544.79830776771,455719.702585822,3916660.12628991,-123.05978351127
usa_NC_0033_0163,01-Jan-1917,7687.00757597178,455860.046371242,3916683.53128725,08-Dec-2019,7565.32523609951,455731.005389762,3916708.31808008,-121.68233987227
usa_NC_0033_0164,01-Jan-1917,7708.5614599643,455872.384287855,3916731.78385818,08-Dec-2019,7582.59610426727,455738.866390873,3916757.11725877,-125.965355697031
usa_NC_0033_0165,01-Jan-1917,7727.17806728277,455881.640955771,3916780.46632047,08-Dec-2019,7602.24092650833,455749.312916475,3916805.09252635,-124.93714077444
usa_NC_0033_0166,01-Jan-1917,7742.86005076337,455887.793336191,3916829.70750713,08-Dec-2019,7620.07142468175,455757.838941518,3916853.41964126,-122.78862608162
usa_NC_0033_0167,01-Jan-1917,7755.83241494645,455891.086390715,3916879.42980631,08-Dec-2019,7636.13105550241,455764.494759718,3916902.06868795,-119.70135944404
usa_NC_0033_0168,01-Jan-1917,7768.78350546428,455894.367286503,3916929.10438628,08-Dec-2019,7652.17984620854,455771.144296836,3916950.69384708,-116.60365925574
usa_NC_0033_0169,01-Jan-1917,7786.19556152647,455902.358784334,3916977.97103599,08-Dec-2019,7668.22482186343,455777.781675888,3916999.36038033,-117.970739663039
usa_NC_0033_0170,01-Jan-1917,7806.25788639606,455913.140243158,3917026.40081721,08-Dec-2019,7686.36984883803,455786.6230148,3917047.71468426,-119.88803755803
usa_NC_0033_0171,01-Jan-1917,7835.40007077871,455933.494715764,3917073.2609829,08-Dec-2019,7701.71016270353,455792.506523858,3917096.55775828,-133.68990807518
usa_NC_0033_0172,01-Jan-1917,7857.7707437088,455946.697498241,3917121.35376765,08-Dec-2019,7719.80173278448,455801.293481686,3917144.91139847,-137.96901092432
usa_NC_0033_0173,01-Jan-1917,7878.72888070739,455958.406880755,3917169.71147748,08-Dec-2019,7734.87823675386,455806.905072274,3917193.76895089,-143.85064395353
usa_NC_0033_0174,01-Jan-1917,7898.41851678981,455968.777442393,3917218.29559598,08-Dec-2019,7751.11529194791,455813.742409429,3917242.41506019,-147.3032248419
usa_NC_0033_0175,01-Jan-1917,7918.15670900193,455979.197121204,3917266.88171069,08-Dec-2019,7766.26686234891,455819.440691243,3917291.22186447,-151.88984665302
usa_NC_0033_0176,01-Jan-1917,7937.74437895044,455989.456567802,3917315.50152574,08-Dec-2019,7783.61175178034,455827.448508499,3917339.66407364,-154.1326271701
usa_NC_0033_0177,01-Jan-1917,7957.39091427274,455999.776045245,3917364.12133217,08-Dec-2019,7803.6500359136,455838.286559347,3917387.68795993,-153.74087835914
usa_NC_0033_0178,01-Jan-1917,7974.74150428699,456007.683573212,3917413.09451826,08-Dec-2019,7818.47156342861,455843.645892466,3917436.50667953,-156.269940858379
usa_NC_0033_0179,01-Jan-1852,7783.44695291312,455796.720437594,3917492.59780462,08-Dec-2019,7832.63613603509,455848.320649609,3917485.39862967,49.18918312197
usa_NC_0033_0180,01-Jan-1852,7803.92281372823,455808.050899473,3917540.39057084,08-Dec-2019,7844.94282593656,455851.053209135,3917534.52871416,41.0200122083306
usa_NC_0033_0181,01-Jan-1852,7831.3147749725,455826.616805126,3917587.2694656,08-Dec-2019,7857.1455888737,455853.678103342,3917583.66722479,25.8308139011997
usa_NC_0033_0182,01-Jan-1852,7857.75227160153,455844.163276176,3917634.37906483,08-Dec-2019,7870.25526412792,455857.253270913,3917632.6784656,12.5029925263898
usa_NC_0033_0183,01-Jan-1852,7883.09900194237,455860.555601278,3917681.69792498,08-Dec-2019,7881.67668495133,455859.067494842,3917681.88644352,-1.42231699104013
usa_NC_0033_0184,01-Jan-1852,7906.53070266831,455874.932582167,3917729.32933409,08-Dec-2019,7893.71622551491,455861.534276057,3917730.98323655,-12.8144771534007
usa_NC_0033_0185,01-Jan-1852,7927.44733870933,455886.688171648,3917777.24401481,08-Dec-2019,7907.77586771082,455866.135377874,3917779.70829322,-19.6714709985099
usa_NC_0033_0186,01-Jan-1852,7945.68930265791,455895.681448463,3917825.33266395,08-Dec-2019,7921.13815135662,455870.052409603,3917828.29785654,-24.5511513012898
usa_NC_0033_0187,01-Jan-1852,7962.92634605476,455903.621381536,3917873.56421938,08-Dec-2019,7936.15094644816,455875.694432949,3917876.67798602,-26.7753996066003
usa_NC_0033_0188,01-Jan-1852,7978.85817489524,455910.197740625,3917921.95869624,08-Dec-2019,7951.28436589453,455881.462687302,3917925.04199164,-27.5738090007098
usa_NC_0033_0189,01-Jan-1852,7993.86032423427,455915.806732128,3917970.44980085,08-Dec-2019,7965.00892078998,455885.765997055,3917973.54725727,-28.8514034442896
usa_NC_0033_0190,01-Jan-1852,8007.83473849266,455920.354539383,3918019.00661899,08-Dec-2019,7981.14667273987,455892.590048402,3918021.75307863,-26.68806575279
usa_NC_0033_0191,01-Jan-1852,8020.79095727391,455923.840246948,3918067.68241539,08-Dec-2019,7996.36802699911,455898.45390998,3918070.08738844,-24.4229302747999
usa_NC_0033_0192,01-Jan-1852,8031.83772288403,455925.340947793,3918116.5473989,08-Dec-2019,8011.41217492002,455904.127743772,3918118.46832971,-20.4255479640096
usa_NC_0033_0193,01-Jan-1852,8043.2792095799,455927.251537335,3918165.37552962,08-Dec-2019,8028.49355340804,455911.908692827,3918166.70109455,-14.7856561718609
usa_NC_0033_0194,01-Jan-1852,8055.06988718865,455929.492845852,3918214.33064789,08-Dec-2019,8046.70833493129,455920.822521347,3918215.04861236,-8.36155225736002
usa_NC_0033_0195,01-Jan-1852,8068.95256774308,455933.902043778,3918263.11297353,08-Dec-2019,8064.43080999232,455929.216722957,3918263.48414573,-4.52175775076012
usa_NC_0033_0196,01-Jan-1852,8086.56923662997,455942.174542565,3918311.61759178,08-Dec-2019,8081.65772255,455937.089068201,3918312.00223512,-4.9115140799704
usa_NC_0033_0197,01-Jan-1852,8106.9675211493,455953.316537716,3918359.95762017,08-Dec-2019,8098.96635858844,455945.03799978,3918360.55411798,-8.00116256086039
usa_NC_0033_0198,01-Jan-1852,8126.68970469279,455963.746807673,3918408.40903566,08-Dec-2019,8115.11046472321,455951.774840925,3918409.22879916,-11.5792399695802
usa_NC_0033_0199,01-Jan-1852,8143.65363569885,455971.31569569,3918457.10366246,08-Dec-2019,8127.52368322834,455954.650751038,3918458.18515205,-16.12995247051
usa_NC_0033_0200,01-Jan-1852,8159.657512021,455977.861374916,3918506.01935334,08-Dec-2019,8136.65109519337,455954.106713999,3918507.48771458,-23.0064168276303
usa_NC_0033_0201,01-Jan-1852,8175.09339792467,455983.778145439,3918555.18370815,08-Dec-2019,8147.33349878931,455955.128813661,3918556.88834556,-27.7598991353598
usa_NC_0033_0202,01-Jan-1852,8190.99082864173,455990.167747505,3918604.33724272,08-Dec-2019,8154.60056032303,455952.629081424,3918606.48399581,-36.3902683187007
usa_NC_0033_0203,01-Jan-1852,8205.5847087469,455995.209571154,3918653.58314344,08-Dec-2019,8162.10339641002,455950.3770261,3918656.04340847,-43.4813123368795
usa_NC_0033_0204,01-Jan-1852,8219.00562941717,455999.040093381,3918702.90487545,08-Dec-2019,8168.13443357828,455946.61248016,3918705.66084568,-50.8711958388903
usa_NC_0033_0205,01-Jan-1852,8229.69743174495,456000.057989412,3918752.3745076,08-Dec-2019,8176.27568854309,455945.027447633,3918755.14027539,-53.4217432018595
usa_NC_0033_0206,01-Jan-1852,8244.09470736819,456004.859199642,3918801.82119448,08-Dec-2019,8185.12284599821,455944.131041918,3918804.77599727,-58.9718613699788
usa_NC_0033_0207,01-Jan-1852,8264.37501318087,456015.694714919,3918851.09288098,08-Dec-2019,8198.20660650278,455947.571533671,3918854.32895524,-66.1684066780908
usa_NC_0033_0208,01-Jan-1852,8276.31941473175,456017.946157816,3918900.78178371,08-Dec-2019,8212.84941922027,455952.616296862,3918903.80986359,-63.4699955114793
usa_NC_0033_0209,01-Jan-1852,8289.08762267663,456021.045446547,3918950.4318871,08-Dec-2019,8228.1235248451,455958.309494979,3918953.26744363,-60.964097831531
usa_NC_0033_0210,01-Jan-1852,8300.46176939618,456022.712946319,3919000.1328732,08-Dec-2019,8242.10218960499,455962.67116029,3919002.77747723,-58.3595797911912
usa_NC_0033_0211,01-Jan-1852,8308.65314346683,456021.112405854,3919049.94568369,08-Dec-2019,8259.50458985113,455970.558891537,3919052.11413709,-49.1485536156997
usa_NC_0033_0212,01-Jan-1852,8319.35450076609,456022.093773909,3919099.64687744,08-Dec-2019,8279.90802684267,455981.529099227,3919101.3401488,-39.4464739234209
usa_NC_0033_0213,01-Jan-1852,8325.35270984714,456018.239370264,3919149.54646434,08-Dec-2019,8296.78004218441,455988.863560617,3919150.73886008,-28.572667662731
usa_NC_0033_0214,01-Jan-1852,8334.16660679838,456017.271911484,3919199.3680237,08-Dec-2019,8309.37846207141,455991.791916228,3919200.37789586,-24.7881447269701
usa_NC_0033_0215,01-Jan-1852,8351.26651424823,456024.763893242,3919249.14144789,08-Dec-2019,8322.78650236159,455995.487226599,3919250.31054597,-28.4800118866387
usa_NC_0033_0216,01-Jan-1852,8370.46905759105,456034.41834911,3919298.82344283,08-Dec-2019,8332.46605105306,455995.349954162,3919300.3952304,-38.0030065379906
usa_NC_0033_0217,01-Jan-1852,8382.07410029949,456036.262993974,3919348.81626212,08-Dec-2019,8336.68759917789,455989.601304349,3919350.7074843,-45.3865011215985
usa_NC_0033_0218,01-Jan-1852,8394.11064301267,456038.552952055,3919398.78264524,08-Dec-2019,8339.10611670822,455981.999991589,3919401.08973485,-55.0045263044485
usa_NC_0033_0219,01-Jan-1852,8404.54100494628,456039.19455506,3919448.80117737,08-Dec-2019,8345.16614766701,455978.145823089,3919451.3036411,-59.3748572792701
usa_NC_0033_0220,01-Jan-1852,8415.04720198085,456039.914176664,3919498.81628517,08-Dec-2019,8350.81657337666,455973.870171455,3919501.53646457,-64.2306286041894
usa_NC_0033_0221,01-Jan-1852,8426.49601330033,456041.603113798,3919548.79102719,08-Dec-2019,8358.57608575812,455971.762892258,3919551.68126167,-67.9199275422088
usa_NC_0033_0222,01-Jan-1852,8433.32328955992,456038.539790185,3919598.96273943,08-Dec-2019,8367.54417582266,455970.898236548,3919601.77525105,-65.7791137372587
usa_NC_0033_0223,01-Jan-1852,8450.94888575389,456046.58071373,3919648.67180553,08-Dec-2019,8377.98321577347,455971.546161026,3919651.80643477,-72.96566998042
usa_NC_0033_0224,01-Jan-1852,8461.22545561355,456047.064565136,3919698.69493724,08-Dec-2019,8388.651880406,455972.430275611,3919701.82748047,-72.5735752075507
usa_NC_0033_0225,01-Jan-1852,8479.48706944974,456055.758326054,3919748.38275531,08-Dec-2019,8398.85361460528,455972.832020683,3919751.87959351,-80.6334548444611
usa_NC_0033_0226,01-Jan-1852,8490.97063510194,456057.478068451,3919798.38069835,08-Dec-2019,8409.66102639147,455973.853076695,3919801.92340265,-81.3096087104695
usa_NC_0033_0227,01-Jan-1852,8502.52486052769,456059.270367913,3919848.37613734,08-Dec-2019,8418.88779594366,455973.248242248,3919852.03727052,-83.6370645840307
usa_NC_0033_0228,01-Jan-1852,8514.63374890052,456061.633055551,3919898.34775678,08-Dec-2019,8430.51501494647,455975.112104722,3919902.04709018,-84.1187339540502
usa_NC_0033_0229,01-Jan-1852,8524.88257076055,456062.082414808,3919948.40189349,08-Dec-2019,8444.84733422734,455979.758320966,3919951.93793266,-80.035236533211
usa_NC_0033_0230,01-Jan-1852,8532.72005073339,456060.051154651,3919998.56415557,08-Dec-2019,8468.13160400043,455993.612973732,3920001.43088127,-64.5884467329597
usa_NC_0033_0231,01-Jan-1852,8543.42314796291,456060.967280032,3920048.60072745,08-Dec-2019,8496.99939563496,456013.212119808,3920050.67067239,-46.4237523279498
usa_NC_0033_0232,01-Jan-1852,8554.51566223452,456062.283825449,3920098.62076308,08-Dec-2019,8524.31253855793,456031.213263796,3920099.97361139,-30.2031236765906
usa_NC_0033_0233,01-Jan-1852,8567.5943926394,456065.643560477,3920148.55218773,08-Dec-2019,8545.45297443067,456042.865336908,3920149.54844625,-22.1414182087301
usa_NC_0033_0234,01-Jan-1852,8578.78693660045,456067.062794716,3920198.56881247,08-Dec-2019,8559.36557456017,456047.082068316,3920199.44663509,-19.4213620402807
usa_NC_0033_0235,01-Jan-1852,8589.96684444966,456068.45597155,3920248.65135222,08-Dec-2019,8570.45074866063,456048.375779691,3920249.54348164,-19.5160957890294
usa_NC_0033_0236,01-Jan-1852,8600.53329804453,456069.188713877,3920298.90830683,08-Dec-2019,8578.20779928341,456046.212570657,3920299.95560943,-22.3254987611199
usa_NC_0033_0237,01-Jan-1852,8616.4994986583,456075.478701107,3920348.91130526,08-Dec-2019,8581.46818829806,456039.418062537,3920350.59663783,-35.0313103602402
usa_NC_0033_0238,01-Jan-1852,8625.35351128123,456074.447243437,3920399.25786163,08-Dec-2019,8587.22788673223,456035.192232563,3920401.13778751,-38.1256245490003
usa_NC_0033_0239,01-Jan-1852,8635.98158321191,456075.240836603,3920449.52475327,08-Dec-2019,8593.21174247083,456031.193778716,3920451.68500592,-42.769840741079
usa_NC_0033_0240,01-Jan-1852,8644.9767330838,456074.351218651,3920499.88175759,08-Dec-2019,8599.40758356713,456027.410324091,3920502.23811452,-45.5691495166702
usa_NC_0033_0241,01-Jan-1852,8656.51043658508,456076.075259346,3920550.11405924,08-Dec-2019,8605.81741580063,456023.844083208,3920552.79626714,-50.6930207844507
usa_NC_0033_0242,01-Jan-1852,8668.8291198849,456078.607584916,3920600.30739529,08-Dec-2019,8613.01529583407,456021.08682206,3920603.32763377,-55.8138240508306
usa_NC_0033_0243,01-Jan-1852,8682.88675153711,456082.931988071,3920650.40689505,08-Dec-2019,8623.69888146338,456021.919768389,3920653.680891,-59.1878700737288
usa_NC_0033_0244,01-Jan-1852,8690.19252551933,456080.295101378,3920700.88647901,08-Dec-2019,8634.99266812701,456023.380544856,3920704.00629564,-55.1998573923192
usa_NC_0033_0245,01-Jan-1852,8700.46969854522,456080.720010753,3920751.20765681,08-Dec-2019,8645.77030171361,456024.308301668,3920754.36504151,-54.6993968316092
usa_NC_0033_0246,01-Jan-1852,8716.94948307975,456087.542001321,3920801.16928883,08-Dec-2019,8658.49182460007,456027.240311417,3920804.61402318,-58.4576584796796
usa_NC_0033_0247,01-Jan-1852,8729.72872814522,456090.57738949,3920851.19550034,08-Dec-2019,8672.73043523325,456031.774987741,3920854.58482897,-56.9982929119706
usa_NC_0033_0248,01-Jan-1852,8742.31744418056,456093.423517331,3920901.19651287,08-Dec-2019,8685.90501477192,456035.221319556,3920904.57203863,-56.4124294086396
usa_NC_0033_0249,01-Jan-1852,8750.35768626853,456091.576507807,3920951.47147352,08-Dec-2019,8697.24011146242,456036.769741275,3920954.66965147,-53.1175748061087
usa_NC_0033_0250,01-Jan-1852,8767.87774019791,456099.533645228,3921001.06122198,08-Dec-2019,8716.79019463095,456046.822900052,3921004.12999095,-51.0875455669593
usa_NC_0033_0251,01-Jan-1852,8774.02674563176,456095.795108632,3921051.15052715,08-Dec-2019,8741.21854680197,456061.950659631,3921053.09044257,-32.808198829789
usa_NC_0033_0252,01-Jan-1852,8793.59732864455,456105.901990272,3921100.44663437,08-Dec-2019,8756.42539737668,456067.562958412,3921102.60964985,-37.1719312678688
usa_NC_0033_0253,01-Jan-1852,8804.34345165974,456106.906401787,3921150.2609633,08-Dec-2019,8763.58038668688,456064.871132954,3921152.59466725,-40.7630649728617
usa_NC_0033_0254,01-Jan-1852,8807.52347938848,456100.110710907,3921200.49780225,08-Dec-2019,8771.49647628709,456062.966072202,3921202.52654951,-36.0270031013897
usa_NC_0033_0255,01-Jan-1852,8828.03491176157,456111.184379999,3921249.75718817,08-Dec-2019,8781.82834942789,456063.553051942,3921252.31581818,-46.2065623336803
usa_NC_0033_0256,01-Jan-1852,8837.46526876769,456110.834419525,3921299.63454099,08-Dec-2019,8792.02322564843,456063.999700408,3921302.10821948,-45.4420431192593
usa_NC_0033_0257,01-Jan-1852,8847.34154788783,456110.945163816,3921349.48203305,08-Dec-2019,8802.47058971295,456064.707436297,3921351.88256505,-44.8709581748808
usa_NC_0033_0258,01-Jan-1852,8857.34186221067,456111.184733174,3921399.31782623,08-Dec-2019,8811.39438474789,456063.846298251,3921401.73289954,-45.9474774627797
usa_NC_0033_0259,01-Jan-1852,8865.44195112359,456109.467895824,3921449.24677348,08-Dec-2019,8822.10189566921,456064.823927668,3921451.48420667,-43.3400554543805
usa_NC_0033_0260,01-Jan-1852,8885.56242796812,456120.132536253,3921498.55792506,08-Dec-2019,8830.57502069912,456063.50108526,3921501.34517432,-54.987407269
usa_NC_0034_0001,01-Jan-1852,8894.43348565458,456119.210722052,3921548.44277075,08-Dec-2019,8834.68061672157,456057.682501641,3921551.41566379,-59.7528689330102
usa_NC_0034_0002,01-Jan-1852,8899.3621297332,456114.231502121,3921598.51303868,08-Dec-2019,8841.73035564367,456054.898168757,3921601.32649773,-57.6317740895302
usa_NC_0034_0003,01-Jan-1852,8919.85746934483,456125.278553101,3921647.82350525,08-Dec-2019,8851.92604636568,456055.354168296,3921651.07625941,-67.9314229791507
usa_NC_0034_0004,01-Jan-1852,8932.57435056224,456128.317458933,3921697.51385112,08-Dec-2019,8863.46299394653,456057.191429109,3921700.75852082,-69.1113566157092
usa_NC_0034_0005,01-Jan-1852,8949.21408987564,456135.392815683,3921747.02384264,08-Dec-2019,8876.39804708241,456060.467695675,3921750.37442344,-72.8160427932307
usa_NC_0034_0006,01-Jan-1852,8965.84348778813,456142.456040568,3921796.5417712,08-Dec-2019,8888.8356367127,456063.232065544,3921800.01333877,-77.0078510754302
usa_NC_0034_0007,01-Jan-1852,8978.19088392864,456145.113346927,3921846.25618715,08-Dec-2019,8904.27426040313,456069.083343905,3921849.5194126,-73.9166235255107
usa_NC_0034_0008,01-Jan-1852,8989.69680272307,456146.903753891,3921896.01457326,08-Dec-2019,8919.35918112706,456074.567693758,3921899.05667851,-70.3376215960106
usa_NC_0034_0009,01-Jan-1852,9000.9279506438,456148.408762239,3921945.79896021,08-Dec-2019,8928.63330645368,456074.07200657,3921948.86600383,-72.2946441901204
usa_NC_0034_0010,01-Jan-1852,9016.22794902972,456154.097351447,3921995.41174369,08-Dec-2019,8939.25428391735,456074.962105117,3921998.61374123,-76.9736651123712
usa_NC_0034_0011,01-Jan-1852,9033.55002400445,456161.863591212,3922044.94646771,08-Dec-2019,8954.71461224208,456080.827317021,3922048.16085185,-78.8354117623694
usa_NC_0034_0012,01-Jan-1852,9050.93637153319,456169.694139331,3922094.48737135,08-Dec-2019,8976.7527150836,456093.45171312,3922097.45089047,-74.1836564495898
usa_NC_0034_0013,01-Jan-1852,9059.02576414125,456167.83927814,3922145.05245494,08-Dec-2019,8995.53076851158,456102.67258974,3922147.13637506,-63.4949956296696
usa_NC_0034_0014,01-Jan-1852,9068.82199306714,456167.930352624,3922194.58986124,08-Dec-2019,9003.50901036877,456100.86931176,3922196.87608043,-65.3129826983695
usa_NC_0034_0015,01-Jan-1852,9087.08155533936,456176.722268025,3922243.77600783,08-Dec-2019,9012.07728784177,456099.673521654,3922246.58682314,-75.0042674975903
usa_NC_0034_0016,01-Jan-1852,9105.40587500225,456185.510062645,3922293.31325328,08-Dec-2019,9020.56011791978,456098.365530458,3922296.42299763,-84.8457570824703
usa_NC_0034_0017,01-Jan-1852,9119.53836826483,456189.990645876,3922343.01321145,08-Dec-2019,9030.10266779935,456098.146526728,3922346.2175488,-89.4357004654794
usa_NC_0034_0018,01-Jan-1852,9131.33465872487,456192.033517926,3922392.99002408,08-Dec-2019,9046.47520420672,456104.886886444,3922396.04037184,-84.8594545181513
usa_NC_0034_0019,01-Jan-1852,9150.53632267349,456201.66923053,3922442.76132949,08-Dec-2019,9077.75131949819,456126.916122398,3922445.40950332,-72.7850031753005
usa_NC_0034_0020,01-Jan-1852,9160.05495571151,456201.360708018,3922492.88181108,08-Dec-2019,9094.67177447176,456134.203847066,3922495.289305,-65.3831812397493
usa_NC_0034_0021,01-Jan-1852,9176.66227228309,456208.333567503,3922542.73927398,08-Dec-2019,9098.83296718066,456128.386141894,3922545.63912543,-77.8293051024302
usa_NC_0034_0022,01-Jan-1852,9196.15713363369,456218.273828671,3922592.48278132,08-Dec-2019,9109.19163406969,456128.933957991,3922595.76112037,-86.9654995639994
usa_NC_0034_0023,01-Jan-1852,9209.9774821879,456222.385678918,3922642.43504644,08-Dec-2019,9123.02075005139,456133.047202113,3922645.75115291,-86.9567321365103
usa_NC_0034_0024,01-Jan-1852,9219.67169723934,456222.258550377,3922692.54381397,08-Dec-2019,9136.71129385583,456137.018597224,3922695.74387436,-82.9604033835112
usa_NC_0034_0025,01-Jan-1852,9240.34128455005,456233.409142977,3922742.22535932,08-Dec-2019,9140.17649004895,456130.483292224,3922746.13294767,-100.164794501099
usa_NC_0034_0026,01-Jan-1852,9256.03615238324,456239.449185226,3922792.094481,08-Dec-2019,9152.67267434838,456133.227424373,3922796.17216678,-103.36347803486
usa_NC_0034_0027,01-Jan-1852,9272.93726926837,456246.729799576,3922841.91117713,08-Dec-2019,9171.23715860098,456142.20849287,3922845.96783148,-101.700110667391
usa_NC_0034_0028,01-Jan-1852,9279.57588273109,456243.463399134,3922892.13635729,08-Dec-2019,9185.17745198339,456146.438050616,3922895.94315974,-94.3984307476985
usa_NC_0034_0029,01-Jan-1852,9298.40616503884,456252.728279795,3922941.8681693,08-Dec-2019,9194.58819767992,456146.012168245,3922946.10037155,-103.81796735892
usa_NC_0034_0030,01-Jan-1852,9319.59041454237,456264.414459609,3922991.49591596,08-Dec-2019,9208.10441668474,456149.80648506,3922996.08962576,-111.48599785763
usa_NC_0034_0031,01-Jan-1852,9330.34720249337,456265.382086503,3923041.54875533,08-Dec-2019,9221.78825375906,456153.773606541,3923046.06950754,-108.558948734311
usa_NC_0034_0032,01-Jan-1852,9339.81110478941,456265.020391617,3923091.65602349,08-Dec-2019,9232.81813107678,456155.012493944,3923096.1585172,-106.992973712631
usa_NC_0034_0033,01-Jan-1852,9354.16647551667,456269.688200969,3923141.55644462,08-Dec-2019,9246.01847692267,456158.483241656,3923146.15503399,-108.147998593999
usa_NC_0034_0034,01-Jan-1852,9373.58200455634,456279.560273377,3923191.23633675,08-Dec-2019,9260.2957627381,456163.061887464,3923196.10317143,-113.286241818239
usa_NC_0034_0035,01-Jan-1852,9383.04882422144,456279.202192987,3923241.34040486,08-Dec-2019,9275.11740195248,456168.200984553,3923246.02460447,-107.931422268959
usa_NC_0034_0036,01-Jan-1852,9392.557096231,456278.886516533,3923291.44381193,08-Dec-2019,9288.91089045023,456172.283306817,3923295.9875635,-103.646205780769
usa_NC_0034_0037,01-Jan-1852,9403.10797799111,456279.625282542,3923341.59115391,08-Dec-2019,9305.12126983551,456178.821429234,3923345.99492029,-97.9867081556004
usa_NC_0034_0038,01-Jan-1852,9410.17176255611,456276.771331977,3923391.92205999,08-Dec-2019,9317.74821195674,456181.667179107,3923396.19290381,-92.4235505993711
usa_NC_0034_0039,01-Jan-1852,9419.55282494854,456276.300562552,3923442.15242034,08-Dec-2019,9329.19528478022,456183.299451993,3923446.44234282,-90.3575401683192
usa_NC_0034_0040,01-Jan-1852,9429.21671547079,456276.12024839,3923492.37259317,08-Dec-2019,9339.95383944124,456184.223201626,3923496.72377647,-89.2628760295502
usa_NC_0034_0041,01-Jan-1852,9439.03559491498,456276.098961725,3923542.58788923,08-Dec-2019,9355.42564726286,456190.000454839,3923546.76964866,-83.6099476521194
usa_NC_0034_0042,01-Jan-1852,9447.90230926148,456275.096429558,3923592.85451238,08-Dec-2019,9365.86941942998,456190.601100867,3923597.06158136,-82.0328898315001
usa_NC_0034_0043,01-Jan-1852,9461.51799721493,456278.985228961,3923642.87856113,08-Dec-2019,9377.66858570379,456192.597555521,3923647.28536015,-83.8494115111407
usa_NC_0034_0044,01-Jan-1852,9473.4424290082,456281.131125674,3923692.99374459,08-Dec-2019,9393.97972018899,456199.242757774,3923697.27103377,-79.4627088192101
usa_NC_0034_0045,01-Jan-1852,9487.47960622752,456285.453866827,3923742.99717634,08-Dec-2019,9410.85100398604,456206.466635506,3923747.21941369,-76.6286022414806
usa_NC_0034_0046,01-Jan-1852,9503.80466731915,456292.135640596,3923792.87090419,08-Dec-2019,9423.22936220068,456209.059726126,3923797.41319821,-80.5753051184693
usa_NC_0034_0047,01-Jan-1852,9522.3811885417,456301.140630654,3923842.60828483,08-Dec-2019,9432.92423076904,456208.884651018,3923847.76524338,-89.4569577726597
usa_NC_0034_0048,01-Jan-1852,9535.3299150671,456304.342762004,3923892.6649673,08-Dec-2019,9447.54653808772,456213.790366096,3923897.83735508,-87.7833769793797
usa_NC_0034_0049,01-Jan-1852,9550.2243503547,456309.552063453,3923942.60657229,08-Dec-2019,9461.69480242197,456218.207393428,3923947.93585537,-88.5295479327306
usa_NC_0034_0050,01-Jan-1852,9563.53953541972,456313.13207669,3923992.64234351,08-Dec-2019,9474.16771495397,456220.895557885,3923998.13639472,-89.3718204657507
usa_NC_0034_0051,01-Jan-1852,9578.22645740343,456318.127924761,3924042.5931446,08-Dec-2019,9494.97486013118,456232.186558898,3924047.81728411,-83.2515972722504
usa_NC_0034_0052,01-Jan-1852,9584.82222397392,456314.769612274,3924093.05962608,08-Dec-2019,9510.97351746805,456238.516077157,3924097.78809117,-73.8487065058707
usa_NC_0034_0053,01-Jan-1852,9593.74662275021,456313.812700429,3924143.39232952,08-Dec-2019,9525.81620553265,456243.652822286,3924147.82871306,-67.9304172175598
usa_NC_0034_0054,01-Jan-1852,9601.75610294517,456311.908141586,3924193.79830105,08-Dec-2019,9538.87087112858,456246.942950958,3924197.98566379,-62.88523181659
usa_NC_0034_0055,01-Jan-1852,9611.27936988254,456311.538492891,3924244.24832912,08-Dec-2019,9554.02786539694,456252.369105301,3924248.1819753,-57.2515044856009
usa_NC_0034_0056,01-Jan-1852,9626.77793922385,456317.259877002,3924294.71036346,08-Dec-2019,9565.16198498507,456253.520633902,3924299.2401415,-61.6159542387795
usa_NC_0034_0057,01-Jan-1852,9633.05563449343,456313.436732215,3924345.87982356,08-Dec-2019,9578.93303089736,456257.396898581,3924350.11975827,-54.1226035960699
usa_NC_0034_0058,01-Jan-1852,9646.1533720593,456316.666982961,3924396.55623535,08-Dec-2019,9593.92792308986,456262.541019943,3924400.90021134,-52.2254489694405
usa_NC_0034_0059,01-Jan-1852,9656.79190859945,456317.34448243,3924447.45750737,08-Dec-2019,9611.35870426567,456270.213877433,3924451.45701642,-45.4332043337799
usa_NC_0034_0060,01-Jan-1852,9673.30373424786,456324.113947042,3924497.84551459,08-Dec-2019,9628.50673622051,456277.599741539,3924502.00708718,-44.7969980273501
usa_NC_0034_0061,01-Jan-1852,9691.80845618956,456332.959612409,3924548.01380166,08-Dec-2019,9642.09098242951,456281.287799944,3924552.87526199,-49.717473760049
usa_NC_0034_0062,01-Jan-1852,9710.70994791507,456342.226924229,3924598.09685085,08-Dec-2019,9652.26022888577,456281.422398028,3924604.09848342,-58.4497190292986
usa_NC_0034_0063,01-Jan-1852,9729.64032977809,456351.534030947,3924648.12818679,08-Dec-2019,9661.91099143402,456281.009527147,3924655.41546088,-67.7293383440701
usa_NC_0034_0064,01-Jan-1852,9743.6685394843,456355.741640369,3924698.66201677,08-Dec-2019,9677.37142419176,456286.643167172,3924706.12197668,-66.2971152925402
usa_NC_0034_0065,01-Jan-1852,9750.67763208902,456352.626780899,3924750.01949858,08-Dec-2019,9692.00175288622,456291.413602414,3924756.91201479,-58.6758792027995
usa_NC_0034_0066,01-Jan-1852,9759.21540549132,456351.094481333,3924801.25858871,08-Dec-2019,9707.75952317445,456297.362510499,3924807.5582165,-51.45588231687
usa_NC_0034_0067,01-Jan-1852,9765.87117851503,456347.584299137,3924852.79131441,08-Dec-2019,9723.9894056283,456303.808296278,3924858.12719051,-41.8817728867307
usa_NC_0034_0068,01-Jan-1852,9773.55490063978,456345.169260217,3924904.08947512,08-Dec-2019,9739.12280248769,456309.152338051,3924908.61399915,-34.4320981520905
usa_NC_0034_0069,01-Jan-1852,9788.00472410069,456349.838786549,3924954.46332526,08-Dec-2019,9754.18000728363,456314.432369238,3924959.03230909,-33.8247168170601
usa_NC_0034_0070,01-Jan-1852,9800.51829702341,456352.480864078,3925005.10200333,08-Dec-2019,9771.27489517531,456321.848467225,3925009.15986768,-29.2434018480999
usa_NC_0034_0071,01-Jan-1852,9808.76869197626,456350.679838006,3925056.21932048,08-Dec-2019,9788.34533742583,456329.274522532,3925059.11284246,-20.4233545504303
usa_NC_0034_0072,01-Jan-1852,9820.17430198925,456352.251883338,3925106.55856317,08-Dec-2019,9804.57785669927,456335.902550177,3925108.78326657,-15.5964452899789
usa_NC_0034_0073,01-Jan-1852,9831.34856549953,456353.580460396,3925156.93557954,08-Dec-2019,9812.35503389018,456333.66639016,3925159.66318043,-18.9935316093488
usa_NC_0034_0074,01-Jan-1852,9843.69245556862,456356.134583373,3925207.14847113,08-Dec-2019,9820.83159065444,456332.161334984,3925210.45352207,-22.8608649141806
usa_NC_0034_0075,01-Jan-1852,9858.19230715293,456360.949440503,3925257.05034059,08-Dec-2019,9830.8998665392,456332.323711307,3925261.02244684,-27.2924406137317
usa_NC_0034_0076,01-Jan-1852,9871.0510802887,456364.043019502,3925307.19119971,08-Dec-2019,9841.78442393213,456333.34097677,3925311.47892312,-29.2666563565708
usa_NC_0034_0077,01-Jan-1852,9882.33476983931,456365.483613488,3925357.56607634,08-Dec-2019,9856.56915022215,456338.449336796,3925361.36579787,-25.7656196171592
usa_NC_0034_0078,01-Jan-1852,9894.36030130729,456367.701760225,3925407.83563648,08-Dec-2019,9872.18793987839,456344.433379938,3925411.1269096,-22.1723614289003
usa_NC_0034_0079,01-Jan-1852,9908.57326870259,456372.215224409,3925457.78173039,08-Dec-2019,9887.44529328755,456350.038767809,3925460.9384332,-21.1279754150401
usa_NC_0034_0080,01-Jan-1852,9926.28210226415,456380.408202467,3925507.15464484,08-Dec-2019,9901.57757317079,456354.472922465,3925510.86964837,-24.7045290933584
usa_NC_0034_0081,01-Jan-1852,9937.36568009488,456381.673893566,3925557.38356906,08-Dec-2019,9915.9680252376,456359.206087221,3925560.62203753,-21.3976548572791
usa_NC_0034_0082,01-Jan-1852,9946.42368208123,456380.812758952,3925607.91878584,08-Dec-2019,9931.15733532192,456364.780274385,3925610.24245505,-15.2663467593102
usa_NC_0034_0083,01-Jan-1852,9964.18794945136,456389.152615197,3925656.83956276,08-Dec-2019,9948.82460805359,456373.019983561,3925659.16941179,-15.3633413977695
usa_NC_0034_0084,01-Jan-1852,9977.66534558321,456392.992267515,3925706.40381608,08-Dec-2019,9961.82789629396,456376.363556246,3925708.79671422,-15.837449289249
usa_NC_0034_0085,01-Jan-1852,9994.2242571259,456400.068843774,3925755.49521569,08-Dec-2019,9978.101110662,456383.141960584,3925757.92227677,-16.1231464638986
usa_NC_0034_0086,01-Jan-1852,10020.5063103172,456417.353284298,3925803.12283781,08-Dec-2019,9998.43911298261,456394.188502348,3925806.43235094,-22.0671973345889
usa_NC_0034_0087,01-Jan-1852,10042.9230955001,456430.579578093,3925851.33328818,08-Dec-2019,10018.7768954468,456405.235080685,3925854.94112009,-24.1462000533011
usa_NC_0034_0088,01-Jan-1852,10064.241396353,456442.652797715,3925899.70824836,08-Dec-2019,10041.1286109258,456418.395576753,3925903.14877611,-23.1127854271999
usa_NC_0034_0089,01-Jan-1852,10077.1897364317,456445.942598028,3925949.32423042,08-Dec-2019,10058.9792819116,456426.83247834,3925952.02484618,-18.2104545201
usa_NC_0034_0090,01-Jan-1852,10090.1348982401,456449.23097788,3925998.93110131,08-Dec-2019,10075.6960662756,456434.080422402,3926001.06433095,-14.4388319645004
usa_NC_0034_0091,01-Jan-1852,10103.067568095,456452.508163764,3926048.53024069,08-Dec-2019,10092.4017025205,456441.317741293,3926050.10009575,-10.6658655745014
usa_NC_0034_0092,01-Jan-1852,10115.898074521,456455.680087616,3926098.13477915,08-Dec-2019,10109.0065163024,456448.450363914,3926099.1452717,-6.89155821860004
usa_NC_0034_0093,01-Jan-1852,10133.2580290483,456463.605152695,3926147.06799298,08-Dec-2019,10121.0776425988,456450.828436736,3926148.84718642,-12.1803864494996
usa_NC_0034_0094,01-Jan-1852,10155.5810574409,456476.736650068,3926195.27437026,08-Dec-2019,10133.0103104419,456453.063393149,3926198.55871295,-22.5707469990011
usa_NC_0034_0095,01-Jan-1852,10164.997211822,456476.332071621,3926245.35257146,08-Dec-2019,10149.034330238,456459.591230122,3926247.66649149,-15.9628815839988
usa_NC_0034_0096,01-Jan-1852,10173.6816128155,456475.144645342,3926295.61407258,08-Dec-2019,10164.2344582567,456465.238129535,3926296.978237,-9.44715455880032
usa_NC_0034_0097,01-Jan-1852,10193.6721104723,456485.687756327,3926344.87007905,08-Dec-2019,10184.4164917385,456475.980451423,3926346.21478404,-9.25561873379957
usa_NC_0034_0098,01-Jan-1852,10208.5407363348,456490.821971337,3926395.05573119,08-Dec-2019,10204.9535976372,456487.058657557,3926395.58248483,-3.58713869759958
usa_NC_0034_0099,01-Jan-1852,10223.4101486847,456495.956347067,3926445.24459271,08-Dec-2019,10228.410778085,456501.204132366,3926444.50246775,5.00062940030148
usa_NC_0034_0100,01-Jan-1852,10239.4570128208,456502.32607526,3926495.26018839,08-Dec-2019,10250.302021477,456513.710484517,3926493.63377335,10.8450086562007
usa_NC_0034_0101,01-Jan-1852,10253.3205857792,456506.403310019,3926545.60626982,08-Dec-2019,10270.9466748766,456524.911581025,3926542.93533283,17.6260890974008
usa_NC_0034_0102,01-Jan-1852,10269.8240207505,456513.252060815,3926595.55467913,08-Dec-2019,10288.383334161,456532.746070115,3926592.71327079,18.5593134105002
usa_NC_0034_0103,01-Jan-1852,10287.231989409,456521.051540548,3926645.36139988,08-Dec-2019,10307.9476473184,456542.816980155,3926642.15739633,20.7156579094008
usa_NC_0034_0104,01-Jan-1852,10302.6001562622,456526.708133918,3926695.4821872,08-Dec-2019,10320.1054089829,456545.105965407,3926692.74726554,17.505252720699
usa_NC_0034_0105,01-Jan-1852,10319.4744675798,456533.997534591,3926745.11811622,08-Dec-2019,10335.3762760285,456550.712318671,3926742.6229222,15.9018084487016
usa_NC_0034_0106,01-Jan-1852,10328.0760221322,456532.75284564,3926795.24339022,08-Dec-2019,10352.0866825815,456557.980678817,3926791.52768932,24.0106604492994
usa_NC_0034_0107,01-Jan-1852,10348.5116600219,456543.926651272,3926843.61485284,08-Dec-2019,10365.8663039813,456562.142823223,3926841.02042045,17.3546439593993
usa_NC_0034_0108,01-Jan-1852,10364.7123493482,456550.723519781,3926892.27789613,08-Dec-2019,10379.7987736398,456566.561726263,3926890.00826722,15.0864242916014
usa_NC_0034_0109,01-Jan-1852,10379.8288289571,456556.360056049,3926941.21461907,08-Dec-2019,10397.0957838348,456574.480034044,3926938.65407275,17.2669548777012
usa_NC_0034_0110,01-Jan-1852,10394.8544505783,456561.89883703,3926990.17686966,08-Dec-2019,10414.3048388953,456582.301771594,3926987.33428963,19.450388317
usa_NC_0034_0111,01-Jan-1852,10398.261962862,456555.253147881,3927040.82396772,08-Dec-2019,10431.1421872971,456589.729538354,3927036.08914989,32.8802244351009
usa_NC_0034_0112,01-Jan-1852,10411.6874928665,456559.11509367,3927090.01196734,08-Dec-2019,10446.8590033656,456595.97896202,3927085.02245731,35.1715104990999
usa_NC_0034_0113,01-Jan-1852,10428.7104473875,456566.745032736,3927138.70228708,08-Dec-2019,10464.8516060931,456604.609777975,3927133.65242886,36.1411587055991
usa_NC_0034_0114,01-Jan-1852,10445.0198516224,456573.573634264,3927187.76133218,08-Dec-2019,10480.701475381,456610.948270964,3927182.81901171,35.681623758599
usa_NC_0034_0115,01-Jan-1852,10464.5298382525,456583.741347604,3927236.44377281,08-Dec-2019,10497.5717772847,456618.344367416,3927231.90053389,33.0419390322004
usa_NC_0034_0116,01-Jan-1852,10481.8671001276,456591.631239506,3927285.43719876,08-Dec-2019,10515.2982416405,456626.635091422,3927280.87426647,33.4311415128996
usa_NC_0034_0117,01-Jan-1852,10500.6451581087,456601.027416089,3927334.24544006,08-Dec-2019,10532.4762658437,456634.349533093,3927329.933072,31.831107734999
usa_NC_0034_0118,01-Jan-1852,10517.4278321468,456608.332560038,3927383.33493055,08-Dec-2019,10550.4060540968,456642.848867782,3927378.9004633,32.9782219500012
usa_NC_0034_0119,01-Jan-1852,10535.148059194,456616.617024749,3927432.30815606,08-Dec-2019,10568.4209250391,456651.435007585,3927427.86765257,33.2728658450997
usa_NC_0034_0120,01-Jan-1852,10553.5235956082,456625.584946174,3927481.20535454,08-Dec-2019,10585.47924498,456659.018104381,3927476.97286918,31.955649371801
usa_NC_0034_0121,01-Jan-1852,10573.0133988347,456635.680330447,3927530.14675472,08-Dec-2019,10604.4023907129,456668.519143096,3927525.99676872,31.3889918781988
usa_NC_0034_0122,01-Jan-1852,10597.8601411844,456651.277843444,3927578.89155878,08-Dec-2019,10625.06233675,456679.745727861,3927575.24881849,27.2021955656001
usa_NC_0034_0123,01-Jan-1852,10621.2983018711,456665.398861381,3927627.83686933,08-Dec-2019,10645.8337136076,456691.084232019,3927624.50944763,24.5354117365005
usa_NC_0034_0124,01-Jan-1852,10637.7115753901,456672.167594166,3927677.72559699,08-Dec-2019,10665.1691298497,456700.921426903,3927673.95503961,27.4575544596009
usa_NC_0034_0125,01-Jan-1852,10657.8508453489,456682.838967081,3927727.09896376,08-Dec-2019,10679.5213210946,456705.539906471,3927724.08609954,21.670475745701
usa_NC_0034_0126,01-Jan-1852,10677.4413971814,456692.937350728,3927776.53950515,08-Dec-2019,10699.0057130476,456715.534450328,3927773.50452745,21.5643158662006
usa_NC_0034_0127,01-Jan-1852,10698.2575897681,456704.322132934,3927825.79725013,08-Dec-2019,10718.2978512552,456725.329041272,3927822.94246431,20.0402614871
usa_NC_0034_0128,01-Jan-1852,10719.931710481,456716.608998301,3927874.91890564,08-Dec-2019,10735.8985771176,456733.351498816,3927872.61702022,15.9668666365997
usa_NC_0034_0129,01-Jan-1852,10733.3572187836,456720.24679934,3927925.2284986,08-Dec-2019,10753.5646472128,456741.442786493,3927922.28059618,20.2074284291994
usa_NC_0034_0130,01-Jan-1852,10745.4527762606,456722.486544467,3927975.74733664,08-Dec-2019,10775.5586346409,456754.075533007,3927971.30371165,30.1058583803006
usa_NC_0034_0131,01-Jan-1852,10760.7525704571,456728.085977688,3928025.80524796,08-Dec-2019,10793.3886727069,456762.341075718,3928020.93202941,32.6361022498004
usa_NC_0034_0132,01-Jan-1852,10780.1445604309,456737.976162752,3928075.27437048,08-Dec-2019,10811.0647145577,456770.441494167,3928070.60080052,30.9201541268012
usa_NC_0034_0133,01-Jan-1852,10792.6750919879,456740.599889466,3928126.09142803,08-Dec-2019,10830.4373015132,456780.273739847,3928120.26085379,37.7622095253009
usa_NC_0034_0134,01-Jan-1917,10873.5427709893,456815.058519651,3928166.16531908,08-Dec-2019,10848.8962678217,456789.148280973,3928170.05113066,-24.6465031675998
usa_NC_0034_0135,01-Jan-1917,10894.1294928802,456826.188964755,3928215.52480224,08-Dec-2019,10866.7841212965,456797.423629546,3928219.92542609,-27.3453715837004
usa_NC_0034_0136,01-Jan-1917,10915.9803883017,456838.654456526,3928264.65468031,08-Dec-2019,10887.8196081626,456809.012955439,3928269.27868435,-28.1607801391001
usa_NC_0034_0137,01-Jan-1917,10931.6941348525,456844.662145674,3928314.78205291,08-Dec-2019,10903.2826145612,456814.738104508,3928319.54038878,-28.4115202912999
usa_NC_0034_0138,01-Jan-1917,10950.3416667888,456853.759759679,3928364.41829827,08-Dec-2019,10920.2752904983,456822.073024203,3928369.55257475,-30.0663762904987
usa_NC_0034_0139,01-Jan-1917,10970.3740812954,456864.338882969,3928413.70800032,08-Dec-2019,10940.7104516279,456833.059879887,3928418.85717173,-29.6636296675006
usa_NC_0034_0140,01-Jan-1917,10985.173107388,456869.410555013,3928463.85145174,08-Dec-2019,10959.2736987734,456842.088219723,3928468.40995965,-25.8994086145995
usa_NC_0034_0141,01-Jan-1917,10997.734164433,456872.11561149,3928514.41728574,08-Dec-2019,10974.3784639462,456847.465413432,3928518.58474728,-23.3557004868017
usa_NC_0034_0142,01-Jan-1917,11009.0413380909,456873.489888251,3928565.24388519,08-Dec-2019,10992.7992181656,456856.339657677,3928568.18150178,-16.2421199252985
usa_NC_0034_0143,01-Jan-1917,11019.6154114751,456874.08170117,3928616.24498936,08-Dec-2019,11008.0502019816,456861.864248342,3928618.36485879,-11.5652094935012
usa_NC_0034_0144,01-Jan-1917,11030.0438105597,456874.510797706,3928667.31696625,08-Dec-2019,11030.8825179,456875.397213977,3928667.16119015,0.838707340299152
usa_NC_0034_0145,01-Jan-1917,11035.7832266409,456869.972984384,3928719.31589009,08-Dec-2019,11053.7536843659,456888.974432775,3928715.93432847,17.9704577249995
usa_NC_0034_0146,01-Jan-1917,11033.0430122367,456856.451400388,3928772.99879056,08-Dec-2019,11083.8386150704,456910.186019916,3928763.3162979,50.7956028336994
usa_NC_0034_0147,01-Jan-1946,11101.8565850689,456918.686070568,3928812.7301249,08-Dec-2019,11106.3206310156,456923.40926617,3928811.874892,4.46404594670094
usa_NC_0034_0148,01-Jan-1946,11123.4936231019,456931.038077959,3928861.33654101,08-Dec-2019,11127.5852721057,456935.367483285,3928860.55152539,4.09164900379983
usa_NC_0034_0149,01-Jan-1946,11140.0487768965,456938.012864733,3928910.9181563,08-Dec-2019,11146.2786436061,456944.605077686,3928909.72118997,6.22986670960017
usa_NC_0034_0150,01-Jan-1946,11155.5112874747,456943.831076496,3928960.7116099,08-Dec-2019,11162.0194773623,456950.718159103,3928959.45937463,6.50818988760147
usa_NC_0034_0151,01-Jan-1946,11170.2457341863,456948.878356473,3929010.64755985,08-Dec-2019,11177.6829496446,456956.748960117,3929009.21452172,7.43721545830158
usa_NC_0034_0152,01-Jan-1946,11187.6079909462,456956.706201031,3929060.0790505,08-Dec-2019,11190.8614592634,456960.149437677,3929059.45125961,3.2534683171998
usa_NC_0034_0153,01-Jan-1946,11205.0942505517,456964.66505555,3929109.4877431,08-Dec-2019,11206.9531960907,456966.632532123,3929109.12852737,1.85894553900107
usa_NC_0034_0154,01-Jan-1946,11229.8184339538,456980.263467206,3929157.60259383,08-Dec-2019,11224.8008284484,456974.952034756,3929158.57659862,-5.01760550539984
usa_NC_0034_0155,01-Jan-1946,11248.7005269403,456989.676103645,3929206.85938658,08-Dec-2019,11242.56994003,456983.185350615,3929208.05526496,-6.13058691029983
usa_NC_0034_0156,01-Jan-1946,11268.211432674,456999.754376426,3929255.99411167,08-Dec-2019,11257.4400579231,456988.348147645,3929258.10549628,-10.7713747508988
usa_NC_0034_0157,01-Jan-1946,11281.9089493761,457003.67552109,3929306.27388998,08-Dec-2019,11274.2044234741,456995.515433715,3929307.79144526,-7.70452590199966
usa_NC_0034_0158,01-Jan-1946,11299.0129215836,457011.202980185,3929355.89051602,08-Dec-2019,11292.42451338,457004.223752339,3929357.19450171,-6.58840820360092
usa_NC_0034_0159,01-Jan-1946,11318.0148769377,457020.740454709,3929405.13426696,08-Dec-2019,11311.8925000763,457014.253737552,3929406.35184674,-6.12237686139997
usa_NC_0034_0160,01-Jan-1946,11340.5570816833,457034.029338934,3929453.67154614,08-Dec-2019,11328.8728464758,457021.647554005,3929456.00636989,-11.6842352075
usa_NC_0034_0161,01-Jan-1946,11354.9419373414,457038.673478984,3929503.84088799,08-Dec-2019,11347.155078291,457030.420259908,3929505.40433766,-7.78685905040038
usa_NC_0034_0162,01-Jan-1946,11372.2456135988,457046.40985391,3929553.43117249,08-Dec-2019,11367.2414705615,457041.10505521,3929554.44068264,-5.00414303730031
usa_NC_0034_0163,01-Jan-1946,11385.4333101711,457049.781327778,3929603.85993955,08-Dec-2019,11384.7848451162,457049.093778327,3929603.99137681,-0.648465054899134
usa_NC_0034_0164,01-Jan-1946,11405.0750450591,457060.033132099,3929652.79390948,08-Dec-2019,11402.9443717662,457057.774039851,3929653.2257685,-2.13067329290061
usa_NC_0034_0165,01-Jan-1946,11422.6158535643,457068.066599963,3929702.10758887,08-Dec-2019,11418.0762498563,457063.253580182,3929703.02674098,-4.53960370800087
usa_NC_0034_0166,01-Jan-1946,11436.5992328432,457072.328535439,3929752.14076749,08-Dec-2019,11436.8771887569,457072.623220578,3929752.08454766,0.27795591369977
usa_NC_0034_0167,01-Jan-1946,11446.2219853936,457071.967888973,3929803.0534508,08-Dec-2019,11459.3795592982,457085.91681385,3929800.39497478,13.1575739046002
usa_NC_0034_0168,01-Jan-1946,11456.3847018505,457072.180339207,3929853.85374637,08-Dec-2019,11480.1071889608,457097.328587842,3929849.06567885,23.722487110299
usa_NC_0034_0169,01-Jan-1946,11466.1873773958,457072.011757611,3929904.72346782,08-Dec-2019,11507.5195159356,457115.826273037,3929896.38990688,41.3321385398012
usa_NC_0034_0170,01-Jan-1917,11485.9538562011,457082.405638774,3929953.58303881,08-Dec-2019,11531.7377483444,457130.937333837,3929944.36161949,45.7838921432995
usa_NC_0034_0171,01-Jan-1917,11504.1544593828,457091.137448019,3930002.76909265,08-Dec-2019,11551.88740773,457141.733611542,3929993.16293646,47.7329483472004
usa_NC_0034_0172,01-Jan-1980,11555.7317772419,457135.231926149,3930045.31880307,08-Dec-2019,11571.8576221422,457152.325854657,3930042.06955574,16.1258449003017
usa_NC_0034_0173,01-Jan-1980,11566.3956687094,457135.958139734,3930096.10568546,08-Dec-2019,11591.6943601926,457162.776828531,3930091.00196806,25.2986914831999
usa_NC_0034_0174,01-Jan-1980,11580.096977227,457139.903726246,3930146.28249843,08-Dec-2019,11610.8604702694,457172.517061258,3930140.06877335,30.7634930423992
usa_NC_0034_0175,01-Jan-1980,11598.4973300267,457148.830757502,3930195.51097226,08-Dec-2019,11625.3667132929,457177.317142824,3930190.07720273,26.8693832662011
usa_NC_0034_0176,01-Jan-1980,11610.219305659,457150.677252803,3930246.09127605,08-Dec-2019,11643.0156224658,457185.448863176,3930239.450861,32.7963168068
usa_NC_0034_0177,01-Jan-1980,11623.0673778807,457153.717141454,3930296.44621167,08-Dec-2019,11657.8062053945,457190.549962324,3930289.40396013,34.7388275138001
usa_NC_0034_0178,01-Jan-1980,11636.4506035771,457157.323996095,3930346.69489079,08-Dec-2019,11678.2261836847,457201.619781558,3930338.21589379,41.7755801076
usa_NC_0034_0179,01-Jan-1980,11658.4366374203,457170.049498837,3930395.21322983,08-Dec-2019,11697.244704653,457211.200653274,3930387.3270084,38.8080672326996
usa_NC_0034_0180,01-Jan-1980,11681.3909091229,457183.801689722,3930443.53485408,08-Dec-2019,11715.3797269906,457219.844294655,3930436.61960791,33.9888178677011
usa_NC_0034_0181,01-Jan-1980,11700.3396452892,457193.306494104,3930492.67050469,08-Dec-2019,11735.714555924,457230.82068307,3930485.46456088,35.3749106348005
usa_NC_0034_0182,01-Jan-1980,11714.643292794,457197.885064918,3930542.75354926,08-Dec-2019,11758.904356422,457244.824965156,3930533.72660262,44.2610636279987
usa_NC_0034_0183,01-Jan-1980,11730.2781553501,457203.875022826,3930592.56708626,08-Dec-2019,11781.2016948427,457257.883135839,3930582.16883021,50.9235394926
usa_NC_0034_0184,18-Feb-1994,11833.2744989198,457302.522131284,3930624.52219145,08-Dec-2019,11799.1124289369,457266.289096741,3930631.5062596,-34.1620699829
usa_NC_0034_0185,18-Feb-1994,11852.7845103787,457312.625966044,3930673.52443108,08-Dec-2019,11827.1420625255,457285.427768753,3930678.77305605,-25.6424478532008
usa_NC_0034_0186,18-Feb-1994,11872.0210937443,457322.439819223,3930722.58245904,08-Dec-2019,11851.7496030172,457300.937443521,3930726.73671459,-20.2714907271002
usa_NC_0034_0187,18-Feb-1994,11890.7885576841,457331.75606429,3930771.73664286,08-Dec-2019,11873.8508549273,457313.78907189,3930775.21186718,-16.9377027568007
usa_NC_0034_0188,18-Feb-1994,11909.6591482774,457341.180152685,3930820.87742547,08-Dec-2019,11888.7438429212,457318.992559412,3930825.17518125,-20.9153053562004
usa_NC_0034_0189,18-Feb-1994,11929.7259902725,457351.855773716,3930869.85991085,08-Dec-2019,11905.3953256142,457326.040134825,3930874.88413106,-24.3306646583005
usa_NC_0034_0190,18-Feb-1994,11948.7530942298,457361.418183345,3930919.10721828,08-Dec-2019,11922.493103393,457333.547986625,3930924.56726726,-26.2599908367993
usa_NC_0034_0191,18-Feb-1994,11967.1775800636,457370.340823237,3930968.48082646,08-Dec-2019,11939.3599639139,457340.809558938,3930974.30443607,-27.8176161497013
usa_NC_0034_0192,18-Feb-1994,11984.5443020833,457378.139857028,3931018.07928455,08-Dec-2019,11959.1426168523,457351.166102362,3931023.43340064,-25.4016852310015
usa_NC_0034_0193,18-Feb-1994,12002.6456936601,457386.718255064,3931067.52675799,08-Dec-2019,11977.81106085,457360.339551217,3931072.79686078,-24.8346328101015
usa_NC_0034_0194,01-Jan-1980,11942.0072641729,457311.638172651,3931133.79894447,08-Dec-2019,11995.8953999884,457368.892166741,3931122.2863357,53.8881358154995
usa_NC_0034_0195,01-Jan-1980,11972.1583808842,457332.998703196,3931180.77331305,08-Dec-2019,12014.3979848,457377.888690603,3931171.68876404,42.2396039157993
usa_NC_0034_0196,01-Jan-1980,11999.617620493,457351.504047894,3931228.2986197,08-Dec-2019,12036.5810281532,457390.79737011,3931220.29581837,36.9634076601997
usa_NC_0034_0197,01-Jan-1980,12025.8838861545,457368.745772201,3931276.0594411,08-Dec-2019,12055.9182008339,457400.681855876,3931269.51371276,30.0343146794003
usa_NC_0034_0198,01-Jan-1980,12050.9809404174,457384.747491793,3931324.05886318,08-Dec-2019,12080.078656393,457415.696028063,3931317.67543912,29.0977159756003
usa_NC_0034_0199,01-Jan-1980,12070.0026057506,457394.288546645,3931373.38528292,08-Dec-2019,12102.4901915514,457428.851911698,3931366.21145575,32.4875858007999
usa_NC_0034_0200,01-Jan-1980,12092.2676701842,457407.280587224,3931421.99374616,08-Dec-2019,12122.4384613,457439.387809647,3931415.28805691,30.170791115801
usa_NC_0034_0201,01-Jan-1980,12115.0330125736,457420.806443893,3931470.48386686,08-Dec-2019,12144.6361718706,457452.318130493,3931463.86166122,29.6031592969994
usa_NC_0034_0202,01-Jan-1980,12130.5325167962,457426.597511016,3931520.60195237,08-Dec-2019,12164.8979915043,457463.188451186,3931512.86482774,34.3654747081
usa_NC_0034_0203,01-Jan-1980,12145.1180065461,457431.412492635,3931570.9402368,08-Dec-2019,12187.9141285922,457476.992392732,3931561.24319049,42.7961220461002
usa_NC_0034_0204,01-Jan-1980,12165.0776154006,457441.972079056,3931619.95615894,08-Dec-2019,12212.9101247735,457492.923867052,3931609.07841561,47.8325093728999
usa_NC_0034_0205,01-Jan-1980,12185.2001522708,457452.707766599,3931668.92227717,08-Dec-2019,12235.6809367338,457506.488163922,3931657.40408009,50.4807844629995
usa_NC_0034_0206,01-Jan-1980,12207.8626190854,457466.149827112,3931717.30673938,08-Dec-2019,12260.1643424939,457521.878100576,3931705.33345509,52.3017234085
usa_NC_0034_0207,01-Jan-1980,12232.691731291,457481.914406066,3931765.12551089,08-Dec-2019,12284.8023853676,457537.443148656,3931753.17566795,52.1106540765995
usa_NC_0034_0208,01-Jan-1980,12262.2670105887,457502.755583906,3931811.76023861,08-Dec-2019,12310.9860055394,457554.668656163,3931800.59587885,48.718994950701
usa_NC_0034_0209,01-Jan-1980,12283.5458266394,457514.756025273,3931860.29790526,08-Dec-2019,12334.7450739436,457569.310338937,3931848.57327901,51.199247304201
usa_NC_0034_0210,01-Jan-1980,12299.6371864869,457521.229157394,3931910.02310437,08-Dec-2019,12354.1428207025,457579.304800038,3931897.54994393,54.5056342156004
usa_NC_0034_0211,01-Jan-1980,12317.8105504913,457529.920837521,3931959.27096939,08-Dec-2019,12369.8417200148,457585.358296658,3931947.37230878,52.0311695234996
usa_NC_0034_0212,01-Jan-1980,12337.179496918,457539.886445179,3932008.24505074,08-Dec-2019,12387.4700761518,457593.467773872,3931996.75239154,50.2905792338006
usa_NC_0034_0213,01-Jan-1980,12360.8025995872,457554.384711898,3932056.24628336,08-Dec-2019,12406.5073126747,457603.078653326,3932045.80884746,45.7047130874998
usa_NC_0034_0214,01-Jan-1946,12349.8101338522,457532.005178839,3932112.14388803,08-Dec-2019,12424.3370639411,457611.404040231,3932095.13621889,74.5269300889013
usa_NC_0034_0215,01-Jan-1980,12414.4595023143,457590.211898471,3932150.78137322,08-Dec-2019,12446.0343433464,457623.849833519,3932143.58072563,31.5748410321012
usa_NC_0034_0216,01-Jan-1980,12433.5616730701,457599.894020346,3932199.81268485,08-Dec-2019,12464.4958190156,457632.848420293,3932192.76303776,30.934145945499
usa_NC_0034_0217,01-Jan-1980,12443.0500230148,457599.334856385,3932251.03292596,08-Dec-2019,12488.306494358,457647.545515108,3932240.72650148,45.2564713431984
usa_NC_0034_0218,01-Jan-1980,12458.9881094246,457605.646936775,3932300.78188651,08-Dec-2019,12507.0013434575,457656.792792706,3932289.85524837,48.0132340329001
usa_NC_0034_0219,01-Jan-1946,12462.112830035,457598.310337468,3932353.44338409,08-Dec-2019,12528.6742797524,457669.212483066,3932338.30615351,66.561449717401
usa_NC_0034_0220,01-Jan-1946,12488.2006024392,457615.434659703,3932400.8808232,08-Dec-2019,12550.8179463472,457682.133510992,3932386.65046,62.6173439080012
usa_NC_0034_0221,01-Jan-1946,12515.380744776,457633.723894214,3932448.06330654,08-Dec-2019,12570.9326621322,457692.894479927,3932435.45014728,55.5519173562006
usa_NC_0034_0222,01-Jan-1946,12542.3213783608,457651.77152267,3932495.23258986,08-Dec-2019,12593.0184951313,457705.76474022,3932483.7533713,50.6971167704996
usa_NC_0034_0223,01-Jan-1946,12567.2498742698,457667.674833162,3932542.8642826,08-Dec-2019,12614.28415252,457717.761206932,3932532.2437759,47.0342782501993
usa_NC_0034_0224,01-Jan-1917,12564.7246168033,457654.364934233,3932596.58482342,08-Dec-2019,12633.9275186883,457728.042559645,3932581.03819956,69.2029018850008
usa_NC_0034_0225,01-Jan-1917,12589.2648300379,457669.883918206,3932644.15830347,08-Dec-2019,12656.2046200166,457741.133430708,3932629.21350611,66.9397899787
usa_NC_0034_0226,01-Jan-1917,12613.5260470238,457685.103726003,3932691.80516902,08-Dec-2019,12674.704362367,457750.203785515,3932678.23195085,61.1783153431988
usa_NC_0034_0227,01-Jan-1917,12637.7236314653,457700.253705977,3932739.47674259,08-Dec-2019,12695.3435147074,457761.551189619,3932726.77325885,57.6198832420996
usa_NC_0034_0228,01-Jan-1917,12662.256579854,457715.758263824,3932787.08534162,08-Dec-2019,12716.6826512626,457773.642956086,3932775.1617347,54.4260714085995
usa_NC_0034_0229,01-Jan-1917,12686.8148758669,457731.287493818,3932834.69982874,08-Dec-2019,12736.4774212846,457784.092157704,3932823.88884026,49.662545417701
usa_NC_0034_0230,01-Jan-1917,12711.7441896131,457747.208821038,3932882.24553272,08-Dec-2019,12750.0009588735,457787.875456175,3932873.97058338,38.2567692603989
usa_NC_0034_0231,01-Jan-1917,12726.6895662986,457752.517577552,3932931.94939706,08-Dec-2019,12764.8734232459,457793.096121609,3932923.74319439,38.1838569472984
usa_NC_0034_0232,01-Jan-1917,12751.0134880029,457767.792232245,3932979.64178975,08-Dec-2019,12780.634713341,457799.262937964,3932973.31686434,29.6212253381
usa_NC_0034_0233,01-Jan-1917,12765.8191233047,457772.952197761,3933029.37711648,08-Dec-2019,12793.3317485101,457802.17503519,3933023.54052735,27.5126252053997
usa_NC_0034_0234,01-Mar-1852,12752.8754078125,457748.647665682,3933084.95030644,08-Dec-2019,12803.9562400849,457802.889613294,3933074.18456823,51.0808322724006
usa_NC_0034_0235,01-Jan-1917,12804.9348667779,457793.368486634,3933126.82607804,08-Dec-2019,12817.3186680342,457806.515234094,3933124.23319717,12.383801256301
usa_NC_0034_0236,01-Mar-1852,12793.2122579539,457770.376868868,3933182.060638,08-Dec-2019,12834.542913723,457814.242437842,3933173.46401898,41.3306557691012
usa_NC_0034_0237,01-Mar-1852,12813.2646098504,457781.117021707,3933230.64623465,08-Dec-2019,12847.6776153947,457817.631177685,3933223.53593134,34.4130055443002
usa_NC_0034_0238,01-Mar-1852,12832.1437376973,457790.614230094,3933279.46466574,08-Dec-2019,12861.2987894168,457821.541015073,3933273.48269525,29.1550517194992
usa_NC_0034_0239,01-Mar-1852,12852.6367203711,457801.831427086,3933327.9116299,08-Dec-2019,12876.4376490991,457827.070819118,3933323.06775853,23.8009287280001
usa_NC_0034_0240,01-Mar-1852,12872.5046815121,457812.384774705,3933376.49106681,08-Dec-2019,12895.5783475188,457836.84529663,3933371.83350659,23.0736660066996
usa_NC_0034_0241,01-Mar-1852,12888.5429093823,457818.878622234,3933425.84144941,08-Dec-2019,12914.5971835137,457846.490271453,3933420.62543298,26.0542741314002
usa_NC_0034_0242,01-Mar-1852,12908.4063067418,457829.426709677,3933474.42391982,08-Dec-2019,12933.2697777913,457855.768149664,3933469.48746974,24.8634710495007
usa_NC_0034_0243,01-Mar-1852,12929.0582860354,457840.809156303,3933522.85532183,08-Dec-2019,12950.6872708421,457863.716692766,3933518.59682759,21.628984806699
usa_NC_0034_0244,01-Mar-1852,12946.7101308371,457849.013749476,3933571.87927869,08-Dec-2019,12969.7449113755,457873.402578191,3933567.38205356,23.034780538399
usa_NC_0034_0245,01-Mar-1852,12971.8119966746,457865.104462319,3933619.45790024,08-Dec-2019,12992.3508319552,457886.84385438,3933615.48186794,20.5388352806003
usa_NC_0034_0246,01-Jan-1852,12964.9850813688,457847.417452694,3933673.13045233,08-Dec-2019,13024.3177804421,457910.195667402,3933661.75786433,59.3326990732985
usa_NC_0034_0247,01-Mar-1852,13009.118571436,457883.676018944,3933716.90584555,08-Dec-2019,13056.590474069,457933.879982343,3933707.93020858,47.4719026330004
usa_NC_0034_0248,01-Mar-1852,13024.2585258859,457889.260896537,3933766.22088715,08-Dec-2019,13079.0400580009,457947.16673214,3933756.00549665,54.781532115001
usa_NC_0034_0249,01-Mar-1852,13035.7001707455,457890.942639474,3933816.19505896,08-Dec-2019,13086.7074262302,457944.8325131,3933806.81574552,51.0072554846993
usa_NC_0034_0250,01-Mar-1852,13045.4357632573,457890.829093137,3933866.447018,08-Dec-2019,13097.7015873455,457946.021627406,3933856.97156756,52.265824088201
usa_NC_0035_0001,01-Jan-1917,13127.7611872284,457967.340161566,3933903.68906315,08-Dec-2019,13112.0676235973,457950.775914419,3933906.49365161,-15.6935636310991
usa_NC_0035_0002,01-Jan-1917,13139.9829449734,457969.826957332,3933953.61560636,08-Dec-2019,13128.4829598322,457957.694876939,3933955.64110021,-11.4999851412013
usa_NC_0035_0003,01-Jan-1917,13153.8354891705,457974.038284482,3934003.23435618,08-Dec-2019,13144.3842057468,457964.072375194,3934004.8746769,-9.45128342370117
usa_NC_0035_0004,01-Jan-1917,13168.6139402237,457979.228716751,3934052.67848628,08-Dec-2019,13159.7164473267,457969.851322036,3934054.19982397,-8.89749289700012
usa_NC_0035_0005,01-Jan-1917,13183.0573530091,457984.067055637,3934102.17481966,08-Dec-2019,13184.9320847629,457986.041961009,3934101.85898937,1.87473175380001
usa_NC_0035_0006,01-Jan-1917,13193.1177040615,457984.29210185,3934152.38967802,08-Dec-2019,13201.0919000332,457992.688423407,3934151.06612813,7.97419597169937
usa_NC_0035_0007,01-Jan-1917,13203.2106660642,457984.546711221,3934202.62301503,08-Dec-2019,13206.7781143456,457988.301487294,3934202.03850101,3.56744828139927
usa_NC_0035_0008,01-Jan-1917,13217.4691435444,457989.172042623,3934252.24153558,08-Dec-2019,13233.8129479936,458006.368815464,3934249.58993156,16.3438044491995
usa_NC_0035_0009,01-Jan-1917,13232.8274873345,457994.956090452,3934301.67436303,08-Dec-2019,13270.9831256047,458035.090794724,3934295.5452919,38.1556382702001
usa_NC_0035_0010,01-Jan-1917,13252.9448524102,458005.745568577,3934350.34489981,08-Dec-2019,13290.3682763031,458045.098084805,3934344.39347422,37.4234238928984
usa_NC_0035_0011,01-Jan-1917,13264.9275243806,458007.981678157,3934400.30584195,08-Dec-2019,13308.5796265557,458053.869969797,3934393.43381966,43.6521021750996
usa_NC_0035_0012,01-Jan-1917,13277.0337714336,458010.350902114,3934450.23127174,08-Dec-2019,13321.6498335414,458057.238264052,3934443.27891311,44.6160621077997
usa_NC_0035_0013,01-Jan-1917,13294.3638126956,458018.21135046,3934499.33519523,08-Dec-2019,13350.7748892391,458077.476159901,3934490.6350595,56.4110765434998
usa_NC_0035_0014,01-Jan-1917,13311.6450553608,458026.020371985,3934548.44744347,08-Dec-2019,13371.5714757262,458088.959232359,3934539.30086734,59.9264203654002
usa_NC_0035_0015,01-Jan-1917,13328.2725980268,458033.142900909,3934597.65912455,08-Dec-2019,13388.1354742162,458095.995935037,3934588.61776952,59.8628761893997
usa_NC_0035_0016,01-Jan-1917,13345.3640811941,458040.752670558,3934646.8001024,08-Dec-2019,13399.8812492269,458097.975613609,3934638.65303001,54.5171680328003
usa_NC_0035_0017,01-Jan-1917,13362.4919210506,458048.400568673,3934695.93581055,08-Dec-2019,13410.4310063215,458098.703694262,3934688.84810599,47.9390852709003
usa_NC_0035_0018,01-Jan-1917,13379.5649204986,458056.003388241,3934745.01724109,08-Dec-2019,13411.4810683062,458089.481054431,3934740.36043248,31.9161478076003
usa_NC_0035_0019,01-Jan-1917,13396.8606907559,458063.859488543,3934793.96802831,08-Dec-2019,13420.8639053973,458089.025128825,3934790.52556564,24.0032146413996
usa_NC_0035_0020,01-Jan-1917,13414.1668446536,458071.726191253,3934842.91874804,08-Dec-2019,13433.6492402846,458092.142396189,3934840.1731013,19.4823956309992
usa_NC_0035_0021,01-Jan-1917,13431.4414482379,458079.559511544,3934891.87551488,08-Dec-2019,13449.4245950488,458098.395683798,3934889.38581313,17.9831468109005
usa_NC_0035_0022,01-Jan-1917,13447.1665353854,458085.768945147,3934941.05115739,08-Dec-2019,13467.815726551,458107.387394156,3934938.24354944,20.6491911655994
usa_NC_0035_0023,01-Jan-1917,13461.4402938461,458090.458940116,3934990.42406084,08-Dec-2019,13493.1961135859,458123.689645623,3934986.18493221,31.7558197397993
usa_NC_0035_0024,01-Jan-1917,13475.1877163983,458094.581409072,3935039.9510221,08-Dec-2019,13515.1200162692,458136.352571353,3935034.69935554,39.9322998708994
usa_NC_0035_0025,01-Jan-1917,13491.4799410695,458101.357678335,3935089.18428481,08-Dec-2019,13534.7550996627,458146.610552503,3935083.56846968,43.2751585932001
usa_NC_0035_0026,01-Jan-1917,13510.7706168426,458111.267527205,3935138.03796468,08-Dec-2019,13547.9918079298,458150.176801251,3935133.27263224,37.2211910872011
usa_NC_0035_0027,01-Jan-1917,13527.6359934502,458118.639985084,3935187.21264782,08-Dec-2019,13555.851625148,458148.125458964,3935183.64938665,28.2156316977998
usa_NC_0035_0028,01-Jan-1917,13542.06660056,458123.467689799,3935236.69684725,08-Dec-2019,13564.2137161173,458146.603838424,3935233.93847331,22.1471155572999
usa_NC_0035_0029,01-Jan-1917,13556.9638752891,458128.793390051,3935286.07043968,08-Dec-2019,13575.8907699098,458148.557826536,3935283.7515929,18.9268946206994
usa_NC_0035_0030,01-Jan-1917,13572.2057019057,458134.489693321,3935335.34775063,08-Dec-2019,13585.4352515898,458148.298474568,3935333.7579203,13.2295496841016
usa_NC_0035_0031,01-Jan-1917,13587.4947987956,458140.235215028,3935384.61998891,08-Dec-2019,13596.5428614095,458149.675199616,3935383.5538318,9.04806261389967
usa_NC_0035_0032,01-Jan-1917,13599.4374373465,458142.490799342,3935434.27916931,08-Dec-2019,13611.4463053279,458155.014229914,3935432.89219897,12.0088679813998
usa_NC_0035_0033,01-Mar-1852,13606.2339217902,458139.385157948,3935484.50551542,08-Dec-2019,13628.742124333,458162.847307393,3935481.95844977,22.5082025428001
usa_NC_0035_0034,01-Mar-1852,13619.6631037463,458143.198055592,3935533.95760732,08-Dec-2019,13651.5395846604,458176.410683824,3935530.42471531,31.8764809141012
usa_NC_0035_0035,01-Mar-1852,13638.170711165,458152.301518864,3935582.8505028,08-Dec-2019,13670.6417133979,458186.118483731,3935579.32731005,32.4710022329
usa_NC_0035_0036,01-Mar-1852,13656.6339900203,458161.355751441,3935631.76354475,08-Dec-2019,13687.1198237299,458193.091099066,3935628.52661548,30.4858337095993
usa_NC_0035_0037,01-Mar-1852,13676.9276575621,458172.311504846,3935680.50170375,08-Dec-2019,13701.122139728,458197.486414457,3935677.98895107,24.1944821658999
usa_NC_0035_0038,01-Jan-1852,13656.093429339,458140.48707335,3935733.43956106,08-Dec-2019,13709.3946535657,458195.923516462,3935728.02746581,53.3012242266996
usa_NC_0035_0039,01-Jan-1852,13674.2874230233,458149.269595523,3935782.33809815,08-Dec-2019,13712.8770884943,458189.387286245,3935778.50914383,38.5896654710014
usa_NC_0035_0040,01-Jan-1852,13689.957085505,458155.426200716,3935831.49526461,08-Dec-2019,13722.7268855573,458189.478436973,3935828.3195433,32.7698000522996
usa_NC_0035_0041,01-Jan-1852,13705.6622135808,458161.619183436,3935880.65137619,08-Dec-2019,13736.6313955091,458193.78604296,3935877.72167512,30.9691819282998
usa_NC_0035_0042,01-Jan-1852,13722.1550644379,458168.629501176,3935929.73723014,08-Dec-2019,13747.9632110041,458195.423836113,3935927.35529495,25.8081465661999
usa_NC_0035_0043,01-Jan-1852,13728.4779155632,458165.083540576,3935979.75000123,08-Dec-2019,13755.7424405365,458193.377357378,3935977.29644652,27.2645249732996
usa_NC_0035_0044,01-Jan-1852,13744.55098558,458171.656511692,3936028.88223006,08-Dec-2019,13766.3571009017,458194.275829439,3936026.97004162,21.8061153217004
usa_NC_0035_0045,01-Jan-1852,13755.5658271702,458172.979219327,3936078.47504,08-Dec-2019,13779.30751603,458197.595734594,3936076.44595742,23.7416888598
usa_NC_0035_0046,01-Jan-1852,13769.8839266808,458177.713944847,3936127.8503811,08-Dec-2019,13789.5025387765,458198.047975848,3936126.21111807,19.6186120956991
usa_NC_0035_0047,01-Jan-1852,13788.7580140623,458187.14120529,3936176.99313479,08-Dec-2019,13794.8187482511,458193.42142887,3936176.49434447,6.06073418880078
usa_NC_0035_0048,01-Jan-1852,13802.1867080767,458190.924419752,3936226.59128231,08-Dec-2019,13804.1113972015,458192.918328029,3936226.43530225,1.92468912479853
usa_NC_0035_0049,01-Jan-1852,13812.4833840931,458191.463682812,3936276.4397213,08-Dec-2019,13812.6759173783,458191.663092007,3936276.42435989,0.192533285198806
usa_NC_0035_0050,01-Jan-1852,13822.6033539027,458191.821464153,3936326.29457638,08-Dec-2019,13822.6033539027,458191.821464153,3936326.29457638,0
usa_NC_0035_0051,01-Jan-1852,13834.5393893925,458194.060839861,3936376.00117325,08-Dec-2019,13834.7320506313,458194.260284955,3936375.98628518,0.19266123880152
usa_NC_0035_0052,01-Jan-1852,13849.4660659057,458199.39607664,3936425.4770877,08-Dec-2019,13850.9115019415,458200.892046292,3936425.36720231,1.4454360357995
usa_NC_0035_0053,01-Jan-1852,13863.2622728212,458203.5607729,3936475.0416894,08-Dec-2019,13874.0584054667,458214.73164516,3936474.23446394,10.7961326454988
usa_NC_0035_0054,01-Jan-1852,13874.0232298442,458204.58704121,3936524.82234127,08-Dec-2019,13896.2011069583,458227.529176277,3936523.19186939,22.1778771140998
usa_NC_0035_0055,01-Jan-1852,13886.4504022132,458207.341010963,3936574.46014017,08-Dec-2019,13911.7224116421,458233.477358588,3936572.63494625,25.2720094288998
usa_NC_0035_0056,01-Jan-1852,13899.4231516206,458210.659855211,3936624.05534385,08-Dec-2019,13926.4406380782,458238.594251555,3936622.13974971,27.0174864576002
usa_NC_0035_0057,01-Jan-1852,13909.7903818746,458211.284874083,3936673.83468875,08-Dec-2019,13938.8440551364,458241.31690551,3936671.81303389,29.0536732618002
usa_NC_0035_0058,01-Jan-1852,13925.3733212021,458217.300676228,3936723.25391128,08-Dec-2019,13945.1674031103,458237.756094072,3936721.90265969,19.7940819081996
usa_NC_0035_0059,01-Jan-1852,13937.3338160654,458219.572019528,3936772.9253541,08-Dec-2019,13951.1460432839,458233.842089961,3936772.00064343,13.8122272184992
usa_NC_0035_0060,01-Jan-1852,13949.1601657783,458221.704776574,3936822.60575025,08-Dec-2019,13957.8560877544,458230.686661582,3936822.03501237,8.69592197610109
usa_NC_0035_0061,01-Jan-1852,13965.8864772132,458228.897384266,3936871.97077847,08-Dec-2019,13964.6299809849,458227.599898656,3936872.05159364,-1.25649622829951
usa_NC_0035_0062,01-Jan-1852,13977.5597380995,458230.870895543,3936921.66684047,08-Dec-2019,13971.3718592421,458224.482780828,3936922.0566999,-6.1878788574013
usa_NC_0035_0063,01-Jan-1852,13993.2965727123,458237.038532121,3936971.11160186,08-Dec-2019,13979.0791002471,458222.364721447,3936971.98868812,-14.2174724651995
usa_NC_0035_0064,01-Jan-1852,14001.3940178544,458235.321570299,3937021.02768003,08-Dec-2019,13984.4629007632,458217.851454409,3937022.04995729,-16.9311170912006
usa_NC_0035_0065,01-Jan-1852,14012.0816244991,458236.278546954,3937070.78076364,08-Dec-2019,13990.1123761102,458213.615668364,3937072.07842847,-21.9692483888994
usa_NC_0035_0066,01-Jan-1852,14025.4013610468,458239.991387575,3937120.17504461,08-Dec-2019,13995.1886480078,458208.838584537,3937121.89052207,-30.2127130389999
usa_NC_0035_0067,01-Jan-1852,14032.2780699553,458237.089836678,3937169.78945578,08-Dec-2019,14001.656025364,458205.532891814,3937171.43846483,-30.6220445913004
usa_NC_0035_0068,01-Jan-1852,14044.2203569723,458239.397205648,3937219.18769242,08-Dec-2019,14005.9186830647,458199.946023003,3937221.15090099,-38.3016739076011
usa_NC_0035_0069,01-Jan-1852,14055.9725135482,458241.486355339,3937268.70768561,08-Dec-2019,14012.8980602088,458197.136940754,3937270.82651216,-43.0744533394009
usa_NC_0035_0070,01-Jan-1852,14069.3627319426,458245.261564709,3937318.14954066,08-Dec-2019,14024.1316403254,458198.710339012,3937320.28106268,-45.2310916171991
usa_NC_0035_0071,01-Jan-1852,14081.1633087724,458247.40042311,3937367.66787638,08-Dec-2019,14042.2222219237,458207.338836122,3937369.42265499,-38.9410868487012
usa_NC_0035_0072,01-Jan-1852,14093.4398454775,458250.029076274,3937417.16406607,08-Dec-2019,14057.7831961929,458213.361119603,3937418.69734802,-35.6566492845996
usa_NC_0035_0073,01-Jan-1852,14104.6784543595,458251.590731321,3937466.70304736,08-Dec-2019,14064.2416557687,458210.023687907,3937468.35861428,-40.4367985908011
usa_NC_0035_0074,01-Jan-1852,14117.7636946784,458255.155818601,3937515.64003469,08-Dec-2019,14067.4736146338,458203.407822011,3937517.96056241,-50.2900800446005
usa_NC_0035_0075,01-Jan-1852,14121.9639463763,458249.383853413,3937565.96028522,08-Dec-2019,14073.6077230677,458199.715771956,3937567.74120758,-48.3562233085995
usa_NC_0035_0076,01-Jan-1852,14137.1789706821,458255.032682488,3937615.33839433,08-Dec-2019,14082.6675379128,458199.064776905,3937617.23405902,-54.5114327693009
usa_NC_0035_0077,01-Jan-1852,14150.557996827,458258.794738958,3937664.78895389,08-Dec-2019,14089.3989093627,458196.026637363,3937666.79030895,-61.1590874642989
usa_NC_0035_0078,01-Jan-1852,14163.5604588392,458262.169517152,3937714.2558758,08-Dec-2019,14100.7168570098,458197.69832832,3937716.1835196,-62.8436018293996
usa_NC_0035_0079,01-Jan-1852,14173.987516362,458262.890320719,3937763.86119528,08-Dec-2019,14115.2129024344,458202.614259591,3937765.56015227,-58.7746139276005
usa_NC_0035_0080,01-Jan-1852,14186.0186125203,458265.24374952,3937813.48215175,08-Dec-2019,14124.4948460476,458202.166336762,3937815.17034602,-61.5237664726992
usa_NC_0035_0081,01-Jan-1852,14196.8428258604,458266.360292484,3937863.13385201,08-Dec-2019,14134.3238636574,458202.280864633,3937864.75771357,-62.5189622029993
usa_NC_0035_0082,01-Jan-1852,14208.4605193168,458268.290714004,3937912.76197353,08-Dec-2019,14142.2140466463,458200.410129119,3937914.38561009,-66.2464726705002
usa_NC_0035_0083,01-Jan-1852,14220.4077767683,458270.559093502,3937962.38069372,08-Dec-2019,14149.8459821563,458198.277382125,3937964.00679345,-70.5617946120001
usa_NC_0035_0084,01-Jan-1852,14233.3357428781,458273.831967628,3938011.9774061,08-Dec-2019,14159.0418008396,458197.748861091,3938013.58080866,-74.293942038501
usa_NC_0035_0085,01-Jan-1852,14247.367458364,458278.234443652,3938061.55394186,08-Dec-2019,14165.8235129993,458194.750563144,3938063.19458052,-81.5439453646995
usa_NC_0035_0086,01-Jan-1852,14259.5791205807,458280.773050624,3938111.16968183,08-Dec-2019,14183.187171344,458202.586041436,3938112.59502183,-76.3919492367004
usa_NC_0035_0087,01-Jan-1852,14265.8202470632,458277.202582121,3938160.88803357,08-Dec-2019,14195.9517249725,458205.712679256,3938162.08961105,-69.8685220907009
usa_NC_0035_0088,01-Jan-1852,14276.4497447572,458278.124539162,3938210.51982052,08-Dec-2019,14198.4465898112,458198.333982278,3938211.74743289,-78.003154946
usa_NC_0035_0089,01-Jan-1852,14285.8410453139,458277.781221377,3938260.16461375,08-Dec-2019,14187.2806021956,458176.991046668,3938261.57198087,-98.5604431183001
usa_NC_0035_0090,01-Jan-1852,14296.2426954928,458278.472473336,3938309.78815901,08-Dec-2019,14189.045211881,458168.881091463,3938311.16257492,-107.197483611799
usa_NC_0036_0001,01-Jan-1852,14307.320793323,458279.855491986,3938359.40196619,08-Dec-2019,14205.7655368628,458176.06190804,3938360.55605958,-101.5552564602
usa_NC_0036_0002,01-Jan-1852,14318.5619309742,458281.403568693,3938409.02180366,08-Dec-2019,14207.9725092971,458168.408881246,3938410.11752661,-110.589421677099
usa_NC_0036_0003,01-Jan-1852,14330.3566136861,458283.515437087,3938458.64512796,08-Dec-2019,14202.6025186995,458153.019905043,3938459.72499671,-127.754094986602
usa_NC_0036_0004,01-Jan-1852,14340.080051452,458283.497169545,3938508.35824688,08-Dec-2019,14203.3851895279,458143.900727873,3938509.35497785,-136.694861924099
usa_NC_0036_0005,01-Jan-1852,14347.4960478946,458281.114550364,3938558.1278804,08-Dec-2019,14212.5368560589,458143.317179162,3938558.97905007,-134.9591918357
usa_NC_0036_0006,01-Jan-1852,14361.9894254853,458285.960027763,3938607.8434758,08-Dec-2019,14219.752733663,458140.761953048,3938608.59120505,-142.236691822302
usa_NC_0036_0007,01-Jan-1852,14373.9631796376,458288.231417277,3938657.58235358,08-Dec-2019,14221.0167917893,458132.132743727,3938658.22587179,-152.9463878483
usa_NC_0036_0008,01-Jan-1852,14385.1707768404,458289.719543008,3938707.33104088,08-Dec-2019,14221.804377412,458123.020341584,3938707.84702987,-163.3663994284
usa_NC_0036_0009,01-Jan-1852,14395.9915664201,458290.811898055,3938757.08631401,08-Dec-2019,14226.6119258035,458118.01226764,3938757.44370543,-169.3796406166
usa_NC_0036_0010,01-Jan-1852,14408.1880963537,458293.306492939,3938806.84508221,08-Dec-2019,14234.9498136117,458116.606588718,3938807.02906071,-173.238282742001
usa_NC_0036_0011,01-Jan-1852,14418.0720872329,458293.441256911,3938856.6117263,08-Dec-2019,14240.8757077501,458112.741256929,3938856.61429067,-177.196379482801
usa_NC_0036_0012,01-Jan-1852,14428.3539972641,458293.981128247,3938906.38176588,08-Dec-2019,14246.805775726,458108.88122317,3938906.19430769,-181.5482215381
usa_NC_0036_0013,01-Jan-1852,14439.8882903454,458295.796857394,3938956.15823307,08-Dec-2019,14261.4423447377,458113.89723574,3938955.78723134,-178.4459456077
usa_NC_0036_0014,01-Jan-1852,14451.0083239959,458297.189111072,3939005.93983614,08-Dec-2019,14262.7141480621,458105.290013274,3939005.35139378,-188.294175933801
usa_NC_0036_0015,01-Jan-1852,14462.2128200438,458298.722579606,3939055.44578495,08-Dec-2019,14256.8455391787,458089.525759728,3939054.29228908,-205.367280865101
usa_NC_0036_0016,01-Jan-1852,14476.6172882856,458303.524803487,3939104.9241053,08-Dec-2019,14259.5491814551,458082.532439279,3939103.08699838,-217.0681068305
usa_NC_0036_0017,01-Jan-1852,14490.4607591648,458307.749388866,3939154.43020205,08-Dec-2019,14266.7913118303,458080.163440164,3939151.90117984,-223.6694473345
usa_NC_0036_0018,01-Jan-1852,14499.7932511876,458307.380396701,3939203.90336138,08-Dec-2019,14276.4000840163,458080.202380429,3939200.74283571,-223.3931671713
usa_NC_0036_0019,01-Jan-1852,14508.4618941999,458306.335642826,3939253.37045865,08-Dec-2019,14287.6097931284,458081.86698689,3939249.6191252,-220.852101071499
usa_NC_0036_0020,01-Jan-1852,14520.1910770719,458308.36503572,3939303.07225529,08-Dec-2019,14290.1128929839,458074.605299096,3939298.73341518,-230.078184088001
usa_NC_0036_0021,01-Jan-1852,14525.5204866616,458303.783576799,3939353.19720846,08-Dec-2019,14288.1087477933,458062.520377446,3939348.98310854,-237.411738868301
usa_NC_0036_0022,01-Jan-1852,14534.4986887783,458302.909479954,3939403.39004973,08-Dec-2019,14287.2973971961,458051.643154201,3939399.27622638,-247.2012915822
usa_NC_0036_0023,01-Jan-1852,14542.8851336822,458301.433949091,3939453.57277206,08-Dec-2019,14286.9803740695,458041.264310247,3939449.59797351,-255.9047596127
usa_NC_0036_0024,01-Jan-1852,14550.2295382983,458298.898703696,3939503.74084902,08-Dec-2019,14290.0499789833,458034.32531212,3939499.9884538,-260.179559315
usa_NC_0036_0025,01-Jan-1852,14566.0187308934,458304.952195729,3939554.02403129,08-Dec-2019,14303.2377055085,458037.675085656,3939550.52597029,-262.7810253849
usa_NC_0036_0026,01-Jan-1852,14575.5837165409,458304.643609778,3939604.38138202,08-Dec-2019,14300.9134443417,458025.160692447,3939601.2912493,-274.670272199199
usa_NC_0036_0027,01-Jan-1852,14596.9560905899,458316.334614433,3939654.94504093,08-Dec-2019,14294.6268699055,458008.545489915,3939652.35760423,-302.3292206844
usa_NC_0036_0028,01-Jan-1852,14607.6725562732,458317.185274636,3939705.37744837,08-Dec-2019,14293.0296184882,457996.690583613,3939703.53271922,-314.642937785
usa_NC_0036_0029,01-Jan-1852,14620.5205676164,458320.20910613,3939755.81242932,08-Dec-2019,14299.3681548089,457992.910683596,3939754.79625697,-321.1524128075
usa_NC_0036_0030,01-Jan-1852,14631.6588368039,458321.491856018,3939806.23509185,08-Dec-2019,14298.612343465,457981.891890853,3939806.08127542,-333.046493338899
usa_NC_0036_0031,01-Jan-1852,14641.7732645285,458321.73140478,3939856.65334397,08-Dec-2019,14298.3180936433,457971.332252269,3939857.42400564,-343.4551708852
usa_NC_0036_0032,01-Jan-1852,14641.3717624302,458311.236957328,3939907.12249196,08-Dec-2019,14307.408640388,457970.340970432,3939908.77661368,-333.963122042202
usa_NC_0036_0033,01-Jan-1852,14650.0809939395,458310.056298172,3939957.47684565,08-Dec-2019,14305.8795419394,457958.564692342,3939959.90604934,-344.201452000101
usa_NC_0036_0034,01-Jan-1852,14658.484708669,458308.565504021,3940007.82408443,08-Dec-2019,14305.5170847688,457947.97973242,3940011.02741386,-352.9676239002
usa_NC_0036_0035,01-Jan-1852,14660.5193396061,458300.564405168,3940058.24792232,08-Dec-2019,14316.0146139119,457948.485152776,3940062.07022984,-344.5047256942
usa_NC_0036_0036,01-Jan-1852,14660.3497308668,458290.303383559,3940108.73234348,08-Dec-2019,14311.0012633447,457933.132775813,3940113.31458771,-349.348467522099
usa_NC_0036_0037,01-Jan-1852,14657.9103546639,458277.712731125,3940159.29178462,08-Dec-2019,14306.4610011082,457918.252109568,3940164.61264449,-351.449353555699
usa_NC_0036_0038,01-Jan-1852,14665.8486056773,458275.73049477,3940209.72297896,08-Dec-2019,14309.6632390708,457911.281772834,3940215.83682224,-356.1853666065
usa_NC_0036_0039,01-Jan-1852,14658.1080966853,458257.705944463,3940260.42236047,08-Dec-2019,14310.9508375146,457902.367184613,3940267.01976515,-347.157259170701
usa_NC_0036_0040,01-Jan-1852,14672.1100974057,458262.131378656,3940309.73236136,08-Dec-2019,14317.6830373053,457899.482353467,3940315.81302984,-354.427060100401
usa_NC_0036_0041,01-Jan-1852,14673.3350359288,458253.492768487,3940359.21443406,08-Dec-2019,14323.1690387439,457895.33288602,3940364.57527273,-350.1659971849
usa_NC_0036_0042,01-Jan-1852,14685.3920404995,458255.932569733,3940408.53536915,08-Dec-2019,14327.7562221622,457890.264269111,3940413.3503375,-357.635818337301
usa_NC_0036_0043,01-Jan-1852,14684.863896506,458245.504269607,3940458.02719856,08-Dec-2019,14328.8521436453,457881.627777011,3940462.16339685,-356.011752860701
usa_NC_0036_0044,01-Jan-1852,14693.6575826366,458244.60464157,3940507.40616549,08-Dec-2019,14329.5832759546,457872.621661013,3940510.96456068,-364.074306682001
usa_NC_0036_0045,01-Jan-1852,14698.0962300031,458239.254947296,3940556.82982115,08-Dec-2019,14330.3602997146,457863.666268789,3940559.74608201,-367.7359302885
usa_NC_0036_0046,01-Jan-1852,14704.0663078669,458235.475397792,3940606.21124768,08-Dec-2019,14328.6516147531,457852.182211149,3940608.49665197,-375.4146931138
usa_NC_0036_0047,01-Jan-1852,14698.7474324024,458220.428820197,3940654.36608347,08-Dec-2019,14327.5202129783,457841.928966025,3940654.03383024,-371.227219424101
usa_NC_0036_0048,01-Jan-1852,14708.852915716,458221.146709144,3940702.34489645,08-Dec-2019,14332.4096726317,457837.858354041,3940699.35711423,-376.443243084299
usa_NC_0036_0049,01-Jan-1852,14724.5891825376,458227.603487191,3940750.33978825,08-Dec-2019,14338.9021768414,457835.446040833,3940744.56248212,-385.6870056962
usa_NC_0036_0050,01-Jan-1852,14746.3049601192,458240.12946784,3940798.47740936,08-Dec-2019,14339.7503970303,457827.326549093,3940789.52418237,-406.554563088899
usa_NC_0036_0051,01-Jan-1852,14765.615343479,458250.197433744,3940846.6403864,08-Dec-2019,14341.7102847674,457820.373992737,3940834.31928416,-423.9050587116
usa_NC_0036_0052,01-Jan-1852,14777.7988340702,458253.036765861,3940894.60741688,08-Dec-2019,14347.4780626338,457817.31375056,3940879.06862873,-430.3207714364
usa_NC_0036_0053,01-Jan-1852,14795.4238290685,458261.386049843,3940942.77026403,08-Dec-2019,14348.4177498323,457809.397503883,3940923.47999908,-447.0060792362
usa_NC_0036_0054,01-Jan-1852,14805.7842881475,458262.40643279,3940990.53650394,08-Dec-2019,14349.2793572035,457801.48237845,3940967.48729288,-456.504930944
usa_NC_0036_0055,01-Jan-1852,14821.6731170685,458269.025568325,3941038.49746964,08-Dec-2019,14355.459222279,457799.004601827,3941011.42477024,-466.2138947895
usa_NC_0036_0056,01-Jan-1852,14836.9126352361,458274.988165499,3941086.43036565,08-Dec-2019,14360.8967959353,457795.806010173,3941055.18133339,-476.015839300801
usa_NC_0036_0057,01-Jan-1852,14850.468113542,458279.258750771,3941134.23654683,08-Dec-2019,14360.2900316037,457786.565624404,3941098.32717158,-490.1780819383
usa_NC_0036_0058,01-Jan-1852,14868.5043652558,458287.982088777,3941182.62625769,08-Dec-2019,14357.609087609,457775.2449623,3941141.29831156,-510.8952776468
usa_NC_0036_0059,01-Jan-1852,14893.0377804766,458303.194740276,3941231.69804756,08-Dec-2019,14360.4240894116,457769.473454702,3941184.54691474,-532.613691065
usa_NC_0036_0060,01-Jan-1852,14915.5417010817,458316.342486743,3941280.74625705,08-Dec-2019,14366.4773199762,457766.973869624,3941227.94727481,-549.0643811055
usa_NC_0036_0061,01-Jan-1852,14928.5598999468,458319.985635291,3941328.95046341,08-Dec-2019,14365.441143458,457757.413782022,3941270.50159765,-563.1187564888
usa_NC_0036_0062,01-Jan-1852,14955.2284956932,458337.245956239,3941378.67143476,08-Dec-2019,14365.5151009969,457749.004697193,3941312.96122888,-589.7133946963
usa_NC_0036_0063,01-Jan-1852,14971.6887429222,458344.29819509,3941427.38111343,08-Dec-2019,14367.7425798459,457742.78072001,3941355.47584816,-603.9461630763
usa_NC_0036_0064,01-Jan-1852,14984.2244320081,458347.42865879,3941475.68859018,08-Dec-2019,14371.5507458096,457738.152998763,3941398.06893997,-612.673686198501
usa_NC_0036_0065,01-Jan-1852,14996.844993157,458350.393140832,3941525.25982949,08-Dec-2019,14378.2225914898,457735.968923141,3941443.04735651,-618.622401667199
usa_NC_0036_0066,01-Jan-1852,15012.1574890393,458355.994253583,3941575.37415643,08-Dec-2019,14384.7238874268,457733.55312457,3941488.31503335,-627.4336016125
usa_NC_0036_0067,01-Jan-1852,15020.2639694684,458354.429395823,3941624.57515889,08-Dec-2019,14385.9320442592,457725.889848279,3941532.83052868,-634.331925209201
usa_NC_0036_0068,01-Jan-1852,15026.1937761102,458350.700827809,3941673.49593852,08-Dec-2019,14389.776653723,457720.842934727,3941577.70739786,-636.4171223872
usa_NC_0036_0069,01-Jan-1852,15024.8210982834,458339.749264848,3941721.29645413,08-Dec-2019,14392.4353863257,457714.624650462,3941622.39434854,-632.385711957701
usa_NC_0036_0070,01-Jan-1852,15021.341996413,458326.765675016,3941768.51626015,08-Dec-2019,14392.5920828772,457706.092970184,3941665.88973592,-628.749913535801
usa_NC_0036_0071,01-Jan-1852,15009.6198788851,458305.79370652,3941813.64624762,08-Dec-2019,14393.4891954786,457698.776959191,3941707.08003129,-616.1306834065
usa_NC_0036_0072,01-Jan-1852,15002.9593298181,458290.004623349,3941858.66988467,08-Dec-2019,14399.3182051995,457696.413835975,3941748.65321709,-603.6411246186
usa_NC_0036_0073,01-Jan-1852,14996.7485743445,458274.578212307,3941904.17401026,08-Dec-2019,14407.6605033408,457696.175812661,3941792.41769463,-589.0880710037
usa_NC_0036_0074,01-Jan-1852,14981.8563016737,458250.631733292,3941948.01128072,08-Dec-2019,14409.6567314316,457689.662458318,3941835.20032144,-572.199570242101
usa_NC_0036_0075,01-Jan-1852,14979.3961220482,458238.871751365,3941994.30756992,08-Dec-2019,14412.3180881686,457683.765365014,3941878.29330428,-567.078033879599
usa_NC_0036_0076,01-Jan-1852,14963.4429462341,458213.903589032,3942037.84360964,08-Dec-2019,14412.8166718957,457675.717656624,3941921.11147114,-550.6262743384
usa_NC_0036_0077,01-Jan-1852,14950.8117360208,458192.197369291,3942082.00868443,08-Dec-2019,14415.6647394455,457669.932666514,3941964.59629056,-535.1469965753
usa_NC_0036_0078,01-Jan-1852,14944.6864159278,458176.840895666,3942127.59882014,08-Dec-2019,14422.244739185,457667.747185017,3942009.11302446,-522.441676742799
usa_NC_0036_0079,01-Jan-1852,14935.2569549408,458158.2604421,3942172.46090646,08-Dec-2019,14429.2411203752,457665.91886241,3942053.96732474,-506.0158345656
usa_NC_0036_0080,01-Jan-1852,14928.6914759274,458142.462979887,3942218.01164717,08-Dec-2019,14432.4273385931,457660.339867135,3942098.14695616,-496.264137334301
usa_NC_0036_0081,01-Jan-1852,14917.6915040959,458122.356103881,3942262.49772069,08-Dec-2019,14435.2938259372,457654.412972454,3942142.43592098,-482.397678158699
usa_NC_0036_0082,01-Jan-1852,14911.4072256421,458106.824029556,3942308.1554144,08-Dec-2019,14438.3000498654,457648.586795781,3942186.93397412,-473.1071757767
usa_NC_0036_0083,01-Jan-1852,14905.4633110566,458091.59166394,3942354.05023549,08-Dec-2019,14435.7595807744,457637.285763896,3942230.5237639,-469.703730282199
usa_NC_0036_0084,01-Jan-1852,14897.2004262879,458074.107169313,3942399.38113188,08-Dec-2019,14435.0043327718,457627.679164489,3942274.74451403,-462.196093516101
usa_NC_0036_0085,01-Jan-1852,14903.2157628615,458070.391940452,3942448.67164302,08-Dec-2019,14438.5739066189,457622.220401098,3942320.27884216,-464.641856242601
usa_NC_0036_0086,01-Jan-1852,14901.7464794812,458059.426551606,3942496.04834059,08-Dec-2019,14450.0220578909,457624.315334602,3942368.21845818,-451.724421590301
usa_NC_0036_0087,01-Jan-1852,14891.9940282842,458040.472790733,3942541.13027754,08-Dec-2019,14459.3636023474,457624.327944886,3942415.82813361,-432.630425936801
usa_NC_0036_0088,01-Jan-1852,14872.7660183477,458012.418284094,3942583.39904921,08-Dec-2019,14457.0356446089,457613.080914966,3942460.23218833,-415.730373738799
usa_NC_0036_0089,01-Jan-1852,14853.0227786409,457983.889064039,3942625.41408782,08-Dec-2019,14455.1740497135,457602.241353284,3942504.97711311,-397.8487289274
usa_NC_0036_0090,01-Jan-1852,14839.917675809,457961.610488657,3942670.02502397,08-Dec-2019,14458.9977163347,457596.432170109,3942553.56178658,-380.9199594743
usa_NC_0036_0091,01-Jan-1852,14825.3702464271,457937.954860813,3942714.16660811,08-Dec-2019,14466.2389396846,457593.881597021,3942603.28000323,-359.1313067425
usa_NC_0036_0092,01-Jan-1852,14814.0689492037,457917.414323708,3942759.28512745,08-Dec-2019,14471.7488950099,457589.654102998,3942652.55496433,-342.3200541938
usa_NC_0036_0093,01-Jan-1852,14797.4057167879,457891.745633107,3942802.70323462,08-Dec-2019,14479.8298852697,457587.868920393,3942702.72847045,-317.575831518199
usa_NC_0036_0094,01-Jan-1852,14792.7088589939,457877.528866436,3942849.87973441,08-Dec-2019,14485.9688583161,457584.205743062,3942752.38945133,-306.740000677799
usa_NC_0036_0095,01-Jan-1852,14787.5380708363,457862.853696832,3942896.931641,08-Dec-2019,14487.4622103524,457576.084375269,3942800.65284681,-300.075860483901
usa_NC_0036_0096,01-Jan-1852,14790.7337242227,457856.164003134,3942946.71777299,08-Dec-2019,14491.9649777358,457570.824189309,3942849.95579364,-298.7687464869
usa_NC_0036_0097,01-Jan-1852,14793.895886323,457849.242194335,3942997.49457933,08-Dec-2019,14496.9289453952,457565.496532066,3942901.95003922,-296.966940927799
usa_NC_0036_0098,01-Jan-1852,14790.2581277063,457835.82462641,3943046.07649961,08-Dec-2019,14502.0382516722,457560.310348604,3942953.97800492,-288.2198760341
usa_NC_0036_0099,01-Jan-1852,14797.4735529601,457832.786568261,3943098.10261804,08-Dec-2019,14509.472190664,457557.355087532,3943006.70491882,-288.0013622961
usa_NC_0036_0100,01-Jan-1852,14797.3475626251,457822.675554027,3943148.0589444,08-Dec-2019,14516.7532209529,457554.106678122,3943060.1185163,-280.5943416722
usa_NC_0036_0101,01-Jan-1852,14778.6298324313,457794.751754199,3943192.27772522,08-Dec-2019,14523.8241568083,457550.65332602,3943113.48554692,-254.805675623
usa_NC_0036_0102,01-Jan-1852,14782.4602174612,457788.422252601,3943243.50055263,08-Dec-2019,14524.8494695968,457541.421426893,3943164.9179076,-257.610747864399
usa_NC_0036_0103,01-Jan-1852,14783.6179062482,457779.540414824,3943293.85663104,08-Dec-2019,14523.701267238,457530.111687583,3943215.65643906,-259.9166390102
usa_NC_0036_0104,01-Jan-1852,14782.8162221006,457768.784678556,3943343.59111351,08-Dec-2019,14524.8737868877,457521.035300701,3943267.06180036,-257.942435212901
usa_NC_0036_0105,01-Jan-1852,14785.3856147362,457761.274383829,3943394.287838,08-Dec-2019,14525.5425153151,457511.482809537,3943318.27876346,-259.843099421099
usa_NC_0036_0106,01-Jan-1852,14782.4378582061,457748.466147851,3943443.34172693,08-Dec-2019,14529.757069693,457505.349290311,3943370.48135649,-252.6807885131
usa_NC_0036_0107,01-Jan-1852,14781.3581084077,457737.456865647,3943492.92599325,08-Dec-2019,14532.8611599508,457498.156858404,3943422.31610348,-248.496948456899
usa_NC_0036_0108,01-Jan-1852,14777.7183612874,457723.983735904,3943541.77581769,08-Dec-2019,14533.7113578249,457488.801505467,3943473.47260776,-244.007003462501
usa_NC_0036_0109,01-Jan-1852,14788.7290765127,457724.643590789,3943594.6647324,08-Dec-2019,14535.4652409645,457480.325647482,3943524.8395752,-253.263835548199
usa_NC_0036_0110,01-Jan-1852,14785.9968607384,457712.059074124,3943643.69901722,08-Dec-2019,14542.4183325423,457476.878974196,3943577.57178684,-243.5785281961
usa_NC_0036_0111,01-Jan-1852,14781.1934633894,457697.474578171,3943692.17206756,08-Dec-2019,14546.9121846671,457471.073777012,3943629.5566762,-234.281278722299
usa_NC_0036_0112,01-Jan-1852,14760.7817474958,457667.79167822,3943736.54911139,08-Dec-2019,14546.2833391942,457460.327717585,3943680.1247812,-214.498408301599
usa_NC_0037_0001,01-Jan-1852,14715.1254008201,457613.642602476,3943774.53290681,08-Dec-2019,14547.8690171489,457451.730625081,3943731.24004855,-167.2563836712
usa_NC_0037_0002,01-Mar-1852,14684.8583256429,457574.333326505,3943816.78899629,08-Dec-2019,14555.4897595523,457448.989746688,3943783.84742682,-129.368566090599
usa_NC_0037_0003,01-Jan-1909,14659.4344126804,457539.675888718,3943860.48169928,08-Dec-2019,14561.9846747889,457445.176177575,3943836.07750714,-97.4497378915003
usa_NC_0037_0004,01-Jan-1909,14661.3237354257,457531.491149162,3943911.08299138,08-Dec-2019,14560.3563331178,457433.49543384,3943886.22238442,-100.967402307901
usa_NC_0037_0005,01-Jan-1909,14665.0134629703,457525.063897083,3943962.07718021,08-Dec-2019,14558.0313841515,457421.140355007,3943936.18688468,-106.982078818801
usa_NC_0037_0006,01-Jan-1909,14667.0992060873,457517.089575212,3944012.6278573,08-Dec-2019,14555.9003737368,457408.976163864,3943986.18583985,-111.198832350499
usa_NC_0037_0007,01-Jan-1852,14526.6134721242,457370.389385431,3944029.8284096,08-Dec-2019,14555.6920735603,457398.685621952,3944036.6205373,29.0786014361001
usa_NC_0037_0008,01-Jan-1852,14571.9472439521,457404.435330832,3944090.80199239,08-Dec-2019,14557.1558301536,457390.029440417,3944087.40930594,-14.791413798499
usa_NC_0037_0009,01-Jan-1852,14588.5971841844,457410.603416986,3944144.90436348,08-Dec-2019,14558.7104409056,457381.470518414,3944138.17500832,-29.8867432788011
usa_NC_0037_0010,01-Jan-1852,14611.8659745427,457423.286243671,3944200.18257151,08-Dec-2019,14583.5754861466,457395.687968186,3944193.91956981,-28.2904883961
usa_NC_0037_0011,01-Jan-1852,14624.5262038078,457425.744680132,3944252.48869065,08-Dec-2019,14591.7355765521,457393.743383633,3944245.2944553,-32.7906272556993
usa_NC_0037_0012,01-Jan-1852,14631.8367630748,457422.99299241,3944303.56720266,08-Dec-2019,14587.4473964833,457379.654573848,3944293.91621946,-44.3893665915002
usa_NC_0037_0013,01-Jan-1852,14639.0725808393,457420.175448727,3944354.59385356,08-Dec-2019,14563.5874775624,457346.447601615,3944338.33179464,-75.4851032769002
usa_NC_0037_0014,01-Jan-1852,14641.917336179,457413.160175786,3944404.21856482,08-Dec-2019,14569.631420783,457342.555252103,3944388.65467226,-72.2859153959998
usa_NC_0037_0015,01-Jan-1852,14645.2859212669,457406.684159187,3944453.81790055,08-Dec-2019,14583.498539929,457346.339315683,3944440.48598912,-61.7873813378992
usa_NC_0037_0016,01-Jan-1852,14651.8156970355,457403.29488527,3944504.10255319,08-Dec-2019,14596.5275193817,457349.302599839,3944492.14750764,-55.2881776537997
usa_NC_0037_0017,01-Jan-1852,14654.3462506784,457395.999557414,3944553.52529575,08-Dec-2019,14607.9566260145,457350.70152387,3944543.47302451,-46.3896246638997
usa_NC_0037_0018,01-Jan-1852,14660.2759693347,457392.022897516,3944603.68717087,08-Dec-2019,14615.2864835537,457348.09619904,3944593.91756694,-44.9894857809995
usa_NC_0037_0019,01-Jan-1852,14666.7054552208,457388.53332727,3944653.96193362,08-Dec-2019,14613.9183337704,457336.998057258,3944642.47472574,-52.7871214503994
usa_NC_0037_0020,01-Jan-1852,14672.9348655446,457384.847530896,3944704.19763796,08-Dec-2019,14619.1485522607,457332.341719817,3944692.46819624,-53.7863132838993
usa_NC_0037_0021,01-Jan-1852,14682.4632261003,457384.381173773,3944755.15762545,08-Dec-2019,14635.9755592287,457339.004578707,3944744.99816581,-46.4876668716006
usa_NC_0037_0022,01-Jan-1852,14691.7041360751,457383.632754693,3944806.06220743,08-Dec-2019,14649.6157677008,457342.554234647,3944796.84455096,-42.0883683743014
usa_NC_0037_0023,01-Jan-1852,14701.6883476256,457383.608281643,3944857.13719008,08-Dec-2019,14654.3019782745,457337.363292578,3944846.73714265,-47.3863693511012
usa_NC_0037_0024,01-Jan-1852,14574.5151803892,457249.741283877,3944878.05378673,08-Dec-2019,14659.3897890533,457332.563638073,3944896.72107483,84.8746086641004
usa_NC_0037_0025,01-Jan-1909,14640.3908116047,457304.261175001,3944941.39953657,08-Dec-2019,14661.3842846029,457324.745072798,3944946.02662323,20.9934729981996
usa_NC_0037_0026,01-Jan-1909,14632.5912592474,457286.843178947,3944988.76217741,08-Dec-2019,14663.0820893061,457316.596359785,3944995.47024942,30.4908300587012
usa_NC_0037_0027,01-Jan-1909,14631.0792688612,457275.50053629,3945037.80884702,08-Dec-2019,14662.5709501515,457306.239861807,3945044.68953498,31.4916812902993
usa_NC_0037_0028,01-Jan-1909,14628.1671498042,457262.789019066,3945086.56058817,08-Dec-2019,14660.159793335,457294.02699519,3945093.50240693,31.9926435308007
usa_NC_0037_0029,01-Jan-1909,14627.4540550685,457252.222702471,3945135.7992429,08-Dec-2019,14660.7474595966,457284.740805175,3945142.97301433,33.2934045280999
usa_NC_0037_0030,01-Jan-1909,14626.9034787136,457241.813877042,3945185.07913439,08-Dec-2019,14662.3974931314,457276.492055488,3945192.67347041,35.4940144177999
usa_NC_0037_0031,01-Jan-1909,14624.0894795076,457229.191781512,3945233.88411182,08-Dec-2019,14664.9836911279,457269.158372151,3945242.57212843,40.8942116202998
usa_NC_0037_0032,01-Jan-1909,14621.2732337234,457216.564931894,3945282.7014155,08-Dec-2019,14669.9675449824,457264.169381377,3945292.97304582,48.6943112590016
usa_NC_0037_0033,01-Jan-1852,14677.6492108872,457261.820783015,3945343.92821963,08-Dec-2019,14674.7494848479,457258.985082962,3945343.32092629,-2.89972603930073
usa_NC_0037_0034,01-Jan-1852,14707.7273911482,457281.384713317,3945399.52123006,08-Dec-2019,14675.9297601745,457250.279582673,3945392.90981208,-31.7976309737005
usa_NC_0037_0035,01-Jan-1852,14740.1044037064,457303.215389602,3945455.50224656,08-Dec-2019,14675.4080848025,457239.908535497,3945442.1481377,-64.6963189038997
usa_NC_0037_0036,01-Jan-1852,14760.98075433,457313.807600977,3945509.03331718,08-Dec-2019,14686.7838457119,457241.181821645,3945493.83015381,-74.1969086180998
usa_NC_0037_0037,01-Jan-1852,14761.3560746452,457304.338443039,3945558.33589759,08-Dec-2019,14689.5581424406,457234.039189084,3945543.73264818,-71.7979322046012
usa_NC_0037_0038,01-Jan-1852,14774.514145913,457307.436827388,3945609.98011961,08-Dec-2019,14688.9167643883,457223.630064938,3945592.5506455,-85.5973815247016
usa_NC_0037_0039,01-Jan-1852,14773.8141269155,457296.996701268,3945658.65399956,08-Dec-2019,14689.8170190446,457214.764579396,3945641.51112546,-83.9971078709004
usa_NC_0037_0040,01-Jan-1852,14763.6130922394,457277.262807664,3945705.35075242,08-Dec-2019,14689.0159641633,457204.240114491,3945690.09145094,-74.5971280761005
usa_NC_0037_0041,01-Jan-1852,14744.7128233756,457249.015108861,3945750.25889363,08-Dec-2019,14689.2151983312,457194.693989662,3945738.88058053,-55.4976250443997
usa_NC_0037_0042,01-Jan-1852,14719.2133472825,457214.311353491,3945793.79776517,08-Dec-2019,14688.7147903396,457184.462189631,3945787.5305954,-30.4985569429009
usa_NC_0037_0043,01-Jan-1852,14698.6141737539,457184.406972402,3945838.32652927,08-Dec-2019,14686.4148089021,457172.468502562,3945835.81397323,-12.1993648518001
usa_NC_0037_0044,01-Jan-1852,14675.4164000615,457151.960471194,3945882.31555453,08-Dec-2019,14682.4160049319,457158.809805194,3945883.76006959,6.99960487039971
usa_NC_0037_0045,01-Jan-1852,14669.0720043034,457135.995425042,3945929.83320392,08-Dec-2019,14681.0713090366,457147.736794936,3945932.31115328,11.9993047332009
usa_NC_0037_0046,01-Jan-1852,14659.1655648425,457116.545087983,3945976.61434409,08-Dec-2019,14680.5642926419,457137.483248309,3945981.03627152,21.3987277994001
usa_NC_0037_0047,01-Jan-1852,14659.1585797379,457106.781146883,3946025.44110717,08-Dec-2019,14679.6573296576,457126.83813923,3946029.67986382,20.4987499197014
usa_NC_0037_0048,01-Jan-1852,14660.8515164245,457098.680185733,3946074.62092219,08-Dec-2019,14677.3504847053,457114.823142925,3946078.0348544,16.4989682807991
usa_NC_0037_0049,01-Jan-1852,14673.1437963728,457100.949215726,3946125.99714326,08-Dec-2019,14674.4437130464,457102.221047569,3946126.26629705,1.299916673599
usa_NC_0037_0050,01-Jan-1852,14669.2371293467,457087.368788069,3946174.02175197,08-Dec-2019,14671.3369914078,457089.423225034,3946174.45682525,2.09986206109897
usa_NC_0037_0051,01-Jan-1852,14669.1300866277,457077.490996908,3946222.90763844,08-Dec-2019,14668.4301337333,457076.806204823,3946222.76251849,-0.699952894399757
usa_NC_0037_0052,01-Jan-1852,14661.9233596766,457060.64878265,3946270.41422285,08-Dec-2019,14667.0230081842,457065.637834737,3946271.47222062,5.09964850759934
usa_NC_0037_0053,01-Jan-1852,14659.4163557378,457048.404646125,3946318.89444369,08-Dec-2019,14664.6159887879,457053.491372254,3946319.973896,5.1996330501006
usa_NC_0037_0054,01-Jan-1852,14653.309651394,457032.639223273,3946366.62611608,08-Dec-2019,14662.1090157464,457041.247274353,3946368.45408123,8.79936435240052
usa_NC_0037_0055,01-Jan-1852,14650.7027400906,457020.297753386,3946415.08357134,08-Dec-2019,14657.6022300562,457027.047048096,3946416.51780316,6.89948996559906
usa_NC_0037_0056,01-Jan-1852,14650.1957101665,457010.010551998,3946463.97704154,08-Dec-2019,14656.1952564261,457015.879329934,3946465.22501812,5.99954625959981
usa_NC_0037_0057,01-Jan-1852,14643.389200651,456993.561389538,3946511.55908086,08-Dec-2019,14658.7880095012,457008.624139593,3946514.76432044,15.398808850201
usa_NC_0037_0058,01-Jan-1852,14636.158865749,456976.698047159,3946559.05091964,08-Dec-2019,14653.95745793,456994.107722145,3946562.75810413,17.7985921810014
usa_NC_0037_0059,01-Jan-1852,14632.7643767819,456963.587037029,3946607.34019019,08-Dec-2019,14642.9635520841,456973.563071602,3946609.46592164,10.1991753021994
usa_NC_0037_0060,01-Jan-1852,14623.427263478,456944.663776452,3946654.3890896,08-Dec-2019,14640.0258917585,456960.898801646,3946657.85087483,16.5986282804988
usa_NC_0037_0061,01-Jan-1852,14618.5496286315,456930.102709973,3946702.36603326,08-Dec-2019,14637.548024375,456948.684415481,3946706.33090658,18.9983957435015
usa_NC_0037_0062,01-Jan-1852,14619.040927493,456920.809273225,3946751.38111346,08-Dec-2019,14636.439346003,456937.824430878,3946755.02040048,17.3984185099998
usa_NC_0037_0063,01-Jan-1852,14620.3744423286,456912.360952265,3946800.46500625,08-Dec-2019,14634.3729842812,456926.048521753,3946803.40616954,13.9985419526001
usa_NC_0037_0064,01-Jan-1852,14625.7474081995,456907.774702668,3946850.83621489,08-Dec-2019,14629.6470534275,456911.588440247,3946851.65193891,3.89964522799892
usa_NC_0037_0065,01-Jan-1852,14621.6464731229,456893.895699926,3946899.36359514,08-Dec-2019,14625.7461804405,456897.906329343,3946900.21497735,4.09970731759859
usa_NC_0037_0066,01-Jan-1852,14620.5200605592,456882.924874066,3946948.51727706,08-Dec-2019,14624.3198546899,456886.643253193,3946949.30063948,3.79979413070032
usa_NC_0037_0067,01-Jan-1852,14620.9036034887,456873.431289277,3946997.98406111,08-Dec-2019,14622.6035366137,456875.095312147,3946998.33195173,1.69993312500083
usa_NC_0037_0068,01-Jan-1852,14618.5756104669,456861.282728131,3947046.89953494,08-Dec-2019,14620.6755540374,456863.338944769,3947047.32611804,2.09994357049982
usa_NC_0037_0069,01-Jan-1852,14620.3155975408,456853.117641898,3947096.64036848,08-Dec-2019,14618.6156260568,456851.452556132,3947096.29760123,-1.69997148400034
usa_NC_0037_0070,01-Jan-1852,14617.8896687187,456840.874139867,3947145.5311654,08-Dec-2019,14615.4896904329,456838.522688965,3947145.05087522,-2.3999782858009
usa_NC_0037_0071,01-Jan-1852,14617.3561907147,456830.483283557,3947194.80839085,08-Dec-2019,14611.3562128389,456824.602816302,3947193.61670932,-5.99997787579923
usa_NC_0037_0072,01-Jan-1852,14617.1280967967,456820.390853384,3947244.15064956,08-Dec-2019,14607.2281036604,456810.685069564,3947242.19930119,-9.8999931362996
usa_NC_0037_0073,01-Jan-1852,14614.7538126694,456808.192911584,3947293.07700485,08-Dec-2019,14604.0538133631,456797.699591474,3947290.98410422,-10.6999993063
usa_NC_0037_0074,01-Jan-1852,14617.1210526494,456800.644257744,3947342.93404533,08-Dec-2019,14601.0210816366,456784.85042022,3947339.80919393,-16.0999710127999
usa_NC_0037_0075,01-Jan-1852,14609.4113493783,456783.208020366,3947390.84650017,08-Dec-2019,14598.8114119055,456772.80644299,3947388.805131,-10.5999374727999
usa_NC_0037_0076,01-Jan-1852,14612.2796262222,456776.193950536,3947440.5852281,08-Dec-2019,14595.8797632573,456760.098884353,3947437.43739638,-16.3998629648995
usa_NC_0037_0077,01-Jan-1852,14612.5841891657,456766.720495286,3947489.54821719,08-Dec-2019,14594.6843061192,456749.154946772,3947486.10416356,-17.8998830465007
usa_NC_0037_0078,01-Jan-1852,14618.3756772277,456762.6311162,3947539.5687479,08-Dec-2019,14592.8758030818,456737.609893385,3947534.65057661,-25.4998741458985
usa_NC_0037_0079,01-Jan-1852,14624.7552552872,456759.117860699,3947589.70734549,08-Dec-2019,14594.3553635493,456729.29141484,3947583.83000532,-30.3998917378995
usa_NC_0037_0080,01-Jan-1852,14628.3356374816,456752.857492756,3947639.3083607,08-Dec-2019,14596.2357148677,456721.36605959,3947633.08745746,-32.0999226138993
usa_NC_0037_0081,01-Jan-1852,14631.5503310311,456746.237938248,3947688.84065779,08-Dec-2019,14599.9503779235,456715.239926307,3947682.70198891,-31.5999531075995
usa_NC_0037_0082,01-Jan-1852,14633.0963114615,456737.981217947,3947738.04998673,08-Dec-2019,14604.1963340307,456709.634428984,3947732.42241572,-28.8999774308013
usa_NC_0037_0083,01-Jan-1852,14630.2935235386,456725.459292118,3947786.41089217,08-Dec-2019,14607.893530295,456703.490144418,3947782.03864455,-22.3999932436
usa_NC_0037_0084,01-Jan-1852,14627.9259071969,456713.364847718,3947834.85333557,08-Dec-2019,14608.6259080861,456694.437857616,3947831.07722041,-19.2999991108009
usa_NC_0037_0085,01-Jan-1852,14627.8736466203,456703.541434811,3947883.7466631,08-Dec-2019,14615.1736468024,456691.088063338,3947881.25597264,-12.6999998179017
usa_NC_0037_0086,01-Jan-1852,14627.9889826533,456693.882563974,3947932.6718578,08-Dec-2019,14603.688987669,456670.056717199,3947927.89493143,-24.2999949842997
usa_NC_0037_0087,01-Jan-1852,14628.9600124273,456685.032991293,3947981.9138911,08-Dec-2019,14603.1600158669,456659.735773649,3947976.84528385,-25.7999965603994
usa_NC_0037_0088,01-Jan-1852,14624.2753963313,456670.542037601,3948030.52499837,08-Dec-2019,14609.2754138818,456655.828354157,3948027.60823313,-14.9999824495007
usa_NC_0037_0089,01-Jan-1852,14635.7902716671,456671.944849544,3948082.26876282,08-Dec-2019,14614.690406585,456651.23924878,3948078.20820904,-21.0998650821002
usa_NC_0037_0090,01-Jan-1852,14628.287002596,456654.687223446,3948130.34087745,08-Dec-2019,14606.9873393028,456633.777015358,3948126.2846233,-21.2996632932009
usa_NC_0037_0091,01-Jan-1852,14635.6439319506,456652.018746937,3948181.2396103,08-Dec-2019,14604.4448496881,456621.377610033,3948175.36077289,-31.1990822625012
usa_NC_0037_0092,01-Jan-1852,14638.9246877393,456645.351991476,3948231.34525458,08-Dec-2019,14607.2261844566,456614.207646112,3948225.43596089,-31.6985032826997
usa_NC_0037_0093,01-Jan-1852,14639.4217198911,456636.008506377,3948280.64005418,08-Dec-2019,14604.5249342419,456601.695429113,3948274.26645796,-34.8967856492
usa_NC_0037_0094,01-Jan-1852,14639.0813440968,456625.733065254,3948330.32515903,08-Dec-2019,14599.5850827282,456586.896003485,3948323.11872904,-39.4962613686002
usa_NC_0037_0095,01-Jan-1852,14628.8845970123,456605.83182528,3948377.88125657,08-Dec-2019,14594.888665597,456572.391886718,3948371.73548494,-33.9959314153002
usa_NC_0037_0096,01-Jan-1852,14630.0132175322,456597.068296969,3948427.49692587,08-Dec-2019,14594.5184578615,456562.142132017,3948421.13980374,-35.4947596706988
usa_NC_0037_0097,01-Jan-1852,14623.0675408963,456580.358473903,3948475.67319554,08-Dec-2019,14592.5729851303,456550.342179314,3948470.26282964,-30.4945557659994
usa_NC_0037_0098,01-Jan-1852,14619.3493395527,456566.822537744,3948524.43695066,08-Dec-2019,14593.95473253,456541.817681691,3948519.97408457,-25.3946070227012
usa_NC_0037_0099,01-Jan-1852,14619.457220366,456557.053359925,3948573.87611644,08-Dec-2019,14591.3642196204,456529.382091017,3948568.98624149,-28.0930007455991
usa_NC_0037_0100,01-Jan-1852,14616.1912154658,456543.960494714,3948622.73027685,08-Dec-2019,14588.7991280728,456516.970417672,3948618.0084402,-27.3920873930001
usa_NC_0037_0101,01-Jan-1852,14623.1566513866,456540.963953441,3948673.27285666,08-Dec-2019,14587.1683264124,456505.49366953,3948667.11989321,-35.9883249741997
usa_NC_0037_0102,01-Jan-1852,14625.408854879,456533.426410895,3948722.4872254,08-Dec-2019,14583.5216847999,456492.148116191,3948715.29609292,-41.8871700791005
usa_NC_0037_0103,01-Jan-1852,14627.9578577845,456526.180409839,3948771.7572705,08-Dec-2019,14579.8717402856,456478.800075627,3948763.46788392,-48.0861174989004
usa_NC_0037_0104,01-Jan-1852,14637.1586225788,456525.486614282,3948822.18362272,08-Dec-2019,14577.6747798773,456466.884255859,3948811.88733275,-59.4838427015002
usa_NC_0037_0105,01-Jan-1852,14643.7612421727,456522.230675862,3948872.17275921,08-Dec-2019,14577.2781999834,456456.742238889,3948860.61790642,-66.4830421893002
usa_NC_0037_0106,01-Jan-1852,14646.7917239858,456515.454411075,3948921.54920381,08-Dec-2019,14579.5078072269,456449.186594261,3948909.80754912,-67.2839167588991
usa_NC_0037_0107,01-Jan-1852,14640.9049490752,456499.895695945,3948969.36880121,08-Dec-2019,14583.8177093361,456443.678640574,3948959.36616729,-57.0872397391013
usa_NC_0037_0108,01-Jan-1852,14631.0864458923,456480.472115448,3949016.46480749,08-Dec-2019,14590.3948389749,456440.407414654,3949009.30172503,-40.6916069174003
usa_NC_0037_0109,01-Jan-1852,14594.9698979431,456435.182191436,3949058.7986315,08-Dec-2019,14595.1698614578,456435.379026926,3949058.83406862,0.199963514700357
usa_NC_0037_0110,01-Jan-1852,14550.509192482,456381.697269659,3949099.56047806,08-Dec-2019,14594.5021485521,456424.991631126,3949107.4089343,43.9929560700984
usa_NC_0037_0111,01-Jan-1852,14452.795763286,456275.838477924,3949130.65567225,08-Dec-2019,14592.5763019016,456413.366254676,3949155.75847332,139.7805386156
usa_NC_0037_0112,01-Jul-1909,14736.4092800087,456545.116815794,3949230.45346885,08-Dec-2019,14589.5276771233,456400.627165522,3949203.95156393,-146.8816028854
usa_NC_0037_0113,01-Jul-1909,14737.4780418211,456536.420161668,3949279.42899729,08-Dec-2019,14588.7957421592,456390.170703684,3949252.5443169,-148.682299661899
usa_NC_0037_0114,01-Jan-1909,14763.1666383703,456551.939270551,3949332.86240642,08-Dec-2019,14588.7863448441,456380.425856295,3949301.26321766,-174.380293526199
usa_NC_0037_0115,01-Jan-1909,14765.0945326162,456544.086981461,3949381.9968344,08-Dec-2019,14588.9134051584,456370.8160437,3949350.0027392,-176.181127457799
usa_NC_0037_0116,01-Jan-1909,14770.7537289222,456539.904602706,3949431.80764458,08-Dec-2019,14589.0721492109,456361.238205412,3949398.74394125,-181.681579711299
usa_NC_0037_0117,01-Jan-1909,14780.3494807239,456539.593095169,3949482.33662519,08-Dec-2019,14587.2679804392,456349.730992399,3949447.12310603,-193.081500284701
usa_NC_0037_0118,01-Jan-1909,14782.8849919477,456532.338957793,3949531.57853526,08-Dec-2019,14585.2028616384,456337.968314377,3949495.44900471,-197.6821303093
usa_NC_0037_0119,01-Jan-1909,14788.8185195977,456528.42609178,3949581.44060041,08-Dec-2019,14584.3359286149,456327.384814258,3949543.98856799,-204.4825909828
usa_NC_0037_0120,01-Jul-1909,14776.0121757259,456506.0900845,3949627.86360634,08-Dec-2019,14585.0274602782,456318.33439488,3949592.80934818,-190.984715447701
usa_NC_0037_0121,01-Jan-1917,14678.4685360221,456400.458895573,3949658.68627916,08-Dec-2019,14591.0750980326,456314.549839787,3949642.61163658,-87.3934379894999
usa_NC_0037_0122,01-Jul-1909,14782.8424529153,456493.315985773,3949726.64698102,08-Dec-2019,14595.8555978256,456309.519662647,3949692.18088745,-186.986855089699
usa_NC_0037_0123,01-Jul-1909,14781.1671331468,456481.926186149,3949775.09612151,08-Dec-2019,14593.7794388394,456297.750442413,3949740.48318434,-187.387694307401
usa_NC_0037_0124,01-Jan-1917,14699.5287398214,456391.951250315,3949808.73842977,08-Dec-2019,14591.2353670892,456285.522526013,3949788.69306513,-108.2933727322
usa_NC_0037_0125,01-Jan-1917,14706.1981094063,456388.770221786,3949858.69333496,08-Dec-2019,14585.6049691615,456270.262896415,3949836.32429757,-120.593140244799
usa_NC_0037_0126,01-Jul-1909,14809.2310078428,456480.273359723,3949926.58608922,08-Dec-2019,14585.3428127638,456260.275023158,3949884.96948306,-223.888195079
usa_NC_0037_0127,01-Jul-1909,14811.889326872,456473.099594953,3949976.05251084,08-Dec-2019,14595.9998466684,456260.977802883,3949935.83864098,-215.889480203601
usa_NC_0037_0128,01-Jul-1909,14812.3834455388,456463.799042647,3950025.11759028,08-Dec-2019,14607.4926423087,456262.499923769,3949986.87265939,-204.890803230101
usa_NC_0037_0129,01-Jan-1852,14523.3447879172,456170.063494546,3950020.02664682,08-Dec-2019,14609.841224049,456255.036938965,3950036.20576124,86.4964361317998
usa_NC_0037_0130,01-Jan-1852,14693.1998765895,456327.150855894,3950100.7256798,08-Dec-2019,14603.5032560334,456239.040554593,3950083.91304156,-89.6966205561002
usa_NC_0037_0131,01-Jan-1852,14730.8878353125,456354.39225002,3950156.73283815,08-Dec-2019,14590.3926553893,456216.39271525,3950130.34385554,-140.4951799232
usa_NC_0037_0132,01-Jan-1852,14746.6924241592,456360.134721779,3950208.65105393,08-Dec-2019,14593.1971973828,456209.378008224,3950179.76051364,-153.4952267764
usa_NC_0037_0133,01-Jan-1852,14753.1346382433,456356.681856906,3950258.8070852,08-Dec-2019,14601.2388978883,456207.507916331,3950230.15842985,-151.895740355001
usa_NC_0037_0134,01-Jan-1852,14749.116533215,456342.961914628,3950306.96117472,08-Dec-2019,14600.2202776361,456196.745298841,3950278.82025668,-148.8962555789
usa_NC_0037_0135,01-Jan-1852,14734.0256979801,456318.369699507,3950353.01662398,08-Dec-2019,14598.1287434039,456184.929017685,3950327.27959939,-135.896954576199
usa_NC_0037_0136,01-Jan-1852,14738.7045031766,456313.190311437,3950402.81360323,08-Dec-2019,14590.10744976,456167.290645619,3950374.61347,-148.597053416599
usa_NC_0037_0137,01-Jan-1852,14738.470895553,456303.188877442,3950451.67234491,08-Dec-2019,14579.0736212739,456146.69907739,3950421.35234359,-159.397274279101
usa_NC_0037_0138,01-Jan-1852,14738.3756481608,456293.383395171,3950500.25656586,08-Dec-2019,14567.2767984466,456125.47859277,3950467.34475444,-171.098849714199
usa_NC_0037_0139,01-Jan-1852,14743.9515046231,456289.139142044,3950549.9517096,08-Dec-2019,14556.5517115348,456105.317783383,3950513.50355327,-187.399793088302
usa_NC_0037_0140,01-Jan-1852,14734.5754915658,456270.228488567,3950596.73900094,08-Dec-2019,14557.7755341794,456096.880095029,3950561.97444345,-176.7999573864
usa_NC_0037_0141,01-Jan-1852,14728.2631900097,456254.326774434,3950644.10349985,08-Dec-2019,14562.0638764424,456091.44306343,3950611.06811444,-166.1993135673
usa_NC_0037_0142,01-Jan-1852,14719.5312763125,456236.058480474,3950690.96322177,08-Dec-2019,14556.6333561975,456076.479863402,3950658.23593998,-162.897920115
usa_NC_0037_0143,01-Jan-1852,14709.2492142193,456216.278077517,3950737.47921692,08-Dec-2019,14551.853330314,456062.156580905,3950705.52105236,-157.395883905301
usa_NC_0037_0144,01-Jan-1852,14698.2233001328,456195.776730208,3950783.80698094,08-Dec-2019,14545.9300431521,456046.716712304,3950752.55956405,-152.2932569807
usa_NC_0037_0145,01-Jan-1852,14690.0379732957,456178.062198573,3950830.68487052,08-Dec-2019,14540.5480102267,456031.809754921,3950799.69337611,-149.489963069002
usa_NC_0037_0146,01-Jan-1852,14690.09080415,456168.409215932,3950879.26161529,08-Dec-2019,14535.1054872812,456016.846552442,3950846.79996043,-154.985316868801
usa_NC_0037_0147,01-Jan-1852,14693.270548932,456161.811048903,3950928.50852711,08-Dec-2019,14536.8904199823,456008.951079122,3950895.42092159,-156.380128949701
usa_NC_0037_0148,01-Jan-1852,14690.0343016927,456148.939675827,3950976.40612061,08-Dec-2019,14539.0590807632,456001.42733145,3950944.13991141,-150.9752209295
usa_NC_0037_0149,01-Jan-1852,14667.829489299,456117.543999135,3951020.20381498,08-Dec-2019,14538.0562106711,455990.802622729,3950992.19196916,-129.773278627899
usa_NC_0037_0150,01-Jan-1852,14670.5280926283,456110.476569345,3951069.34367983,08-Dec-2019,14536.2619826052,455979.404558488,3951040.07564317,-134.2661100231
usa_NC_0037_0151,01-Jan-1852,14665.8352490242,456096.180495979,3951116.93754561,08-Dec-2019,14532.8747186697,455966.432463608,3951087.70660146,-132.960530354499
usa_NC_0037_0152,01-Jan-1852,14647.729773561,456068.701021418,3951162.05728142,08-Dec-2019,14527.9645930463,455951.823594702,3951135.75695587,-119.7651805147
usa_NC_0037_0153,01-Jan-1852,14657.434078605,456068.360558038,3951213.28514855,08-Dec-2019,14524.9717870836,455939.085613845,3951184.22936077,-132.4622915214
usa_NC_0037_0154,01-Jan-1852,14651.6619821156,456052.916475239,3951261.11632229,08-Dec-2019,14518.3991194123,455922.853624894,3951231.91794973,-133.262862703301
usa_NC_0037_0155,01-Jan-1852,14650.2562567166,456041.755958268,3951309.7938699,08-Dec-2019,14506.8969997451,455901.845699791,3951278.35059442,-143.3592569715
usa_NC_0037_0156,01-Jan-1852,14658.0305804038,456039.587245107,3951360.32169217,08-Dec-2019,14497.8799427531,455883.32056567,3951325.04046632,-160.1506376507
usa_NC_0037_0157,01-Jan-1852,14653.1638837495,456025.082774028,3951408.07123226,08-Dec-2019,14494.4167820806,455870.216309944,3951372.94548242,-158.7471016689
usa_NC_0037_0158,01-Jan-1852,14657.0402184095,456019.102239814,3951457.78219161,08-Dec-2019,14495.597727797,455861.63399599,3951421.92131896,-161.4424906125
usa_NC_0037_0159,01-Jan-1852,14644.160362742,455996.761849715,3951503.85197744,08-Dec-2019,14492.7163550165,455849.060829316,3951470.13760999,-151.4440077255
usa_NC_0037_0160,01-Jan-1852,14633.4606071816,455976.549615459,3951550.39739923,08-Dec-2019,14481.818757473,455828.670533486,3951516.56446979,-151.6418497086
usa_NC_0037_0161,01-Jan-1852,14630.3465049574,455963.735787587,3951598.63035871,08-Dec-2019,14469.3105124869,455806.711480744,3951562.62234488,-161.035992470501
usa_NC_0037_0162,01-Jan-1852,14634.8369003762,455958.338814835,3951648.55469983,08-Dec-2019,14462.9076878967,455790.70954097,3951610.0264434,-171.929212479499
usa_NC_0037_0163,01-Jan-1852,14630.7000843391,455944.531106641,3951696.54218391,08-Dec-2019,14463.4713620567,455781.501188551,3951658.98508328,-167.2287222824
usa_NC_0037_0164,01-Jan-1852,14625.9716404052,455930.147481251,3951744.39251328,08-Dec-2019,14457.0461340747,455765.47997495,3951706.37130382,-168.925506330499
usa_NC_0037_0165,01-Jan-1852,14617.6586447943,455912.270923887,3951791.42970704,08-Dec-2019,14447.0364474553,455745.966254621,3951752.94273547,-170.622197338998
usa_NC_0037_0166,01-Jan-1852,14614.4292782702,455899.350476201,3951839.60800265,08-Dec-2019,14436.4131690747,455725.856482969,3951799.36568273,-178.0161091955
usa_NC_0037_0167,01-Jan-1852,14606.2161309987,455881.573958546,3951886.65411718,08-Dec-2019,14430.4017113857,455710.242997541,3951846.82307651,-175.814419613
usa_NC_0037_0168,01-Jan-1852,14601.4477018961,455867.155577658,3951934.4743194,08-Dec-2019,14422.3377099244,455692.630682163,3951893.80859855,-179.1099919717
usa_NC_0037_0169,01-Jan-1852,14595.7570325716,455851.83957712,3951982.08006957,08-Dec-2019,14415.1506848385,455675.874375066,3951940.98581612,-180.606347733101
usa_NC_0037_0170,01-Jan-1852,14587.616063811,455834.137586792,3952029.12157071,08-Dec-2019,14409.4113694509,455660.529830142,3951988.4861572,-178.2046943601
usa_NC_0037_0171,01-Jan-1852,14582.6965852963,455819.575255663,3952076.891302,08-Dec-2019,14403.9951085346,455645.501090481,3952036.05473731,-178.7014767617
usa_NC_0037_0172,01-Jan-1852,14581.2606157481,455808.147907911,3952126.74982534,08-Dec-2019,14401.1052406221,455632.899893751,3952084.36794793,-180.155375126
usa_NC_0037_0173,01-Jan-1852,14574.4643186681,455792.018221712,3952172.78520326,08-Dec-2019,14398.7671228221,455620.905073992,3952132.46237254,-175.697195846
usa_NC_0037_0174,01-Jan-1852,14577.8393331464,455785.535860147,3952222.44910274,08-Dec-2019,14395.5491439652,455608.019648695,3952180.52351781,-182.2901891812
usa_NC_0037_0175,01-Jan-1852,14584.5339631144,455782.285172235,3952272.88152102,08-Dec-2019,14393.5523567705,455596.323931291,3952228.86303779,-190.981606343899
usa_NC_0037_0176,01-Jan-1852,14581.3442663154,455769.409630101,3952321.03753931,08-Dec-2019,14387.7677100476,455580.940678139,3952276.32574952,-193.576556267801
usa_NC_0037_0177,01-Jan-1852,14582.3688683255,455760.637388352,3952370.16597538,08-Dec-2019,14378.9022873076,455562.559361743,3952323.06974013,-203.466581017901
usa_NC_0037_0178,01-Jan-1852,14575.2568926702,455743.944639971,3952417.40812177,08-Dec-2019,14369.4955782414,455543.652878339,3952369.67951166,-205.761314428801
usa_NC_0038_0001,01-Jan-1852,14564.4635404375,455723.670119507,3952463.78759434,08-Dec-2019,14354.7088052107,455519.511708316,3952415.02948588,-209.754735226801
usa_NC_0038_0002,01-Jan-1852,14561.0917056233,455710.619273987,3952511.89138982,08-Dec-2019,14340.2487994647,455495.690243312,3952460.44713093,-220.842906158599
usa_NC_0038_0003,01-Jan-1852,14556.452813541,455696.333758876,3952559.7077494,08-Dec-2019,14341.9095103147,455487.55672482,3952509.62541668,-214.543303226301
usa_NC_0038_0004,01-Jan-1852,14556.8040984929,455686.904099555,3952608.69000411,08-Dec-2019,14333.4715228875,455469.595978004,3952556.44605414,-223.3325756054
usa_NC_0038_0005,01-Jan-1852,14557.6177953952,455677.923640561,3952657.78412327,08-Dec-2019,14324.3971904316,455451.017152262,3952603.11232463,-233.220604963599
usa_NC_0038_0006,01-Jan-1852,14549.5418559062,455660.294312588,3952704.79385926,08-Dec-2019,14320.222789712,455437.206284096,3952650.92381616,-229.319066194201
usa_NC_0038_0007,01-Jan-1852,14542.0628461813,455643.246598491,3952751.93929872,08-Dec-2019,14312.7483734889,455420.185586643,3952697.95749629,-229.3144726924
usa_NC_0038_0008,01-Jan-1852,14538.2291812319,455629.745308376,3952799.9404257,08-Dec-2019,14303.2240832718,455401.171965809,3952744.50337069,-235.0050979601
usa_NC_0038_0009,01-Jan-1852,14539.1581329801,455620.909006276,3952848.90131092,08-Dec-2019,14296.7696549338,455385.204247387,3952791.47286294,-242.388478046299
usa_NC_0038_0010,01-Jan-1852,14535.5286410872,455607.650755555,3952896.72813601,08-Dec-2019,14288.2574344645,455367.25807841,3952837.84171335,-247.2712066227
usa_NC_0038_0011,01-Jan-1852,14536.3592482253,455598.727676656,3952945.62140189,08-Dec-2019,14281.1092478975,455350.640275381,3952884.52400973,-255.2500003278
usa_NC_0038_0012,01-Jan-1852,14531.5058409521,455583.928856682,3952994.91179367,08-Dec-2019,14281.0294222871,455340.803888433,3952933.34159135,-250.476418665001
usa_NC_0038_0013,01-Jan-1852,14531.5131715771,455574.554159939,3953041.8636901,08-Dec-2019,14276.2919679209,455326.618981151,3952980.15147802,-255.2212036562
usa_NC_0038_0014,01-Jan-1852,14528.7237386694,455562.111015105,3953089.89850077,08-Dec-2019,14259.8332739373,455300.962257454,3953024.55352103,-268.8904647321
usa_NC_0038_0015,01-Jan-1852,14523.418020493,455547.293823732,3953136.97254787,08-Dec-2019,14255.2584196022,455286.981315914,3953071.172485,-268.1596008908
usa_NC_0038_0016,01-Jan-1852,14525.930838103,455540.08938437,3953185.849938,08-Dec-2019,14249.2225835775,455271.631722978,3953117.18485196,-276.7082545255
usa_NC_0038_0017,01-Jan-1852,14517.9572292032,455522.710763608,3953232.12726596,08-Dec-2019,14244.0872339932,455257.15856259,3953163.40668291,-273.869995210001
usa_NC_0038_0018,01-Jan-1852,14521.3642018333,455516.366156837,3953281.26488127,08-Dec-2019,14241.5489857065,455245.204490784,3953210.27586195,-279.815216126799
usa_NC_0038_0019,01-Jan-1852,14515.2856762588,455500.827426841,3953328.00590283,08-Dec-2019,14235.3184437295,455229.673784668,3953256.20094244,-279.9672325293
usa_NC_0038_0020,01-Jan-1852,14513.6973983499,455489.638384384,3953375.89458088,08-Dec-2019,14231.3850192267,455216.370124061,3953302.70395375,-282.312379123199
usa_NC_0038_0021,01-Jan-1852,14515.1002443082,455481.341283641,3953424.57552929,08-Dec-2019,14227.3528568254,455202.971917051,3953349.17622064,-287.747387482799
usa_NC_0038_0022,01-Jan-1852,14511.2984485772,455468.007037337,3953471.90334506,08-Dec-2019,14222.4098675434,455188.694152514,3953395.40189167,-288.8885810338
usa_NC_0038_0023,01-Jan-1852,14513.8577373536,455460.820252941,3953520.92953984,08-Dec-2019,14215.6525355616,455172.665289648,3953441.13156286,-298.205201792001
usa_NC_0038_0024,01-Jan-1852,14511.5480467851,455448.924981094,3953568.67086242,08-Dec-2019,14212.5080879298,455160.129654027,3953487.81748238,-299.039958855299
usa_NC_0038_0025,01-Jan-1852,14516.4698513215,455444.00854332,3953618.39204068,08-Dec-2019,14208.1241240376,455146.397752162,3953534.16433154,-308.3457272839
usa_NC_0038_0026,01-Jan-1852,14512.1173687698,455430.136912237,3953665.59880606,08-Dec-2019,14203.2433541338,455132.188091588,3953580.36670956,-308.874014636
usa_NC_0038_0027,01-Jan-1852,14507.5303344768,455416.013553262,3953712.86832203,08-Dec-2019,14196.9223406971,455116.535270167,3953626.44119692,-310.6079937797
usa_NC_0038_0028,01-Jan-1852,14513.6905819389,455412.208234532,3953763.34920149,08-Dec-2019,14191.9649827655,455102.111235096,3953673.32553271,-321.7255991734
usa_NC_0038_0029,01-Jan-1852,14502.5265715742,455391.704439949,3953808.98446469,08-Dec-2019,14186.1249405037,455086.837869572,3953719.95562517,-316.401631070501
usa_NC_0038_0030,01-Jan-1852,14508.2916686702,455387.51229648,3953859.38458554,08-Dec-2019,14177.4907989546,455068.874866898,3953765.78651681,-330.800869715598
usa_NC_0038_0031,01-Jan-1852,14506.2687385138,455375.815360845,3953907.59678641,08-Dec-2019,14171.9293410571,455053.874080537,3953812.47422319,-334.339397456699
usa_NC_0038_0032,01-Jan-1852,14502.9356565283,455362.856573126,3953955.43765789,08-Dec-2019,14167.5491057916,455040.011900057,3953859.49206356,-335.386550736699
usa_NC_0038_0033,01-Jan-1852,14499.7259489572,455350.016632194,3954003.31339331,08-Dec-2019,14162.994708736,455025.982938039,3953906.45573976,-336.731240221201
usa_NC_0038_0034,01-Jan-1852,14491.2490001204,455332.109767234,3954049.66555375,08-Dec-2019,14158.550074749,455012.060491769,3953953.44652613,-332.6989253714
usa_NC_0038_0035,01-Jan-1852,14484.6785102966,455316.028528584,3954096.61084608,08-Dec-2019,14155.3083979973,454999.271568066,3954000.90380369,-329.370112299301
usa_NC_0038_0036,01-Jan-1852,14475.3871290943,455297.330785714,3954142.76455564,08-Dec-2019,14147.3537163754,454981.946270662,3954047.01087338,-328.0334127189
usa_NC_0038_0037,01-Jan-1852,14462.6299824624,455275.305097347,3954187.88567844,08-Dec-2019,14147.4768595261,454972.38775217,3954095.47370957,-315.153122936301
usa_NC_0038_0038,01-Jan-1852,14463.2214524107,455266.111327023,3954236.91319455,08-Dec-2019,14153.6824002244,454968.672161352,3954145.73670238,-309.539052186301
usa_NC_0038_0039,01-Jan-1852,14459.2292685812,455252.512315327,3954284.59438612,08-Dec-2019,14148.8368324204,454954.335447283,3954192.75455074,-310.392436160801
usa_NC_0038_0040,01-Jan-1852,14462.0489001199,455245.455831133,3954334.29711939,08-Dec-2019,14138.4694676356,454934.69678841,3954238.12587958,-323.579432484301
usa_NC_0038_0041,01-Jan-1852,14462.8125196779,455236.420421887,3954383.41067002,08-Dec-2019,14128.9345901899,454915.859511571,3954283.73523284,-333.877929488001
usa_NC_0038_0042,01-Jan-1852,14457.7902123919,455221.827235413,3954430.81004607,08-Dec-2019,14122.1693992527,454899.682041207,3954330.16848482,-335.6208131392
usa_NC_0038_0043,01-Jan-1852,14455.5584666712,455209.910736194,3954479.05537495,08-Dec-2019,14117.8975933704,454885.897042907,3954377.3534253,-337.6608733008
usa_NC_0038_0044,01-Jan-1852,14455.4122833754,455199.992379684,3954527.94451915,08-Dec-2019,14111.0400678404,454869.630050128,3954423.763469,-344.372215535001
usa_NC_0038_0045,01-Jan-1852,14451.465662001,455186.425522876,3954575.6973149,08-Dec-2019,14108.4360920402,454857.442336883,3954471.46644935,-343.0295699608
usa_NC_0038_0046,01-Jan-1852,14450.7555051681,455175.960080771,3954624.44614901,08-Dec-2019,14104.4970910749,454843.972270014,3954518.77376137,-346.258414093199
usa_NC_0038_0047,01-Jan-1852,14455.1104857113,455170.346289473,3954674.76446728,08-Dec-2019,14099.4638607921,454829.451713687,3954565.75392559,-355.6466249192
usa_NC_0038_0048,01-Jan-1852,14454.0959613362,455159.581068252,3954723.46022669,08-Dec-2019,14093.8336666845,454814.358052212,3954612.55563167,-360.262294651699
usa_NC_0038_0049,01-Jan-1852,14456.1582479262,455151.760168485,3954773.12341634,08-Dec-2019,14088.4014952062,454799.453346538,3954659.42230285,-367.756752719999
usa_NC_0038_0050,01-Jan-1852,14452.0310999414,455138.129652722,3954820.27350234,08-Dec-2019,14080.282429365,454782.303349636,3954703.81319995,-371.7486705764
usa_NC_0038_0051,01-Jan-1852,14451.430458486,455127.874527193,3954868.52872444,08-Dec-2019,14067.5708363228,454760.784391136,3954746.63093114,-383.8596221632
usa_NC_0038_0052,01-Jan-1852,14454.97963523,455121.573499412,3954918.17396563,08-Dec-2019,14047.9205585557,454732.646164556,3954787.16370572,-407.059076674301
usa_NC_0038_0053,01-Jan-1852,14454.7409028722,455111.638516695,3954966.67400718,08-Dec-2019,14043.7471299521,454719.304398118,3954832.63259791,-410.993772920099
usa_NC_0038_0054,01-Jan-1852,14451.2156719935,455098.557519105,3955014.14586748,08-Dec-2019,14036.7950279318,454703.308231471,3954877.20467344,-414.4206440617
usa_NC_0038_0055,01-Jan-1852,14449.2611663629,455086.967309567,3955062.17316253,08-Dec-2019,14030.6336396674,454688.06601754,3954922.03894394,-418.6275266955
usa_NC_0038_0056,01-Jan-1852,14444.0162379237,455072.235922461,3955109.12804179,08-Dec-2019,14026.1426940413,454674.413235605,3954967.44388663,-417.873543882401
usa_NC_0038_0057,01-Jan-1852,14438.8677428149,455057.593279165,3955156.13094288,08-Dec-2019,14021.5576047385,454660.667165656,3955012.83523319,-417.3101380764
usa_NC_0038_0058,01-Jan-1852,14429.1482153572,455038.603676581,3955201.56026514,08-Dec-2019,14014.681848981,454644.740706968,3955057.44808256,-414.4663663762
usa_NC_0038_0059,01-Jan-1852,14420.4645562829,455020.602305212,3955247.33046488,08-Dec-2019,14003.7109261248,454624.926565438,3955100.61744925,-416.753630158099
usa_NC_0038_0060,01-Jan-1852,14413.355309859,455004.099866524,3955293.63415855,08-Dec-2019,13997.1876788451,454609.34131198,3955145.3217396,-416.167631013899
usa_NC_0038_0061,01-Jan-1852,14406.2389895653,454987.592467209,3955339.92657692,08-Dec-2019,13992.0453450011,454595.065994368,3955190.51784853,-414.1936445642
usa_NC_0038_0062,01-Jan-1852,14397.25287593,454969.316014826,3955385.52986596,08-Dec-2019,13986.8123169951,454580.703214043,3955235.68881328,-410.440558934901
usa_NC_0038_0063,01-Jan-1852,14388.6199763083,454951.378249664,3955431.2407976,08-Dec-2019,13978.8824079309,454563.787890018,3955279.87064496,-409.737568377401
usa_NC_0038_0064,01-Jan-1852,14380.8105045746,454934.22264327,3955477.23972089,08-Dec-2019,13968.142329307,454544.220012544,3955322.98568358,-412.6681752676
usa_NC_0038_0065,01-Jan-1852,14367.3471054075,454911.683201506,3955521.32763322,08-Dec-2019,13952.1633854018,454519.568180294,3955364.80718683,-415.1837200057
usa_NC_0038_0066,01-Jan-1852,14356.267954261,454891.385318451,3955566.36550094,08-Dec-2019,13938.739693253,454497.287272763,3955407.8039344,-417.528261008001
usa_NC_0038_0067,01-Jan-1852,14352.7685065553,454878.2034155,3955614.47390885,08-Dec-2019,13935.0860205183,454484.111264777,3955455.09578382,-417.682486037
usa_NC_0038_0068,01-Jan-1852,14341.4536354655,454857.630055065,3955659.68741677,08-Dec-2019,13936.7473007256,454475.893070269,3955504.70072561,-404.7063347399
usa_NC_0038_0069,01-Jan-1852,14337.1853466702,454843.704083838,3955707.59578725,08-Dec-2019,13931.0132244805,454460.696858691,3955551.48548814,-406.172122189699
usa_NC_0038_0070,01-Jan-1852,14323.3701781389,454820.777143308,3955751.82770068,08-Dec-2019,13911.806715172,454432.799967683,3955593.07521662,-411.5634629669
usa_NC_0038_0071,01-Jan-1852,14306.2842758125,454794.771893394,3955794.77306154,08-Dec-2019,13893.0629142273,454405.34625253,3955634.80847096,-413.221361585202
usa_NC_0038_0072,01-Jan-1852,14296.9284802146,454776.055352034,3955840.69211923,08-Dec-2019,13880.3827780403,454383.612207427,3955678.86310993,-416.545702174299
usa_NC_0038_0073,01-Jan-1852,14285.0822746158,454754.994803101,3955885.63213662,08-Dec-2019,13864.626237383,454358.984129884,3955721.7007281,-420.4560372328
usa_NC_0038_0074,01-Jan-1852,14271.5039231824,454732.306289175,3955929.87942489,08-Dec-2019,13846.5520570442,454332.17902812,3955763.60535909,-424.951866138199
usa_NC_0038_0075,01-Jan-1852,14256.9261402281,454708.690565089,3955973.66641209,08-Dec-2019,13845.130117963,454321.064867395,3955811.9681793,-411.7960222651
usa_NC_0038_0076,01-Jan-1852,14249.4339538334,454691.743777039,3956020.23953527,08-Dec-2019,13853.6299832107,454319.281345773,3955864.27102148,-395.803970622701
usa_NC_0038_0077,01-Jan-1852,14236.4498253883,454669.62698597,3956064.65821186,08-Dec-2019,13853.9840976919,454309.822427614,3955913.4141383,-382.465727696399
usa_NC_0038_0078,01-Jan-1852,14220.8193177133,454645.020941084,3956108.02875556,08-Dec-2019,13827.9775471995,454275.564274161,3955952.13529429,-392.8417705138
usa_NC_0038_0079,01-Jan-1852,14209.4982748275,454624.467692152,3956153.11012142,08-Dec-2019,13810.6942423405,454249.514546708,3955994.29583138,-398.804032487
usa_NC_0038_0080,01-Jan-1852,14195.4335239791,454601.334251419,3956197.10174351,08-Dec-2019,13804.3788460272,454233.775764207,3956040.82916601,-391.054677951899
usa_NC_0038_0081,01-Jan-1852,14187.0453278195,454583.534907994,3956243.36875828,08-Dec-2019,13801.8766301177,454221.615924001,3956088.91197136,-385.1686977018
usa_NC_0038_0082,01-Jan-1852,14168.1787285045,454555.88961048,3956285.4340844,08-Dec-2019,13792.4162012045,454202.913627501,3956134.22576638,-375.762527299999
usa_NC_0038_0083,01-Jan-1852,14156.8927440051,454535.365986974,3956330.54610732,08-Dec-2019,13770.6729281151,454172.67442856,3956174.59139128,-386.219815889999
usa_NC_0038_0084,01-Jan-1852,14143.8648143314,454513.228201977,3956374.84631419,08-Dec-2019,13758.0893372539,454151.099018342,3956218.34486257,-385.775477077501
usa_NC_0038_0085,01-Jan-1852,14130.389956752,454490.719752247,3956418.72065499,08-Dec-2019,13752.8669701835,454136.559762971,3956264.45338044,-377.5229865685
usa_NC_0038_0086,01-Jan-1852,14125.1171660793,454475.902712993,3956465.96198004,08-Dec-2019,13742.8537387415,454117.524625822,3956308.61171269,-382.263427337801
usa_NC_0038_0087,01-Jan-1852,14115.6692740908,454457.163918666,3956511.52240362,08-Dec-2019,13726.0397671078,454092.113691605,3956349.97064187,-389.629506982999
usa_NC_0038_0088,01-Jan-1852,14101.5245320865,454434.022351755,3956555.14647261,08-Dec-2019,13712.0526206499,454069.353643247,3956392.48970811,-389.4719114366
usa_NC_0038_0089,01-Jan-1852,14089.3263244486,454412.702782354,3956599.58635026,08-Dec-2019,13704.4017507856,454052.523232292,3956437.67062614,-384.924573663
usa_NC_0038_0090,01-Jan-1852,14077.0252484487,454391.285277396,3956643.99136508,08-Dec-2019,13693.8206767841,454032.945815462,3956481.64485289,-383.204571664599
usa_NC_0038_0091,01-Jan-1852,14063.6481379402,454368.86058733,3956687.94537466,08-Dec-2019,13679.7312620649,454010.08640734,3956524.13924605,-383.916875875299
usa_NC_0038_0092,01-Jan-1852,14049.4755891226,454345.6875031,3956731.58526135,08-Dec-2019,13664.9482413595,453986.574846334,3956566.35757072,-384.5273477631
usa_NC_0038_0093,01-Jan-1852,14038.3343035494,454325.345188793,3956776.52838852,08-Dec-2019,13644.1606857362,453957.461938046,3956605.96413722,-394.1736178132
usa_NC_0038_0094,01-Jan-1852,14024.66503174,454302.64601553,3956820.36502539,08-Dec-2019,13633.5874754999,453937.888868373,3956649.95674038,-391.0775562401
usa_NC_0038_0095,01-Jan-1852,14017.6947426607,454286.194963836,3956867.12070152,08-Dec-2019,13630.3919712478,453925.193090207,3956697.18351537,-387.3027714129
usa_NC_0038_0096,01-Jan-1852,14005.1266322977,454264.525556204,3956911.42357275,08-Dec-2019,13628.386684362,453913.59763006,3956744.97793402,-376.739947935701
usa_NC_0038_0097,01-Jan-1852,14001.5138594726,454251.195207676,3956959.69652478,08-Dec-2019,13619.4288716351,453895.52039896,3956789.72867357,-382.084987837499
usa_NC_0038_0098,01-Jan-1852,13997.7905424883,454237.753866577,3957007.96078418,08-Dec-2019,13592.9381533846,453861.131430449,3956826.63361962,-404.852389103698
usa_NC_0038_0099,01-Jan-1852,13991.5112909964,454221.92833163,3957055.11271864,08-Dec-2019,13570.4137150485,453830.449720334,3956865.22720867,-421.097575947899
usa_NC_0038_0100,01-Jan-1852,13986.7589776963,454207.401413399,3957103.5583262,08-Dec-2019,13563.641850853,453814.055651085,3956912.71034673,-423.117126843299
usa_NC_0038_0101,01-Jan-1852,13978.0557889096,454189.194319693,3957150.25837125,08-Dec-2019,13561.6101912772,453802.04566867,3956962.44460175,-416.445597632401
usa_NC_0038_0102,01-Jan-1852,13967.2816915693,454169.062023288,3957196.02436513,08-Dec-2019,13554.410810807,453785.231657148,3957009.8475405,-412.870880762301
usa_NC_0038_0103,01-Jan-1852,13951.5870989957,454144.355262071,3957239.57188598,08-Dec-2019,13537.1615339716,453759.074595224,3957052.71887489,-414.425565024099
usa_NC_0038_0104,01-Jan-1852,13945.6755007428,454128.74348963,3957287.53032084,08-Dec-2019,13520.0167446053,453733.014512734,3957095.63811973,-425.6587561375
usa_NC_0038_0105,01-Jan-1852,13935.0213668585,454108.722699165,3957333.35050783,08-Dec-2019,13499.193735052,453703.534636406,3957136.90019911,-435.8276318065
usa_NC_0038_0106,01-Jan-1852,13924.5606501196,454088.881726873,3957379.25788482,08-Dec-2019,13491.2430024487,453686.021995382,3957183.96495934,-433.3176476709
usa_NC_0038_0107,01-Jan-1852,13914.6869441363,454069.586511237,3957425.42978845,08-Dec-2019,13488.5252271564,453673.374610565,3957233.38755412,-426.161716979899
usa_NC_0038_0108,01-Jan-1852,13902.6969416718,454048.3237154,3957470.64808518,08-Dec-2019,13476.1417203841,453651.740851622,3957278.45411504,-426.555221287701
usa_NC_0038_0109,01-Jan-1852,13893.6217817826,454029.781794935,3957517.12544522,08-Dec-2019,13462.6913231282,453629.115274078,3957323.03943577,-430.9304586544
usa_NC_0038_0110,01-Jan-1849,13887.2143568777,454013.689117209,3957564.96015354,08-Dec-2019,13449.4184203861,453606.644880002,3957367.75396967,-437.795936491599
usa_NC_0038_0111,01-Jan-1849,13876.1331608237,453993.264455895,3957610.62203125,08-Dec-2019,13433.2005914377,453581.439082421,3957411.12861842,-442.932569385999
usa_NC_0038_0112,01-Jan-1849,13862.5652638073,453970.527765285,3957655.16376577,08-Dec-2019,13417.1094103549,453556.350980253,3957454.56059845,-445.4558534524
usa_NC_0038_0113,01-Jan-1849,13847.2548995336,453946.170942597,3957698.92089895,08-Dec-2019,13402.8571950777,453532.972676877,3957498.82091593,-444.3977044559
usa_NC_0038_0114,01-Jan-1849,13833.0091586662,453922.803971145,3957743.15754816,08-Dec-2019,13391.6056171499,453512.384367698,3957544.43223747,-441.4035415163
usa_NC_0038_0115,01-Jan-1849,13820.2152946375,453900.78696639,3957788.04783473,08-Dec-2019,13366.3179333934,453478.74509465,3957583.72488326,-453.8973612441
usa_NC_0038_0116,01-Jan-1849,13807.034136076,453878.409864847,3957832.76369677,08-Dec-2019,13363.1974267639,453465.717245318,3957632.99620245,-443.8367093121
usa_NC_0038_0117,01-Jan-1849,13792.2824295859,453854.609336236,3957876.58792943,08-Dec-2019,13351.4513737365,453444.793298038,3957677.76372357,-440.831055849401
usa_NC_0038_0118,01-Jan-1849,13779.3893751339,453832.55333933,3957921.16714798,08-Dec-2019,13335.129611279,453419.67187868,3957720.18570741,-444.2597638549
usa_NC_0038_0119,01-Jan-1849,13766.6064204028,453810.598522446,3957965.80189671,08-Dec-2019,13318.5320739592,453394.293304629,3957762.48722528,-448.0743464436
usa_NC_0038_0120,01-Jan-1849,13754.6691405184,453789.423120853,3958010.85189957,08-Dec-2019,13302.2827333539,453369.220321916,3957805.03640509,-452.386407164498
usa_NC_0038_0121,01-Jan-1849,13743.5001235801,453768.9603459,3958056.25633512,08-Dec-2019,13287.5781828124,453345.583199358,3957848.28354414,-455.921940767699
usa_NC_0038_0122,01-Jan-1849,13731.897649163,453748.09399559,3958101.4683454,08-Dec-2019,13272.829508309,453321.905714131,3957891.50749489,-459.068140854
usa_NC_0038_0123,01-Jan-1849,13719.2337823188,453726.241572798,3958146.19841804,08-Dec-2019,13259.7267279998,453299.756458603,3957935.48311872,-459.507054319001
usa_NC_0038_0124,01-Jan-1849,13705.9922975769,453703.852733155,3958190.66515882,08-Dec-2019,13247.3026487337,453278.236795884,3957979.77164555,-458.689648843201
usa_NC_0038_0125,01-Jan-1849,13692.7433194219,453681.456775006,3958235.12928206,08-Dec-2019,13234.1954999728,453256.082981993,3958023.74778756,-458.547819449099
usa_NC_0038_0126,01-Jan-1849,13680.0119652226,453659.540703806,3958279.83346634,08-Dec-2019,13220.6415092755,453233.514593142,3958067.51824542,-459.370455947101
usa_NC_0038_0127,01-Jan-1849,13667.2135160154,453637.562008423,3958324.50863892,08-Dec-2019,13209.9159080613,453213.568649949,3958112.59914887,-457.297607954099
usa_NC_0038_0128,01-Jan-1849,13654.7977051739,453615.937610115,3958369.3634981,08-Dec-2019,13199.8616732234,453194.243699206,3958157.99856367,-454.936031950499
usa_NC_0038_0129,01-Jan-1849,13641.5618636456,453593.552731019,3958413.83921788,08-Dec-2019,13188.4080888092,453173.620325275,3958202.75446095,-453.153774836401
usa_NC_0038_0130,01-Jan-1849,13628.423567574,453571.258050914,3958458.36135274,08-Dec-2019,13173.7745160053,453150.049898888,3958246.03004872,-454.6490515687
usa_NC_0038_0131,01-Jan-1849,13615.2166716878,453548.89961316,3958502.8524687,08-Dec-2019,13160.3265810268,453127.578182369,3958289.85795714,-454.890090661
usa_NC_0038_0132,01-Jan-1849,13602.0085310987,453526.539837779,3958547.34392654,08-Dec-2019,13149.7679492698,453107.781846328,3958335.04226712,-452.240581828899
usa_NC_0038_0133,01-Jan-1849,13588.8399192249,453504.2164703,3958591.85491287,08-Dec-2019,13138.0923107139,453086.950067208,3958379.70789109,-450.747608510999
usa_NC_0038_0134,01-Jan-1849,13572.4434098201,453478.887996152,3958634.93161953,08-Dec-2019,13120.5290935717,453060.605669615,3958421.91458898,-451.9143162484
usa_NC_0038_0135,01-Jan-1849,13558.3716311343,453455.680704745,3958679.25695278,08-Dec-2019,13106.340062515,453037.27405709,3958466.26369655,-452.031568619299
usa_NC_0038_0136,01-Jan-1849,13544.0437112983,453432.236288331,3958723.4617809,08-Dec-2019,13088.7174906784,453010.764129067,3958508.99586527,-455.3262206199
usa_NC_0038_0137,01-Jan-1849,13528.6103254794,453407.768509662,3958767.14636239,08-Dec-2019,13071.9149481177,452985.013025133,3958552.11545694,-456.695377361701
usa_NC_0038_0138,01-Jan-1849,13514.2900025989,453384.330991478,3958811.3554388,08-Dec-2019,13050.9292456855,452955.389268433,3958593.26729554,-463.3607569134
usa_NC_0038_0139,01-Jan-1849,13500.0681929898,453360.98462464,3958855.6111034,08-Dec-2019,13017.9080146665,452914.623073103,3958628.75904741,-482.1601783233
usa_NC_0038_0140,01-Jan-1849,13485.9447843429,453337.729316014,3958899.91324915,08-Dec-2019,12986.8132008625,452875.63898783,3958665.16355565,-499.131583480401
usa_NC_0038_0141,01-Jan-1849,13471.7443132719,453314.402628573,3958944.17932784,08-Dec-2019,12952.6542605834,452833.816830612,3958700.13365425,-519.0900526885
usa_NC_0038_0142,01-Jan-1849,13457.3815644159,453290.925655516,3958988.36933834,08-Dec-2019,12916.5012999527,452790.147051294,3958734.17384358,-540.8802644632
usa_NC_0038_0143,01-Jan-1849,13442.9957174078,453267.427248335,3959032.54873621,08-Dec-2019,12879.552703118,452745.739013352,3958767.84817807,-563.4430142898
usa_NC_0038_0144,01-Jan-1849,13427.7319479969,453243.115893004,3959076.3161217,08-Dec-2019,12821.304379713,452681.607318953,3958791.5279877,-606.4275682839
usa_NC_0038_0145,01-Jan-1849,13413.1929717726,453219.475539849,3959120.42440466,08-Dec-2019,12786.220407725,452638.921857517,3958826.09766118,-626.972564047599
usa_NC_0038_0146,01-Jan-1849,13399.973156944,453197.056640611,3959165.15216314,08-Dec-2019,12761.9902084588,452606.285433682,3958865.76834416,-637.9829484852
usa_NC_0038_0147,01-Jan-1849,13386.8163924035,453174.696129408,3959209.90949113,08-Dec-2019,12747.8406912968,452582.98330124,3958910.17157397,-638.975701106699
usa_NC_0039_0001,01-Jan-1849,13096.7691123979,452692.399621345,3960143.30074878,08-Dec-2019,11942.2313574414,451622.533521111,3959605.34835538,-1154.5377549565
usa_NC_0039_0002,01-Jan-1849,13081.421164423,452668.043333223,3960186.86340557,08-Dec-2019,11982.71761217,451650.072875447,3959674.14497691,-1098.703552253
usa_NC_0039_0003,01-Jan-1849,13068.1239578559,452645.59355513,3960231.35073947,08-Dec-2019,12012.0733905198,451667.324568643,3959737.62264621,-1056.0505673361
usa_NC_0039_0004,01-Jan-1849,13054.125010209,452622.493877504,3960275.50921239,08-Dec-2019,12037.4333207443,451680.861048433,3959799.30058667,-1016.6916894647
usa_NC_0039_0005,01-Jan-1849,13040.3354111504,452599.588336398,3960319.76452401,08-Dec-2019,12049.8848379229,451682.431122306,3959854.98728206,-990.450573227499
usa_NC_0039_0006,01-Jan-1849,13027.2782303733,452577.361092829,3960364.36313761,08-Dec-2019,12059.8792768994,451681.717441503,3959909.56351158,-967.398953473899
usa_NC_0039_0007,01-Jan-1849,13015.2758774776,452556.110208256,3960409.45879786,08-Dec-2019,12064.9490970468,451676.437315251,3959961.8600922,-950.3267804308
usa_NC_0039_0008,01-Jan-1849,13001.8836596321,452533.57261863,3960453.90070164,08-Dec-2019,12065.1565173256,451666.65089199,3960011.8935412,-936.727142306499
usa_NC_0039_0009,01-Jan-1849,12991.3314884717,452513.663008226,3960499.68484928,08-Dec-2019,12054.1474105013,451646.481172714,3960056.64748725,-937.1840779704
usa_NC_0039_0010,01-Jan-1849,12981.8847874293,452494.775187064,3960545.9971366,08-Dec-2019,12045.3994077428,451628.402649969,3960102.47541564,-936.485379686501
usa_NC_0039_0011,01-Jan-1849,12972.3269973908,452475.783310776,3960592.26323326,08-Dec-2019,12033.0775699176,451607.01691365,3960146.61549431,-939.249427473202
usa_NC_0039_0012,01-Jan-1849,12962.7455499505,452456.770026756,3960638.51573118,08-Dec-2019,12019.2915549232,451584.278671586,3960190.05186959,-943.453995027299
usa_NC_0039_0013,01-Jan-1849,12950.6064346394,452435.390957741,3960683.55493351,08-Dec-2019,12010.6425579595,451566.290745503,3960235.93167552,-939.9638766799
usa_NC_0039_0014,01-Jan-1849,12938.032741783,452413.609981705,3960728.38764555,08-Dec-2019,12004.5380689686,451550.653772382,3960283.03184308,-933.494672814399
usa_NC_0039_0015,01-Jan-1849,12925.4354867927,452391.807207202,3960773.20920043,08-Dec-2019,11998.3115961796,451534.901853773,3960330.08471987,-927.1238906131
usa_NC_0039_0016,01-Jan-1849,12912.4736634619,452369.667531287,3960817.85623121,08-Dec-2019,11989.4123818184,451516.677993549,3960375.86829189,-923.0612816435
usa_NC_0039_0017,01-Jan-1849,12900.7646881173,452348.68549627,3960863.10366393,08-Dec-2019,11978.1144831051,451496.236677281,3960420.50761672,-922.6502050122
usa_NC_0039_0018,01-Jan-1849,12887.4495290809,452326.219445851,3960907.58081364,08-Dec-2019,11976.0630373404,451484.33626702,3960469.59255672,-911.386491740501
usa_NC_0039_0019,01-Jan-1849,12868.8378285487,452298.86193975,3960949.50675107,08-Dec-2019,11974.0871884979,451472.502082706,3960518.73187173,-894.750640050799
usa_NC_0039_0020,01-Jan-1849,12855.3381716116,452276.226932749,3960993.88787298,08-Dec-2019,11978.2720409613,451466.352990463,3960570.86081994,-877.066130650301
usa_NC_0039_0021,01-Jan-1849,12841.6782297544,452253.444253395,3961038.19001916,08-Dec-2019,11985.7436557621,451463.232491186,3960624.60691885,-855.934573992299
usa_NC_0039_0022,01-Jan-1849,12827.3819067261,452230.074532997,3961082.18228875,08-Dec-2019,11998.9976973003,451465.442470932,3960681.18681538,-828.3842094258
usa_NC_0039_0023,01-Jan-1849,12815.0583614961,452208.524267844,3961127.13701779,08-Dec-2019,12007.9769804355,451463.696694677,3960735.74738296,-807.0813810606
usa_NC_0039_0024,01-Jan-1849,12801.2361708433,452185.559217832,3961171.52380926,08-Dec-2019,12009.3250891476,451454.742443091,3960787.43761873,-791.9110816957
usa_NC_0039_0025,01-Jan-1849,12786.7542807071,452161.954612275,3961215.7445258,08-Dec-2019,12037.1813631066,451470.098186877,3960852.75089412,-749.572917600501
usa_NC_0039_0026,01-Jan-1849,12773.6071937997,452139.582459123,3961260.6095024,08-Dec-2019,12050.5566481383,451472.098388971,3960910.99933937,-723.050545661401
usa_NC_0039_0027,01-Jan-1849,12440.5581366676,451821.845912322,3961151.0298859,08-Dec-2019,12059.9071679017,451470.391433658,3960967.26016743,-380.6509687659
usa_NC_0039_0028,01-Jan-1849,12749.3074930049,452099.31468355,3961338.11563371,08-Dec-2019,12057.0014157577,451457.656900358,3961016.15958195,-692.3060772472
usa_NC_0039_0029,01-Jan-1849,12074.59938906,451463.681945951,3961075.81588656,08-Dec-2019,12053.2853843139,451443.925793454,3961065.91111808,-21.3140047461002
usa_NC_0039_0030,01-Jan-1849,12717.7478126244,452047.078476976,3961438.466352,08-Dec-2019,12056.3396864863,451436.106624194,3961120.62820906,-661.4081261381
usa_NC_0039_0031,01-Jan-1849,12704.8694264917,452025.715952828,3961479.65003066,08-Dec-2019,12058.2001523165,451427.611735199,3961172.63433912,-646.669274175199
usa_NC_0039_0032,01-Jan-1849,11955.5385200369,451322.329410497,3961175.59247063,08-Dec-2019,12063.734645733,451422.317721866,3961227.37178687,108.1961256961
usa_NC_0039_0033,01-Jan-1849,12675.4130190434,451977.297592778,3961571.6284685,08-Dec-2019,12058.2883503416,451406.957665894,3961276.44512242,-617.124668701801
usa_NC_0039_0034,01-Jan-1849,12660.7945747982,451953.569471205,3961615.77042761,08-Dec-2019,12050.8505858716,451389.775415434,3961324.47431937,-609.9439889266
usa_NC_0039_0035,01-Jan-1849,12646.6878313845,451930.314594546,3961660.15545945,08-Dec-2019,12045.6580136405,451374.671051611,3961373.56290338,-601.029817744002
usa_NC_0039_0036,01-Jan-1849,12630.8810662223,451905.488155907,3961703.72943954,08-Dec-2019,12040.5964037037,451359.690912408,3961422.69816194,-590.284662518601
usa_NC_0039_0037,01-Jan-1849,12614.5866404013,451880.218947004,3961747.03052479,08-Dec-2019,12037.4923864,451346.559540293,3961472.57169795,-577.0942540013
usa_NC_0039_0038,01-Jan-1849,12322.2910751695,451599.695122288,3961659.2021762,08-Dec-2019,12022.5010976582,451322.439406699,3961516.77269128,-299.7899775113
usa_NC_0039_0039,01-Jan-1849,12290.467948671,451560.036105214,3961695.26749113,08-Dec-2019,12006.4139976247,451297.305786623,3961560.45328678,-284.053951046299
usa_NC_0039_0040,01-Jan-1849,12563.0183886047,451801.928194701,3961875.65801699,08-Dec-2019,11984.2534585153,451266.553896454,3961601.25517302,-578.764930089399
usa_NC_0039_0041,01-Jan-1849,12545.403596185,451775.436982878,3961918.33622361,08-Dec-2019,11961.0785310925,451234.862261928,3961641.58315485,-584.3250650925
usa_NC_0039_0042,01-Jan-1849,12529.4556389471,451750.487501421,3961961.80540925,08-Dec-2019,11942.9370565077,451207.826085402,3961684.30074701,-586.518582439399
usa_NC_0039_0043,01-Jan-1849,12515.2366992404,451727.1377807,3962006.09250394,08-Dec-2019,11928.4491209116,451184.170139775,3961728.7475366,-586.7875783288
usa_NC_0039_0044,01-Jan-1849,12496.9392735836,451700.01394243,3962048.45292181,08-Dec-2019,11918.0642646283,451164.311313234,3961775.13140222,-578.875008955301
usa_NC_0039_0045,01-Jan-1849,12480.4956213773,451674.605206597,3962091.6907037,08-Dec-2019,11907.2250393497,451144.032971496,3961821.29589358,-573.270582027601
usa_NC_0039_0046,01-Jan-1849,12463.6579429928,451648.831516152,3962134.74401776,08-Dec-2019,11897.5338661895,451124.818161448,3961867.99693888,-566.1240768033
usa_NC_0039_0047,01-Jan-1849,12449.4636195358,451625.504500909,3962179.04311007,08-Dec-2019,11884.8068039699,451102.794080852,3961913.26354583,-564.656815565901
usa_NC_0039_0048,01-Jan-1849,12435.104060182,451601.989953418,3962223.43743409,08-Dec-2019,11870.8163915346,451079.463534917,3961958.62092787,-564.287668647401
usa_NC_0039_0049,01-Jan-1849,12193.7859322115,451368.232796225,3962161.72478587,08-Dec-2019,11854.2799836678,451053.743689998,3962002.94225514,-339.5059485437
usa_NC_0039_0050,01-Jan-1849,12388.8353485202,451538.681909723,3962304.13104063,08-Dec-2019,11840.8470496023,451030.896930753,3962048.72357181,-547.9882989179
usa_NC_0039_0051,01-Jan-1849,12005.9366653015,451173.53764256,3962177.39935995,08-Dec-2019,11825.0968704369,451005.909140027,3962093.39379383,-180.8397948646
usa_NC_0039_0052,01-Jan-1849,12297.029919115,451433.125539953,3962363.86314706,08-Dec-2019,11809.0006402273,450980.598316852,3962137.91458577,-488.029278887701
usa_NC_0039_0053,01-Jan-1909,12258.281353413,451386.951528889,3962397.18927485,08-Dec-2019,11793.2233148752,450955.580679895,3962182.59563413,-465.0580385378
usa_NC_0039_0054,01-Jan-1909,12227.2021858595,451347.877003837,3962434.12622518,08-Dec-2019,11778.5685150841,450931.602181797,3962227.80503738,-448.6336707754
usa_NC_0039_0055,01-Jan-1909,12195.7363359676,451308.431586513,3962470.94589983,08-Dec-2019,11766.2459913931,450909.786737778,3962274.09203379,-429.4903445745
usa_NC_0039_0056,01-Jan-1909,12168.4157832281,451272.822831401,3962509.7202126,08-Dec-2019,11751.1268562474,450885.374389381,3962319.10293957,-417.2889269807
usa_NC_0039_0057,01-Jan-1849,11991.8123792858,451098.550851269,3962480.58070042,08-Dec-2019,11739.0985145089,450863.830759232,3962365.53097902,-252.713864776901
usa_NC_0039_0058,01-Jan-1849,12031.1402206354,451124.800276491,3962549.92086861,08-Dec-2019,11726.005866266,450841.298176517,3962411.4766224,-305.1343543694
usa_NC_0039_0059,01-Jan-1849,12078.0840489394,451158.159545355,3962622.54745211,08-Dec-2019,11716.9096348294,450822.479164525,3962459.23311739,-361.174414109999
usa_NC_0039_0060,01-Jan-1849,12113.1649868352,451180.52572397,3962689.64757962,08-Dec-2019,11705.5872401971,450801.592145605,3962505.97789463,-407.577746638101
usa_NC_0039_0061,01-Jan-1849,12126.5905741838,451182.780573061,3962746.87838436,08-Dec-2019,11691.6497290644,450778.273332603,3962551.54653233,-434.940845119399
usa_NC_0039_0062,01-Jan-1849,11945.7273472742,451004.297139389,3962717.07536939,08-Dec-2019,11677.8063003154,450755.040780266,3962597.16362086,-267.9210469588
usa_NC_0039_0063,01-Jan-1909,12015.8262866062,451059.265822207,3962799.72804153,08-Dec-2019,11666.894139328,450734.534972533,3962644.09422364,-348.932147278199
usa_NC_0039_0064,01-Jan-1849,11740.8592562676,450793.046106329,3962728.74944375,08-Dec-2019,11656.4289793258,450714.445885432,3962691.22058453,-84.4302769418009
usa_NC_0039_0065,01-Jan-1849,11813.2908545499,450850.181708306,3962812.46232054,08-Dec-2019,11645.8221792192,450694.225753649,3962738.27990883,-167.4686753307
usa_NC_0039_0066,01-Jan-1849,11925.2193287852,450944.162602524,3962913.35232281,08-Dec-2019,11639.1467701034,450677.668724165,3962787.07080082,-286.072558681801
usa_NC_0039_0067,01-Jan-1849,12021.0840932952,451023.249917947,3963006.79729509,08-Dec-2019,11630.5863114644,450659.358255558,3962835.01656846,-390.4977818308
usa_NC_0039_0068,01-Jan-1909,11930.3019507402,450928.416028643,3963018.09225044,08-Dec-2019,11624.1193901366,450643.001341459,3962883.86998575,-306.1825606036
usa_NC_0039_0069,01-Jan-1909,11907.1596572903,450896.606460306,3963059.17695836,08-Dec-2019,11618.0552245245,450627.023282762,3962932.88285562,-289.1044327658
usa_NC_0039_0070,01-Jan-1849,12153.4278496391,451116.091129149,3963217.57617712,08-Dec-2019,11609.5955972157,450608.81431982,3962980.83522436,-543.832252423399
usa_NC_0039_0071,01-Jan-1849,12148.2898732231,451101.149336884,3963266.12981159,08-Dec-2019,11599.792926938,450589.354251293,3963028.19463057,-548.4969462851
usa_NC_0039_0072,01-Jan-1849,12141.9536097698,451085.093603671,3963314.14279458,08-Dec-2019,11590.541689866,450570.412257135,3963075.77553272,-551.4119199038
usa_NC_0039_0073,01-Jan-1849,12132.8155373962,451066.433737816,3963360.88933563,08-Dec-2019,11581.2382529409,450551.455412903,3963123.16435825,-551.577284455299
usa_NC_0039_0074,01-Jan-1849,12124.6383313941,451048.703814998,3963407.88569157,08-Dec-2019,11573.5798654488,450534.153931647,3963170.66432334,-551.0584659453
usa_NC_0039_0075,01-Jan-1849,12116.5609391382,451031.098712269,3963454.76678146,08-Dec-2019,11562.9124635299,450514.161516368,3963216.27479943,-553.648475608301
usa_NC_0039_0076,01-Jan-1849,12110.7990308716,451015.655016803,3963502.64801048,08-Dec-2019,11553.2967477313,450495.150874579,3963262.33919264,-557.5022831403
usa_NC_0039_0077,01-Jan-1849,12103.1775068656,450998.474557243,3963549.73046351,08-Dec-2019,11544.8363474175,450477.218587402,3963308.90302756,-558.3411594481
usa_NC_0039_0078,01-Jan-1849,12094.5049288799,450980.312462121,3963596.36153518,08-Dec-2019,11540.6727886461,450463.29714349,3963357.32321127,-553.832140233801
usa_NC_0039_0079,01-Jan-1849,12084.2046321653,450960.630607466,3963642.29130091,08-Dec-2019,11534.6865158313,450447.673413562,3963404.96039853,-549.518116334
usa_NC_0039_0080,01-Jan-1849,12072.7254313001,450939.848195708,3963687.71235426,08-Dec-2019,11527.9097017456,450431.31115155,3963452.25910047,-544.815729554499
usa_NC_0039_0081,01-Jan-1849,12060.2461032798,450918.132292117,3963732.70099232,08-Dec-2019,11519.3544896546,450413.28847057,3963498.79144603,-540.891613625201
usa_NC_0039_0082,01-Jan-1849,12046.2069255854,450894.960675481,3963777.01416859,08-Dec-2019,11509.4333716047,450393.990646497,3963544.73444485,-536.7735539807
usa_NC_0039_0083,01-Jan-1849,12033.2751032155,450872.822755946,3963821.80551395,08-Dec-2019,11498.3835133798,450373.639240869,3963590.18965034,-534.891589835699
usa_NC_0039_0084,01-Jan-1849,12020.9067862115,450851.210835231,3963866.84030628,08-Dec-2019,11487.508184837,450353.450640974,3963635.72079388,-533.398601374502
usa_NC_0039_0085,01-Jan-1849,12008.6462988843,450829.699615198,3963911.92144287,08-Dec-2019,11480.7252090599,450337.080654045,3963683.02670918,-527.9210898244
usa_NC_0039_0086,01-Jan-1849,11996.968374058,450808.732034056,3963957.25500336,08-Dec-2019,11471.0256155701,450317.988706616,3963729.06993248,-525.942758487899
usa_NC_0039_0087,01-Jan-1849,11983.9206045055,450786.486367167,3964001.99384252,08-Dec-2019,11463.2598885581,450300.700872005,3963775.95381799,-520.660715947401
usa_NC_0039_0088,01-Jan-1849,11971.2957574488,450764.635424963,3964046.91563575,08-Dec-2019,11453.0013886664,450281.086940301,3963821.75697396,-518.294368782399
usa_NC_0039_0089,01-Jan-1849,11957.7426304528,450741.918596494,3964091.43334867,08-Dec-2019,11445.7979644112,450264.322949668,3963868.8889528,-511.9446660416
usa_NC_0039_0090,01-Jan-1849,11945.6005734951,450720.51829376,3964136.56380033,08-Dec-2019,11429.3177444189,450238.904617783,3963911.98814023,-516.282829076199
usa_NC_0039_0091,01-Jan-1849,11935.1142607158,450700.662512308,3964182.41466341,08-Dec-2019,11417.6026418084,450217.931695105,3963957.15870206,-517.5116189074
usa_NC_0039_0092,01-Jan-1849,11921.4425756597,450677.835487896,3964226.87879967,08-Dec-2019,11412.1251803035,450202.776854161,3964005.04601464,-509.3173953562
usa_NC_0039_0093,01-Jan-1849,11907.3804104021,450654.64449461,3964271.17163131,08-Dec-2019,11406.3533345469,450187.346755364,3964052.80848676,-501.0270758552
usa_NC_0039_0094,01-Jan-1849,11894.9559966693,450632.981179749,3964316.17734026,08-Dec-2019,11404.452155681,450175.525870491,3964102.26231032,-490.5038409883
usa_NC_0039_0095,01-Jan-1849,11885.7011456874,450614.273779029,3964362.56580628,08-Dec-2019,11398.2407097557,450159.684275749,3964149.84064672,-487.4604359317
usa_NC_0039_0096,01-Jan-1849,11876.1548031205,450595.294289389,3964408.82833549,08-Dec-2019,11388.7267956944,450140.762486296,3964195.9799153,-487.428007426101
usa_NC_0039_0097,01-Jan-1849,11864.5696600256,450574.411825132,3964454.20943307,08-Dec-2019,11379.9853691656,450122.55494266,3964242.48707298,-484.584290859999
usa_NC_0039_0098,01-Jan-1849,11851.6251334638,450552.253570508,3964499.0377094,08-Dec-2019,11375.7834700422,450108.551087896,3964291.12400874,-475.841663421599
usa_NC_0039_0099,01-Jan-1849,11837.7860936782,450529.261229875,3964543.47508702,08-Dec-2019,11376.9020000857,450099.508209256,3964342.08615667,-460.8840935925
usa_NC_0039_0100,01-Jan-1849,11825.3806703577,450507.605679191,3964588.53885505,08-Dec-2019,11372.170774458,450085.010611172,3964390.49265215,-453.209895899699
usa_NC_0039_0101,01-Jan-1849,11813.0045936754,450485.975505421,3964633.62539247,08-Dec-2019,11364.0645473555,450067.359345523,3964437.45760543,-448.9400463199
usa_NC_0039_0102,01-Jan-1849,11800.5152126058,450464.239613442,3964678.66275608,08-Dec-2019,11355.5535729575,450049.330508952,3964484.24651445,-444.9616396483
usa_NC_0039_0103,01-Jan-1849,11786.9305971932,450441.482449706,3964723.22162665,08-Dec-2019,11348.1809824656,450032.363220123,3964531.53256597,-438.749614727602
usa_NC_0039_0104,01-Jan-1849,11777.2542179594,450422.369592374,3964769.48796043,08-Dec-2019,11342.87161133,450017.319906867,3964579.7195693,-434.3826066294
usa_NC_0039_0105,01-Jan-1849,11763.3423236747,450399.307239517,3964813.9039064,08-Dec-2019,11334.3949983643,449999.323266375,3964626.5227141,-428.947325310401
usa_NC_0039_0106,01-Jan-1849,11750.4251658067,450377.17244119,3964858.75446955,08-Dec-2019,11324.3882453311,449979.899836241,3964672.65727087,-426.036920475601
usa_NC_0039_0107,01-Jan-1849,11738.3974066774,450355.86699005,3964903.99354545,08-Dec-2019,11316.2420766935,449962.211410934,3964719.604351,-422.155329983902
usa_NC_0039_0108,01-Jan-1849,11726.3105250839,450334.506410199,3964949.20678586,08-Dec-2019,11308.3281689831,449944.739603259,3964766.65269468,-417.9823561008
usa_NC_0039_0109,01-Jan-1849,11714.8043611219,450313.68735232,3964994.6736291,08-Dec-2019,11301.2863942522,449928.081120743,3964814.08161884,-413.5179668697
usa_NC_0039_0110,01-Jan-1849,11702.2732952092,450291.912573527,3965039.69286625,08-Dec-2019,11296.9102007728,449913.908377555,3964862.67425755,-405.363094436399
usa_NC_0039_0111,01-Jan-1849,11692.5049290109,450272.714045773,3965085.91848899,08-Dec-2019,11296.1708739697,449903.127154925,3964912.85451205,-396.334055041199
usa_NC_0039_0112,01-Jan-1849,11682.6744248549,450253.457602118,3965132.11683539,08-Dec-2019,11294.7868292394,449891.744855146,3964962.75258686,-387.887595615501
usa_NC_0039_0113,01-Jan-1849,11671.5193189706,450232.965960983,3965177.7367205,08-Dec-2019,11281.5895299363,449869.346522634,3965007.49232542,-389.9297890343
usa_NC_0039_0114,01-Jan-1849,11660.4781005886,450212.580537441,3965223.40625612,08-Dec-2019,11263.0674269735,449841.982631345,3965049.90746075,-397.410673615101
usa_NC_0039_0115,01-Jan-1915,11466.052482481,450021.336931214,3965188.24684882,08-Dec-2019,11249.3196085824,449819.092441037,3965094.29917086,-216.7328738986
usa_NC_0039_0116,01-Jan-1915,11457.0956758499,450002.875753521,3965234.92413502,08-Dec-2019,11239.8947161683,449800.209756247,3965140.69705001,-217.200959681599
usa_NC_0039_0117,01-Jan-1849,11630.2840015701,450154.156301411,3965361.69316917,08-Dec-2019,11235.2930357717,449785.807849475,3965189.28577967,-394.990965798401
usa_NC_0039_0118,01-Jan-1849,11620.6582385629,450135.090939964,3965407.980126,08-Dec-2019,11233.7256117779,449774.254996693,3965239.1015245,-386.932626785001
usa_NC_0039_0119,01-Jan-1849,11610.0109765836,450115.072999695,3965453.821119,08-Dec-2019,11228.5145023019,449759.304314654,3965287.32642616,-381.496474281701
usa_NC_0039_0120,01-Jan-1849,11599.2819271215,450094.978804392,3965499.62633394,08-Dec-2019,11214.5777333814,449736.21645286,3965331.74308546,-384.704193740099
usa_NC_0039_0121,01-Jan-1849,11588.9139125225,450075.221318621,3965545.58900079,08-Dec-2019,11205.566764109,449717.722234692,3965378.30930988,-383.347148413499
usa_NC_0039_0122,01-Jan-1849,11578.0598243247,450055.01006583,3965591.34190392,08-Dec-2019,11203.64421352,449705.837035643,3965427.97591912,-374.415610804701
usa_NC_0039_0123,01-Jan-1849,11567.9277679977,450035.464836175,3965637.44652967,08-Dec-2019,11205.14501207,449697.121647312,3965479.25001722,-362.782755927701
usa_NC_0039_0124,01-Jan-1849,11557.4235089707,450015.572613393,3965683.38817354,08-Dec-2019,11196.2699938847,449678.730255275,3965525.99546158,-361.153515086
usa_NC_0039_0125,01-Jan-1849,11546.2690924153,449995.074077748,3965729.04607922,08-Dec-2019,11185.4821902105,449658.55502204,3965571.90637976,-360.7869022048
usa_NC_0039_0126,01-Jan-1849,11535.2900303712,449974.739159782,3965774.78006902,08-Dec-2019,11175.9384397103,449639.540313963,3965618.35838331,-359.351590660899
usa_NC_0039_0127,01-Jan-1849,11524.3174273492,449954.410331932,3965820.51654399,08-Dec-2019,11165.7212703056,449619.89763142,3965664.51634144,-358.596157043601
usa_NC_0039_0128,01-Jan-1849,11515.1562622458,449935.771444478,3965867.04025196,08-Dec-2019,11166.3515431392,449610.374578451,3965715.38973405,-348.8047191066
usa_NC_0039_0129,01-Jan-1849,11505.2417334697,449916.429964507,3965913.23534831,08-Dec-2019,11167.1041572837,449600.966929589,3965766.30994683,-338.137576186
usa_NC_0039_0130,01-Jan-1849,11494.9940296118,449896.777811233,3965959.28487478,08-Dec-2019,11163.5408647942,449587.533844145,3965815.34954618,-331.4531648176
usa_NC_0039_0131,01-Jan-1849,11481.3896506898,449873.993858618,3966003.87694763,08-Dec-2019,11150.596694474,449565.348779556,3965860.31380761,-330.792956215801
usa_NC_0039_0132,01-Jan-1849,11469.7224859733,449853.00263039,3966049.38375914,08-Dec-2019,11136.6397183655,449542.17420968,3965905.06126304,-333.082767607799
usa_NC_0039_0133,01-Jan-1849,11459.8381679129,449833.6753705,3966095.66186748,08-Dec-2019,11125.6315259581,449521.751182347,3965951.08752382,-334.206641954799
usa_NC_0039_0134,01-Jan-1849,11449.9709211048,449814.364535771,3966141.94489806,08-Dec-2019,11120.959860359,449507.243283903,3965999.84951934,-329.011060745799
usa_NC_0039_0135,01-Jan-1849,11440.1111285227,449795.061158007,3966188.2286524,08-Dec-2019,11126.5078489649,449502.278510384,3966053.00819814,-313.603279557799
usa_NC_0039_0136,01-Jan-1849,11429.4975000606,449775.054382011,3966234.18541742,08-Dec-2019,11128.3894679754,449493.895113148,3966104.56433297,-301.1080320852
usa_NC_0039_0137,01-Jan-1849,11417.2467546304,449753.519005308,3966279.43715891,08-Dec-2019,11119.786343308,449475.723932694,3966151.59531274,-297.4604113224
usa_NC_0039_0138,01-Jan-1849,11406.2936939084,449733.195531156,3966325.24657236,08-Dec-2019,11109.7581625199,449456.222578273,3966198.01047932,-296.535531388499
usa_NC_0039_0139,01-Jan-1849,11395.1876523835,449712.729335779,3966370.98950794,08-Dec-2019,11090.9173715827,449428.489207335,3966240.64826588,-304.2702808008
usa_NC_0039_0140,01-Jan-1849,11384.5532613461,449692.70395625,3966416.93341416,08-Dec-2019,11081.012709908,449409.102930207,3966287.11789881,-303.5405514381
usa_NC_0039_0141,01-Jan-1849,11375.2743317613,449673.945466203,3966463.45466974,08-Dec-2019,11082.3921191692,449400.261562782,3966338.4029564,-292.8822125921
usa_NC_0039_0142,01-Jan-1849,11365.4185535787,449654.648516632,3966509.72674172,08-Dec-2019,11088.4551865477,449395.801160074,3966391.66618098,-276.963367031
usa_NC_0039_0143,01-Jan-1849,11355.4956945831,449635.289362196,3966555.96777602,08-Dec-2019,11071.3805464859,449369.718202154,3966435.05789654,-284.1151480972
usa_NC_0039_0144,01-Jan-1849,11345.2009310743,449615.583002393,3966602.04841232,08-Dec-2019,11058.8983519901,449347.927075706,3966480.40834939,-286.3025790842
usa_NC_0039_0145,01-Jan-1849,11333.9096450614,449594.945257852,3966647.70448428,08-Dec-2019,11057.7885253224,449336.769002619,3966530.58372936,-276.121119739
usa_NC_0039_0146,01-Jan-1849,11323.5295504579,449575.159707212,3966693.74595023,08-Dec-2019,11053.8915740969,449323.007510397,3966579.56403555,-269.637976361
usa_NC_0039_0147,01-Jan-1849,11312.8443500386,449555.090410066,3966739.65034068,08-Dec-2019,11046.3817045764,449305.8726146,3966626.98827775,-266.462645462199
usa_NC_0039_0148,01-Jan-1849,11300.951724997,449533.898249308,3966785.01210009,08-Dec-2019,11037.4831803049,449287.457440739,3966673.73277645,-263.468544692099
usa_NC_0039_0149,01-Jan-1849,11294.1104515335,449517.431374284,3966832.50536856,08-Dec-2019,11031.4928370583,449271.763238071,3966721.70186298,-262.617614475199
usa_NC_0039_0150,01-Jan-1849,11283.821969866,449497.740316546,3966878.54148578,08-Dec-2019,11027.0257551716,449257.495119661,3966770.30796336,-256.796214694399
usa_NC_0039_0151,01-Jan-1849,11272.3135121535,449476.908041894,3966924.06276497,08-Dec-2019,11020.4627085865,449241.267211851,3966818.02522814,-251.850803567
usa_NC_0039_0152,01-Jan-1849,11261.1190719832,449456.367354695,3966969.72735992,08-Dec-2019,11016.5497651875,449227.513796006,3966866.88350412,-244.5693067957
usa_NC_0039_0153,01-Jan-1849,11247.4094322523,449433.470517751,3967014.34716977,08-Dec-2019,11013.3361511784,449214.410145474,3966916.05900518,-234.073281073899
usa_NC_0039_0154,01-Jan-1849,11235.9460596428,449412.675642413,3967059.911372,08-Dec-2019,11000.7688553513,449192.553645512,3966961.30231319,-235.1772042915
usa_NC_0039_0155,01-Jan-1849,11226.3300436055,449393.61012445,3967106.24885389,08-Dec-2019,10996.8748317205,449178.816014624,3967010.17814876,-229.455211884999
usa_NC_0039_0156,01-Jan-1849,11214.481972896,449372.455385438,3967151.6507154,08-Dec-2019,10996.0169391962,449167.922770158,3967060.31392496,-218.465033699798
usa_NC_0039_0157,01-Jan-1849,11208.6943521729,449356.974996753,3967199.5843524,08-Dec-2019,10980.1534337038,449142.981400306,3967104.1735004,-228.540918469102
usa_NC_0039_0158,01-Jan-1849,11198.4530272057,449337.325016045,3967245.65555999,08-Dec-2019,10982.2712675925,449134.877703668,3967155.53538627,-216.1817596132
usa_NC_0039_0159,01-Jan-1849,11186.6593476962,449316.221195101,3967291.08018352,08-Dec-2019,10992.8895954918,449134.738557156,3967210.42032904,-193.7697522044
usa_NC_0039_0160,01-Jan-1849,11175.841126135,449296.030802387,3967336.91173354,08-Dec-2019,10992.6821105466,449124.463901199,3967260.77968762,-183.159015588399
usa_NC_0039_0161,01-Jan-1849,11164.421807773,449275.27722562,3967382.4940847,08-Dec-2019,10983.5809400342,449105.859878115,3967307.43509214,-180.8408677388
usa_NC_0039_0162,01-Jan-1849,11153.5998045827,449255.083099056,3967428.32502148,08-Dec-2019,10943.9413356154,449058.643171297,3967341.43201381,-209.6584689673
usa_NC_0039_0163,01-Jan-1849,11143.627245073,449235.677635873,3967474.54416501,08-Dec-2019,10938.1273360426,449043.098460595,3967389.55292281,-205.499909030399
usa_NC_0039_0164,01-Jan-1849,11134.3725406419,449216.938966671,3967521.08985809,08-Dec-2019,10939.6630803951,449034.429180603,3967440.77461676,-194.709460246801
usa_NC_0039_0165,01-Jan-1849,11123.7417378034,449196.910700931,3967567.06651967,08-Dec-2019,10933.8701398477,449018.894122654,3967488.95469049,-189.8715979557
usa_NC_0040_0001,01-Jan-1849,11116.2479944711,449179.824331214,3967614.33021615,08-Dec-2019,10932.7798213755,449007.771222723,3967539.05360718,-183.4681730956
usa_NC_0040_0002,01-Jan-1849,11105.5339040172,449160.015863409,3967658.78188434,08-Dec-2019,10921.6961816853,448987.356762025,3967584.65196657,-183.8377223319
usa_NC_0040_0003,01-Jan-1849,11091.0068983542,449136.035447127,3967704.65305975,08-Dec-2019,10915.5660465637,448971.433542801,3967633.05373648,-175.440851790501
usa_NC_0040_0004,01-Jan-1849,11082.3583517843,449117.867145066,3967751.43783299,08-Dec-2019,10918.8040378578,448964.381700783,3967684.8682574,-163.554313926499
usa_NC_0040_0005,01-Jan-1849,11070.9238425919,449097.084633061,3967797.0874634,08-Dec-2019,10915.0570300104,448950.779406167,3967733.81708657,-155.8668125815
usa_NC_0040_0006,01-Jan-1849,11060.4710484691,449077.223455487,3967843.13638673,08-Dec-2019,10908.9700429506,448934.983165311,3967781.80360715,-151.501005518501
usa_NC_0040_0007,01-Jan-1849,11053.3904486627,449060.529138883,3967890.54650172,08-Dec-2019,10896.2789797465,448912.987070968,3967827.11387451,-157.1114689162
usa_NC_0040_0008,01-Jan-1849,11044.2603738464,449041.911256904,3967937.12375376,08-Dec-2019,10892.0060382617,448898.897297465,3967875.81822868,-152.254335584701
usa_NC_0040_0009,01-Jan-1849,11033.6557909934,449021.908671547,3967983.10570978,08-Dec-2019,10893.699208196,448890.415617499,3967926.90449327,-139.9565827974
usa_NC_0040_0010,01-Jan-1849,11020.7556435694,448999.74883195,3968028.16839834,08-Dec-2019,10889.9698838881,448876.843535303,3967975.79237276,-130.785759681301
usa_NC_0040_0011,01-Jan-1849,11007.8909059179,448977.621267939,3968073.25027479,08-Dec-2019,10875.2157864948,448852.911574153,3968020.26214145,-132.6751194231
usa_NC_0040_0012,01-Jan-1849,10998.5799761418,448958.833731483,3968119.7535826,08-Dec-2019,10861.3705328932,448829.832088018,3968065.1039167,-137.209443248601
usa_NC_0040_0013,01-Jan-1849,10988.2205203717,448939.060375656,3968165.83934749,08-Dec-2019,10854.0177140139,448812.856326539,3968112.53326916,-134.2028063578
usa_NC_0040_0014,01-Jan-1849,10980.915757123,448922.160236257,3968213.1355015,08-Dec-2019,10852.3665150224,448801.244840998,3968162.21490459,-128.5492421006
usa_NC_0040_0015,01-Jan-1849,10969.2872649986,448901.193458434,3968258.7173122,08-Dec-2019,10834.9281070555,448774.783972718,3968205.64140504,-134.359157943099
usa_NC_0040_0016,01-Jan-1849,10959.2829489241,448881.754492635,3968304.9420518,08-Dec-2019,10838.7159289962,448768.294921653,3968257.44546505,-120.567019927899
usa_NC_0040_0017,01-Jan-1849,10950.6450340929,448863.618602145,3968351.61888246,08-Dec-2019,10838.6939156397,448758.256879757,3968307.56723714,-111.9511184532
usa_NC_0040_0018,01-Jan-1849,10939.2607847011,448842.905839058,3968397.17595448,08-Dec-2019,10830.4431375422,448740.489596097,3968354.37509961,-108.817647158901
usa_NC_0040_0019,01-Jan-1849,10928.361550339,448822.649495017,3968442.92411628,08-Dec-2019,10821.2070243404,448721.7950353,3968400.79493453,-107.1545259986
usa_NC_0040_0020,01-Jan-1849,10918.2548756107,448803.139086677,3968488.98401328,08-Dec-2019,10812.0772980849,448703.20066575,3968447.25630039,-106.177577525801
usa_NC_0040_0021,01-Jan-1849,10907.2558467358,448782.788744941,3968534.6932925,08-Dec-2019,10795.0942040285,448677.214227036,3968490.63218528,-112.161642707299
usa_NC_0040_0022,01-Jan-1849,10896.3447046651,448762.521068638,3968580.43739647,08-Dec-2019,10794.3762925583,448666.537810623,3968540.39723936,-101.9684121068
usa_NC_0040_0023,01-Jan-1849,10885.7786895068,448742.578855807,3968626.31404864,08-Dec-2019,10792.337322351,448654.619083491,3968589.63751045,-93.4413671557995
usa_NC_0040_0024,01-Jan-1849,10872.140054066,448719.744634892,3968670.98286127,08-Dec-2019,10785.4613321431,448638.147955187,3968636.97489366,-86.6787219228991
usa_NC_0040_0025,01-Jan-1849,10856.636661171,448695.154625952,3968714.92186102,08-Dec-2019,10778.4860292251,448621.583474033,3968684.27262603,-78.1506319459004
usa_NC_0040_0026,01-Jan-1849,10849.4153435293,448678.361223667,3968762.10971129,08-Dec-2019,10773.3214476532,448606.723801057,3968732.27953057,-76.0938958760999
usa_NC_0040_0027,01-Jan-1849,10840.1540729377,448659.64739122,3968808.49760282,08-Dec-2019,10763.4693641199,448587.45125058,3968778.4483553,-76.6847088178001
usa_NC_0040_0028,01-Jan-1849,10827.5445762389,448637.781183921,3968853.57412591,08-Dec-2019,10755.4664872596,448569.91967014,3968825.34178723,-72.0780889793004
usa_NC_0040_0029,01-Jan-1849,10817.5264350043,448618.354586826,3968899.66641383,08-Dec-2019,10741.0329546635,448546.333483494,3968869.71711209,-76.4934803407996
usa_NC_0040_0030,01-Jan-1849,10805.635591509,448597.164653865,3968945.0261163,08-Dec-2019,10724.5302970071,448520.798728674,3968913.28441707,-81.1052945019001
usa_NC_0040_0031,01-Jan-1849,10793.7065031996,448575.938518998,3968990.37181155,08-Dec-2019,10721.3272771984,448507.786391171,3968962.05701908,-72.3792260012015
usa_NC_0040_0032,01-Jan-1849,10784.892970997,448557.645899835,3969036.93674147,08-Dec-2019,10710.6479546902,448487.734523441,3969007.90418301,-74.2450163068006
usa_NC_0040_0033,01-Jan-1849,10771.4404568653,448534.984932985,3969081.68836044,08-Dec-2019,10708.4723984545,448475.690228288,3969057.07580277,-62.9680584108009
usa_NC_0040_0034,01-Jan-1849,10762.5565636382,448516.625925427,3969128.22644869,08-Dec-2019,10702.5290260403,448460.098241118,3969104.77307139,-60.0275375978999
usa_NC_0040_0035,01-Jan-1849,10753.2306425162,448497.850655193,3969174.59186628,08-Dec-2019,10703.7946255879,448451.295347117,3969155.28478753,-49.4360169283009
usa_NC_0040_0036,01-Jan-1849,10743.9390664694,448479.107707778,3969220.97080191,08-Dec-2019,10694.3052962292,448432.3645489,3969201.59460264,-49.6337702401997
usa_NC_0040_0037,01-Jan-1849,10734.75525959,448460.468812362,3969267.37900175,08-Dec-2019,10677.4694938958,448406.518335423,3969245.02042313,-57.2857656941997
usa_NC_0040_0038,01-Jan-1849,10723.4120191022,448439.796438823,3969312.94323046,08-Dec-2019,10651.5094730079,448372.079106624,3969284.88520274,-71.9025460942994
usa_NC_0040_0039,01-Jan-1849,10715.8782880586,448422.689679612,3969360.10489397,08-Dec-2019,10645.142522787,448356.060563835,3969332.55546692,-70.7357652716
usa_NC_0040_0040,01-Jan-1849,10709.5488905346,448406.717965665,3969407.73245211,08-Dec-2019,10634.583571915,448336.093566646,3969378.59220051,-74.9653186195992
usa_NC_0040_0041,01-Jan-1849,10699.9149274208,448387.633349956,3969454.0739168,08-Dec-2019,10624.349913991,448316.432611139,3969424.75745739,-75.5650134297994
usa_NC_0040_0042,01-Jan-1849,10690.2499015563,448368.519298878,3969500.40416427,08-Dec-2019,10614.8702694036,448297.481895845,3969471.21636938,-75.3796321527007
usa_NC_0040_0043,01-Jan-1849,10681.9216086399,448350.665263935,3969547.25058055,08-Dec-2019,10604.2733375635,448277.478229045,3969517.24278283,-77.6482710763994
usa_NC_0040_0044,01-Jan-1849,10670.8141932942,448330.191921456,3969593.02227187,08-Dec-2019,10592.0748218751,448255.964636226,3969562.6520541,-78.7393714191003
usa_NC_0040_0045,01-Jan-1849,10660.0511388404,448310.042980555,3969638.92791629,08-Dec-2019,10579.6312462303,448234.219389102,3969607.96999357,-80.4198926100999
usa_NC_0040_0046,01-Jan-1849,10651.0892132827,448291.592327577,3969685.52640943,08-Dec-2019,10571.7381554543,448216.764559854,3969655.03960609,-79.3510578283986
usa_NC_0040_0047,01-Jan-1849,10641.9486518841,448272.973562563,3969732.05456423,08-Dec-2019,10561.1130420763,448196.733725414,3969701.05815748,-80.8356098078002
usa_NC_0040_0048,01-Jan-1849,10633.6654874301,448255.172038106,3969778.86850288,08-Dec-2019,10546.9286144533,448173.357910542,3969745.65196286,-86.7368729768004
usa_NC_0040_0049,01-Jan-1849,10625.0166735003,448237.03297739,3969825.50557708,08-Dec-2019,10531.1043311859,448148.445618248,3969789.56618643,-93.912342314401
usa_NC_0040_0050,01-Jan-1849,10616.175880501,448218.712973253,3969872.06843139,08-Dec-2019,10522.9465220005,448130.764900447,3969836.41529002,-93.2293585004991
usa_NC_0040_0051,01-Jan-1849,10607.263162334,448200.325253347,3969918.60310441,08-Dec-2019,10510.1976180616,448108.753134444,3969881.50880512,-97.0655442724001
usa_NC_0040_0052,01-Jan-1849,10597.164256083,448180.818552526,3969964.68409253,08-Dec-2019,10497.8341397241,448087.104730058,3969926.75086858,-99.3301163589003
usa_NC_0040_0053,01-Jan-1849,10587.1896080053,448161.429097332,3970010.81246749,08-Dec-2019,10488.6405835472,448068.446949759,3969973.20382177,-98.5490244580997
usa_NC_0040_0054,01-Jan-1849,10577.9538651041,448142.736866228,3970057.22253351,08-Dec-2019,10476.9434663987,448047.427000778,3970018.70150616,-101.010398705401
usa_NC_0040_0055,01-Jan-1849,10569.8579617523,448125.130713516,3970104.01441007,08-Dec-2019,10465.6065702561,448026.764434123,3970064.24903471,-104.251391496198
usa_NC_0040_0056,01-Jan-1849,10561.3968811903,448107.181489704,3970150.65953073,08-Dec-2019,10453.2178589884,448005.112169538,3970109.38164463,-108.179022201899
usa_NC_0040_0057,01-Jan-1849,10550.9273219534,448087.33718476,3970196.53845957,08-Dec-2019,10441.0806803986,447983.697343922,3970154.60967004,-109.846641554801
usa_NC_0040_0058,01-Jan-1849,10541.5780966226,448068.549894351,3970242.84510204,08-Dec-2019,10431.635924307,447964.822836525,3970200.86525599,-109.942172315599
usa_NC_0040_0059,01-Jan-1849,10533.2627773541,448050.737994501,3970289.5468671,08-Dec-2019,10418.4109341665,447942.381861996,3970245.67707626,-114.8518431876
usa_NC_0040_0060,01-Jan-1849,10523.3244227937,448031.394795634,3970335.62897512,08-Dec-2019,10406.4122728998,447921.097984254,3970290.95668618,-116.912149893898
usa_NC_0040_0061,01-Jan-1849,10510.1663892479,448009.014178131,3970380.48044643,08-Dec-2019,10394.5343013077,447899.928066556,3970336.28191408,-115.632087940199
usa_NC_0040_0062,01-Jan-1849,10498.9869922609,447988.500289559,3970426.08770104,08-Dec-2019,10382.473610402,447878.585865946,3970381.53683706,-116.5133818589
usa_NC_0040_0063,01-Jan-1849,10489.3276582208,447969.420448373,3970472.27579656,08-Dec-2019,10373.1118864056,447859.789862666,3970427.82329745,-116.215771815199
usa_NC_0040_0064,01-Jan-1849,10482.6832181464,447953.185180503,3970519.61451775,08-Dec-2019,10363.130323127,447840.409738733,3970473.86968489,-119.5528950194
usa_NC_0040_0065,01-Jan-1849,10477.9115441096,447938.716367176,3970567.67054284,08-Dec-2019,10354.0393596473,447821.869783807,3970520.25655804,-123.8721844623
usa_NC_0040_0066,01-Jan-1849,10473.2369467322,447924.338938607,3970615.76465658,08-Dec-2019,10345.6350768442,447803.97759282,3970566.90612161,-127.601869888
usa_NC_0040_0067,01-Jan-1849,10468.2046721038,447909.618608807,3970663.74943892,08-Dec-2019,10335.8861907088,447784.806655674,3970613.0930834,-132.318481395001
usa_NC_0040_0068,01-Jan-1849,10458.0931027241,447890.099152154,3970709.82963814,08-Dec-2019,10324.5870795509,447764.157687069,3970658.76539065,-133.5060231732
usa_NC_0040_0069,01-Jan-1849,10451.2563345615,447873.712327237,3970756.94529789,08-Dec-2019,10314.7364905411,447744.961397734,3970704.56020314,-136.5198440204
usa_NC_0040_0070,01-Jan-1849,10440.5695897548,447853.699195424,3970802.56073453,08-Dec-2019,10303.8891770351,447724.834745582,3970749.9243064,-136.680412719699
usa_NC_0040_0071,01-Jan-1849,10427.9614258247,447831.876370172,3970847.42695917,08-Dec-2019,10292.8877600269,447704.564277318,3970795.22168153,-135.0736657978
usa_NC_0040_0072,01-Jan-1849,10415.5851028488,447810.27439264,3970892.37113516,08-Dec-2019,10286.1412595189,447688.304574456,3970842.16183869,-129.4438433299
usa_NC_0040_0073,01-Jan-1849,10407.6364959288,447792.84550744,3970939.02759797,08-Dec-2019,10278.2273711691,447670.944367496,3970888.65178949,-129.409124759701
usa_NC_0040_0074,01-Jan-1849,10403.2052954141,447778.728782881,3970987.05918066,08-Dec-2019,10268.9268864067,447652.278207631,3970934.6009876,-134.2784090074
usa_NC_0040_0075,01-Jan-1849,10394.160720257,447760.266749055,3971033.29284142,08-Dec-2019,10260.5072078295,447634.441836866,3970980.89263653,-133.6535124275
usa_NC_0040_0076,01-Jan-1849,10384.8535059581,447741.557950488,3971079.42107663,08-Dec-2019,10252.0208870168,447616.542841948,3971027.15758425,-132.8326189413
usa_NC_0040_0077,01-Jan-1849,10377.2398116894,447724.443083097,3971126.21523951,08-Dec-2019,10244.0518472744,447599.130651753,3971073.62622401,-133.187964414999
usa_NC_0040_0078,01-Jan-1849,10371.273304009,447708.877160729,3971173.66400372,08-Dec-2019,10228.814546778,447574.881849098,3971117.21565156,-142.458757231001
usa_NC_0040_0079,01-Jan-1849,10364.3596358273,447692.416998792,3971220.75422481,08-Dec-2019,10219.7834943405,447556.468066023,3971163.27685814,-144.576141486801
usa_NC_0040_0080,01-Jan-1849,10354.2198747837,447672.910862244,3971266.62389449,08-Dec-2019,10211.8283078327,447539.045522728,3971209.86800602,-142.391566950999
usa_NC_0040_0081,01-Jan-1849,10344.2058553654,447653.522614612,3971312.54530227,08-Dec-2019,10199.5921421423,447517.598039532,3971254.75430047,-144.6137132231
usa_NC_0040_0082,01-Jan-1849,10335.8063668046,447635.651857883,3971359.11206729,08-Dec-2019,10187.7969204592,447496.566146902,3971299.81109765,-148.009446345401
usa_NC_0040_0083,01-Jan-1849,10327.5851299885,447617.948200028,3971405.75228072,08-Dec-2019,10178.4325407319,447477.819084968,3971345.83908424,-149.152589256601
usa_NC_0040_0084,01-Jan-1849,10319.562281657,447600.430442272,3971452.4746182,08-Dec-2019,10168.9736505749,447458.983286445,3971391.82882602,-150.588631082099
usa_NC_0040_0085,01-Jan-1849,10309.300189859,447580.809327113,3971498.29539225,08-Dec-2019,10161.8741981672,447442.363315918,3971438.77067483,-147.4259916918
usa_NC_0040_0086,01-Jan-1849,10300.1495998532,447562.232176191,3971544.56411552,08-Dec-2019,10144.7351139087,447416.316417581,3971481.65305616,-155.414485944499
usa_NC_0040_0087,01-Jan-1849,10293.6288142788,447546.123497331,3971591.90038504,08-Dec-2019,10140.6924826602,447402.566088932,3971529.83404558,-152.936331618599
usa_NC_0040_0088,01-Jan-1849,10282.2680109419,447525.47356035,3971637.26270419,08-Dec-2019,10129.1717087291,447381.799991865,3971574.96129394,-153.0963022128
usa_NC_0040_0089,01-Jan-1849,10271.9467062736,447505.81894477,3971682.94894534,08-Dec-2019,10115.194661771,447358.770854872,3971618.87852113,-156.7520445026
usa_NC_0040_0090,01-Jan-1849,10262.3030838351,447486.800567978,3971728.90963121,08-Dec-2019,10112.351260545,447346.185540654,3971667.34938356,-149.951823290101
usa_NC_0040_0091,01-Jan-1849,10253.4292084814,447468.504003059,3971775.18635746,08-Dec-2019,10099.7266020525,447324.426942015,3971711.81001739,-153.7026064289
usa_NC_0040_0092,01-Jan-1849,10242.8594770629,447448.618114043,3971820.762179,08-Dec-2019,10086.776079268,447302.365460904,3971756.12340232,-156.083397794901
usa_NC_0040_0093,01-Jan-1849,10233.6885295407,447430.0433391,3971866.91512129,08-Dec-2019,10072.6897650549,447279.242822706,3971799.95091999,-160.998764485799
usa_NC_0040_0094,01-Jan-1849,10224.1638170637,447411.143413288,3971912.88986839,08-Dec-2019,10058.0590068664,447255.620083053,3971843.50266674,-166.104810197299
usa_NC_0040_0095,01-Jan-1849,10213.0174261034,447390.723628181,3971958.19463404,08-Dec-2019,10045.8085748036,447234.226825881,3971888.04478821,-167.208851299802
usa_NC_0040_0096,01-Jan-1849,10203.3083183128,447371.646881066,3972004.11323487,08-Dec-2019,10038.8952203917,447217.825999647,3971934.83967253,-164.4130979211
usa_NC_0040_0097,01-Jan-1849,10191.5444073189,447350.645765147,3972049.17580199,08-Dec-2019,10033.8221539015,447203.141582029,3971982.43656344,-157.7222534174
usa_NC_0040_0098,01-Jan-1849,10174.9281523245,447325.107209443,3972092.18240577,08-Dec-2019,10023.2101973002,447183.273118445,3972027.70969348,-151.7179550243
usa_NC_0040_0099,01-Jan-1849,10163.4546131058,447304.376779503,3972137.37221581,08-Dec-2019,10007.6131971089,447158.744166619,3972070.86543371,-155.8414159969
usa_NC_0040_0100,01-Jan-1849,10150.8613419548,447282.59896013,3972182.08921665,08-Dec-2019,9997.41947346505,447139.264193975,3972116.32878165,-153.44186848975
usa_NC_0040_0101,01-Jan-1849,10136.8815140288,447259.525804566,3972226.21253708,08-Dec-2019,9988.26920321042,447120.75625735,3972162.25276249,-148.61231081838
usa_NC_0040_0102,01-Jan-1849,10122.4171253809,447236.0007524,3972270.12445421,08-Dec-2019,9983.10289485656,447105.963917735,3972209.91389343,-139.31423052434
usa_NC_0040_0103,01-Jan-1849,10110.2215981545,447214.593395495,3972315.01733232,08-Dec-2019,9969.31421110617,447083.12056837,3972253.86264543,-140.90738704833
usa_NC_0040_0104,01-Jan-1849,10099.3585432548,447194.426926642,3972360.50036004,08-Dec-2019,9962.97940201143,447067.228619256,3972301.06341363,-136.379141243371
usa_NC_0040_0105,01-Jan-1849,10087.8709415102,447173.66434996,3972405.77927898,08-Dec-2019,9953.77219894405,447048.632096879,3972347.14016499,-134.09874256615
usa_NC_0040_0106,01-Jan-1849,10076.4144517522,447152.92879611,3972451.08173963,08-Dec-2019,9936.73045930662,447022.728244767,3972389.80346917,-139.68399244558
usa_NC_0040_0107,01-Jan-1849,10064.4948165914,447131.761029901,3972496.18357863,08-Dec-2019,9926.31334095762,447002.999914375,3972435.36964003,-138.181475633779
usa_NC_0040_0108,01-Jan-1849,10052.5916209649,447110.600476291,3972541.33321911,08-Dec-2019,9917.84192542572,446985.066763313,3972481.8815841,-134.74969553918
usa_NC_0040_0109,01-Jan-1849,10042.9420950059,447091.535705456,3972587.49595063,08-Dec-2019,9909.58189423341,446967.322485766,3972528.52709398,-133.360200772489
usa_NC_0040_0110,01-Jan-1849,10030.1461428238,447069.53978325,3972632.27007575,08-Dec-2019,9897.39918282481,446945.923665369,3972573.44265528,-132.746959998989
usa_NC_0040_0111,01-Jan-1849,10014.5662335297,447044.952013443,3972675.80738327,08-Dec-2019,9884.66205418202,446924.008517774,3972618.11274872,-129.904179347681
usa_NC_0040_0112,01-Jan-1849,9999.48971878898,447020.833984947,3972719.56290734,08-Dec-2019,9874.26858565,446904.274976657,3972663.8256883,-125.221133138981
usa_NC_0040_0113,01-Jan-1849,9986.50758273544,446998.666011708,3972764.24788643,08-Dec-2019,9863.44805663643,446884.143140973,3972709.35242142,-123.05952609901
usa_NC_0040_0114,01-Jan-1849,9973.9059033496,446976.852182842,3972809.10218241,08-Dec-2019,9852.42582862245,446863.822957909,3972754.79238301,-121.480074727149
usa_NC_0040_0115,01-Jan-1849,9962.09815387298,446955.776900554,3972854.31218447,08-Dec-2019,9844.32760617018,446846.222189907,3972801.5454774,-117.770547702799
usa_NC_0040_0116,01-Jan-1849,9950.22499118967,446934.640469604,3972899.49437351,08-Dec-2019,9832.09555060082,446824.775028116,3972846.45113863,-118.129440588851
usa_NC_0040_0117,01-Jan-1849,9939.36526615756,446914.446102722,3972945.13400674,08-Dec-2019,9820.87721850462,446804.270343734,3972891.81363416,-118.48804765294
usa_NC_0040_0118,01-Jan-1849,9927.8479755067,446893.639741255,3972990.48052946,08-Dec-2019,9810.45331925689,446784.503668646,3972937.5370912,-117.394656249809
usa_NC_0040_0119,01-Jan-1849,9916.15286145311,446872.628116785,3973035.9467773,08-Dec-2019,9797.77133091165,446762.559237201,3972982.63512991,-118.381530541461
usa_NC_0040_0120,01-Jan-1849,9903.09576557912,446850.346304662,3973080.81890562,08-Dec-2019,9784.59369371015,446740.146176233,3973027.54891694,-118.50207186897
usa_NC_0040_0121,01-Jan-1849,9890.92261017707,446828.886517435,3973126.08833497,08-Dec-2019,9773.26837815832,446719.455805498,3973073.29468682,-117.654232018749
usa_NC_0040_0122,01-Jan-1849,9879.46219903544,446808.089926827,3973171.67623434,08-Dec-2019,9762.36566278436,446699.159001956,3973119.22755841,-117.096536251081
usa_NC_0040_0123,01-Jan-1849,9867.56688528432,446786.889072866,3973217.06777647,08-Dec-2019,9752.48144218463,446679.810401601,3973165.61295979,-115.08544309969
usa_NC_0040_0124,01-Jan-1849,9854.35454925154,446764.462853309,3973261.87033516,08-Dec-2019,9740.21526095088,446658.24607548,3973210.93080132,-114.139288300661
usa_NC_0040_0125,01-Jan-1849,9841.73050768303,446742.584010338,3973306.93586491,08-Dec-2019,9730.47605654576,446639.033868838,3973257.37369995,-111.254451137271
usa_NC_0040_0126,01-Jan-1849,9830.35328487266,446721.865849417,3973352.55580852,08-Dec-2019,9719.65854552106,446618.818793632,3973303.33239647,-110.6947393516
usa_NC_0040_0127,01-Jan-1849,9819.86907267122,446701.979557789,3973398.57007582,08-Dec-2019,9710.89773791021,446600.519261293,3973350.20099235,-108.971334761009
usa_NC_0040_0128,01-Jan-1849,9808.66960589767,446681.427892724,3973444.26395581,08-Dec-2019,9700.6466723523,446580.833205863,3973396.4030221,-108.02293354537
usa_NC_0040_0129,01-Jan-1849,9796.8921478734,446660.340272826,3973489.69028649,08-Dec-2019,9689.91720972304,446560.706064257,3973442.37100414,-106.974938150359
usa_NC_0040_0130,01-Jan-1849,9784.83218413845,446638.996308146,3973534.95774852,08-Dec-2019,9681.33789453182,446542.59491804,3973489.22305724,-103.49428960663
usa_NC_0040_0131,01-Jan-1849,9771.39614658314,446616.370555006,3973579.61722997,08-Dec-2019,9672.54732477168,446524.287682108,3973535.97831936,-98.8488218114599
usa_NC_0040_0132,01-Jan-1849,9758.72844955313,446594.46048065,3973624.61626596,08-Dec-2019,9662.39173645163,446504.709412001,3973582.12820086,-96.3367131015002
usa_NC_0040_0133,01-Jan-1849,9746.05094809213,446572.541222182,3973669.61122765,08-Dec-2019,9653.68227452962,446486.478924007,3973628.91330592,-92.3686735625106
usa_NC_0040_0134,01-Jan-1849,9733.49742047203,446550.737306287,3973714.66164873,08-Dec-2019,9645.77687909579,446468.998185516,3973676.04978351,-87.7205413762385
usa_NC_0040_0135,01-Jan-1849,9721.86261593752,446529.789098805,3973760.11831234,08-Dec-2019,9639.56731396093,446453.097945405,3973723.93120151,-82.2953019765901
usa_NC_0040_0136,01-Jan-1849,9711.13331217255,446509.667537377,3973806.0591798,08-Dec-2019,9636.48345223913,446440.083385619,3973773.32302511,-74.6498599334191
usa_NC_0040_0137,01-Jan-1849,9699.25403399656,446488.474205123,3973851.494915,08-Dec-2019,9628.66131319573,446422.655054046,3973820.62212193,-70.5927208008306
usa_NC_0040_0138,01-Jan-1849,9686.19566343816,446466.18111957,3973896.41695467,08-Dec-2019,9621.7993083178,446406.123990521,3973868.33081484,-64.3963551203597
usa_NC_0040_0139,01-Jan-1849,9673.26575563815,446444.007193167,3973941.39826249,08-Dec-2019,9608.0741102357,446383.192842089,3973913.04293314,-65.1916454024486
usa_NC_0040_0140,01-Jan-1849,9661.87709299558,446423.270781741,3973987.05115746,08-Dec-2019,9592.87713610402,446358.887411433,3973957.12154624,-68.9999568915609
usa_NC_0040_0141,01-Jan-1849,9650.36352428006,446402.417911203,3974032.64942313,08-Dec-2019,9579.10859769266,446335.913499599,3974001.82648951,-71.2549265873986
usa_NC_0040_0142,01-Jan-1849,9638.64265847197,446381.371577961,3974078.1579475,08-Dec-2019,9566.7846428863,446314.287204204,3974047.15961209,-71.8580155856707
usa_NC_0040_0143,01-Jan-1849,9627.28636381799,446360.66564557,3974123.82349781,08-Dec-2019,9559.20189401861,446297.087962433,3974094.53393982,-68.0844697993798
usa_NC_0040_0144,01-Jan-1849,9615.99051721436,446340.016300322,3974169.51434994,01-Jan-2005,9680.88302146612,446400.628718839,3974197.35361577,64.8925042517585
usa_NC_0040_0145,01-Jan-1849,9607.21291968511,446321.719894827,3974216.2816138,08-Dec-2019,9535.39330326172,446254.620213251,3974185.55584721,-71.8196164233887
usa_NC_0040_0146,01-Jan-1849,9594.95870470576,446300.175880003,3974261.5588775,08-Dec-2019,9525.16386415669,446234.951353576,3974231.78218943,-69.7948405490697
usa_NC_0040_0147,01-Jan-1849,9583.74434341323,446279.603575009,3974307.28003609,08-Dec-2019,9517.14390037036,446217.34848096,3974278.9451942,-66.6004430428693
usa_NC_0040_0148,01-Jan-1849,9572.60823941184,446259.104645716,3974353.03336633,08-Dec-2019,9508.23005690489,446198.911568456,3974325.72030261,-64.3781825069509
usa_NC_0040_0149,01-Jan-1849,9560.77375429785,446237.952810317,3974398.49002856,08-Dec-2019,9491.40995246134,446173.081793561,3974369.14396946,-69.3638018365109
usa_NC_0040_0150,01-Jan-1849,9548.06726410887,446215.985157439,3974443.57923554,08-Dec-2019,9480.63402431058,446152.903698104,3974415.12981572,-67.4332397982889
usa_NC_0040_0151,01-Jan-1849,9535.41178726487,446194.064731714,3974488.69243703,08-Dec-2019,9468.64308522655,446131.589130987,3974460.60241543,-66.76870203832
usa_NC_0040_0152,01-Jan-1849,9523.24287907883,446172.599231713,3974534.01213009,08-Dec-2019,9453.72672656355,446107.536400963,3974504.8484874,-69.5161525152816
usa_NC_0040_0153,01-Jan-1849,9510.60084032523,446150.69054086,3974579.13518461,08-Dec-2019,9439.89627781651,446084.498723903,3974549.55658816,-70.7045625087212
usa_NC_0040_0154,01-Jan-1849,9496.87154574055,446127.763258838,3974623.80704823,08-Dec-2019,9432.68441478415,446067.657735754,3974597.03082566,-64.1871309564012
usa_NC_0040_0155,01-Jan-1849,9485.75440438287,446107.281659169,3974669.57042678,08-Dec-2019,9414.91567861484,446040.930786517,3974640.10312798,-70.8387257680297
usa_NC_0040_0156,01-Jan-1849,9474.87273949491,446087.020924454,3974715.43022359,31-Jan-2016,9377.85929475196,445996.130696198,3974675.18936864,-97.01344474295
usa_NC_0040_0157,01-Jan-1849,9464.34680408761,446067.099265637,3974761.40855514,31-Jan-2016,9358.5276053361,445967.938904276,3974717.61605881,-105.819198751511
usa_NC_0040_0158,01-Jan-1849,9453.67141394961,446047.071222443,3974807.15656028,31-Jan-2016,9345.52014464489,445945.735514775,3974762.34903467,-108.151269304721
usa_NC_0040_0159,01-Jan-1849,9441.83807959564,446025.960984837,3974852.41092429,31-Jan-2016,9328.13740910521,445919.438818327,3974805.23807148,-113.700670490431
usa_NC_0040_0160,01-Jan-1849,9428.61525236469,446003.549222133,3974897.08759566,31-Jan-2016,9323.02849596564,445904.640983449,3974853.21960824,-105.586756399051
usa_NC_0040_0161,01-Jan-1849,9418.97366316699,445984.493824795,3974943.24392244,31-Jan-2016,9308.42410004085,445880.949553572,3974897.24964131,-110.54956312614
usa_NC_0040_0162,01-Jan-1849,9408.15295076299,445964.334121396,3974988.90918011,31-Jan-2016,9296.05647949333,445859.354017886,3974942.20599107,-112.096471269659
usa_NC_0040_0163,01-Jan-1849,9396.84949263311,445943.722611391,3975034.37184659,31-Jan-2016,9291.88828311023,445845.437017087,3974990.5802726,-104.96120952288
usa_NC_0040_0164,01-Jan-1849,9384.85498263406,445922.46442637,3975079.54406574,31-Jan-2016,9282.3455660734,445826.486632559,3975036.71565116,-102.509416560661
usa_NC_0040_0165,01-Jan-1849,9372.25031648806,445900.633861143,3975124.46687437,31-Jan-2016,9273.55597201857,445808.238241386,3975083.18141144,-98.6943444694898
usa_NC_0040_0166,01-Jan-1849,9361.04779388745,445880.102824527,3975170.04192707,31-Jan-2016,9258.93981616591,445784.511166708,3975127.32980987,-102.10797772154
usa_NC_0040_0167,01-Jan-1849,9353.43604084268,445862.933402104,3975217.11901038,31-Jan-2016,9246.54906570266,445762.867455413,3975172.40920929,-106.88697514002
usa_NC_0040_0168,01-Jan-1849,9344.74942327471,445844.757716984,3975263.74644316,31-Jan-2016,9238.54481883788,445745.330321235,3975219.32344264,-106.204604436831
usa_NC_0040_0169,01-Jan-1849,9336.64901691548,445827.130842861,3975310.61903718,31-Jan-2016,9221.56931827224,445719.394397913,3975262.48528156,-115.07969864324
usa_NC_0040_0170,01-Jan-1849,9326.69194674528,445807.76578371,3975356.7150307,31-Jan-2016,9202.93215733688,445691.902807171,3975304.95229635,-123.759789408401
usa_NC_0040_0171,01-Jan-1849,9316.09634684286,445787.802933718,3975402.54397888,31-Jan-2016,9195.7496040901,445675.134913024,3975352.21032102,-120.346742752759
usa_NC_0040_0172,01-Jan-1849,9306.39603983367,445768.678251473,3975448.74737812,31-Jan-2016,9187.41431967181,445657.287851345,3975398.9861607,-118.981720161859
usa_NC_0040_0173,01-Jan-1849,9296.28220146011,445749.166422351,3975494.77782695,31-Jan-2016,9174.47187971588,445635.127576305,3975443.83519655,-121.810321744229
usa_NC_0040_0174,01-Jan-1849,9283.0466969542,445726.732079221,3975539.50280317,31-Jan-2016,9157.33496658636,445609.040408744,3975486.93018006,-125.711730367839
usa_NC_0040_0175,01-Jan-1849,9268.44140138416,445703.015312032,3975583.65504245,31-Jan-2016,9147.8007079278,445590.070847679,3975533.20469089,-120.64069345636
usa_NC_0040_0176,01-Jan-1849,9254.21514731483,445679.653383374,3975627.96590277,31-Jan-2016,9136.98755964779,445569.90398389,3975578.94438389,-117.227587667039
usa_NC_0040_0177,01-Jan-1849,9240.10340942739,445656.398644077,3975672.32475886,31-Jan-2016,9126.09389196777,445549.66173253,3975624.65042914,-114.009517459619
usa_NC_0040_0178,01-Jan-1849,9230.24871259945,445637.129376845,3975718.46381656,31-Jan-2016,9119.5548113393,445533.496293716,3975672.17738138,-110.693901260151
usa_NC_0040_0179,01-Jan-1849,9220.5147503495,445617.973145418,3975764.65334663,31-Jan-2016,9110.60075691262,445515.069937185,3975718.69445483,-109.913993436881
usa_NC_0040_0180,01-Jan-1849,9210.06471914456,445598.146517547,3975810.54347035,31-Jan-2016,9097.90726424763,445493.142655619,3975763.64795905,-112.157454896931
usa_NC_0040_0181,01-Jan-1849,9199.81376724882,445578.506268619,3975856.51684729,31-Jan-2016,9083.55979603025,445469.666872147,3975807.90999823,-116.25397121857
usa_NC_0040_0182,01-Jan-1849,9187.09504871983,445556.556464035,3975901.45432975,31-Jan-2016,9080.88621116556,445457.121257134,3975857.04881626,-106.20883755427
usa_NC_0040_0183,01-Jan-1849,9174.93122732792,445535.130215019,3975946.60355569,31-Jan-2016,9063.94316585289,445431.220301056,3975900.20129518,-110.988061475029
usa_NC_0040_0184,01-Jan-1849,9163.77268643188,445514.645140686,3975992.17304815,31-Jan-2016,9044.78690292777,445403.247242069,3975942.42861948,-118.985783504109
usa_NC_0040_0185,01-Jan-1849,9151.57962194424,445493.191872575,3976037.30825119,31-Jan-2016,9031.71605958939,445380.972158729,3975987.19691691,-119.863562354851
usa_NC_0040_0186,01-Jan-1849,9142.23904035252,445474.429477442,3976083.53442007,31-Jan-2016,9018.78699140354,445358.868369973,3976031.83151454,-123.452048948981
usa_NC_0040_0187,01-Jan-1849,9130.56352952294,445453.480672465,3976128.78633699,31-Jan-2016,9007.52163211926,445338.321694904,3976077.16415293,-123.04189740368
usa_NC_0040_0188,01-Jan-1849,9118.56720212455,445432.23127173,3976173.90532153,31-Jan-2016,8999.24976775743,445320.575794347,3976123.75739665,-119.31743436712
usa_NC_0040_0189,01-Jan-1849,9109.03104824739,445413.283415041,3976220.06154366,31-Jan-2016,8982.71571093656,445295.098095923,3976166.87893048,-126.315337310831
usa_NC_0040_0190,01-Jan-1849,9096.87917767943,445391.886860502,3976265.12315608,31-Jan-2016,8972.14386393925,445275.1983317,3976212.51339229,-124.735313740179
usa_NC_0040_0191,01-Jan-1849,9085.02018711548,445370.758592792,3976310.33681792,31-Jan-2016,8968.58734939199,445261.854181126,3976261.14251825,-116.432837723491
usa_NC_0040_0192,01-Jan-1849,9072.52642703138,445349.036781037,3976355.28137137,31-Jan-2016,8956.98967497864,445240.98762895,3976306.38003465,-115.53675205274
usa_NC_0040_0193,01-Jan-1849,9059.82137068406,445327.078827862,3976400.32935475,31-Jan-2016,8941.05071262714,445215.988274821,3976350.14470545,-118.770658056919
usa_NC_0040_0194,01-Jan-1849,9048.00108708594,445305.945820362,3976445.76426985,31-Jan-2016,8932.03500275502,445197.45971489,3976396.85859615,-115.966084330921
usa_NC_0040_0195,01-Jan-1849,9036.78245291035,445285.375681534,3976491.45278229,31-Jan-2016,8922.93975643506,445178.857578223,3976443.53479332,-113.842696475289
usa_NC_0040_0196,01-Jan-1849,9025.66337287204,445264.898832186,3976537.18249478,31-Jan-2016,8911.11782267777,445157.70456363,3976489.06141012,-114.545550194271
usa_NC_0040_0197,01-Jan-1849,9013.99321944266,445243.906342484,3976582.68036684,31-Jan-2016,8906.15486893963,445142.971376705,3976537.4643002,-107.838350503031
usa_NC_0040_0198,01-Jan-1849,9002.80807812207,445223.367872305,3976628.3813219,31-Jan-2016,8892.90256121596,445120.480301304,3976582.3874339,-109.90551690611
usa_NC_0040_0199,01-Jan-1849,8992.6445724018,445203.786102856,3976674.50831048,31-Jan-2016,8881.06137463821,445099.309939232,3976627.90261089,-111.58319776359
usa_NC_0040_0200,01-Jan-1849,8981.73576270895,445183.506840963,3976720.32229591,31-Jan-2016,8875.20566300844,445083.744714985,3976675.91330785,-106.530099700509
usa_NC_0040_0201,01-Jan-1849,8970.7737240937,445163.177949502,3976766.11300264,31-Jan-2016,8858.4680568775,445057.989037865,3976719.38717607,-112.3056672162
usa_NC_0040_0202,01-Jan-1849,8959.2571081304,445142.329738224,3976811.67240059,31-Jan-2016,8844.10159901427,445034.452979773,3976763.85394196,-115.15550911613
usa_NC_0040_0203,01-Jan-1849,8943.95588995384,445117.935558739,3976855.6631565,31-Jan-2016,8832.39164171808,445013.40504883,3976809.42613131,-111.56424823576
usa_NC_0040_0204,01-Jan-1849,8928.67183402975,445093.556267366,3976899.66699099,31-Jan-2016,8820.99304948678,444992.648873875,3976855.12725661,-107.67878454297
usa_NC_0040_0205,01-Jan-1849,8916.84157025731,445072.412944139,3976945.10259794,31-Jan-2016,8816.27181404137,444978.151297565,3976903.5846261,-100.569756215938
usa_NC_0040_0206,01-Jan-1849,8913.21976907267,445058.964468415,3976993.9206281,31-Jan-2016,8801.01134204416,444953.77606725,3976947.6884936,-112.20842702851
usa_NC_0040_0207,01-Jan-1849,8889.62426648386,445026.784872049,3977034.54422857,31-Jan-2016,8788.52646028372,444931.991114681,3976992.9943361,-101.09780620014
usa_NC_0040_0208,01-Jan-1849,8881.42428804879,445009.008598095,3977081.65632817,31-Jan-2016,8775.19893858021,444909.361641855,3977038.22622211,-106.225349468579
usa_NC_0041_0001,01-Jan-1849,8871.84850751281,444989.944077173,3977128.19415466,31-Jan-2016,8762.93566885266,444887.729572109,3977083.89793637,-108.91283866015
usa_NC_0041_0002,01-Jan-1849,8857.23045414728,444966.147002819,3977172.68317404,31-Jan-2016,8752.0837505286,444867.422160355,3977130.14312843,-105.14670361868
usa_NC_0041_0003,01-Jan-1849,8844.46404802906,444944.115812507,3977217.78457662,31-Jan-2016,8741.64153840393,444847.550757036,3977176.29722841,-102.82250962513
usa_NC_0041_0004,01-Jan-1849,8834.77988787245,444924.982495932,3977264.11358765,31-Jan-2016,8727.33746428263,444824.057580702,3977220.86776142,-107.44242358982
usa_NC_0041_0005,01-Jan-1849,8822.99971659057,444903.880653444,3977309.5972469,31-Jan-2016,8714.65477881783,444802.086704942,3977266.09457976,-108.344937772739
usa_NC_0041_0006,01-Jan-1849,8809.66962780979,444881.322241576,3977354.46041673,31-Jan-2016,8707.66594577108,444785.466117511,3977313.60404049,-102.00368203871
usa_NC_0041_0007,01-Jan-1849,8794.46075586588,444856.999127857,3977398.56680428,31-Jan-2016,8689.30494188392,444758.161611653,3977356.54412718,-105.155813981961
usa_NC_0041_0008,01-Jan-1849,8781.85634441986,444835.138328858,3977443.64221383,31-Jan-2016,8682.17563271077,444741.439178288,3977403.84637004,-99.6807117090902
usa_NC_0041_0009,01-Jan-1849,8769.81650866281,444813.808113589,3977488.94358793,31-Jan-2016,8669.63830215051,444719.633522102,3977448.98815878,-100.178206512301
usa_NC_0041_0010,01-Jan-1849,8757.37052550866,444792.101262158,3977534.05709473,31-Jan-2016,8656.30302271735,444697.08279767,3977493.78636832,-101.067502791311
usa_NC_0041_0011,01-Jan-1849,8745.28748613318,444770.735299724,3977579.31687963,31-Jan-2016,8642.25321055624,444673.859755261,3977538.30262741,-103.03427557694
usa_NC_0041_0012,01-Jan-1849,8735.77319944179,444751.784096871,3977625.60144221,31-Jan-2016,8637.13854468617,444659.037514843,3977586.37694065,-98.6346547556204
usa_NC_0041_0013,01-Jan-1849,8723.73056446618,444730.455030968,3977670.88277918,31-Jan-2016,8619.99443790719,444632.903440772,3977629.66995047,-103.73612655899
usa_NC_0041_0014,01-Jan-1849,8711.51939422446,444708.966822804,3977716.10043606,31-Jan-2016,8604.34640707942,444608.17493119,3977673.56392722,-107.172987145041
usa_NC_0041_0015,01-Jan-1849,8699.75445986546,444687.897645885,3977761.49838332,31-Jan-2016,8593.84674910392,444588.287457956,3977719.50528316,-105.907710761541
usa_NC_0041_0016,01-Jan-1849,8689.00189659971,444667.780121173,3977807.30034915,31-Jan-2016,8584.35967621385,444569.352036456,3977765.84975037,-104.64222038586
usa_NC_0041_0017,01-Jan-1849,8678.22413082457,444647.638447552,3977853.09454897,31-Jan-2016,8568.47844261797,444544.401426462,3977809.66509495,-109.7456882066
usa_NC_0041_0018,01-Jan-1849,8667.40183133904,444627.454431623,3977898.87337627,31-Jan-2016,8559.41153866746,444525.860302134,3977856.18060342,-107.99029267158
usa_NC_0041_0019,01-Jan-1849,8656.54022833672,444607.232985203,3977944.63894176,31-Jan-2016,8548.24756993861,444505.34597987,3977901.86876355,-108.29265839811
usa_NC_0041_0020,01-Jan-1851,8710.72854798307,444648.218273321,3978016.07294823,31-Jan-2016,8534.8986521454,444482.775281406,3977946.69732984,-175.829895837669
usa_NC_0041_0021,01-Jan-1851,8704.54337309311,444632.4015024,3978063.66112614,31-Jan-2016,8524.97525520201,444463.427163199,3977992.88038942,-179.5681178911
usa_NC_0041_0022,01-Jan-1851,8697.72779723236,444615.99174151,3978110.99971693,31-Jan-2016,8516.18536032764,444445.14545264,3978039.51135718,-181.542436904721
usa_NC_0041_0023,01-Jan-1851,8682.21541665512,444591.397068925,3978154.91618838,31-Jan-2016,8505.56066893087,444425.136771241,3978085.42119997,-176.654747724251
usa_NC_0041_0024,01-Jan-1851,8676.25858069962,444575.746541495,3978202.83770574,31-Jan-2016,8491.98888933974,444402.35129901,3978130.18724199,-184.269691359879
usa_NC_0041_0025,01-Jan-1851,8655.40806866257,444546.174095647,3978244.42268393,31-Jan-2016,8483.82474582898,444384.660164416,3978177.05614908,-171.583322833589
usa_NC_0041_0026,01-Jan-1851,8652.03094389597,444533.000246028,3978293.11504164,31-Jan-2016,8473.37455759119,444364.81446361,3978223.04091951,-178.65638630478
usa_NC_0041_0027,01-Jan-1851,8653.18009436039,444524.088456336,3978343.57743693,31-Jan-2016,8462.74259235473,444344.797237709,3978268.95640154,-190.43750200566
usa_NC_0041_0028,01-Jan-1851,8630.57703271265,444492.809102197,3978384.76062103,31-Jan-2016,8446.59767513077,444319.58375441,3978312.74160351,-183.97935758188
usa_NC_0041_0029,01-Jan-1851,8615.15664136826,444468.290715386,3978428.76477938,31-Jan-2016,8434.20372309893,444297.900858666,3978358.00075796,-180.95291826933
usa_NC_0041_0030,01-Jan-1851,8604.8528290277,444448.58988819,3978474.77154947,31-Jan-2016,8431.92917099668,444285.747170144,3978407.21461659,-172.923658031021
usa_NC_0041_0031,01-Jan-1851,8595.54229255254,444429.824566998,3978521.16569093,31-Jan-2016,8431.63005937868,444275.455218842,3978457.19292837,-163.91223317386
usa_NC_0041_0032,01-Jan-1851,8583.56130426914,444408.544269345,3978566.51757544,31-Jan-2016,8417.47851379544,444252.117847774,3978501.76215378,-166.0827904737
usa_NC_0041_0033,01-Jan-1851,8573.85173725738,444389.403299421,3978612.75522767,31-Jan-2016,8405.30377216964,444230.641964295,3978547.10403979,-168.547965087741
usa_NC_0041_0034,01-Jan-1851,8564.65802585169,444370.748419134,3978659.19287592,31-Jan-2016,8395.70494193587,444211.592386376,3978593.4494562,-168.95308391582
usa_NC_0041_0035,01-Jan-1851,8552.31988749051,444349.170391886,3978704.21206361,31-Jan-2016,8381.92988013195,444188.696617123,3978637.73005391,-170.390007358561
usa_NC_0041_0036,01-Jan-1851,8542.39523587583,444329.868019507,3978750.15979098,31-Jan-2016,8360.6667793257,444158.757188161,3978679.04598504,-181.72845655013
usa_NC_0041_0037,01-Jan-1851,8530.78995109846,444308.98327268,3978795.44952217,31-Jan-2016,8352.4359453587,444141.090509104,3978725.45216552,-178.35400573976
usa_NC_0041_0038,01-Jan-1851,8522.99391065701,444291.683919963,3978842.23634981,31-Jan-2016,8338.79840296103,444118.334408617,3978769.73561247,-184.195507695978
usa_NC_0041_0039,01-Jan-1851,8513.24932297245,444272.549902656,3978888.26048726,31-Jan-2016,8322.82317767893,444093.380199635,3978813.08929916,-190.426145293519
usa_NC_0041_0040,01-Jan-1851,8502.71936238764,444252.676713561,3978933.97571647,31-Jan-2016,8309.29913542311,444070.734181348,3978857.40107986,-193.420226964528
usa_NC_0041_0041,01-Jan-1851,8496.5183329585,444236.874543289,3978981.40991668,31-Jan-2016,8302.9465422445,444054.833766629,3978904.55345545,-193.571790714001
usa_NC_0041_0042,01-Jan-1851,8490.3431363806,444221.09463434,3979028.86454592,31-Jan-2016,8285.74889964517,444028.734881513,3978947.39715678,-204.594236735429
usa_NC_0041_0043,01-Jan-1851,8484.5371230124,444205.659705195,3979076.47682305,31-Jan-2016,8279.79450837244,444013.207370099,3978994.71553199,-204.742614639959
usa_NC_0041_0044,01-Jan-1851,8481.43113383884,444193.089284517,3979123.53308537,31-Jan-2016,8269.30835073304,443993.46790125,3979039.98511506,-212.1227831058
usa_NC_0041_0045,01-Jan-1851,8466.94347989418,444169.163407417,3979169.33215028,31-Jan-2016,8253.48830239763,443968.619408372,3979083.60167468,-213.455177496549
usa_NC_0041_0046,01-Jan-1851,8453.57025113523,444147.299548785,3979210.49935954,31-Jan-2016,8249.30512844821,443954.888573275,3979130.96787833,-204.26512268702
usa_NC_0041_0047,01-Jan-1851,8437.34774125955,444122.151720389,3979253.56002061,31-Jan-2016,8237.29819178803,443933.708413903,3979175.68621089,-200.04954947152
usa_NC_0041_0048,01-Jan-1851,8423.94046167551,444098.854678965,3979301.72564031,31-Jan-2016,8233.58332058186,443920.200937358,3979224.32453818,-190.357141093649
usa_NC_0041_0049,01-Jan-1851,8413.80061627895,444079.371376021,3979347.48061162,31-Jan-2016,8225.28959678629,443902.532174161,3979270.42020229,-188.51101949266
usa_NC_0041_0050,01-Jan-1851,8400.88687824776,444058.178699017,3979387.63390006,31-Jan-2016,8217.70005834911,443885.807160207,3979315.38666753,-183.18681989865
usa_NC_0041_0051,01-Jan-1851,8393.72610769533,444041.16524134,3979436.23198021,31-Jan-2016,8203.17326591766,443862.138956551,3979359.69650246,-190.55284177767
usa_NC_0041_0052,01-Jan-1851,8382.1626233073,444019.777671257,3979484.25134717,31-Jan-2016,8189.71920773114,443839.5008979,3979404.32560046,-192.44341557616
usa_NC_0041_0053,01-Jan-1851,8382.09493360368,444009.700545135,3979534.33561085,31-Jan-2016,8181.30871524399,443821.654071825,3979450.71645111,-200.786218359689
usa_NC_0041_0054,01-Jan-1851,8380.36638386444,443998.061208303,3979583.76187983,31-Jan-2016,8166.55471428234,443797.859669622,3979494.49831554,-213.811669582101
usa_NC_0041_0055,01-Jan-1851,8367.80019432312,443976.272666362,3979628.67074622,31-Jan-2016,8157.64506359871,443779.538109948,3979540.71755234,-210.155130724409
usa_NC_0041_0056,01-Jan-1851,8350.54411262091,443950.095491906,3979671.60800391,31-Jan-2016,8147.84650642189,443760.383907835,3979586.56727914,-202.69760619902
usa_NC_0041_0057,01-Jan-1851,8334.72222830048,443925.263065435,3979715.13479162,31-Jan-2016,8133.0455992523,443736.548545324,3979630.31474741,-201.676629048179
usa_NC_0041_0058,01-Jan-1851,8321.55150887305,443902.913003668,3979759.76861063,31-Jan-2016,8122.06505316882,443716.288959064,3979675.6641757,-199.48645570423
usa_NC_0041_0059,01-Jan-1851,8312.33208846476,443884.259705743,3979806.06713919,31-Jan-2016,8112.20952975717,443697.081789596,3979721.48825467,-200.122558707591
usa_NC_0041_0060,01-Jan-1851,8303.49656383827,443865.964811728,3979852.5312192,31-Jan-2016,8104.39435553645,443679.782273032,3979768.17825668,-199.102208301819
usa_NC_0041_0061,01-Jan-1851,8290.0837203038,443843.3898277,3979897.05499929,31-Jan-2016,8092.00161266225,443658.202034431,3979812.92984713,-198.08210764155
usa_NC_0041_0062,01-Jan-1851,8273.9066111449,443818.232242139,3979940.39618271,31-Jan-2016,8082.88083957525,443639.680848712,3979859.07066454,-191.025771569649
usa_NC_0041_0063,01-Jan-1851,8262.63082428791,443797.657189724,3979985.81761682,31-Jan-2016,8075.83544015636,443623.098476752,3979906.10020514,-186.795384131549
usa_NC_0041_0064,01-Jan-1851,8250.48635755747,443776.270813781,3980030.86607581,31-Jan-2016,8061.10739204175,443599.336867552,3979949.85040651,-189.378965515719
usa_NC_0041_0065,01-Jan-1851,8238.14073880438,443754.6971768,3980075.82511821,31-Jan-2016,8046.66609122781,443575.844819485,3979993.71498313,-191.474647576571
usa_NC_0041_0066,01-Jan-1851,8225.99977832703,443733.315373023,3980120.86858985,31-Jan-2016,8031.55520994551,443551.729057198,3980037.28378319,-194.44456838152
usa_NC_0041_0067,01-Jan-1851,8213.02806953094,443711.15856349,3980165.55091509,31-Jan-2016,8025.33999082767,443535.920754804,3980084.67625647,-187.68807870327
usa_NC_0041_0068,01-Jan-1851,8200.12118112992,443688.913366261,3980211.00636385,31-Jan-2016,8012.32074951467,443513.724525722,3980129.31327877,-187.80043161525
usa_NC_0041_0069,01-Jan-1851,8186.7660108599,443666.550476797,3980254.76306793,31-Jan-2016,7999.75128046633,443492.018740229,3980173.79126463,-187.01473039357
usa_NC_0041_0070,01-Jan-1851,8173.31096984622,443643.945678223,3980299.2207044,31-Jan-2016,7993.04670054737,443475.75114582,3980220.98484773,-180.26426929885
usa_NC_0041_0071,01-Jan-1851,8165.20754049116,443626.334236832,3980346.00063998,31-Jan-2016,7982.36388599109,443455.770903178,3980266.45575194,-182.84365450007
usa_NC_0041_0072,01-Jan-1851,8164.23994095282,443615.376716859,3980395.89820612,31-Jan-2016,7976.29297448341,443440.091780021,3980313.93821028,-187.94696646941
usa_NC_0041_0073,01-Jan-1851,8154.89679692966,443596.604770797,3980442.15909454,31-Jan-2016,7961.94632960647,443416.693432714,3980357.81693172,-192.95046732319
usa_NC_0041_0074,01-Jan-1851,8144.09191865622,443576.468635527,3980487.78721494,31-Jan-2016,7956.52845453505,443401.61917534,3980405.60506194,-187.56346412117
usa_NC_0041_0075,01-Jan-1851,8125.18890472053,443548.784049368,3980529.86332109,31-Jan-2016,7944.17469811052,443380.077477934,3980450.36273773,-181.014206610011
usa_NC_0041_0076,01-Jan-1851,8104.79059074629,443519.70857687,3980571.26896507,31-Jan-2016,7935.27135857201,443361.750609383,3980496.64074985,-169.51923217428
usa_NC_0041_0077,01-Jan-1851,8085.19060382606,443491.379872242,3980613.01161269,31-Jan-2016,7926.09370950304,443343.166492702,3980542.80624163,-159.09689432302
usa_NC_0041_0078,01-Jan-1851,8067.19647566625,443464.54956598,3980655.45090735,31-Jan-2016,7913.95855312687,443321.826214809,3980587.67152236,-153.23792253938
usa_NC_0041_0079,01-Jan-1851,8050.25161831581,443438.698376961,3980698.34508592,31-Jan-2016,7906.74836253087,443305.071583283,3980634.722134,-143.503255784941
usa_NC_0041_0080,01-Jan-1851,8035.90032703282,443415.233519033,3980742.53293932,31-Jan-2016,7895.59876343307,443284.589681288,3980680.32138365,-140.30156359975
usa_NC_0041_0081,01-Jan-1851,8022.85928208971,443392.986393581,3980787.31339543,31-Jan-2016,7882.55706599387,443262.34140931,3980725.10424751,-140.30221609584
usa_NC_0041_0082,01-Jan-1851,8020.37248470918,443380.567093741,3980836.77331926,31-Jan-2016,7870.37349579955,443240.892205651,3980770.26756284,-149.99898890963
usa_NC_0041_0083,01-Jan-1851,8008.08854650594,443359.025015018,3980881.88920721,31-Jan-2016,7860.31897887891,443221.425534931,3980816.37475781,-147.76956762703
usa_NC_0041_0084,01-Jan-1851,7993.61901447828,443335.447757861,3980926.03612937,31-Jan-2016,7852.63610827489,443204.167313395,3980863.53329022,-140.98290620339
usa_NC_0041_0085,01-Jan-1851,7977.10950484963,443309.970897677,3980969.27874023,31-Jan-2016,7842.9133225876,443185.009598658,3980909.78728078,-134.19618226203
usa_NC_0041_0086,01-Jan-1851,7968.42301967403,443291.778713859,3981015.9894143,31-Jan-2016,7838.29866031222,443170.608530449,3980958.30556342,-130.12435936181
usa_NC_0041_0087,01-Jan-1851,7962.4667252229,443276.128893846,3981063.91015494,31-Jan-2016,7824.00290611243,443147.192579767,3981002.53208954,-138.46381911047
usa_NC_0041_0088,01-Jan-1851,7952.84610847232,443257.066929225,3981110.20637572,31-Jan-2016,7805.94578655977,443120.27405301,3981045.09140803,-146.900321912551
usa_NC_0041_0089,01-Jan-1851,7936.8940733417,443232.109180779,3981153.69612171,31-Jan-2016,7789.41128450761,443094.773349321,3981088.32579665,-147.482788834091
usa_NC_0041_0090,01-Jan-1851,7920.09813863395,443206.36556879,3981196.81194279,31-Jan-2016,7773.87520711609,443070.202353794,3981132.00284711,-146.22293151786
usa_NC_0041_0091,01-Jan-1851,7899.37342147463,443176.96341448,3981238.18668854,28-Feb-2012,7800.37188970942,443084.772521016,3981194.30902723,-99.0015317652096
usa_NC_0041_0092,01-Jan-1851,7879.5348247979,443148.38637559,3981279.95439444,31-Jan-2016,7755.90354403076,443033.25962056,3981225.16315175,-123.63128076714
usa_NC_0041_0093,01-Jan-1851,7868.41624331071,443127.929483652,3981325.58677685,31-Jan-2016,7749.24483146192,443016.955347918,3981272.77436166,-119.171411848791
usa_NC_0041_0094,01-Jan-1851,7857.99664642824,443108.123514116,3981371.52883427,31-Jan-2016,7732.81275176528,442991.549987579,3981316.0543094,-125.18389466296
usa_NC_0041_0095,01-Jan-1851,7843.7034466482,443084.710380128,3981415.7543006,31-Jan-2016,7717.64627060088,442967.323156951,3981359.8951936,-126.05717604732
usa_NC_0041_0096,01-Jan-1851,7828.52061354239,443060.468787965,3981459.58560804,31-Jan-2016,7707.89303194359,442948.137259213,3981406.13481153,-120.627581598799
usa_NC_0041_0097,01-Jan-1851,7827.2617624136,443049.179342541,3981509.6579065,31-Jan-2016,7698.47223974288,442929.23340499,3981452.65955508,-128.78952267072
usa_NC_0041_0098,01-Jan-1851,7810.65962606312,443023.586273182,3981553.00936878,31-Jan-2016,7690.66468420289,442911.805613998,3981500.03037075,-119.99494186023
usa_NC_0041_0099,01-Jan-1851,7794.71212220672,442998.601671505,3981596.65662287,31-Jan-2016,7675.75401929306,442887.761697845,3981544.2613918,-118.95810291366
usa_NC_0041_0100,01-Jan-1851,7791.10693951263,442985.118525054,3981645.73296758,31-Jan-2016,7666.00434344001,442868.526916595,3981590.76382318,-125.102596072619
usa_NC_0041_0101,01-Jan-1851,7783.87374422666,442968.257439618,3981693.19891435,31-Jan-2016,7655.63313000717,442848.714185164,3981636.98663532,-128.24061421949
usa_NC_0041_0102,01-Jan-1851,7767.65562250578,442943.021374866,3981736.72353723,31-Jan-2016,7641.81042130091,442825.684482294,3981681.69433006,-125.84520120487
usa_NC_0041_0103,01-Jan-1851,7764.32059026275,442929.798792459,3981785.87458315,31-Jan-2016,7631.35369834578,442805.793618005,3981727.87176677,-132.96689191697
usa_NC_0041_0104,01-Jan-1851,7749.25406836688,442905.637049495,3981829.89986733,31-Jan-2016,7620.62592654037,442785.651046108,3981773.92559653,-128.628141826511
usa_NC_0041_0105,01-Jan-1851,7738.18750175799,442885.206084818,3981875.667948,31-Jan-2016,7610.49928029302,442766.06990874,3981820.2375272,-127.68822146497
usa_NC_0041_0106,01-Jan-1851,7736.88109033775,442873.883461302,3981925.6635672,31-Jan-2016,7605.07904507802,442750.881191722,3981868.58641172,-131.80204525973
usa_NC_0041_0107,01-Jan-1851,7727.22843962387,442854.774012986,3981972.03393494,31-Jan-2016,7590.33847109145,442726.994660751,3981912.89784493,-136.88996853242
usa_NC_0041_0108,01-Jan-1851,7718.02886229093,442836.087990812,3982018.5974932,31-Jan-2016,7576.34037836697,442703.799633485,3981957.537846,-141.68848392396
usa_NC_0041_0109,01-Jan-1851,7709.33983229656,442817.879359615,3982065.37748911,31-Jan-2016,7568.88141903688,442686.709886246,3982004.99595836,-140.45841325968
usa_NC_0041_0110,01-Jan-1851,7693.65468062173,442793.136625131,3982109.15321346,31-Jan-2016,7561.04308514385,442669.267124816,3982052.28462026,-132.611595477881
usa_NC_0041_0111,01-Jan-1851,7679.16353184432,442769.507309538,3982153.45033855,31-Jan-2016,7549.14755513622,442648.034962887,3982097.83173555,-130.0159767081
usa_NC_0041_0112,01-Jan-1851,7668.24945685404,442749.219142057,3982199.28202043,31-Jan-2016,7539.46773176567,442628.872863524,3982144.32691836,-128.78172508837
usa_NC_0041_0113,01-Jan-1851,7663.18793923662,442734.401291908,3982247.60559505,31-Jan-2016,7533.88865248313,442613.544177907,3982192.5656278,-129.29928675349
usa_NC_0041_0114,01-Jan-1851,7650.49766179423,442712.453519085,3982292.67805345,31-Jan-2016,7520.68071645045,442591.085275614,3982237.55419767,-129.81694534378
usa_NC_0041_0115,01-Jan-1851,7633.63753027196,442686.607302199,3982335.97973164,31-Jan-2016,7507.98054122757,442569.103698133,3982282.74531578,-125.65698904439
usa_NC_0041_0116,01-Jan-1851,7615.86616858753,442659.91567974,3982378.86184675,31-Jan-2016,7491.26330041623,442543.382327485,3982326.1514321,-124.602868171301
usa_NC_0041_0117,01-Jan-1851,7603.46419424988,442638.244604042,3982424.02090898,31-Jan-2016,7474.45939424019,442517.57838405,3982369.52849342,-129.00480000969
usa_NC_0041_0118,01-Jan-1851,7584.76473690293,442610.681883512,3982466.52596601,31-Jan-2016,7463.148188093,442496.911267721,3982415.22989421,-121.61654880993
usa_NC_0041_0119,01-Jan-1851,7572.45870307428,442589.098905778,3982511.73376711,31-Jan-2016,7465.73711633955,442489.249081836,3982466.78643505,-106.721586734729
usa_NC_0041_0120,01-Jan-1851,7563.48095359364,442570.629906003,3982558.34332011,31-Jan-2016,7443.97528315007,442458.804340323,3982508.08595388,-119.50567044357
usa_NC_0041_0121,01-Jan-1851,7554.30793083826,442551.978568414,3982604.86881995,31-Jan-2016,7427.27913871624,442433.097613335,3982551.52644918,-127.028792122021
usa_NC_0041_0122,01-Jan-1851,7543.65330899162,442531.94084013,3982650.7712799,31-Jan-2016,7418.55715314763,442414.853054376,3982598.31805857,-125.09615584399
usa_NC_0041_0123,01-Jan-1851,7532.38596771476,442511.329535864,3982696.41723222,31-Jan-2016,7402.00682979803,442389.280817629,3982641.8296844,-130.379137916731
usa_NC_0041_0124,01-Jan-1851,7516.86291403052,442486.73374692,3982740.2848222,31-Jan-2016,7388.41658793942,442366.478437727,3982686.58612007,-128.4463260911
usa_NC_0041_0125,01-Jan-1851,7494.85755833712,442456.067017698,3982781.45248006,31-Jan-2016,7371.36844552174,442340.437509498,3982729.902729,-123.48911281538
usa_NC_0041_0126,01-Jan-1851,7488.46700456579,442440.020387737,3982829.14284674,31-Jan-2016,7362.32713619964,442321.893220496,3982776.56469197,-126.13986836615
usa_NC_0041_0127,01-Jan-1851,7474.62459820542,442416.995388394,3982873.72648008,31-Jan-2016,7351.00447260972,442301.212606611,3982822.2751687,-123.620125595699
usa_NC_0041_0128,01-Jan-1851,7457.33988651632,442390.745103033,3982916.88350441,31-Jan-2016,7342.09517319953,442282.792487854,3982868.98942465,-115.24471331679
usa_NC_0041_0129,01-Jan-1851,7437.0268544829,442361.656092851,3982958.79211606,31-Jan-2016,7322.54740904879,442254.406163969,3982911.28692945,-114.47944543411
usa_NC_0041_0130,01-Jan-1851,7420.400271368,442336.053187895,3983002.06803997,31-Jan-2016,7319.10394291386,442241.160963809,3982959.99779148,-101.29632845414
usa_NC_0041_0131,01-Jan-1851,7410.35784383502,442316.621240621,3983048.06316171,31-Jan-2016,7307.50966762501,442220.284063802,3983005.30443906,-102.84817621001
usa_NC_0041_0132,01-Jan-1851,7401.42594443277,442298.229328509,3983094.52092633,31-Jan-2016,7294.48941067581,442198.07174891,3983050.01677766,-106.93653375696
usa_NC_0041_0133,01-Jan-1851,7388.09406903629,442275.716456745,3983139.14707881,31-Jan-2016,7282.5333631137,442176.856507905,3983095.17037458,-105.56070592259
usa_NC_0041_0134,01-Jan-1851,7374.40263414815,442252.8673494,3983183.62093684,31-Jan-2016,7266.41300464317,442151.741887026,3983138.58616295,-107.98962950498
usa_NC_0041_0135,01-Jan-1851,7364.29556603963,442233.374999829,3983229.58845346,31-Jan-2016,7253.58486432847,442129.710890516,3983183.37154703,-110.71070171116
usa_NC_0041_0136,01-Jan-1851,7354.22930946732,442213.92077837,3983275.57343662,31-Jan-2016,7244.11419711346,442110.823763774,3983229.55805244,-110.115112353859
usa_NC_0041_0137,01-Jan-1851,7339.51547735134,442190.115502489,3983319.61471101,31-Jan-2016,7233.50673595062,442090.872210174,3983275.26993758,-106.00874140072
usa_NC_0041_0138,01-Jan-1851,7322.34849612816,442164.014548724,3983362.62523909,31-Jan-2016,7226.19875197847,442074.009278427,3983322.36345425,-96.1497441496904
usa_NC_0041_0139,01-Jan-1851,7314.51233110421,442146.648440074,3983409.54137025,31-Jan-2016,7213.9839001809,442052.552900218,3983367.40303403,-100.52843092331
usa_NC_0041_0140,01-Jan-1851,7300.66222000197,442123.653270115,3983453.93640653,31-Jan-2016,7204.14065478179,442033.316452538,3983413.4362906,-96.5215652201805
usa_NC_0041_0141,01-Jan-1851,7285.88551041153,442099.791397879,3983497.94002708,31-Jan-2016,7191.5178104266,442011.478508462,3983458.30325675,-94.3676999849304
usa_NC_0041_0142,01-Jan-1851,7274.76935637791,442079.355446274,3983543.48000428,31-Jan-2016,7180.02070236431,441990.694154679,3983503.64264276,-94.7486540136006
usa_NC_0041_0143,01-Jan-1851,7259.23856368908,442054.788780925,3983587.16235438,31-Jan-2016,7167.81286001287,441969.244775365,3983548.68296882,-91.4257036762101
usa_NC_0041_0144,01-Jan-1851,7243.99785460383,442030.494181362,3983630.96357169,31-Jan-2016,7156.77162050307,441948.88694863,3983594.21429189,-87.2262341007599
usa_NC_0041_0145,01-Jan-1851,7239.02303241311,442015.803898933,3983679.09118326,31-Jan-2016,7148.00456929761,441930.656522136,3983640.70519331,-91.0184631154998
usa_NC_0041_0146,01-Jan-1851,7226.3445599686,441993.906409448,3983723.97224959,31-Jan-2016,7136.30921223492,441909.686444993,3983685.96228265,-90.0353477336803
usa_NC_0041_0147,01-Jan-1851,7213.11061592872,441971.489560039,3983768.61764424,31-Jan-2016,7125.03252717711,441889.107980778,3983731.39620689,-88.0780887516103
usa_NC_0041_0148,01-Jan-1851,7203.49554164472,441952.457501045,3983814.792491,31-Jan-2016,7116.4975544237,441871.093622099,3983777.99019212,-86.9979872210197
usa_NC_0041_0149,01-Jan-1851,7192.15028121665,441931.807108342,3983860.23641101,31-Jan-2016,7101.26415197964,441846.814678102,3983821.75035117,-90.8861292370102
usa_NC_0041_0150,01-Jan-1851,7177.82203043576,441908.366504891,3983904.42046873,31-Jan-2016,7093.66507863144,441829.673728189,3983868.7496558,-84.1569518043198
usa_NC_0042_0001,01-Jan-1851,7162.97044863204,441884.436558641,3983948.3826611,31-Jan-2016,7083.10636858285,441809.764229643,3983914.4998737,-79.8640800491894
usa_NC_0042_0002,01-Jan-1851,7147.70941013515,441860.124317506,3983992.16841617,31-Jan-2016,7067.94982933689,441785.555992579,3983958.29844544,-79.7595807982607
usa_NC_0042_0003,01-Jan-1851,7132.61697278851,441835.970267818,3984036.02294579,31-Jan-2016,7058.80455516585,441766.967855107,3984004.64927785,-73.8124176226602
usa_NC_0042_0004,01-Jan-1851,7117.46934795764,441811.765181871,3984079.85124117,31-Jan-2016,7047.55829275116,441746.415420335,3984050.10819715,-69.9110552064803
usa_NC_0042_0005,01-Jan-1851,7103.05409749011,441788.245188707,3984123.98860844,31-Jan-2016,7039.67244950348,441729.003834841,3984096.99838814,-63.38164798663
usa_NC_0042_0006,01-Jan-1851,7088.8446250591,441764.917962047,3984168.21144888,31-Jan-2016,7028.9733219998,441708.96237656,3984142.6923883,-59.8713030592999
usa_NC_0042_0007,01-Jan-1851,7075.25494241631,441742.170351139,3984212.69665388,31-Jan-2016,7017.14118948048,441687.861959619,3984187.90373936,-58.1137529358302
usa_NC_0042_0008,01-Jan-1851,7062.28244303186,441719.999777649,3984257.44382448,31-Jan-2016,7004.95259235962,441666.428488612,3984232.96266865,-57.3298506722394
usa_NC_0042_0009,01-Jan-1851,7049.17292636822,441697.701403149,3984302.13131768,31-Jan-2016,6999.34230292038,441651.141630274,3984280.83278369,-49.8306234478405
usa_NC_0042_0010,01-Jan-1851,7036.10417142152,441675.441338933,3984346.8351115,31-Jan-2016,6987.83511306304,441630.344447372,3984326.18492091,-48.2690583584799
usa_NC_0042_0011,01-Jan-1851,7022.23936932886,441652.437838452,3984391.19686417,31-Jan-2016,6967.4550490343,441601.258188981,3984367.73767664,-54.7843202945605
usa_NC_0042_0012,01-Jan-1851,7007.93209222023,441629.021373446,3984435.36715921,31-Jan-2016,6954.2230239369,441578.85047495,3984412.34714739,-53.7090682833295
usa_NC_0042_0013,01-Jan-1851,6993.89743952283,441605.859980168,3984479.65226643,31-Jan-2016,6948.75478285472,441563.694738204,3984460.28599755,-45.1426566681093
usa_NC_0042_0014,01-Jan-1851,6981.05236527274,441583.810002138,3984524.44622204,31-Jan-2016,6933.0926533264,441539.017301221,3984503.85243791,-47.9597119463397
usa_NC_0042_0015,01-Jan-1851,6968.53796468723,441562.065674874,3984569.39811666,31-Jan-2016,6916.59358511443,441513.554795398,3984547.07649996,-51.9443795727993
usa_NC_0042_0016,01-Jan-1851,6957.45352874923,441541.640221218,3984615.04742542,31-Jan-2016,6904.63326782809,441492.310995855,3984592.35122475,-52.8202609211403
usa_NC_0042_0017,01-Jan-1851,6947.41478295982,441522.191361836,3984661.14597075,31-Jan-2016,6892.74587076076,441471.135295293,3984637.65729116,-54.6689121990594
usa_NC_0042_0018,01-Jan-1851,6936.93035360621,441502.326286562,3984707.05295529,31-Jan-2016,6885.95751610971,441454.7216888,3984685.154045,-50.9728374964998
usa_NC_0042_0019,01-Jan-1851,6923.7364755222,441479.930802879,3984751.79589679,31-Jan-2016,6874.12511891722,441433.597382651,3984730.48359588,-49.6113566049798
usa_NC_0042_0020,01-Jan-1851,6910.19919163551,441457.214576645,3984796.39144816,31-Jan-2016,6867.88329147813,441417.694297332,3984778.21460787,-42.3159001573804
usa_NC_0042_0021,01-Jan-1851,6896.5348263797,441434.379634595,3984840.93256244,31-Jan-2016,6855.67777423536,441396.221544768,3984823.38376816,-40.8570521443398
usa_NC_0042_0022,01-Jan-1851,6882.12679678522,441410.850126526,3984885.1543962,31-Jan-2016,6837.76736427447,441369.42071693,3984866.10278156,-44.3594325107497
usa_NC_0042_0023,01-Jan-1851,6867.56334448112,441387.175419726,3984929.30968866,31-Jan-2016,6825.63557051468,441348.016768001,3984911.30385641,-41.9277739664403
usa_NC_0042_0024,01-Jan-1851,6853.31478788125,441363.794773233,3984973.60040333,31-Jan-2016,6820.72565921438,441333.357773133,3984959.60615363,-32.5891286668693
usa_NC_0042_0025,01-Jan-1851,6839.3226153994,441340.653547969,3985018.00137191,31-Jan-2016,6810.42993814862,441313.668695705,3985005.59541575,-28.8926772507803
usa_NC_0042_0026,01-Jan-1851,6825.28202437875,441317.467064264,3985062.38173591,31-Jan-2016,6800.66955071552,441294.479619672,3985051.81445664,-24.61247366323
usa_NC_0042_0027,01-Jan-1851,6810.97012287665,441294.027151395,3985106.64577311,31-Jan-2016,6788.10855553671,441272.674854693,3985096.83101761,-22.8615673399399
usa_NC_0042_0028,01-Jan-1851,6797.17544661697,441271.070283407,3985151.1320331,31-Jan-2016,6777.23222132428,441252.44353054,3985142.57083707,-19.9432252926899
usa_NC_0042_0029,01-Jan-1851,6783.79950862333,441248.504479529,3985195.79821265,31-Jan-2016,6763.17513336011,441229.241399295,3985186.94531821,-20.6243752632208
usa_NC_0042_0030,01-Jan-1851,6771.71142751036,441227.141516062,3985241.01726004,31-Jan-2016,6757.99416499052,441214.329556878,3985235.12967124,-13.71726251984
usa_NC_0042_0031,01-Jan-1851,6758.77680835875,441204.987868315,3985285.87304241,31-Jan-2016,6740.00055027628,441187.450666069,3985277.81472141,-18.7762580824701
usa_NC_0042_0032,01-Jan-1851,6749.50291839355,441186.253387249,3985332.2998668,31-Jan-2016,6730.04550445836,441168.079846968,3985323.94987078,-19.4574139351907
usa_NC_0042_0033,01-Jan-1851,6742.80878883776,441169.933350064,3985379.80922458,31-Jan-2016,6720.53037341586,441149.125230264,3985370.24720856,-22.2784154219007
usa_NC_0042_0034,01-Jan-1851,6729.79450938118,441147.749177327,3985424.4112343,31-Jan-2016,6708.10399329108,441127.493794386,3985415.08334805,-21.6905160901006
usa_NC_0042_0035,01-Jan-1851,6715.03317774633,441123.934348291,3985468.25791155,31-Jan-2016,6693.15236512737,441103.504929695,3985458.82982289,-21.8808126189597
usa_NC_0042_0036,01-Jan-1851,6703.93255265925,441103.537892199,3985513.67948745,31-Jan-2016,6681.95876273038,441083.025350973,3985504.19288361,-21.9737899288702
usa_NC_0042_0037,01-Jan-1851,6699.43566488375,441089.304783336,3985561.95827834,31-Jan-2016,6666.67582795113,441058.72896243,3985547.78756291,-32.7598369326206
usa_NC_0042_0038,01-Jan-1851,6691.06029058072,441071.450061722,3985608.56786015,31-Jan-2016,6646.93549772325,441030.274368245,3985589.44399374,-44.1247928574703
usa_NC_0042_0039,01-Jan-1851,6678.3357035406,441049.536495274,3985653.29404461,31-Jan-2016,6634.12240494705,441008.285639542,3985634.09464615,-44.2132985935496
usa_NC_0042_0040,01-Jan-1851,6665.36809120622,441027.396642836,3985697.91241571,31-Jan-2016,6621.55211925036,440986.523856208,3985678.84869852,-43.8159719558598
usa_NC_0042_0041,01-Jan-1851,6652.06665814527,441004.945946914,3985742.38277367,31-Jan-2016,6610.00776001586,440965.719280925,3985724.04814318,-42.0588981294095
usa_NC_0042_0042,01-Jan-1851,6640.4034758212,440984.023518448,3985787.56560884,31-Jan-2016,6591.45780239579,440938.382064377,3985766.18763722,-48.94567342541
usa_NC_0042_0043,01-Jan-1851,6636.70448872854,440970.526356281,3985836.23338066,31-Jan-2016,6586.60342490329,440923.815941681,3985814.30857352,-50.1010638252501
usa_NC_0042_0044,01-Jan-1851,6627.81531702363,440952.188516706,3985882.63859871,31-Jan-2016,6566.46349051474,440894.999077661,3985855.73863474,-61.3518265088896
usa_NC_0042_0045,01-Jan-1851,6613.14887500741,440928.465454323,3985926.51029232,31-Jan-2016,6557.05039015339,440876.182394553,3985901.86639529,-56.0984848540202
usa_NC_0042_0046,01-Jan-1851,6596.60055714212,440902.989896254,3985969.54833651,31-Jan-2016,6549.34370182339,440858.955083566,3985948.74869057,-47.2568553187302
usa_NC_0042_0047,01-Jan-1851,6580.95453784464,440878.356675495,3986012.97571784,31-Jan-2016,6542.72981546951,440842.744615272,3985996.11923046,-38.2247223751301
usa_NC_0042_0048,01-Jan-1851,6567.01412667695,440855.313594984,3986057.14968735,31-Jan-2016,6528.5061610959,440819.44414598,3986040.1357922,-38.5079655810496
usa_NC_0042_0049,01-Jan-1851,6553.26185383785,440832.446559223,3986101.40279104,31-Jan-2016,6520.774336099,440802.19052579,3986087.0214684,-32.4875177388503
usa_NC_0042_0050,01-Jan-1851,6541.96992856212,440811.872352321,3986146.73763456,31-Jan-2016,6511.0405334129,440783.072775401,3986133.01923927,-30.92939514922
usa_NC_0042_0051,01-Jan-1851,6522.63299837742,440783.809088974,3986188.49437445,31-Jan-2016,6501.20999122356,440763.865048557,3986178.97359444,-21.4230071538605
usa_NC_0042_0052,01-Jan-1851,6516.07967500798,440767.647413967,3986235.92980609,31-Jan-2016,6493.78900739148,440746.899532166,3986226.00380988,-22.2906676165003
usa_NC_0042_0053,01-Jan-1851,6503.27301206658,440745.664571594,3986280.58381453,31-Jan-2016,6486.51015271431,440730.064854551,3986273.10458809,-16.7628593522704
usa_NC_0042_0054,01-Jan-1851,6493.05037453967,440726.086464904,3986326.39070545,31-Jan-2016,6472.22240725121,440706.70737461,3986317.07937583,-20.8279672884601
usa_NC_0042_0055,01-Jan-1851,6478.9664710788,440702.915932155,3986370.47020817,31-Jan-2016,6456.88391291681,440682.373412156,3986360.57855148,-22.0825581619902
usa_NC_0042_0056,01-Jan-1851,6461.08560554474,440676.214823964,3986412.84096151,31-Jan-2016,6441.23498157447,440657.752079007,3986403.93158169,-19.8506239702701
usa_NC_0042_0057,01-Jan-1851,6450.01816963962,440655.851830304,3986458.26445352,31-Jan-2016,6431.04316843542,440638.206831094,3986449.73134137,-18.9750012042005
usa_NC_0042_0058,01-Jan-1851,6441.26996961265,440637.644953372,3986504.7337075,31-Jan-2016,6411.16825462482,440609.658443503,3986491.17032794,-30.1017149878298
usa_NC_0042_0059,01-Jan-1851,6432.99047659103,440619.872365089,3986551.42157517,31-Jan-2016,6402.79859197325,440591.807345852,3986537.79092239,-30.1918846177796
usa_NC_0042_0060,01-Jan-1851,6424.84038412474,440602.21819028,3986598.17722851,31-Jan-2016,6383.72266509233,440564.004259928,3986579.57761757,-41.1177190324097
usa_NC_0042_0061,01-Jan-1851,6411.4804344553,440579.721108047,3986642.5810926,31-Jan-2016,6372.59649488894,440543.590067485,3986624.95758818,-38.8839395663608
usa_NC_0042_0062,01-Jan-1851,6397.60350617526,440556.743679374,3986686.75048853,31-Jan-2016,6365.01399090829,440526.467185809,3986671.95103119,-32.58951526697
usa_NC_0042_0063,01-Jan-1851,6384.02244132764,440534.041191561,3986731.05385997,31-Jan-2016,6349.98991993339,440502.430120254,3986715.56902317,-34.0325213942497
usa_NC_0042_0064,01-Jan-1851,6371.4059686493,440512.234510942,3986775.79688872,31-Jan-2016,6337.38103697854,440480.636502374,3986760.28541379,-34.0249316707605
usa_NC_0042_0065,01-Jan-1851,6361.19162138186,440492.657875579,3986821.63872432,31-Jan-2016,6323.6952599996,440457.842676384,3986804.51149731,-37.4963613822601
usa_NC_0042_0066,01-Jan-1851,6352.55670195462,440474.546279446,3986868.20926341,31-Jan-2016,6305.21368155941,440430.596876249,3986846.5424695,-47.3430203952094
usa_NC_0042_0067,01-Jan-1851,6337.09833046775,440450.09982114,3986911.65964027,31-Jan-2016,6286.96467358326,440403.568690094,3986888.6712988,-50.1336568844899
usa_NC_0042_0068,01-Jan-1851,6323.81116124437,440427.668849943,3986956.1040811,31-Jan-2016,6275.23403377205,440382.590998348,3986933.78643571,-48.5771274723202
usa_NC_0042_0069,01-Jan-1851,6310.45048451476,440405.169592773,3987000.51511898,31-Jan-2016,6257.34638818681,440355.900280021,3986976.0705936,-53.1040963279502
usa_NC_0042_0070,01-Jan-1851,6303.26406414692,440388.397580692,3987047.77401622,31-Jan-2016,6244.95938274873,440334.313562009,3987020.88388935,-58.30468139819
usa_NC_0042_0071,01-Jan-1851,6295.27634196986,440370.880168131,3987094.67388581,31-Jan-2016,6231.48396586585,440311.717015877,3987065.19624317,-63.7923761040101
usa_NC_0042_0072,01-Jan-1851,6283.27230942055,440349.636645709,3987139.72413132,31-Jan-2016,6220.94184922474,440291.840376985,3987110.86670036,-62.3304601958107
usa_NC_0042_0073,01-Jan-1851,6270.1108415457,440327.319547176,3987184.24020352,31-Jan-2016,6206.63713164016,440268.474455193,3987154.7971203,-63.4737099055401
usa_NC_0042_0074,01-Jan-1851,6256.3269260618,440304.425371427,3987228.46764368,31-Jan-2016,6191.42121852895,440244.264227295,3987198.30265177,-64.9057075328501
usa_NC_0042_0075,01-Jan-1851,6241.40281041413,440280.474637441,3987272.16370307,31-Jan-2016,6178.63335936381,440222.30473687,3987242.93575981,-62.7694510503197
usa_NC_0042_0076,01-Jan-1851,6222.09611414364,440252.463739642,3987313.81267918,31-Jan-2016,6165.0286956806,440199.588183362,3987287.18908911,-57.0674184630398
usa_NC_0042_0077,01-Jan-1851,6208.5454528011,440229.79701215,3987358.09225107,31-Jan-2016,6143.39937515856,440169.450509344,3987327.62818045,-65.1460776425392
usa_NC_0042_0078,01-Jan-1851,6195.37682932031,440207.544812277,3987402.24702886,31-Jan-2016,6125.84135840093,440143.165388724,3987369.56477338,-69.5354709193798
usa_NC_0042_0079,01-Jan-1851,6184.24758635174,440187.179566813,3987447.36636923,31-Jan-2016,6111.77239057653,440120.112932841,3987413.12959649,-72.4751957752105
usa_NC_0042_0080,01-Jan-1851,6173.33404585263,440167.011636292,3987492.59906811,31-Jan-2016,6098.78897217754,440098.065159022,3987457.20650855,-74.54507367509
usa_NC_0042_0081,01-Jan-1851,6161.05917068428,440145.58286663,3987537.19416663,31-Jan-2016,6086.85044758285,440076.982934261,3987501.78386758,-74.2087231014293
usa_NC_0042_0082,01-Jan-1848,6152.48360949466,440127.570940305,3987583.56884415,31-Jan-2016,6070.4458934045,440051.772985857,3987544.22637217,-82.0377160901608
usa_NC_0042_0083,01-Jan-1848,6139.01601815337,440105.032264915,3987627.6315273,31-Jan-2016,6047.62149551555,440020.631134027,3987583.59189623,-91.39452263782
usa_NC_0042_0084,01-Jan-1848,6125.54744693895,440082.456826408,3987671.87318624,31-Jan-2016,6032.6552365422,439996.700509624,3987626.97224937,-92.8922103967498
usa_NC_0042_0085,01-Jan-1848,6112.01752289129,440059.824762727,3987716.08511628,31-Jan-2016,6013.98399994388,439969.351554378,3987668.55156422,-98.0335229474103
usa_NC_0042_0086,01-Jan-1848,6098.42484537275,440037.134837572,3987760.26635644,31-Jan-2016,5997.07630093514,439943.632756259,3987710.97283973,-101.348544437609
usa_NC_0042_0087,01-Jan-1848,6084.92515374437,440014.530733661,3987804.4926507,31-Jan-2016,5981.41471183492,439919.065300792,3987753.99164945,-103.51044190945
usa_NC_0042_0088,01-Jan-1848,6079.5526553872,439999.41972796,3987852.69625465,31-Jan-2016,5968.99644858491,439897.489463452,3987798.590976,-110.55620680229
usa_NC_0042_0089,01-Jan-1848,6058.08090062646,439969.465552418,3987893.0211577,31-Jan-2016,5957.62654709913,439876.879270405,3987843.707971,-100.45435352733
usa_NC_0042_0090,01-Jan-1848,6036.94605473591,439939.826617996,3987933.48782624,31-Jan-2016,5942.66064054285,439852.954564826,3987887.06050262,-94.2854141930602
usa_NC_0042_0091,01-Jan-1848,6023.40005836364,439917.182181547,3987977.6796522,31-Jan-2016,5926.18891772467,439827.643823892,3987929.66462842,-97.2111406389695
usa_NC_0042_0092,01-Jan-1848,6007.98389060948,439892.815793367,3988020.94470689,31-Jan-2016,5914.0663046005,439806.339443437,3987974.41427703,-93.9175860089799
usa_NC_0042_0093,01-Jan-1848,5989.91133660739,439866.005472523,3988062.8837558,31-Jan-2016,5904.44696807438,439787.338456584,3988020.41187565,-85.4643685330102
usa_NC_0042_0094,01-Jan-1848,5976.85009900798,439843.809160547,3988107.30687293,31-Jan-2016,5886.26284574802,439760.454158569,3988062.15176641,-90.5872532599606
usa_NC_0042_0095,01-Jan-1848,5951.31428267727,439810.137746089,3988145.4940693,31-Jan-2016,5871.94179207571,439737.126225495,3988105.80870852,-79.3724906015605
usa_NC_0042_0096,01-Jan-1848,5931.49838784088,439781.733443863,3988186.51319087,31-Jan-2016,5862.6627215544,439718.435218054,3988151.99153666,-68.8356662864799
usa_NC_0042_0097,01-Jan-1848,5926.43134132777,439766.890904063,3988234.93210607,31-Jan-2016,5853.90426552034,439700.220261354,3988198.44888526,-72.5270758074294
usa_NC_0042_0098,01-Jan-1848,5915.25027672007,439746.424795532,3988280.29174112,31-Jan-2016,5844.09079674869,439681.032961389,3988244.38814761,-71.1594799713803
usa_NC_0042_0099,01-Jan-1848,5904.4628348086,439726.31790699,3988325.8624831,31-Jan-2016,5824.84884134025,439653.180731555,3988285.5734825,-79.6139934683497
usa_NC_0042_0100,01-Jan-1848,5893.39347518413,439705.885821145,3988371.62192089,31-Jan-2016,5803.86759918122,439623.6459242,3988326.30294749,-89.5258760029101
usa_NC_0042_0101,01-Jan-1848,5875.61693819407,439679.292469578,3988413.98584055,31-Jan-2016,5789.4319831022,439600.124293737,3988370.34457643,-86.1849550918696
usa_NC_0042_0102,01-Jan-1848,5844.97500684226,439640.882198753,3988449.82996565,31-Jan-2016,5781.00659461589,439582.123801575,3988417.42841073,-63.9684122263698
usa_NC_0042_0103,01-Jan-1848,5832.76647547487,439619.406623218,3988494.99787113,31-Jan-2016,5767.56173438487,439559.514633573,3988461.95986913,-65.2047410900004
usa_NC_0042_0104,01-Jan-1848,5823.62825591724,439600.750803976,3988541.72341028,31-Jan-2016,5756.61535590118,439539.200078614,3988507.75874912,-67.0129000160596
usa_NC_0042_0105,01-Jan-1848,5805.9191700776,439574.222503937,3988584.1060118,31-Jan-2016,5741.67363111533,439515.215586747,3988551.53388071,-64.2455389622701
usa_NC_0042_0106,01-Jan-1848,5806.52416804438,439564.514424213,3988635.776362,31-Jan-2016,5724.45761079021,439489.142197074,3988594.15620612,-82.0665572541693
usa_NC_0042_0107,01-Jan-1848,5787.10652737557,439536.416517164,3988677.29458143,31-Jan-2016,5714.47954235924,439469.716132676,3988640.4503321,-72.6269850163299
usa_NC_0042_0108,01-Jan-1848,5769.4679775171,439509.952621702,3988719.71484524,31-Jan-2016,5700.75191325318,439446.846166797,3988684.84386376,-68.7160642639201
usa_NC_0042_0109,01-Jan-1848,5769.32058366119,439499.551496416,3988771.01376696,31-Jan-2016,5688.79021630872,439425.597717582,3988730.13481643,-80.5303673524695
usa_NC_0042_0110,01-Jan-1848,5753.32339727151,439474.594409093,3988814.26978365,31-Jan-2016,5675.17919272116,439402.834373089,3988774.58984876,-78.14420455035
usa_NC_0042_0111,01-Jan-1848,5735.7529789627,439448.192610089,3988856.72698988,31-Jan-2016,5658.8511978537,439377.575904427,3988817.66587262,-76.9017811089998
usa_NC_0042_0112,01-Jan-1848,5719.51452545906,439423.013919491,3988899.86073169,31-Jan-2016,5646.90430617885,439356.340309609,3988862.96805294,-72.61021928021
usa_NC_0042_0113,01-Jan-1848,5711.98639044787,439405.833065574,3988947.42175108,31-Jan-2016,5640.04651885531,439339.777249287,3988910.85839326,-71.9398715925599
usa_NC_0042_0114,01-Jan-1848,5699.09804656679,439383.730004572,3988992.26053545,31-Jan-2016,5633.25943469353,439323.278481464,3988958.78780992,-65.8386118732597
usa_NC_0042_0115,01-Jan-1848,5686.33207777057,439361.739050642,3989037.16281192,31-Jan-2016,5612.96972641569,439294.381699949,3988999.85346581,-73.36235135488
usa_NC_0042_0116,01-Jan-1848,5672.87666223455,439339.114843766,3989081.71566349,31-Jan-2016,5593.99196939085,439266.689650795,3989041.58548254,-78.8846928437006
usa_NC_0042_0117,01-Jan-1848,5659.11111860511,439316.205692999,3989126.11180147,31-Jan-2016,5582.04015305967,439245.448126372,3989086.89220478,-77.0709655454402
usa_NC_0042_0118,01-Jan-1848,5643.50309827773,439291.604856798,3989169.57103883,31-Jan-2016,5559.86258929926,439214.818524127,3989126.9952345,-83.6405089784694
usa_NC_0042_0119,01-Jan-1848,5625.09332303083,439264.431867851,3989211.60407046,31-Jan-2016,5542.02824052749,439188.176410609,3989169.30814583,-83.0650825033399
usa_NC_0042_0120,01-Jan-1848,5605.47138185213,439236.146216403,3989253.01922453,31-Jan-2016,5525.8392876523,439163.044811137,3989212.45884302,-79.6320941998301
usa_NC_0042_0121,01-Jan-1848,5588.39680563668,439210.199108303,3989295.73142266,31-Jan-2016,5509.14940653682,439137.45333541,3989255.35454157,-79.2473990998606
usa_NC_0042_0122,01-Jan-1848,5578.82709354683,439191.140921878,3989342.26851811,31-Jan-2016,5490.24937749023,439109.833088316,3989297.1239038,-88.5777160566004
usa_NC_0042_0123,01-Jan-1848,5567.14124463098,439170.139881488,3989387.72908211,31-Jan-2016,5476.56759560026,439087.002769432,3989341.55299957,-90.5736490307199
usa_NC_0042_0124,01-Jan-1848,5544.87689414866,439139.428851421,3989427.79670768,31-Jan-2016,5460.87874204055,439062.329992533,3989384.95973816,-83.9981521081099
usa_NC_0042_0125,01-Jan-1848,5532.08787761965,439117.412411456,3989472.70890612,31-Jan-2016,5446.95085382206,439039.270894764,3989429.27777248,-85.1370237975898
usa_NC_0042_0126,01-Jan-1848,5516.41456556001,439092.748690512,3989516.14963839,31-Jan-2016,5430.13877561997,439013.564682858,3989472.12404433,-86.2757899400394
usa_NC_0042_0127,01-Jan-1848,5499.53304590154,439066.968008768,3989559.01420398,31-Jan-2016,5417.92200397011,438992.064379945,3989517.37364215,-81.61104193143
usa_NC_0042_0128,01-Jan-1848,5482.27465774884,439040.790115198,3989601.94328985,31-Jan-2016,5403.29801048205,438968.282742167,3989561.75509686,-78.9766472667898
usa_NC_0042_0129,01-Jan-1848,5461.38220304305,439011.27306465,3989643.03700289,31-Jan-2016,5394.8587379797,438950.18058855,3989609.27682866,-66.5234650633502
usa_NC_0042_0130,01-Jan-1848,5457.17359365988,438997.078583756,3989692.59365853,31-Jan-2016,5387.66772453628,438933.22818874,3989657.41501364,-69.5058691236
usa_NC_0043_0001,01-Jan-1848,5445.60839552523,438976.129441546,3989738.41022278,31-Jan-2016,5373.49939264999,438909.868026655,3989702.01262813,-72.1090028752396
usa_NC_0043_0002,01-Jan-1848,5435.47128354481,438956.494297835,3989784.9390115,31-Jan-2016,5364.66943934635,438891.414717618,3989749.29790828,-70.8018441984595
usa_NC_0043_0003,01-Jan-1848,5427.14063436972,438938.522223595,3989832.36411583,31-Jan-2016,5352.20601369666,438869.623449564,3989794.74485298,-74.9346206730597
usa_NC_0043_0004,01-Jan-1848,5400.42390014827,438903.643106016,3989870.5685218,31-Jan-2016,5343.89038481021,438851.647859437,3989842.26420529,-56.5335153380602
usa_NC_0043_0005,01-Jan-1848,5376.98845062919,438871.775839422,3989910.44590754,31-Jan-2016,5318.71311407807,438818.162732325,3989881.34891891,-58.2753365511198
usa_NC_0043_0006,01-Jan-1848,5371.75426826405,438856.653497764,3989959.41211001,31-Jan-2016,5298.73824296376,438789.459149223,3989923.05444886,-73.0160253002896
usa_NC_0043_0007,01-Jan-1848,5372.91359443091,438847.421405962,3990011.52934651,31-Jan-2016,5273.38573096957,438755.801997177,3989962.10572934,-99.5278634613396
usa_NC_0043_0008,01-Jan-1848,5350.45524249254,438816.45011894,3990051.90934589,31-Jan-2016,5251.17572592032,438725.032363114,3990002.74397271,-99.27951657222
usa_NC_0043_0009,01-Jan-1848,5327.71763647543,438785.217022579,3990092.17441737,31-Jan-2016,5235.57594847421,438700.346862648,3990046.66896766,-92.1416880012193
usa_NC_0043_0010,01-Jan-1848,5308.90359153138,438757.59417887,3990134.39557742,31-Jan-2016,5222.18247008722,438677.693299905,3990091.68481132,-86.7211214441595
usa_NC_0043_0011,01-Jan-1848,5296.77185886157,438736.12732153,3990179.91178122,31-Jan-2016,5211.26239488855,438657.319644586,3990137.91368538,-85.5094639730196
usa_NC_0043_0012,01-Jan-1848,5283.6479790236,438713.746827451,3990224.93693177,31-Jan-2016,5199.06388666196,438635.769102343,3990183.50790346,-84.5840923616397
usa_NC_0043_0013,01-Jan-1848,5264.82468352077,438686.11099683,3990267.17587473,31-Jan-2016,5181.26265389665,438609.05290695,3990226.36054937,-83.5620296241204
usa_NC_0043_0014,01-Jan-1848,5250.66030686593,438662.77247543,3990311.68537591,31-Jan-2016,5157.96116017617,438577.264461098,3990266.52710441,-92.6991466897598
usa_NC_0043_0015,01-Jan-1848,5238.70694898588,438641.479856049,3990357.23992942,31-Jan-2016,5134.66285737938,438545.483128843,3990306.67434462,-104.044091606501
usa_NC_0043_0016,01-Jan-1848,5223.09324281285,438616.810101539,3990401.01504313,31-Jan-2016,5117.96095600758,438519.785261291,3990350.04112455,-105.13228680527
usa_NC_0043_0017,01-Jan-1848,5206.75310913112,438591.469035298,3990444.44246804,31-Jan-2016,5106.76909313828,438499.172561781,3990396.07924878,-99.9840159928399
usa_NC_0043_0018,01-Jan-1848,5197.69763266853,438572.853118403,3990491.39058446,31-Jan-2016,5088.17969362595,438471.730709139,3990438.54109681,-109.51793904258
usa_NC_0043_0019,01-Jan-1848,5181.66363822777,438547.795131925,3990534.96369539,31-Jan-2016,5080.94521580546,438454.775058415,3990486.47373845,-100.71842242231
usa_NC_0043_0020,01-Jan-1848,5166.71311618248,438523.791333762,3990578.79054777,31-Jan-2016,5064.17614466256,438429.095879926,3990529.40420327,-102.53697151992
usa_NC_0043_0021,01-Jan-1848,5160.35561062527,438507.723134021,3990626.75751293,31-Jan-2016,5052.64019347139,438408.249638743,3990574.8550685,-107.71541715388
usa_NC_0043_0022,01-Jan-1848,5147.1356887694,438485.317266375,3990671.41951025,31-Jan-2016,5050.08202433886,438395.69367948,3990624.6346551,-97.0536644305403
usa_NC_0043_0023,01-Jan-1848,5137.41698646011,438466.144377036,3990717.77027892,31-Jan-2016,5033.45729190224,438370.14768892,3990667.63520267,-103.95969455787
usa_NC_0043_0024,01-Jan-1848,5123.75443275879,438443.329541653,3990762.22001684,31-Jan-2016,5023.64002497617,438350.887675442,3990713.91896746,-100.11440778262
usa_NC_0043_0025,01-Jan-1848,5112.41557829033,438422.660209396,3990807.79140905,31-Jan-2016,5010.6750804637,438328.721012379,3990758.68512367,-101.74049782663
usa_NC_0043_0026,01-Jan-1848,5103.08481766407,438403.84470016,3990854.33350016,31-Jan-2016,4994.15179345,438303.268920003,3990801.73347691,-108.93302421407
usa_NC_0043_0027,01-Jan-1848,5084.73292231848,438376.700142766,3990896.51962866,31-Jan-2016,4976.57376688812,438276.843264593,3990844.27124226,-108.15915543036
usa_NC_0043_0028,01-Jan-1848,5076.02773840494,438358.461787233,3990943.36593783,31-Jan-2016,4963.55619322046,438254.628112895,3990889.01147091,-112.47154518448
usa_NC_0043_0029,01-Jan-1848,5060.51172690507,438333.935531351,3990986.92149682,31-Jan-2016,4947.56668884101,438229.669327166,3990932.31519073,-112.94503806406
usa_NC_0043_0030,01-Jan-1848,5044.03846952563,438308.525756712,3991030.01339294,31-Jan-2016,4940.311420466,438212.77344211,3990979.84264202,-103.72704905963
usa_NC_0043_0031,01-Jan-1848,5025.59016648895,438281.293066682,3991072.14857191,31-Jan-2016,4923.40413393163,438186.967455003,3991022.70234879,-102.18603255732
usa_NC_0043_0032,01-Jan-1848,5012.30148932147,438258.823271617,3991116.77960638,31-Jan-2016,4907.14693715893,438161.761769078,3991065.87553262,-105.15455216254
usa_NC_0043_0033,01-Jan-1848,5001.79019486786,438238.916939091,3991162.75595673,31-Jan-2016,4885.22487003235,438131.327623147,3991106.30430401,-116.56532483551
usa_NC_0043_0034,01-Jan-1848,4988.42665972644,438216.377836977,3991207.35180625,31-Jan-2016,4871.58009395484,438108.533695494,3991150.74013653,-116.846565771601
usa_NC_0043_0035,01-Jan-1848,4975.87612382796,438194.589020104,3991252.34193386,31-Jan-2016,4859.70763253886,438087.375443551,3991196.03510477,-116.168491289101
usa_NC_0043_0036,01-Jan-1848,4961.85689040666,438171.444670466,3991296.62043766,31-Jan-2016,4847.42154486524,438065.835299473,3991241.13034162,-114.435345541419
usa_NC_0043_0037,01-Jan-1848,4944.04180114392,438144.797386731,3991339.0575099,31-Jan-2016,4834.60058787502,438043.801427541,3991285.96677411,-109.441213268899
usa_NC_0043_0038,01-Jan-1848,4930.28608612021,438121.89638056,3991383.46304769,31-Jan-2016,4819.31646681217,438019.494481543,3991329.60823289,-110.96961930804
usa_NC_0043_0039,01-Jan-1848,4919.04694438099,438101.31752857,3991429.09050763,31-Jan-2016,4803.09647300433,437994.324062426,3991372.79478664,-115.95047137666
usa_NC_0043_0040,01-Jan-1848,4911.15944623212,438083.831029968,3991476.34714634,31-Jan-2016,4783.2279432639,437965.787264315,3991414.20835499,-127.93150296822
usa_NC_0043_0041,01-Jan-1848,4894.55128007793,438058.297705482,3991519.36885099,31-Jan-2016,4768.92849907291,437942.389344038,3991458.32581906,-125.62278100502
usa_NC_0043_0042,01-Jan-1848,4878.78676709733,438033.542940627,3991562.7997746,31-Jan-2016,4749.71906288132,437914.461315093,3991500.05643662,-129.06770421601
usa_NC_0043_0043,01-Jan-1848,4861.00171302808,438006.924161313,3991605.24747892,31-Jan-2016,4731.36600828868,437887.323765205,3991542.20158095,-129.6357047394
usa_NC_0043_0044,01-Jan-1848,4851.92469329788,437988.339235864,3991651.93056063,31-Jan-2016,4712.80431867345,437859.994067159,3991584.24357761,-139.12037462443
usa_NC_0043_0045,01-Jan-1848,4839.21425375276,437966.40202388,3991696.84727522,31-Jan-2016,4694.15761088148,437832.586281429,3991626.24248025,-145.05664287128
usa_NC_0043_0046,01-Jan-1848,4830.46956837244,437948.122949293,3991743.69576958,31-Jan-2016,4678.99799377292,437808.395565159,3991669.9376641,-151.47157459952
usa_NC_0043_0047,01-Jan-1848,4812.1249390992,437920.988184807,3991785.86997171,31-Jan-2016,4660.94955517467,437781.540193723,3991712.22523135,-151.175383924529
usa_NC_0043_0048,01-Jan-1848,4804.74677163237,437903.96903882,3991833.3870748,31-Jan-2016,4655.59297734824,437766.391896091,3991760.69670544,-149.15379428413
usa_NC_0043_0049,01-Jan-1848,4807.22143761236,437896.037019253,3991885.71084866,31-Jan-2016,4639.09748070662,437740.968952975,3991803.74100774,-168.12395690574
usa_NC_0043_0050,01-Jan-1848,4799.1998714356,437878.422919871,3991932.92185886,31-Jan-2016,4632.33148232705,437724.519726497,3991851.53010824,-166.868389108549
usa_NC_0043_0051,01-Jan-1848,4782.15901902774,437852.490153741,3991975.7343874,31-Jan-2016,4616.2585406349,437699.486437205,3991894.78086539,-165.90047839284
usa_NC_0043_0052,01-Jan-1848,4762.58364994606,437824.2202219,3992017.30854646,31-Jan-2016,4606.18032748393,437679.981755442,3991940.95735266,-156.40332246213
usa_NC_0043_0053,01-Jan-1848,4739.62047856213,437792.826550433,3992057.22606615,31-Jan-2016,4590.70081158038,437655.495751367,3991984.49772485,-148.91966698175
usa_NC_0043_0054,01-Jan-1848,4716.99653180519,437761.746391661,3992097.30581903,31-Jan-2016,4577.28450467622,437632.912398196,3992029.04571261,-139.71202712897
usa_NC_0043_0055,01-Jan-1848,4702.07726374343,437737.771380298,3992141.14811022,31-Jan-2016,4568.40981299185,437614.516789702,3992075.81392393,-133.66745075158
usa_NC_0043_0056,01-Jan-1848,4682.40499868751,437709.413876803,3992182.66602051,31-Jan-2016,4555.35631515582,437592.267629572,3992120.54101138,-127.04868353169
usa_NC_0043_0057,01-Jan-1848,4668.19755678507,437686.074794938,3992226.95855123,31-Jan-2016,4543.72286802584,437571.292650729,3992166.13857613,-124.47468875923
usa_NC_0043_0058,01-Jan-1848,4651.1777687308,437660.119641272,3992269.99061326,31-Jan-2016,4532.32374460231,437550.496917793,3992212.03495351,-118.85402412849
usa_NC_0043_0059,01-Jan-1848,4634.48314600249,437634.46343533,3992313.18604809,31-Jan-2016,4517.41795468073,437526.467396641,3992256.21881516,-117.06519132176
usa_NC_0043_0060,01-Jan-1848,4621.40186586219,437612.140462152,3992358.14074195,31-Jan-2016,4502.48230167619,437502.410143822,3992300.38905592,-118.919564186
usa_NC_0043_0061,01-Jan-1848,4607.17474201481,437588.760493367,3992402.53744306,31-Jan-2016,4485.72840196663,437476.674595502,3992343.67904094,-121.44634004818
usa_NC_0043_0062,01-Jan-1848,4595.63218940092,437567.858798952,3992448.23212789,31-Jan-2016,4469.06701514382,437451.023543348,3992387.01829736,-126.5651742571
usa_NC_0043_0063,01-Jan-1848,4584.49268158537,437547.330386701,3992494.11563116,31-Jan-2016,4454.34170920341,437427.159243355,3992431.296396,-130.15097238196
usa_NC_0043_0064,01-Jan-1848,4571.14688757158,437524.763717432,3992538.93997547,31-Jan-2016,4437.02215586382,437400.895451084,3992474.34320626,-134.12473170776
usa_NC_0043_0065,01-Jan-1848,4560.63581302342,437504.81103042,3992585.14942324,31-Jan-2016,4421.56928962334,437376.345729005,3992518.3384486,-139.06652340008
usa_NC_0043_0066,01-Jan-1848,4548.24361029211,437483.12204204,3992630.44799474,31-Jan-2016,4415.76086816169,437360.707075756,3992566.95794805,-132.48274213042
usa_NC_0043_0067,01-Jan-1848,4533.14803850634,437458.935451918,3992674.44937284,31-Jan-2016,4406.96523622073,437342.311640813,3992614.1287571,-126.18280228561
usa_NC_0043_0068,01-Jan-1848,4516.50425485744,437433.317254576,3992717.71404593,31-Jan-2016,4395.08749909127,437321.069553108,3992659.81634723,-121.41675576617
usa_NC_0043_0069,01-Jan-1848,4500.65424607107,437408.432030116,3992761.36152669,31-Jan-2016,4381.50650459082,437298.253668097,3992704.68755963,-119.147741480249
usa_NC_0043_0070,01-Jan-1848,4488.24754541921,437386.731048406,3992806.64612994,31-Jan-2016,4362.52048620599,437270.438782073,3992746.99213769,-125.72705921322
usa_NC_0043_0071,01-Jan-1848,4481.92406068085,437370.659194211,3992854.80500208,31-Jan-2016,4344.89861459313,437243.883856325,3992789.9530653,-137.02544608772
usa_NC_0043_0072,01-Jan-1848,4473.56632275197,437352.708631213,3992901.98421385,31-Jan-2016,4328.5082285553,437218.467099464,3992833.50282109,-145.05809419667
usa_NC_0043_0073,01-Jan-1848,4462.58054021987,437332.328248386,3992947.91143009,31-Jan-2016,4315.550982327,437196.227387798,3992878.67382653,-147.02955789287
usa_NC_0043_0074,01-Jan-1848,4451.65699944202,437312.007129344,3992993.85970707,31-Jan-2016,4304.29233642562,437175.561142883,3992924.63909757,-147.364663016399
usa_NC_0043_0075,01-Jan-1848,4438.73565819699,437289.837423573,3993038.86361104,31-Jan-2016,4296.72036239632,437158.310815657,3992972.32406333,-142.01529580067
usa_NC_0043_0076,01-Jan-1848,4423.86534373842,437265.862944163,3993082.95306547,31-Jan-2016,4282.8659978935,437135.243873531,3993017.05656794,-140.99934584492
usa_NC_0043_0077,01-Jan-1848,4406.16414321156,437239.2651067,3993125.72389943,31-Jan-2016,4273.41208897116,437116.254762325,3993063.83896446,-132.7520542404
usa_NC_0043_0078,01-Jan-1848,4388.56716822132,437212.762323006,3993168.55094386,31-Jan-2016,4258.95656067053,437092.632250087,3993108.28382529,-129.61060755079
usa_NC_0043_0079,01-Jan-1848,4371.16511336742,437186.438752775,3993211.47587471,31-Jan-2016,4247.4955910574,437071.785972217,3993154.11752823,-123.669522310021
usa_NC_0043_0080,01-Jan-1848,4353.9293176567,437160.267960717,3993254.48471816,31-Jan-2016,4233.50282549042,437048.593320351,3993198.77282806,-120.42649216628
usa_NC_0043_0081,01-Jan-1848,4338.18435364194,437135.478682101,3993298.18812592,31-Jan-2016,4217.43162044884,437023.473008812,3993242.46793972,-120.752733193101
usa_NC_0043_0082,01-Jan-1848,4322.77647478803,437110.999699758,3993342.0589447,31-Jan-2016,4204.97879203437,437001.706041032,3993287.84735772,-117.79768275366
usa_NC_0043_0083,01-Jan-1848,4309.52972007706,437088.524193852,3993386.93250156,31-Jan-2016,4196.13746786044,436983.289694976,3993334.88963225,-113.39225221662
usa_NC_0043_0084,01-Jan-1848,4296.21497553268,437065.984818782,3993431.77871052,31-Jan-2016,4182.49690798641,436960.419644698,3993379.72792742,-113.71806754627
usa_NC_0043_0085,01-Jan-1848,4283.02319012059,437043.558831101,3993476.68498497,31-Jan-2016,4173.32841552602,436941.701222854,3993426.61226143,-109.69477459457
usa_NC_0043_0086,01-Jan-1848,4270.23780051381,437021.509580428,3993521.77988975,31-Jan-2016,4157.60823537051,436916.89886748,3993470.50758985,-112.6295651433
usa_NC_0043_0087,01-Jan-1848,4259.31999621482,437001.194891264,3993567.72526423,31-Jan-2016,4144.14081514116,436894.187481701,3993515.43545358,-115.17918107366
usa_NC_0043_0088,01-Jan-1848,4245.7555945285,436978.421124919,3993612.47037734,31-Jan-2016,4126.76779294519,436867.845774857,3993558.59930942,-118.98780158331
usa_NC_0043_0089,01-Jan-1848,4230.67292060122,436954.235142389,3993656.53453657,31-Jan-2016,4112.22888357107,436844.135730164,3993603.05669604,-118.44403703015
usa_NC_0043_0090,01-Jan-1848,4216.37407346297,436930.776298458,3993700.95993232,31-Jan-2016,4102.44303808659,436824.843693316,3993649.66107105,-113.93103537638
usa_NC_0043_0091,01-Jan-1848,4204.93110201464,436909.972275771,3993746.67402472,31-Jan-2016,4092.32072043902,436805.239711933,3993696.10941188,-112.61038157562
usa_NC_0043_0092,01-Jan-1848,4190.30869763422,436886.210597638,3993790.96370361,31-Jan-2016,4076.98595406181,436780.787445476,3993740.21964988,-113.32274357241
usa_NC_0043_0093,01-Jan-1848,4178.56638830704,436865.127532541,3993836.54661501,31-Jan-2016,4059.58982768375,436754.415247747,3993783.41818575,-118.97656062329
usa_NC_0043_0094,01-Jan-1848,4169.34412197753,436846.390089365,3993883.25171423,31-Jan-2016,4046.35807470578,436731.916411795,3993828.48505335,-122.986047271751
usa_NC_0043_0095,01-Jan-1848,4160.34459623244,436827.861262872,3993930.0495315,31-Jan-2016,4034.41323187587,436710.615003943,3993874.12704258,-125.93136435657
usa_NC_0043_0096,01-Jan-1848,4148.95295527966,436807.106061464,3993975.78125932,31-Jan-2016,4019.5898438865,436686.632787357,3993918.49469697,-129.36311139316
usa_NC_0043_0097,01-Jan-1848,4133.51987519077,436782.586324151,3994019.72742152,31-Jan-2016,4013.62453108444,436670.900600606,3993966.78160813,-119.89534410633
usa_NC_0043_0098,01-Jan-1848,4124.65407567192,436764.183978893,3994066.57472559,31-Jan-2016,4005.30541956792,436652.978071496,3994014.01765033,-119.348656103999
usa_NC_0043_0099,01-Jan-1848,4118.04623828034,436747.887512687,3994114.4065009,31-Jan-2016,3994.00354530764,436632.277252064,3994059.93533753,-124.0426929727
usa_NC_0043_0100,01-Jan-1848,4103.01789020495,436723.743418038,3994158.5382791,31-Jan-2016,3978.45340167756,436607.61614945,3994103.99153318,-124.56448852739
usa_NC_0043_0101,01-Jan-1848,4087.86746657325,436699.4838628,3994202.62487602,31-Jan-2016,3962.87819095017,436582.929809341,3994148.04610156,-124.98927562308
usa_NC_0043_0102,01-Jan-1848,4070.38191183743,436673.044514644,3994245.70307723,31-Jan-2016,3950.50506185919,436561.228368809,3994193.50432695,-119.87684997824
usa_NC_0043_0103,01-Jan-1848,4058.8576735719,436652.164270671,3994291.3838798,31-Jan-2016,3936.90559882606,436538.38245725,3994238.4315528,-121.95207474584
usa_NC_0043_0104,01-Jan-1848,4047.95383997559,436631.863126915,3994337.33276481,31-Jan-2016,3929.85479239907,436521.647186689,3994286.19866151,-118.09904757652
usa_NC_0043_0105,01-Jan-1848,4036.61113400716,436611.15271069,3994383.09010115,31-Jan-2016,3913.32524343178,436496.065873913,3994329.86172525,-123.28589057538
usa_NC_0043_0106,01-Jan-1848,4026.90591921747,436591.971478071,3994429.55145368,31-Jan-2016,3901.54262856258,436474.914634343,3994375.58011558,-125.36329065489
usa_NC_0043_0107,01-Jan-1848,4012.26256495611,436568.199760725,3994473.78445884,31-Jan-2016,3892.32717378223,436456.195169264,3994422.23000713,-119.93539117388
usa_NC_0043_0108,01-Jan-1848,3999.1296473424,436545.860414714,3994518.55756653,31-Jan-2016,3878.70608390037,436433.398354485,3994466.80116587,-120.42356344203
usa_NC_0043_0109,01-Jan-1848,3988.41849255415,436525.782717661,3994564.37154009,31-Jan-2016,3867.60401794455,436412.954009127,3994512.45504435,-120.8144746096
usa_NC_0043_0110,01-Jan-1848,3977.34711759385,436505.368622519,3994610.03066081,31-Jan-2016,3848.55422088617,436385.087172749,3994554.69411916,-128.79289670768
usa_NC_0043_0111,01-Jan-1848,3964.76935752616,436483.547693828,3994655.04255462,31-Jan-2016,3833.93170265469,436361.354903983,3994598.83604157,-130.83765487147
usa_NC_0043_0112,01-Jan-1848,3957.03422909105,436466.249456788,3994702.13465175,31-Jan-2016,3824.34631446706,436342.326925259,3994645.14196644,-132.68791462399
usa_NC_0043_0113,01-Jan-1848,3946.01189284382,436445.881226493,3994747.8145073,31-Jan-2016,3808.94438002775,436317.86661881,3994688.94966023,-137.06751281607
usa_NC_0043_0114,01-Jan-1848,3943.63832064938,436433.590654213,3994797.20805334,31-Jan-2016,3793.04661920491,436292.943117109,3994732.54500125,-150.59170144447
usa_NC_0043_0115,01-Jan-1848,3943.65456466084,436423.53236854,3994847.62637201,31-Jan-2016,3783.62415307005,436274.067301488,3994778.92088656,-160.03041159079
usa_NC_0043_0116,01-Jan-1848,3939.3528721059,436409.441460027,3994896.18968061,31-Jan-2016,3776.69337453144,436257.51875233,3994826.36611091,-162.65949757446
usa_NC_0043_0117,01-Jan-1848,3925.42138246636,436386.356463149,3994940.61894459,31-Jan-2016,3768.59658673254,436239.881266414,3994873.31027694,-156.82479573382
usa_NC_0043_0118,01-Jan-1848,3911.81691384532,436363.576844284,3994985.18887197,31-Jan-2016,3756.44907041316,436218.460415619,3994918.51569797,-155.36784343216
usa_NC_0043_0119,01-Jan-1848,3898.18233032595,436340.769043183,3995029.74614818,31-Jan-2016,3746.80099212553,436199.374103119,3994964.79361994,-151.38133820042
usa_NC_0043_0120,01-Jan-1848,3882.41272380179,436315.966979781,3995073.38777746,31-Jan-2016,3734.04510573493,436177.385005275,3995009.7380615,-148.36761806686
usa_NC_0043_0121,01-Jan-1848,3875.92690645019,436299.836402811,3995121.01208693,31-Jan-2016,3721.62226583289,436155.706965075,3995054.82549329,-154.3046406173
usa_NC_0043_0122,01-Jan-1848,3864.955664586,436279.516251037,3995166.71208999,31-Jan-2016,3714.24855349288,436138.745141013,3995102.07847193,-150.70711109312
usa_NC_0043_0123,01-Jan-1848,3852.90782553011,436258.190481545,3995211.95037246,31-Jan-2016,3704.82540592937,436119.869080702,3995148.45210423,-148.08241960074
usa_NC_0043_0124,01-Jan-1848,3840.53888730884,436236.564762314,3995257.05104747,31-Jan-2016,3696.54068149879,436102.056476108,3995195.31353098,-143.99820581005
usa_NC_0043_0125,01-Jan-1848,3828.17247494802,436214.941379984,3995302.15291799,31-Jan-2016,3685.14508034115,436081.338050911,3995240.84100675,-143.02739460687
usa_NC_0043_0126,01-Jan-1848,3817.25840440303,436194.674641526,3995347.87738372,31-Jan-2016,3682.98577515188,436069.247470178,3995290.32719096,-134.27262925115
usa_NC_0043_0127,01-Jan-1848,3811.10389582792,436178.853999586,3995395.64143333,31-Jan-2016,3669.92091835985,436046.96986336,3995335.138668,-141.18297746807
usa_NC_0043_0128,01-Jan-1848,3798.02753169077,436156.567451149,3995440.43893205,31-Jan-2016,3650.51781281902,436018.771346808,3995377.23455223,-147.50971887175
usa_NC_0043_0129,01-Jan-1848,3785.1808357702,436134.495401607,3995485.33506587,01-Jan-2005,3902.13950839417,436243.753801648,3995535.44137306,116.95867262397
usa_NC_0043_0130,01-Jan-1848,3772.93657582934,436112.986113493,3995530.48934776,31-Jan-2016,3626.29817796682,435976.000114783,3995467.67751641,-146.63839786252
usa_NC_0044_0001,01-Jan-1848,3761.10058424464,436091.808099781,3995576.06932806,31-Jan-2016,3611.48716480293,435951.993949835,3995512.22816991,-149.61341944171
usa_NC_0044_0002,01-Jan-1848,3747.95257887357,436069.388084313,3995621.16913838,31-Jan-2016,3602.35785768695,435933.267958243,3995559.35036066,-145.59472118662
usa_NC_0044_0003,01-Jan-1848,3732.87491628611,436045.162363744,3995665.45773602,31-Jan-2016,3588.67316408406,435910.284177328,3995604.53257842,-144.20175220205
usa_NC_0044_0004,01-Jan-1848,3715.90644342389,436019.164370632,3995708.9660599,31-Jan-2016,3583.5298697353,435895.291400324,3995653.31422051,-132.37657368859
usa_NC_0044_0005,01-Jan-1848,3703.46095047569,435997.396204487,3995754.38891012,31-Jan-2016,3571.02318823354,435873.410603709,3995698.98845164,-132.43776224215
usa_NC_0044_0006,01-Jan-1848,3691.34427088793,435975.935288195,3995799.95220322,31-Jan-2016,3553.57714176822,435846.902884007,3995742.6104325,-137.76712911971
usa_NC_0044_0007,01-Jan-1848,3682.93763285027,435957.950299727,3995847.05414058,31-Jan-2016,3537.8846287508,435822.033404307,3995786.98287008,-145.05300409947
usa_NC_0044_0008,01-Jan-1848,3680.32763820795,435945.401928483,3995896.53127233,31-Jan-2016,3525.05311560144,435799.84253823,3995832.5510886,-155.27452260651
usa_NC_0044_0009,01-Jan-1848,3666.13319051305,435921.996572618,3995941.22177635,31-Jan-2016,3517.62856638511,435782.721601883,3995880.34088833,-148.50462412794
usa_NC_0044_0010,01-Jan-1848,3648.29630724809,435895.17146938,3995984.43750233,31-Jan-2016,3508.42536959668,435763.935334812,3995927.38763832,-139.87093765141
usa_NC_0044_0011,01-Jan-1848,3631.82640474001,435869.691761213,3996027.89649291,31-Jan-2016,3499.08689418575,435745.143148729,3995973.77364073,-132.73951055426
usa_NC_0044_0012,01-Jan-1848,3615.82202293337,435844.699793216,3996071.2903451,31-Jan-2016,3490.54566142945,435727.186402478,3996020.04736512,-125.27636150392
usa_NC_0044_0013,01-Jan-1848,3594.64997516744,435814.864091099,3996112.55186007,31-Jan-2016,3481.91288077004,435709.142303379,3996066.29103862,-112.7370943974
usa_NC_0044_0014,01-Jan-1848,3592.40102090547,435802.77407886,3996161.57769246,31-Jan-2016,3475.10502070337,435692.807636566,3996113.29320666,-117.2960002021
usa_NC_0044_0015,01-Jan-1848,3588.95956742557,435789.561591789,3996210.13511715,31-Jan-2016,3462.12788191635,435670.688398493,3996157.75979934,-126.83168550922
usa_NC_0044_0016,01-Jan-1848,3584.52110755318,435775.410731837,3996258.30047937,31-Jan-2016,3452.7470065348,435651.939632103,3996203.71213326,-131.77410101838
usa_NC_0044_0017,01-Jan-1848,3574.7260358975,435756.238503562,3996304.2582035,31-Jan-2016,3441.03761888188,435631.008614456,3996248.70215186,-133.68841701562
usa_NC_0044_0018,01-Jan-1848,3558.76075773126,435731.287196565,3996347.64813078,31-Jan-2016,3431.35396921,435611.974781939,3996294.53591264,-127.40678852126
usa_NC_0044_0019,01-Jan-1848,3537.57189049422,435701.44788027,3996388.84189751,31-Jan-2016,3420.14939348723,435591.516136822,3996339.73821351,-117.42249700699
usa_NC_0044_0020,01-Jan-1848,3523.79992101755,435678.555458662,3996433.12152345,31-Jan-2016,3411.28624794762,435573.248828727,3996385.92328522,-112.51367306993
usa_NC_0044_0021,01-Jan-1848,3507.5421917164,435653.338360681,3996476.34909982,31-Jan-2016,3399.93470342053,435552.651823615,3996431.06796408,-107.60748829587
usa_NC_0044_0022,01-Jan-1848,3489.68891214931,435626.610670752,3996518.99365781,31-Jan-2016,3392.33241038311,435535.530700062,3996477.95161913,-97.3565017661999
usa_NC_0044_0023,01-Jan-1848,3486.21286926124,435613.303498193,3996567.84840366,31-Jan-2016,3385.24938069904,435518.848013898,3996525.29113064,-100.9634885622
usa_NC_0044_0024,01-Jan-1848,3477.44295221803,435595.043803684,3996614.47114791,31-Jan-2016,3375.11388620685,435499.309683839,3996571.34368221,-102.32906601118
usa_NC_0044_0025,01-Jan-1848,3466.41802930915,435574.674470054,3996660.14332442,31-Jan-2016,3362.43098002276,435477.388120429,3996616.32259672,-103.98704928639
usa_NC_0044_0026,01-Jan-1848,3450.61717309906,435549.870582884,3996703.63460374,31-Jan-2016,3355.01033540577,435460.423432512,3996663.35039728,-95.6068376932899
usa_NC_0044_0027,01-Jan-1848,3436.87214226886,435527.001184193,3996747.93649062,31-Jan-2016,3345.16256646555,435441.199236231,3996709.29925825,-91.7095758033101
usa_NC_0044_0028,01-Jan-1848,3426.32888023096,435507.127185957,3996793.58788767,31-Jan-2016,3339.39380617314,435425.791263234,3996756.96675067,-86.9350740578197
usa_NC_0044_0029,01-Jan-1848,3413.96310773266,435485.547956722,3996838.47206502,31-Jan-2016,3330.2432536871,435407.219287015,3996803.20976926,-83.7198540455597
usa_NC_0044_0030,01-Jan-1848,3409.46706721467,435471.331642927,3996886.67113093,31-Jan-2016,3317.36439868109,435385.159001864,3996847.88291195,-92.1026685335801
usa_NC_0044_0031,01-Jan-1848,3393.669743142,435446.541602439,3996930.11114187,31-Jan-2016,3303.80766909507,435362.464344971,3996892.27128488,-89.8620740469296
usa_NC_0044_0032,01-Jan-1848,3378.11954716783,435421.982588146,3996973.65618228,31-Jan-2016,3291.96010197249,435341.368693777,3996937.38001882,-86.1594451953401
usa_NC_0044_0033,01-Jan-1848,3355.75414763314,435391.140048231,3997013.86624779,31-Jan-2016,3279.36125553981,435319.593803301,3996982.05390999,-76.3928920933299
usa_NC_0044_0034,01-Jan-1848,3347.95912941689,435373.722894834,3997061.24781079,31-Jan-2016,3267.27407108792,435298.245675359,3997027.20329082,-80.6850583289697
usa_NC_0044_0035,01-Jan-1848,3334.74023675888,435351.114000864,3997106.93108003,31-Jan-2016,3258.9243095597,435280.359423655,3997074.10137087,-75.8159271991804
usa_NC_0044_0036,01-Jan-1848,3322.60801326371,435329.992344166,3997150.71726599,31-Jan-2016,3249.60296848969,435261.683095912,3997119.99501667,-73.00504477402
usa_NC_0044_0037,01-Jan-1848,3314.83423854201,435312.689294256,3997197.6362246,31-Jan-2016,3241.43845187791,435244.013662003,3997166.75342138,-73.3957866640999
usa_NC_0044_0038,01-Jan-1848,3306.77995715008,435295.123919334,3997244.43644356,31-Jan-2016,3231.72627683919,435224.896218963,3997212.86002672,-75.0536803108898
usa_NC_0044_0039,01-Jan-1848,3300.01639576932,435278.766421639,3997291.77893572,31-Jan-2016,3218.23616575071,435202.24382717,3997257.37686404,-81.7802300186099
usa_NC_0044_0040,01-Jan-1848,3294.51712600826,435263.592114258,3997339.65237136,31-Jan-2016,3206.78998408613,435181.504005672,3997302.75328697,-87.7271419221302
usa_NC_0044_0041,01-Jan-1848,3283.66779118364,435243.411773675,3997385.27483618,31-Jan-2016,3198.57146575183,435163.78447643,3997349.48680001,-85.0963254318099
usa_NC_0044_0042,01-Jan-1848,3274.86892642936,435225.150225517,3997431.75912769,31-Jan-2016,3189.67412319521,435145.429877169,3997395.93419141,-85.1948032341497
usa_NC_0044_0043,01-Jan-1848,3268.44102635922,435209.107435,3997479.23969069,31-Jan-2016,3181.58809857746,435127.834593672,3997442.7220886,-86.8529277817597
usa_NC_0044_0044,01-Jan-1848,3258.17129234282,435189.469768584,3997525.10429282,31-Jan-2016,3173.85180535883,435110.566710608,3997489.65633883,-84.3194869839899
usa_NC_0044_0045,01-Jan-1848,3244.77786059599,435166.909121292,3997569.65539086,31-Jan-2016,3159.3850994023,435087.000828986,3997533.76075588,-85.3927611936901
usa_NC_0044_0046,01-Jan-1848,3230.01503516595,435143.067042995,3997613.6308103,31-Jan-2016,3149.6903078318,435067.900433295,3997579.87076311,-80.3247273341499
usa_NC_0044_0047,01-Jan-1848,3225.33822273187,435128.653262022,3997661.89554094,31-Jan-2016,3137.50639360785,435046.460697618,3997624.98494142,-87.8318291240198
usa_NC_0044_0048,01-Jan-1848,3213.2924957229,435107.328570738,3997707.13920609,31-Jan-2016,3124.67976774521,435024.404309397,3997669.90512384,-88.6127279776902
usa_NC_0044_0049,01-Jan-1848,3200.97340530383,435085.748047369,3997752.26809282,31-Jan-2016,3118.11124665212,435008.204322877,3997717.45472194,-82.8621586517102
usa_NC_0044_0050,01-Jan-1848,3188.77206957642,435064.277703648,3997797.44653791,31-Jan-2016,3106.29888329851,434987.097113256,3997762.80095426,-82.4731862779099
usa_NC_0044_0051,01-Jan-1848,3176.58452788641,435042.878221206,3997842.34076191,31-Jan-2016,3097.35509442191,434968.757241854,3997808.93761206,-79.2294334644998
usa_NC_0044_0052,01-Jan-1848,3168.63785369885,435025.464458535,3997888.93140926,31-Jan-2016,3088.17833770334,434950.225571476,3997854.84519689,-80.4595159955102
usa_NC_0044_0053,01-Jan-1848,3152.78588102035,435000.658792136,3997932.1707294,31-Jan-2016,3073.43448785453,434926.488566313,3997898.39162934,-79.3513931658204
usa_NC_0044_0054,01-Jan-1848,3136.00466189164,434974.988630918,3997974.99407352,31-Jan-2016,3063.89175435691,434907.613759084,3997944.14870684,-72.1129075347299
usa_NC_0044_0055,01-Jan-1848,3116.80519984009,434947.052346989,3998016.81690321,31-Jan-2016,3055.90819847764,434890.177652542,3997990.66295262,-60.8970013624503
usa_NC_0044_0056,01-Jan-1848,3107.8398295966,434928.672564915,3998063.04315257,31-Jan-2016,3043.36805380955,434868.480504789,3998035.24736336,-64.4717757870499
usa_NC_0044_0057,01-Jan-1848,3113.82060950855,434924.240275354,3998115.74575013,31-Jan-2016,3030.8073708765,434846.764989563,3998079.81887869,-83.0132386320502
usa_NC_0044_0058,01-Jan-1848,3111.07062126716,434911.65109298,3998164.71268552,31-Jan-2016,3024.39706766554,434830.788333741,3998127.05828115,-86.6735536016199
usa_NC_0044_0059,01-Jan-1848,3100.47245178916,434891.736793176,3998210.28555707,31-Jan-2016,3016.16370982353,434813.108191824,3998173.51895471,-84.3087419656299
usa_NC_0044_0060,01-Jan-1848,3082.04318253319,434864.521090559,3998252.43285993,31-Jan-2016,3005.34060318503,434793.011589532,3998218.85621235,-76.7025793481598
usa_NC_0044_0061,01-Jan-1848,3065.00020669716,434838.530225727,3998295.52529958,31-Jan-2016,2993.63237066334,434771.989805307,3998264.30635581,-71.3678360338199
usa_NC_0044_0062,01-Jan-1848,3049.69858620934,434814.108117829,3998339.65376658,31-Jan-2016,2985.58639879857,434754.309881427,3998311.72222665,-64.1121874107703
usa_NC_0044_0063,01-Jan-1848,3035.73177924002,434790.928777519,3998384.37492513,31-Jan-2016,2975.96609436795,434735.163451809,3998358.4427357,-59.7656848720699
usa_NC_0044_0064,01-Jan-1848,3024.84591229902,434770.623493902,3998430.43621693,31-Jan-2016,2963.88897731885,434713.725123084,3998404.09489202,-60.95693498017
usa_NC_0044_0065,01-Jan-1848,3015.15579137226,434751.435186328,3998477.01000382,31-Jan-2016,2953.20134927069,434693.583861948,3998450.34702823,-61.9544421015698
usa_NC_0044_0066,01-Jan-1848,3006.90023824479,434733.588207529,3998524.19232209,31-Jan-2016,2940.73680536667,434671.783318718,3998495.83468258,-66.1634328781201
usa_NC_0044_0067,01-Jan-1848,3000.91623740928,434717.866216243,3998572.33284053,31-Jan-2016,2934.1421443639,434655.467372543,3998543.83118611,-66.7740930453797
usa_NC_0044_0068,01-Jan-1848,2989.56135935221,434697.127245274,3998618.17095756,31-Jan-2016,2922.37108928693,434634.31584695,3998589.61000099,-67.1902700652799
usa_NC_0044_0069,01-Jan-1848,2978.97958953386,434677.111358344,3998664.33590158,31-Jan-2016,2911.4704438092,434613.97812634,3998635.75820019,-67.5091457246599
usa_NC_0044_0070,01-Jan-1848,2961.14892909066,434650.314533012,3998707.44187133,31-Jan-2016,2898.77830685051,434591.964836272,3998681.14904169,-62.3706222401502
usa_NC_0044_0071,01-Jan-1848,2958.12349143325,434637.369204285,3998756.78539286,31-Jan-2016,2894.07117099625,434577.423741658,3998729.8961476,-64.0523204369997
usa_NC_0044_0072,01-Jan-1848,2958.90693710665,434628.01352917,3998807.60285237,31-Jan-2016,2884.01297409397,434557.903434974,3998776.2529769,-74.8939630126797
usa_NC_0044_0073,01-Jan-1848,2952.10463087381,434611.586556686,3998855.09529541,31-Jan-2016,2875.35115744139,434539.729674763,3998822.99734344,-76.7534734324199
usa_NC_0044_0074,01-Jan-1848,2946.56091366849,434596.338704679,3998903.10994683,31-Jan-2016,2865.41170986779,434520.360127172,3998869.20573234,-81.1492038007
usa_NC_0044_0075,01-Jan-1848,2930.95023542709,434571.665466845,3998946.91794486,31-Jan-2016,2855.15890528407,434500.697397658,3998915.2821557,-75.7913301430199
usa_NC_0044_0076,01-Jan-1848,2911.21422879977,434543.128443155,3998989.00894841,31-Jan-2016,2844.58623668347,434480.735316829,3998961.2242802,-66.6279921163
usa_NC_0044_0077,01-Jan-1848,2889.43954851949,434512.68085227,3999030.2571639,31-Jan-2016,2835.29354054484,434461.972090106,3999007.6989849,-54.1460079746498
usa_NC_0044_0078,01-Jan-1848,2872.63865830142,434487.001977857,3999073.02372446,31-Jan-2016,2827.00170066266,434444.191138549,3999054.36569568,-45.6369576387601
usa_NC_0044_0079,01-Jan-1848,2853.09698782046,434458.531212509,3999115.77490378,31-Jan-2016,2817.5789036527,434425.262256478,3999101.00545678,-35.5180841677602
usa_NC_0044_0080,01-Jan-1848,2841.8867205281,434437.975519491,3999161.43382278,31-Jan-2016,2808.90281575557,434407.077673229,3999147.73115529,-32.98390477253
usa_NC_0044_0081,01-Jan-1848,2829.62330956988,434416.43309346,3999206.65620565,31-Jan-2016,2802.00424451636,434390.558614112,3999195.19316423,-27.61906505352
usa_NC_0044_0082,01-Jan-1848,2821.40337378489,434398.678769974,3999253.55660839,31-Jan-2016,2796.80761871417,434375.634694855,3999243.35804958,-24.5957550707199
usa_NC_0044_0083,01-Jan-1848,2806.13826823312,434374.323541813,3999297.53673118,31-Jan-2016,2785.15200553854,434354.659594338,3999288.84310307,-20.9862626945801
usa_NC_0044_0084,01-Jan-1848,2791.2731136499,434350.341440516,3999341.69066081,31-Jan-2016,2771.16353324601,434331.497260889,3999333.3685881,-20.10958040389
usa_NC_0044_0085,01-Jan-1848,2776.58671773706,434326.482380051,3999386.14110876,31-Jan-2016,2758.13071748648,434309.182205698,3999378.53098607,-18.45600025058
usa_NC_0044_0086,01-Jan-1848,2769.7828916063,434310.012102732,3999433.84250886,31-Jan-2016,2748.39051990027,434289.953052306,3999425.05362406,-21.3923717060297
usa_NC_0044_0087,01-Jan-1848,2766.94750451168,434297.266337291,3999483.15722776,31-Jan-2016,2739.19697332069,434271.237113944,3999471.7976709,-27.7505311909899
usa_NC_0044_0088,01-Jan-1848,2770.8251760176,434290.823834586,3999535.18687241,31-Jan-2016,2731.2388540566,434253.68114066,3999519.04158555,-39.5863219610001
usa_NC_0044_0089,01-Jan-1848,2756.09849189379,434266.928449794,3999579.6134977,31-Jan-2016,2726.17944681896,434238.847347662,3999567.45571406,-29.9190450748301
usa_NC_0044_0090,01-Jan-1848,2741.41258720434,434243.068841413,3999624.06919449,31-Jan-2016,2716.8635043042,434220.020494684,3999614.13019489,-24.5490829001401
usa_NC_0044_0091,01-Jan-1848,2727.28486105989,434219.73096977,3999668.76248291,31-Jan-2016,2703.6087054742,434197.495125252,3999659.21223587,-23.6761555856897
usa_NC_0044_0092,01-Jan-1848,2714.23606445452,434197.404563479,3999713.90013084,31-Jan-2016,2697.50108143247,434181.682643914,3999707.17471299,-16.7349830220501
usa_NC_0044_0093,01-Jan-1848,2701.91815981054,434175.763517628,3999759.33794606,31-Jan-2016,2683.70964574029,434158.651842154,3999752.04750283,-18.2085140702502
usa_NC_0044_0094,01-Jan-1848,2699.02008294763,434162.976606588,3999808.53864769,31-Jan-2016,2674.44094262346,434139.870738157,3999798.73411588,-24.5791403241697
usa_NC_0044_0095,01-Jan-1848,2691.63079555626,434145.970888911,3999855.9318021,31-Jan-2016,2665.18313972145,434121.100633111,3999845.42131322,-26.4476558348101
usa_NC_0044_0096,01-Jan-1848,2681.16494494255,434126.057483152,3999902.17546348,31-Jan-2016,2656.27501976109,434102.642526519,3999892.33169358,-24.8899251814601
usa_NC_0044_0097,01-Jan-1848,2669.53095232832,434105.043304444,3999947.96641524,31-Jan-2016,2649.72893666701,434086.407025707,3999940.1735265,-19.8020156613097
usa_NC_0044_0098,01-Jan-1848,2658.86262108977,434084.937461798,3999994.13978165,31-Jan-2016,2638.56266986762,434065.824643315,3999986.19055718,-20.29995122215
usa_NC_0044_0099,01-Jan-1848,2648.00057451119,434064.649048705,4000040.2382097,31-Jan-2016,2638.28821413981,434055.50087846,4000036.45390247,-9.71236037137987
usa_NC_0044_0100,01-Jan-1848,2637.09714942741,434044.321389151,4000086.32187443,31-Jan-2016,2627.47927740774,434035.258472679,4000082.59312866,-9.6178720196699
usa_NC_0044_0101,01-Jan-1848,2625.85983327558,434023.678686867,4000132.27818164,31-Jan-2016,2622.61995676428,434020.624492418,4000131.02842316,-3.23987651130028
usa_NC_0044_0102,01-Jan-1848,2613.77928053733,434002.240201245,4000177.91358975,31-Jan-2016,2610.53821022728,433999.183621261,4000176.66967705,-3.24107031004996
usa_NC_0044_0103,01-Jan-1848,2604.52815838493,433983.469981985,4000224.63545258,31-Jan-2016,2601.77715612597,433980.87450487,4000223.58497719,-2.75100225895994
usa_NC_0044_0104,01-Jan-1848,2594.41395595045,433963.886136821,4000271.02443868,31-Jan-2016,2594.21738484025,433963.700602305,4000270.94975975,-0.196571110200239
usa_NC_0044_0105,01-Jan-1848,2581.47121281268,433941.643094433,4000316.28612604,31-Jan-2016,2585.20719180774,433945.17053971,4000317.69932448,3.73597899506012
usa_NC_0044_0106,01-Jan-1848,2574.02624449194,433924.594413849,4000363.61012594,31-Jan-2016,2571.4693237237,433922.179421117,4000362.64689694,-2.55692076823971
usa_NC_0044_0107,01-Jan-1848,2567.14108516887,433908.076547732,4000411.13460981,31-Jan-2016,2567.43619742109,433908.355370603,4000411.24532479,0.295112252219951
usa_NC_0044_0108,01-Jan-1848,2561.58729776074,433892.819229424,4000459.14524279,31-Jan-2016,2560.99690874131,433892.261245194,4000458.92466719,-0.590389019429949
usa_NC_0044_0109,01-Jan-1848,2557.65594000042,433879.09879833,4000507.74447659,31-Jan-2016,2550.17561421055,433872.026730127,4000504.96133963,-7.48032578986977
usa_NC_0044_0110,01-Jan-1848,2553.32896913658,433865.004130924,4000556.1975931,31-Jan-2016,2542.59766933046,433854.85519579,4000552.22152523,-10.7312998061198
usa_NC_0044_0111,01-Jan-1848,2544.19053468467,433846.35981267,4000602.86448033,31-Jan-2016,2531.3882638348,433834.248332561,4000598.1409171,-12.8022708498702
usa_NC_0044_0112,01-Jan-1848,2535.15772612361,433827.814669879,4000649.57409798,31-Jan-2016,2527.47429691136,433820.54344951,4000646.75109349,-7.68342921224985
usa_NC_0044_0113,01-Jan-1848,2525.96772018512,433809.120000102,4000696.22977786,31-Jan-2016,2514.04537730908,433797.833594465,4000691.86777742,-11.9223428760401
usa_NC_0044_0114,01-Jan-1848,2516.77252627002,433790.419603704,4000742.88764004,31-Jan-2016,2510.5633867719,433784.539742221,4000740.62551075,-6.20913949812029
usa_NC_0044_0115,01-Jan-1848,2504.45851297388,433768.76400239,4000788.41815499,31-Jan-2016,2499.92366873503,433764.468245671,4000786.77301846,-4.53484423884993
usa_NC_0044_0116,01-Jan-1848,2501.05958390048,433755.553472063,4000837.18280257,31-Jan-2016,2492.08615224107,433747.050370535,4000833.94131149,-8.97343165940993
usa_NC_0044_0117,01-Jan-1848,2496.86173284,433741.58841155,4000885.64625591,31-Jan-2016,2478.51572072902,433724.198320833,4000879.04741171,-18.3460121109802
usa_NC_0044_0118,01-Jan-1848,2488.36574419335,433723.550109887,4000932.5590087,31-Jan-2016,2473.76412823815,433709.704812564,4000927.32950184,-14.6016159552
usa_NC_0044_0119,01-Jan-1848,2481.35345974675,433706.918734518,4000980.00277659,31-Jan-2016,2464.08368066266,433690.538151709,4000973.84432655,-17.2697790840903
usa_NC_0044_0120,01-Jan-1848,2475.96402411405,433691.827681696,4001028.02009273,31-Jan-2016,2456.02478874132,433672.908948844,4001020.94043545,-19.9392353727299
usa_NC_0044_0121,01-Jan-1848,2471.66960672659,433677.78027041,4001076.40285238,31-Jan-2016,2448.36850545526,433655.664564689,4001068.16540371,-23.3011012713296
usa_NC_0044_0122,01-Jan-1848,2466.06681151794,433662.492436506,4001124.31609489,31-Jan-2016,2438.31591254266,433636.144771346,4001114.54826296,-27.7508989752801
usa_NC_0044_0123,01-Jan-1848,2457.54665020432,433644.430392722,4001171.22430155,31-Jan-2016,2430.67752160649,433618.910964377,4001161.81160922,-26.8691285978302
usa_NC_0044_0124,01-Jan-1848,2454.86516413977,433631.912021157,4001220.18646092,31-Jan-2016,2421.86249838598,433600.555669438,4001208.68258302,-33.0026657537901
usa_NC_0044_0125,01-Jan-1848,2444.27304423182,433611.877708814,4001266.39079289,31-Jan-2016,2416.59871302743,433585.574262351,4001256.79242302,-27.67433120439
usa_NC_0044_0126,01-Jan-1848,2438.27362536111,433596.207513212,4001314.19342338,31-Jan-2016,2406.93401677222,433566.40945589,4001303.3783515,-31.3396085888903
usa_NC_0044_0127,01-Jan-1848,2433.22271778466,433581.440024931,4001362.3191147,31-Jan-2016,2396.33710512844,433546.355944429,4001349.65430932,-36.88561265622
usa_NC_0044_0128,01-Jan-1848,2429.0030072696,433567.464600305,4001410.72287841,31-Jan-2016,2387.06319115862,433527.558605004,4001396.39557793,-41.9398161109798
usa_NC_0044_0129,01-Jan-1848,2424.68348436962,433553.395924904,4001459.08393046,31-Jan-2016,2378.97321067151,433509.886447999,4001443.54799086,-45.7102736981101
usa_NC_0044_0130,01-Jan-1848,2418.80138882991,433537.841053451,4001506.90817294,31-Jan-2016,2373.47541253727,433494.681645508,4001491.58154559,-45.32597629264
usa_NC_0044_0131,01-Jan-1848,2413.44812118011,433522.790512292,4001554.90732996,31-Jan-2016,2361.8744671655,433473.664182742,4001537.55758227,-51.5736540146099
usa_NC_0044_0132,01-Jan-1848,2406.30065486504,433506.031253536,4001602.30119934,31-Jan-2016,2364.41766342906,433466.121223181,4001588.28408562,-41.8829914359799
usa_NC_0044_0133,01-Jan-1848,2400.4395006153,433490.497881291,4001650.12472162,31-Jan-2016,2357.95207160029,433449.997169108,4001635.97896916,-42.4874290150101
usa_NC_0044_0134,01-Jan-1848,2394.93501427997,433475.305907622,4001698.05994418,31-Jan-2016,2349.26751640317,433431.758224663,4001682.93350015,-45.6674978768001
usa_NC_0044_0135,01-Jan-1848,2397.53498540611,433467.875941161,4001748.51072747,31-Jan-2016,2342.0553270871,433414.964249741,4001730.17080077,-55.47965831901
usa_NC_0044_0136,01-Jan-1848,2395.02353351886,433455.635419261,4001796.95016012,31-Jan-2016,2336.24157290626,433399.525601453,4001777.76218613,-58.7819606126
usa_NC_0044_0137,01-Jan-1848,2389.27566449354,433440.183546005,4001844.94396043,31-Jan-2016,2329.62427604105,433383.277502353,4001825.30363976,-59.6513884524898
usa_NC_0044_0138,01-Jan-1848,2373.17077200155,433414.912696348,4001889.22050364,31-Jan-2016,2329.66694494781,433373.405321203,4001874.92547623,-43.5038270537402
usa_NC_0044_0139,01-Jan-1848,2356.96142743463,433389.53970011,4001933.47517537,31-Jan-2016,2319.10278961708,433353.413462884,4001921.06006426,-37.8586378175501
usa_NC_0044_0140,01-Jan-1848,2345.70045254084,433368.886789282,4001979.36183209,31-Jan-2016,2315.27209717225,433339.846820579,4001969.40340763,-30.42835536859
usa_NC_0045_0001,01-Jan-1848,2335.14140540418,433348.902673606,4002025.48374173,31-Jan-2016,2299.65504789631,433315.030817916,4002013.89334087,-35.4863575078703
usa_NC_0045_0002,01-Jan-1848,2328.27334200198,433332.441089265,4002072.81381632,31-Jan-2016,2293.97346255975,433299.697216758,4002061.63352951,-34.2998794422301
usa_NC_0045_0003,01-Jan-1848,2321.0150800678,433315.606916166,4002120.01716086,31-Jan-2016,2279.17747115162,433275.661755509,4002106.40745329,-41.8376089161802
usa_NC_0045_0004,01-Jan-1848,2314.33723858862,433299.326840939,4002167.40965714,31-Jan-2016,2275.17304299799,433261.929014169,4002154.69539142,-39.1641955906302
usa_NC_0045_0005,01-Jan-1848,2310.61071113948,433285.865365409,4002215.75829276,31-Jan-2016,2270.55070908585,433247.606869463,4002202.77956063,-40.0600020536299
usa_NC_0045_0006,01-Jan-1848,2309.45009963364,433274.868703606,4002264.86673966,31-Jan-2016,2257.19196052726,433224.958100337,4002247.94865226,-52.25813910638
usa_NC_0045_0007,01-Jan-1848,2305.0819313519,433260.81016418,4002312.92881512,31-Jan-2016,2248.06252262331,433206.349858071,4002294.48091393,-57.01940872859
usa_NC_0045_0008,01-Jan-1848,2295.77020010731,433242.029912427,4002359.39157742,31-Jan-2016,2240.63345270766,433189.36553628,4002341.56397284,-55.1367473996497
usa_NC_0045_0009,01-Jan-1848,2285.89423825834,433222.710455956,4002405.67327886,31-Jan-2016,2233.92945636069,433173.073705188,4002388.8818235,-51.96478189765
usa_NC_0045_0010,01-Jan-1848,2282.06843692264,433209.170059798,4002453.91023755,31-Jan-2016,2224.54864998965,433154.224836965,4002435.33545659,-57.51978693299
usa_NC_0045_0011,01-Jan-1848,2273.91342596348,433191.494244038,4002500.7490897,31-Jan-2016,2224.92114583705,433144.692854828,4002484.93801864,-48.9922801264302
usa_NC_0045_0012,01-Jan-1848,2264.11147003324,433172.244909695,4002547.05754884,31-Jan-2016,2214.12613023793,433124.492844416,4002530.9361264,-49.9853397953102
usa_NC_0045_0013,01-Jan-1848,2256.38280581486,433154.976026324,4002594.03573812,31-Jan-2016,2212.34694657481,433112.905842928,4002579.84208923,-44.0358592400503
usa_NC_0045_0014,01-Jan-1848,2250.60905907739,433139.574751173,4002641.64426466,31-Jan-2016,2201.11701002503,433092.289924719,4002625.7020193,-49.49204905236
usa_NC_0045_0015,01-Jan-1848,2243.1048417354,433122.52014633,4002688.69554574,31-Jan-2016,2197.08297709649,433078.548880559,4002673.88042554,-46.0218646389098
usa_NC_0045_0016,01-Jan-1848,2234.25427241137,433104.179224231,4002735.31318975,31-Jan-2016,2188.62799070187,433060.584119476,4002720.63440093,-45.6262817094998
usa_NC_0045_0017,01-Jan-1848,2226.77531879853,433087.148701395,4002782.37288406,31-Jan-2016,2179.46165190638,433041.939470368,4002767.16053941,-47.3136668921497
usa_NC_0045_0018,01-Jan-1848,2224.2104870301,433074.813821377,4002831.01210601,31-Jan-2016,2177.88755072815,433030.549433403,4002816.12741732,-46.32293630195
usa_NC_0045_0019,01-Jan-1848,2220.63626511742,433061.514653388,4002879.32575616,31-Jan-2016,2170.34435712697,433013.455693889,4002863.17563505,-50.29190799045
usa_NC_0045_0020,01-Jul-1848,2213.63614836596,433044.941769582,4002926.5389059,31-Jan-2016,2163.93816039557,432997.448407842,4002910.58927924,-49.6979879703899
usa_NC_0045_0021,01-Jul-1848,2206.62544592554,433028.358707267,4002973.74897067,31-Jan-2016,2164.16781417712,432987.782847433,4002960.13134978,-42.4576317484202
usa_NC_0045_0022,01-Jan-1849,2198.47417523621,433010.685519705,4003020.59375809,31-Jan-2016,2154.4282364189,432968.590016571,4003006.47537943,-44.0459388173103
usa_NC_0045_0023,01-Jan-1849,2188.82193886057,432991.577617931,4003066.95850085,31-Jan-2016,2153.00891680381,432957.349057248,4003055.48611515,-35.81302205676
usa_NC_0045_0024,01-Jan-1849,2175.47799867227,432968.94092845,4003112.14271311,31-Jan-2016,2143.83079638753,432938.692636384,4003102.01103866,-31.6472022847402
usa_NC_0045_0025,01-Jan-1849,2165.59543554605,432949.612186753,4003158.43719294,31-Jan-2016,2134.93954232513,432920.310179144,4003148.62891327,-30.65589322092
usa_NC_0045_0026,01-Jan-1849,2163.28318307719,432937.519427076,4003207.15374427,31-Jan-2016,2131.63440064773,432907.267136808,4003197.03401435,-31.64878242946
usa_NC_0045_0027,01-Jan-1849,2156.44587748153,432921.101408793,4003254.42276459,31-Jan-2016,2123.01043886599,432889.139985815,4003243.73831602,-33.4354386155396
usa_NC_0045_0028,01-Jan-1849,2152.87243647063,432907.803448369,4003302.73435682,31-Jan-2016,2121.81738250022,432878.116246132,4003292.81669463,-31.05505397041
usa_NC_0045_0029,01-Jan-1849,2154.35739316784,432899.341482268,4003352.65938951,31-Jan-2016,2116.25695838801,432862.917726485,4003340.49920799,-38.1004347798303
usa_NC_0045_0030,01-Jan-1849,2146.92305888133,432882.352991189,4003399.73644739,31-Jan-2016,2114.17968602392,432851.04926315,4003389.29247253,-32.7433728574097
usa_NC_0045_0031,01-Jan-1849,2133.03735259537,432859.196427317,4003444.75750592,31-Jan-2016,2106.34588243028,432833.677466565,4003436.24911935,-26.6914701650899
usa_NC_0045_0032,01-Jan-1849,2129.8056085658,432846.225634327,4003493.1756151,31-Jan-2016,2103.01425060901,432820.610119287,4003484.64066406,-26.7913579567899
usa_NC_0045_0033,01-Jan-1849,2112.14872448518,432819.467183618,4003536.97637826,31-Jan-2016,2098.75292673961,432806.659123465,4003532.70981113,-13.3957977455702
usa_NC_0045_0034,01-Jan-1849,2103.62918143187,432801.447886585,4003583.67381938,31-Jan-2016,2095.59170923148,432793.763066923,4003581.11382978,-8.03747220039031
usa_NC_0045_0035,01-Jan-1849,2100.21096651826,432788.30609161,4003631.99606798,31-Jan-2016,2090.68508092099,432779.198176006,4003628.96194976,-9.52588559727019
usa_NC_0045_0036,01-Jan-1940,2078.49931488209,432757.673544525,4003674.49152802,31-Jan-2016,2085.74295152087,432764.599341246,4003676.79876441,7.24363663878012
usa_NC_0045_0037,01-Jan-1940,2068.46474237655,432738.205723896,4003720.70626007,31-Jan-2016,2083.5473722825,432752.626533468,4003725.51045108,15.0826299059499
usa_NC_0045_0038,01-Jan-1940,2069.56747060258,432729.386501227,4003770.46850839,31-Jan-2016,2078.89487885312,432738.304614063,4003773.43957948,9.32740825053997
usa_NC_0045_0039,01-Jan-1940,2062.58412976643,432712.836023383,4003817.65514299,31-Jan-2016,2070.22466109316,432720.141272728,4003820.08893263,7.64053132673007
usa_NC_0045_0040,01-Jan-1940,2059.65671671501,432700.163488908,4003866.13374993,31-Jan-2016,2069.0833388395,432709.176439935,4003869.13653427,9.42662212448977
usa_NC_0045_0041,01-Jan-1940,2048.71947921677,432679.832628143,4003912.06087954,31-Jan-2016,2063.8020634182,432694.253321254,4003916.86542012,15.0825842014297
usa_NC_0045_0042,01-Jan-1940,2045.34580049932,432666.733407509,4003960.39735217,31-Jan-2016,2057.84845990367,432678.687379983,4003964.38013287,12.5026594043502
usa_NC_0045_0043,01-Jan-1940,2039.94053572202,432651.69175276,4004008.08668089,31-Jan-2016,2052.74086681666,432663.930316425,4004012.16437134,12.8003310946399
usa_NC_0045_0044,01-Jan-1940,2033.69484565293,432635.84655585,4004055.50828546,31-Jan-2016,2045.20521217912,432646.851753669,4004059.17511256,11.51036652619
usa_NC_0045_0045,01-Jan-1940,2031.20969549407,432623.596850602,4004104.12790084,31-Jan-2016,2039.94169159873,432631.945605851,4004106.9096783,8.73199610465986
usa_NC_0045_0046,01-Jan-1940,2019.15594941768,432602.198511054,4004149.69920565,31-Jan-2016,2029.2771190143,432611.875457733,4004152.92359753,10.1211695966201
usa_NC_0045_0047,01-Jan-1940,2012.5082586115,432585.968960029,4004196.99272812,31-Jan-2016,2027.09463901825,432599.915119687,4004201.63973047,14.5863804067501
usa_NC_0045_0048,01-Jan-1940,2004.80187586597,432568.69295195,4004244.12028134,31-Jan-2016,2024.64938550571,432587.672664912,4004250.42666667,19.8475096397399
usa_NC_0045_0049,01-Jan-1940,1999.0259235565,432553.259193429,4004291.88011109,31-Jan-2016,2014.31027770667,432567.878115843,4004296.72233242,15.28435415017
usa_NC_0045_0050,01-Jan-1940,1994.18491714231,432538.720020329,4004339.93441828,31-Jan-2016,2008.47842455038,432552.393897578,4004344.44940233,14.2935074080699
usa_NC_0045_0051,01-Jan-1940,1990.35683003156,432525.150561692,4004388.30515145,31-Jan-2016,2003.36143565213,432537.593834739,4004392.40087555,13.0046056205699
usa_NC_0045_0052,01-Jan-1940,1983.99189110382,432509.154174434,4004435.87480533,31-Jan-2016,1990.14743972324,432515.045170816,4004437.80772064,6.15554861941996
usa_NC_0045_0053,01-Jan-1940,1976.36271809113,432491.947600091,4004483.04891125,31-Jan-2016,1976.462012289,432492.04264533,4004483.07999827,0.0992941978699946
usa_NC_0045_0054,01-Jan-1940,1972.27687786857,432478.132872156,4004531.33167005,31-Jan-2016,1965.02759342125,432471.192446555,4004529.06881953,-7.24928444731995
usa_NC_0045_0055,01-Jan-1851,1935.93861891519,432433.434648394,4004569.57294524,31-Jan-2016,1955.00733856363,432451.694486912,4004575.50744583,19.0687196484398
usa_NC_0045_0056,01-Jan-1851,1933.84578936495,432421.524351803,4004618.49616591,31-Jan-2016,1948.74486136274,432435.794190028,4004623.11912136,14.8990719977901
usa_NC_0045_0057,01-Jan-1851,1933.37079116228,432411.165402565,4004667.91215692,31-Jan-2016,1940.52312399485,432418.01700144,4004670.12475558,7.15233283256998
usa_NC_0045_0058,01-Jan-1851,1931.28105856762,432399.261455978,4004716.81940451,31-Jan-2016,1938.03676847322,432405.734365397,4004718.90301764,6.75570990560004
usa_NC_0045_0059,01-Jan-1851,1923.75198765678,432382.146393556,4004764.04640248,31-Jan-2016,1934.78087130991,432392.715649709,4004767.43768902,11.0288836531299
usa_NC_0045_0060,01-Jan-1851,1923.65737945548,432372.156866184,4004813.55491589,31-Jan-2016,1933.99184468184,432382.062565492,4004816.72305749,10.33446522636
usa_NC_0045_0061,01-Jan-1851,1917.00803193631,432355.885609766,4004861.04869301,31-Jan-2016,1927.54234581531,432365.984825333,4004864.26829624,10.5343138789999
usa_NC_0045_0062,01-Jan-1851,1913.53786537591,432342.662658614,4004909.51195218,31-Jan-2016,1920.49521406262,432349.333942038,4004911.63185253,6.95734868671002
usa_NC_0045_0063,01-Jan-1851,1905.77807808963,432325.326693798,4004956.66701148,31-Jan-2016,1910.84752809186,432330.188645454,4004958.20695501,5.06945000223004
usa_NC_0045_0064,01-Jan-1851,1911.17746217024,432320.613157211,4005007.81003205,31-Jan-2016,1904.51691313887,432314.22399417,4005005.79295604,-6.66054903137001
usa_NC_0045_0065,01-Jan-1851,1903.20434429855,432303.073817912,4005054.8941615,31-Jan-2016,1896.04601115258,432296.205822724,4005052.73299467,-7.15833314597012
usa_NC_0045_0066,01-Jan-1851,1905.13037944051,432295.033095122,4005104.96209456,31-Jan-2016,1889.12192685421,432279.670943256,4005100.14397355,-16.0084525863001
usa_NC_0045_0067,01-Jan-1851,1909.02230199281,432288.882308648,4005155.60460966,31-Jan-2016,1881.07927335128,432262.062185466,4005147.2206373,-27.94302864153
usa_NC_0045_0068,01-Jan-1851,1906.71255714106,432276.781694166,4005204.37326651,31-Jan-2016,1876.97661965004,432248.235153087,4005195.47916777,-29.73593749102
usa_NC_0045_0069,01-Jan-1851,1900.90010118067,432261.319280899,4005252.09020593,31-Jan-2016,1868.17739270009,432229.899320659,4005242.33335713,-32.72270848058
usa_NC_0045_0070,01-Jan-1851,1905.06589646931,432255.439889424,4005302.77221606,31-Jan-2016,1864.28284466031,432216.272860612,4005290.65017605,-40.783051809
usa_NC_0045_0071,01-Jan-1851,1898.45395661101,432239.21169716,4005350.24138689,31-Jan-2016,1859.05967737232,432201.371053768,4005338.56895323,-39.3942792386899
usa_NC_0045_0072,01-Jan-1851,1893.33386462807,432224.416651079,4005398.15191838,31-Jan-2016,1851.74701813747,432184.462142935,4005385.86870712,-41.5868464906
usa_NC_0045_0073,01-Jan-1851,1894.0900598925,432215.26839297,4005447.79231845,31-Jan-2016,1842.44980194386,432165.645440161,4005432.58795873,-51.6402579486401
usa_NC_0045_0074,01-Jan-1851,1895.6092281655,432206.855181124,4005497.64795885,31-Jan-2016,1837.79454868497,432151.288214906,4005480.67968654,-57.81467948053
usa_NC_0045_0075,01-Jan-1851,1888.03249988399,432189.700018901,4005544.83242095,31-Jan-2016,1830.21242050774,432134.117068872,4005527.91658027,-57.8200793762501
usa_NC_0045_0076,01-Jan-1851,1893.05944044027,432184.661844488,4005595.69935638,31-Jan-2016,1823.78836081485,432118.058019963,4005575.49810496,-69.27107962542
usa_NC_0045_0077,01-Jan-1851,1890.74408054188,432172.566036191,4005644.41530597,31-Jan-2016,1817.88334131627,432102.497175722,4005623.23524948,-72.8607392256101
usa_NC_0045_0078,01-Jan-1851,1887.92150265133,432159.982934822,4005692.98136237,31-Jan-2016,1807.58823898441,432082.712896255,4005669.70409578,-80.3332636669199
usa_NC_0045_0079,01-Jan-1851,1885.51792545654,432147.803328076,4005741.66647064,31-Jan-2016,1801.39437791238,432066.871844939,4005717.3694536,-84.1235475441601
usa_NC_0045_0080,01-Jan-1851,1890.92732916279,432143.14224655,4005792.59811973,31-Jan-2016,1793.95263113969,432049.829163287,4005764.67987315,-96.9746980231
usa_NC_0045_0081,01-Jan-1851,1891.89431440976,432134.209121038,4005842.23764216,31-Jan-2016,1788.23975177804,432034.449068279,4005812.49303133,-103.65456263172
usa_NC_0045_0082,01-Jan-1851,1886.8046161959,432119.447551431,4005890.13575364,31-Jan-2016,1784.43557578302,432020.905638775,4005860.85553079,-102.36904041288
usa_NC_0045_0083,01-Jan-1851,1882.17051853812,432105.13014644,4005938.13616952,31-Jan-2016,1780.79064934658,432007.526091492,4005909.21060198,-101.37986919154
usa_NC_0045_0084,01-Jan-1851,1877.87924097972,432091.176583441,4005986.06530079,31-Jan-2016,1776.80346216035,431993.876808971,4005957.16886696,-101.07577881937
usa_NC_0045_0085,01-Jan-1851,1875.80469794289,432079.356788339,4006034.6289399,31-Jan-2016,1772.44401522973,431979.86924624,4006005.02034373,-103.36068271316
usa_NC_0045_0086,01-Jan-1851,1877.12162908853,432070.8005904,4006084.16805772,31-Jan-2016,1763.4110343035,431961.363928594,4006051.52978184,-113.71059478503
usa_NC_0045_0087,01-Jan-1851,1861.49106772257,432045.934641538,4006128.83898404,31-Jan-2016,1752.76488772297,431941.307443774,4006097.5693584,-108.7261799996
usa_NC_0045_0088,01-Jan-1851,1851.62205320638,432026.615057841,4006175.15677656,31-Jan-2016,1746.38637704233,431925.358769527,4006144.83097769,-105.23567616405
usa_NC_0045_0089,01-Jan-1851,1845.55883087376,432010.958292308,4006222.56658922,31-Jan-2016,1738.73599442466,431908.187038877,4006191.72247361,-106.8228364491
usa_NC_0045_0090,01-Jan-1851,1842.80014682588,431998.480855833,4006270.92992899,31-Jan-2016,1735.18675964788,431894.961308284,4006239.79613264,-107.613387178
usa_NC_0045_0091,01-Jan-1851,1841.80694220505,431987.70128833,4006319.80628383,31-Jan-2016,1727.7290986867,431877.976217134,4006286.73713279,-114.07784351835
usa_NC_0045_0092,01-Jan-1851,1839.18771008055,431975.357265561,4006368.21363773,31-Jan-2016,1722.92633461696,431863.545241192,4006334.44514344,-116.26137546359
usa_NC_0045_0093,01-Jan-1851,1834.48086492699,431961.005484253,4006416.01483264,31-Jan-2016,1717.23063859827,431848.255829076,4006381.89218243,-117.25022632872
usa_NC_0045_0094,01-Jan-1851,1831.99215606657,431948.786636053,4006464.46186668,31-Jan-2016,1705.29337495433,431826.965561856,4006427.51709869,-126.69878111224
usa_NC_0045_0095,01-Jan-1851,1831.6960847591,431938.675450909,4006513.55107268,31-Jan-2016,1696.54507555739,431808.742970794,4006474.06448495,-135.15100920171
usa_NC_0045_0096,01-Jan-1851,1822.38876925719,431919.901187028,4006560.00640432,31-Jan-2016,1695.40578210451,431797.835835766,4006522.833699,-126.98298715268
usa_NC_0045_0097,01-Jan-1851,1811.74235577217,431899.841082049,4006606.06273542,31-Jan-2016,1683.77151361745,431776.840742535,4006568.52773203,-127.97084215472
usa_NC_0045_0098,01-Jan-1851,1806.19649519474,431884.709831362,4006653.48293197,31-Jan-2016,1672.47316240707,431756.218296201,4006614.07119017,-133.72333278767
usa_NC_0045_0099,01-Jan-1851,1801.39212779738,431870.294522517,4006701.10435634,31-Jan-2016,1664.60551644034,431738.900736474,4006660.58370742,-136.78661135704
usa_NC_0045_0100,01-Jan-1851,1796.61610817932,431855.907014804,4006748.73132091,31-Jan-2016,1654.97711505282,431719.894810086,4006706.55976453,-141.6389931265
usa_NC_0046_0001,01-Jan-1851,1789.16627119532,431838.953284027,4006795.5553102,31-Jan-2016,1645.5608062596,431701.095992032,4006752.58174805,-143.60546493572
usa_NC_0046_0002,01-Jan-1851,1781.29093631646,431821.593393622,4006842.24042709,31-Jan-2016,1637.60920976187,431683.706193475,4006799.02734996,-143.68172655459
usa_NC_0046_0003,01-Jan-1851,1773.35808283922,431804.180754235,4006888.89598445,31-Jan-2016,1630.89288804307,431667.503976268,4006845.83383907,-142.46519479615
usa_NC_0046_0004,01-Jan-1851,1764.92299933124,431786.288915244,4006935.386601,31-Jan-2016,1622.6802636802,431649.868457784,4006892.17700963,-142.24273565104
usa_NC_0046_0005,01-Jan-1851,1756.48466374179,431768.396731418,4006981.86234686,31-Jan-2016,1611.68189285767,431629.564713605,4006937.65645551,-144.80277088412
usa_NC_0046_0006,01-Jan-1851,1748.30627475319,431750.756478761,4007028.40392266,31-Jan-2016,1598.7585995382,431607.420338187,4006982.52363489,-149.54767521499
usa_NC_0046_0007,01-Jan-1851,1740.26340400016,431733.248697125,4007074.97415531,31-Jan-2016,1593.9208141819,431593.028699466,4007029.85606297,-146.34258981826
usa_NC_0046_0008,01-Jan-1851,1734.98022759,431718.38683606,4007122.38678383,31-Jan-2016,1588.46464582291,431578.045334791,4007076.9939097,-146.51558176709
usa_NC_0046_0009,01-Jan-1851,1731.19400881825,431704.95781762,4007170.26836882,31-Jan-2016,1579.54009788153,431559.740333161,4007123.05425856,-151.65391093672
usa_NC_0046_0010,01-Jan-1851,1727.45954478965,431691.576032075,4007218.17770316,31-Jan-2016,1578.41467216995,431548.901899018,4007171.55043907,-149.0448726197
usa_NC_0046_0011,01-Jan-1851,1721.27397412014,431675.84631137,4007265.32822948,31-Jan-2016,1574.24187548053,431535.143372252,4007219.10818054,-147.03209863961
usa_NC_0046_0012,01-Jan-1851,1712.92099106863,431658.042270423,4007311.79845575,31-Jan-2016,1567.80201598646,431519.21399244,4007265.96016136,-145.11897508217
usa_NC_0046_0013,01-Jan-1851,1704.5248026429,431640.197361151,4007358.25271204,31-Jan-2016,1566.97538004932,431508.652123278,4007314.59712371,-137.54942259358
usa_NC_0046_0014,01-Jan-1851,1695.56602134315,431621.815064003,4007404.52517318,31-Jan-2016,1559.53101082408,431491.759303007,4007361.14419772,-136.03501051907
usa_NC_0046_0015,01-Jan-1851,1685.55989628358,431602.432591479,4007450.4579675,31-Jan-2016,1550.84063758915,431473.675539591,4007407.29245361,-134.71925869443
usa_NC_0046_0016,01-Jan-1851,1676.25925235015,431583.725619164,4007496.61059407,31-Jan-2016,1537.10283316209,431450.769926648,4007451.81244871,-139.15641918806
usa_NC_0046_0017,01-Jan-1851,1675.33460979537,431573.019905968,4007545.46724773,31-Jan-2016,1527.6773132989,431431.986867417,4007497.70856227,-147.65729649647
usa_NC_0046_0018,01-Jan-1851,1674.49848704358,431562.394663121,4007594.37294154,31-Jan-2016,1517.45171365875,431412.440979371,4007543.33910247,-157.04677338483
usa_NC_0046_0019,01-Jan-1851,1670.704656203,431548.942091959,4007642.33354642,31-Jan-2016,1512.99560221581,431398.403855993,4007590.84520296,-157.70905398719
usa_NC_0046_0020,01-Jan-1851,1659.74518375578,431528.649546321,4007687.95546101,31-Jan-2016,1497.70758661945,431374.028725256,4007634.80800864,-162.03759713633
usa_NC_0046_0021,01-Jan-1851,1648.92523191079,431508.492126257,4007733.61317339,31-Jan-2016,1490.09172286648,431356.97692737,4007681.27547659,-158.83350904431
usa_NC_0046_0022,01-Jan-1851,1638.11137144864,431488.368589876,4007779.13240537,31-Jan-2016,1480.12000452626,431337.728608283,4007726.71250509,-157.99136692238
usa_NC_0046_0023,01-Jan-1851,1627.26211996014,431468.215772453,4007824.6175593,31-Jan-2016,1473.87700145603,431322.038849125,4007773.36995364,-153.38511850411
usa_NC_0046_0024,01-Jan-1851,1619.29875193664,431450.814910151,4007871.05845459,31-Jan-2016,1460.42081376267,431299.477034048,4007817.60663276,-158.87793817397
usa_NC_0046_0025,01-Jan-1851,1611.90449275602,431433.956236957,4007917.69037088,31-Jan-2016,1452.88191135792,431282.554433787,4007863.82030501,-159.0225813981
usa_NC_0046_0026,01-Jan-1851,1604.35086919116,431416.945733986,4007964.26881451,31-Jan-2016,1447.26200358839,431267.457976113,4007910.68849867,-157.08886560277
usa_NC_0046_0027,01-Jan-1851,1596.87244156628,431400.006727157,4008010.87321281,31-Jan-2016,1435.28910926605,431246.31711057,4007955.38391876,-161.58333230023
usa_NC_0046_0028,01-Jan-1851,1588.34523039365,431382.070561246,4008057.11550194,31-Jan-2016,1425.33593158916,431227.100485757,4008000.75695598,-163.00929880449
usa_NC_0046_0029,01-Jan-1851,1579.94512181229,431364.256052037,4008103.3976192,31-Jan-2016,1419.2668693355,431211.576869031,4008047.47063934,-160.67825247679
usa_NC_0046_0030,01-Jan-1851,1571.02169026154,431345.945274702,4008149.49256913,31-Jan-2016,1415.43961141201,431198.181042372,4008094.97668481,-155.58207884953
usa_NC_0046_0031,01-Jan-1851,1562.18261363227,431327.715825012,4008195.61101432,31-Jan-2016,1408.92897483394,431182.234474698,4008141.55348283,-153.25363879833
usa_NC_0046_0032,01-Jan-1851,1553.2910879036,431309.437784887,4008241.70496026,31-Jan-2016,1394.46829951594,431158.743808363,4008185.31227067,-158.82278838766
usa_NC_0046_0033,01-Jan-1851,1544.36423992195,431291.119120953,4008287.82194258,31-Jan-2016,1392.00961734845,431146.626395216,4008233.40492126,-152.3546225735
usa_NC_0046_0034,01-Jan-1851,1536.30274885683,431273.57445274,4008334.48174426,31-Jan-2016,1380.81105957722,431126.131624829,4008278.81871795,-155.49168927961
usa_NC_0046_0035,01-Jan-1851,1528.31379932819,431256.098703065,4008381.16685363,31-Jan-2016,1372.3495055542,431108.232900244,4008325.20870538,-155.96429377399
usa_NC_0046_0036,01-Jan-1851,1520.22470783832,431238.528147446,4008427.81535208,31-Jan-2016,1365.16894799896,431091.548732336,4008372.0579173,-155.05575983936
usa_NC_0046_0037,01-Jan-1851,1512.93930826598,431221.719449615,4008474.75271713,31-Jan-2016,1358.39744980001,431075.252117408,4008419.0552253,-154.54185846597
usa_NC_0046_0038,01-Jan-1851,1506.14012806354,431205.37138012,4008521.86625321,31-Jan-2016,1350.13995171079,431057.547119676,4008465.51709152,-156.00017635275
usa_NC_0046_0039,01-Jan-1851,1499.24790768798,431188.934898633,4008568.94742325,31-Jan-2016,1336.66291293011,431034.897190796,4008510.08831551,-162.58499475787
usa_NC_0046_0040,01-Jan-1851,1493.10113253543,431173.204319058,4008616.30023316,31-Jan-2016,1331.22834131545,431019.867533478,4008557.56804277,-161.87279121998
usa_NC_0046_0041,01-Jan-1851,1487.50991598269,431157.999439841,4008663.85742887,31-Jan-2016,1319.74510275533,430999.108450471,4008602.85174473,-167.76481322736
usa_NC_0046_0042,01-Jan-1851,1482.05036020471,431142.918580759,4008711.46588701,31-Jan-2016,1315.09704143234,430984.823155508,4008650.62020914,-166.95331877237
usa_NC_0046_0043,01-Jan-1851,1476.74716800751,431127.985070856,4008759.13492635,31-Jan-2016,1306.36792517184,430966.673043044,4008696.90278287,-170.37924283567
usa_NC_0046_0044,01-Jan-1851,1471.64779935715,431113.243751019,4008806.8823492,31-Jan-2016,1300.7995482663,430951.515312912,4008744.34058469,-170.84825109085
usa_NC_0046_0045,01-Jan-1851,1464.95014022915,431096.988904499,4008854.04745603,31-Jan-2016,1290.38214197629,430931.767524048,4008790.00266356,-174.56799825286
usa_NC_0046_0046,01-Jan-1851,1454.99492051382,431077.651140728,4008900.01629671,31-Jan-2016,1283.99740086743,430915.836749728,4008837.14290914,-170.99751964639
usa_NC_0046_0047,01-Jan-1851,1443.22589344215,431056.597744908,4008945.31438308,31-Jan-2016,1277.17678331448,430899.492901646,4008884.12591828,-166.04911012767
usa_NC_0046_0048,01-Jan-1851,1428.85937500769,431033.087897955,4008989.64966951,31-Jan-2016,1270.21921956557,430883.018616572,4008931.06280422,-158.64015544212
usa_NC_0046_0049,01-Jan-1851,1414.49850919461,431009.584945462,4009033.97930057,31-Jan-2016,1266.90830548283,430869.992528962,4008979.35359915,-147.59020371178
usa_NC_0046_0050,01-Jan-1851,1413.15090103401,430998.389512278,4009083.12817215,31-Jan-2016,1257.90304182092,430851.579559331,4009025.54234302,-155.24785921309
usa_NC_0046_0051,01-Jan-1851,1409.0616591575,430984.599230676,4009131.27123266,31-Jan-2016,1247.24118136975,430831.600118847,4009071.11616821,-161.82047778775
usa_NC_0046_0052,01-Jan-1851,1402.40124275857,430968.376571294,4009178.46532416,31-Jan-2016,1242.86765342977,430817.565546987,4009119.03094902,-159.5335893288
usa_NC_0046_0053,01-Jan-1851,1390.69887189319,430947.376660074,4009223.83592076,31-Jan-2016,1230.98243249031,430796.408470403,4009164.25491953,-159.71643940288
usa_NC_0046_0054,01-Jan-1851,1380.45498636872,430927.74494719,4009269.80264203,31-Jan-2016,1221.72765958088,430777.717327068,4009210.56242595,-158.72732678784
usa_NC_0046_0055,01-Jan-1851,1371.44914259445,430909.283422279,4009316.23141418,31-Jan-2016,1219.02457418085,430765.218522462,4009259.31643688,-152.4245684136
usa_NC_0046_0056,01-Jan-1851,1362.34855255183,430890.732306872,4009362.62501123,31-Jan-2016,1209.14163308916,430745.933401019,4009305.39069579,-153.20691946267
usa_NC_0046_0057,01-Jan-1851,1353.31427133744,430872.243823957,4009409.04356628,31-Jan-2016,1203.45767351504,430730.61669244,4009353.03423118,-149.8565978224
usa_NC_0046_0058,01-Jan-1851,1342.62365930454,430852.189986089,4009454.84297558,31-Jan-2016,1195.72360632059,430713.362254737,4009399.91255589,-146.90005298395
usa_NC_0046_0059,01-Jan-1851,1332.09320723291,430832.287578874,4009500.70191498,31-Jan-2016,1190.51086071423,430698.490366808,4009447.7347927,-141.58234651868
usa_NC_0046_0060,01-Jan-1851,1321.42544798839,430812.255483556,4009546.50914127,31-Jan-2016,1183.97984013028,430682.372426839,4009495.06517586,-137.44560785811
usa_NC_0046_0061,01-Jan-1851,1311.2488420726,430792.687576823,4009592.4999013,31-Jan-2016,1177.84132822507,430666.625166118,4009542.54363435,-133.40751384753
usa_NC_0046_0062,01-Jan-1851,1301.4761921572,430773.501410686,4009638.64180076,31-Jan-2016,1170.82758033247,430650.050643622,4009589.6954208,-130.64861182473
usa_NC_0046_0063,01-Jan-1851,1292.29529473568,430754.874386966,4009685.00543806,31-Jan-2016,1164.79891797545,430634.40671454,4009637.21736527,-127.49637676023
usa_NC_0046_0064,01-Jan-1851,1284.65350703794,430737.701538455,4009731.94639069,31-Jan-2016,1154.89861808634,430615.104472465,4009683.28871493,-129.7548889516
usa_NC_0046_0065,01-Jan-1851,1272.2222952554,430716.003500651,4009777.09117368,31-Jan-2016,1146.70149660776,430597.411412891,4009729.9989586,-125.52079864764
usa_NC_0046_0066,01-Jan-1851,1257.6361494438,430692.269757715,4009821.42609306,31-Jan-2016,1138.90672582951,430580.098380535,4009776.86072375,-118.72942361429
usa_NC_0046_0067,01-Jan-1851,1246.34892275354,430671.652954546,4009866.99808255,31-Jan-2016,1132.83661310839,430564.414553483,4009824.37079859,-113.51230964515
usa_NC_0046_0068,01-Jan-1851,1238.32089483583,430654.115214123,4009913.79398773,31-Jan-2016,1127.56634391636,430549.486084198,4009872.18262905,-110.75455091947
usa_NC_0046_0069,01-Jan-1851,1230.19804899395,430636.487791952,4009960.55480879,31-Jan-2016,1119.34870250637,430531.773046801,4009918.88812968,-110.84934648758
usa_NC_0046_0070,01-Jan-1851,1222.13481167378,430618.916572912,4010007.33856904,31-Jan-2016,1113.55119124057,430516.346020065,4009966.50424905,-108.58362043321
usa_NC_0046_0071,01-Jan-1851,1211.55929697915,430598.972177847,4010053.17766287,31-Jan-2016,1105.73302002413,430499.010034323,4010013.36146187,-105.82627695502
usa_NC_0046_0072,01-Jan-1851,1199.63740979801,430577.728805981,4010098.64636809,31-Jan-2016,1098.42282310569,430482.110850906,4010060.6251021,-101.21458669232
usa_NC_0046_0073,01-Jan-1851,1187.74730083762,430556.513352188,4010144.13753489,31-Jan-2016,1090.35768135555,430464.496515057,4010107.61491609,-97.38961948207
usa_NC_0046_0074,01-Jan-1851,1176.6411838789,430536.038166104,4010189.92507837,31-Jan-2016,1082.29037340054,430446.880535755,4010154.60189972,-94.35081047836
usa_NC_0046_0075,01-Jan-1851,1166.03767004721,430516.037609446,4010235.90233758,31-Jan-2016,1074.23441828966,430429.275681659,4010201.59114572,-91.80325175755
usa_NC_0046_0076,01-Jan-1851,1155.50811357295,430496.106711701,4010281.90842474,31-Jan-2016,1064.77693581812,430410.346491021,4010248.0554404,-90.73117775483
usa_NC_0046_0077,01-Jan-1851,1145.97557623757,430477.118108193,4010328.28701552,31-Jan-2016,1059.26929318192,430395.151284502,4010295.99073378,-86.7062830556501
usa_NC_0046_0078,01-Jan-1851,1135.8212798411,430457.541629087,4010374.43452726,31-Jan-2016,1052.94397524727,430379.183990582,4010343.61699186,-82.8773045938301
usa_NC_0046_0079,01-Jan-1851,1119.91582700475,430432.526427569,4010418.4495137,31-Jan-2016,1048.84204759003,430365.31961646,4010392.06609959,-71.0737794147201
usa_NC_0046_0080,01-Jan-1851,1114.43174572253,430417.364934537,4010466.33633305,31-Jan-2016,1049.15864444766,430355.634937009,4010442.14754629,-65.27310127487
usa_NC_0046_0081,01-Jan-1851,1114.57529763708,430407.526972894,4010516.30175941,31-Jan-2016,1046.93184189482,430343.546726213,4010491.27741058,-67.6434557422599
usa_NC_0046_0082,01-Jan-1851,1104.21049097557,430387.750484277,4010562.3758947,31-Jan-2016,1040.00608772364,430327.01492361,4010538.66446981,-64.2044032519302
usa_NC_0046_0083,01-Jan-1851,1093.81150843504,430367.94108504,4010608.44031698,31-Jan-2016,1035.41056213636,430312.68804501,4010586.90914034,-58.4009462986799
usa_NC_0046_0084,01-Jan-1851,1085.78078470301,430350.372010636,4010655.37927154,31-Jan-2016,1029.63878765777,430297.249057641,4010634.71645796,-56.14199704524
usa_NC_0046_0085,01-Jan-1851,1079.18948091459,430334.165146249,4010702.84702194,31-Jan-2016,1020.57868859703,430278.698747502,4010681.31266311,-58.6107923175599
usa_NC_0046_0086,01-Jan-1851,1071.91075508178,430317.308033636,4010750.0607308,31-Jan-2016,1021.66744376939,430269.753860114,4010731.63247584,-50.24331131239
usa_NC_0046_0087,01-Jan-1851,1062.46302976507,430298.397940896,4010796.47924623,31-Jan-2016,1013.98773408964,430252.51102708,4010778.73012962,-48.4752956754299
usa_NC_0046_0088,01-Jan-1851,1061.64424524087,430287.656788181,4010846.05347865,31-Jan-2016,1005.87190178743,430234.855412348,4010825.66782904,-55.77234345344
usa_NC_0046_0089,01-Jan-1851,1060.07398835186,430276.20593806,4010895.34430692,31-Jan-2016,1000.5507797645,430219.845983387,4010873.62529429,-59.5232085873599
usa_NC_0046_0090,01-Jan-1851,1050.32716694778,430257.013663994,4010941.64858359,31-Jan-2016,994.739910625157,430204.373473438,4010921.40085932,-55.5872563226229
usa_NC_0046_0091,01-Jan-1851,1044.25344907771,430241.299804675,4010989.29055293,31-Jan-2016,987.871674516859,430187.900098994,4010968.78905462,-56.381774560851
usa_NC_0046_0092,01-Jan-1851,1037.00917740385,430224.477663684,4011036.50508092,31-Jan-2016,979.536997954329,430170.037969723,4011015.64340023,-57.4721794495209
usa_NC_0046_0093,01-Jan-1851,1034.01760133845,430211.650789901,4011085.42861579,31-Jan-2016,970.021359965118,430151.010126595,4011062.3046033,-63.9962413733321
usa_NC_0046_0094,01-Jan-1851,1033.73511150138,430201.390113904,4011135.33524032,31-Jan-2016,961.631292379644,430133.040837367,4011109.41253991,-72.103819121736
usa_NC_0046_0095,01-Jan-1851,1023.40531614107,430181.607348762,4011181.61945915,31-Jan-2016,950.293294625269,430112.275866742,4011155.46691433,-73.112021515801
usa_NC_0046_0096,01-Jan-1851,1013.6664601351,430162.383574755,4011228.12202319,31-Jan-2016,944.776766035264,430097.031131621,4011203.60471957,-68.889694099836
usa_NC_0046_0097,01-Jan-1851,1007.08436177977,430146.15443656,4011275.74821821,31-Jan-2016,938.668174330765,430081.226417147,4011251.52339014,-68.416187449005
usa_NC_0046_0098,01-Jan-1851,1001.56414275772,430130.934531879,4011323.74292924,31-Jan-2016,931.745657498722,430064.650443621,4011299.14801831,-69.818485258998
usa_NC_0046_0099,01-Jan-1851,996.2121884267,430115.876313056,4011371.78721043,31-Jan-2016,925.682306516818,430048.89133035,4011347.06936077,-70.529881909882
usa_NC_0046_0100,01-Jan-1851,988.580061740931,430098.653698991,4011419.02651161,31-Jan-2016,918.721949391451,430032.281469974,4011394.67046072,-69.8581123494801
usa_NC_0046_0101,01-Jan-1851,972.338790608374,430073.24876768,4011463.27806728,31-Jan-2016,913.036736260457,430016.884428771,4011442.70961329,-59.302054347917
usa_NC_0046_0102,01-Jan-1851,959.50749960188,430051.08025479,4011508.73555577,31-Jan-2016,904.44026127805,429998.721061931,4011489.73542621,-55.06723832383
usa_NC_0046_0103,01-Jan-1851,953.578186283965,430035.483849105,4011556.52668419,31-Jan-2016,896.817514507786,429981.497610856,4011537.02678471,-56.760671776179
usa_NC_0046_0104,01-Jan-1851,944.708109135415,430017.101149279,4011603.25384511,31-Jan-2016,889.915512778132,429964.973891905,4011584.49460636,-54.7925963572831
usa_NC_0046_0105,01-Jan-1851,940.19896466408,430002.867914276,4011651.47071756,31-Jan-2016,881.341036968218,429946.859228909,4011631.3889556,-58.857927695862
usa_NC_0046_0106,01-Jan-1851,927.957842585375,429981.276863355,4011697.05018458,31-Jan-2016,873.541926289519,429929.482358507,4011678.54804234,-54.4159162958561
usa_NC_0046_0107,01-Jan-1851,912.32306772516,429956.452900413,4011741.4894949,31-Jan-2016,866.902704909589,429913.209919849,4011726.09941264,-45.4203628155709
usa_NC_0046_0108,01-Jan-1851,899.82955462785,429934.616805396,4011787.00722495,31-Jan-2016,861.230508523276,429897.859063533,4011773.97386725,-38.5990461045741
usa_NC_0046_0109,01-Jan-1851,888.830661365238,429914.202318861,4011833.0382008,31-Jan-2016,856.560361601486,429883.463837244,4011822.17975948,-32.2702997637521
usa_NC_0046_0110,01-Jan-1851,873.170919258253,429889.345768341,4011877.51317598,31-Jan-2016,849.310654346985,429866.61250596,4011869.51262715,-23.860264911268
usa_NC_0046_0111,01-Jan-1851,857.883147562083,429864.840156957,4011922.13020029,31-Jan-2016,842.237717187832,429849.93004003,4011916.90254181,-15.645430374251
usa_NC_0046_0112,01-Jan-1851,848.992444247354,429846.429085696,4011968.89408079,31-Jan-2016,837.801144160449,429835.761131164,4011965.16785668,-11.191300086905
usa_NC_0046_0113,01-Jan-1851,846.796514292972,429834.400919565,4012017.88101153,31-Jan-2016,829.858242571567,429818.250772905,4012012.26115719,-16.938271721405
usa_NC_0046_0114,01-Jan-1851,839.079656670956,429817.110184208,4012065.02880903,31-Jan-2016,826.993083195121,429805.583154101,4012061.03286397,-12.0865734758349
usa_NC_0046_0115,01-Jan-1851,830.849962845742,429799.330414637,4012112.0067552,31-Jan-2016,821.139515272623,429790.067229802,4012108.80778557,-9.71044757311893
usa_NC_0046_0116,01-Jan-1851,829.967355817897,429788.560989104,4012161.39676946,31-Jan-2016,815.894874581491,429775.133385881,4012156.77730286,-14.072481236406
usa_NC_0046_0117,01-Jan-1851,827.94402642664,429776.706230991,4012210.39673557,31-Jan-2016,812.580794141904,429762.043423965,4012205.37158979,-15.363232284736
usa_NC_0046_0118,01-Jan-1851,818.064753725135,429757.354192226,4012256.82459469,31-Jan-2016,808.944505330758,429748.64760795,4012253.85215626,-9.12024839437697
usa_NC_0046_0119,01-Jan-1851,808.157079292271,429737.972846439,4012303.25417431,31-Jan-2016,805.0834754394,429735.037930692,4012302.25604128,-3.07360385287097
usa_NC_0046_0120,01-Jan-1851,806.950449590085,429726.899762794,4012352.51021962,31-Jan-2016,803.083063764235,429723.205976971,4012351.25884186,-3.86738582584996
usa_NC_0046_0121,01-Jan-1851,802.0481168692,429712.297868722,4012400.56543894,31-Jan-2016,796.19656523774,429706.707612248,4012398.6788991,-5.8515516314601
usa_NC_0046_0122,01-Jan-1851,792.640372173585,429693.390828885,4012447.17270994,31-Jan-2016,788.077457770073,429689.030599554,4012445.70696775,-4.56291440351197
usa_NC_0046_0123,01-Jan-1851,781.044399745234,429672.390275116,4012493.08950614,31-Jan-2016,782.830154963599,429674.097125019,4012493.6610509,1.78575521836501
usa_NC_0046_0124,01-Jan-1851,780.444222202243,429661.899233061,4012542.52771019,31-Jan-2016,776.77296016147,429658.389331134,4012541.35698885,-3.67126204077306
usa_NC_0046_0125,01-Jan-1851,771.47390705367,429643.406128286,4012589.29583331,31-Jan-2016,768.695247252844,429640.748946849,4012588.41300445,-2.77865980082606
usa_NC_0046_0126,01-Jan-1851,760.499705576019,429622.994507229,4012635.43847903,31-Jan-2016,760.499705576019,429622.994507229,4012635.43847903,0
usa_NC_0046_0127,01-Jan-1851,750.629648318163,429603.636573069,4012681.94287015,31-Jan-2016,755.096642426648,429607.91036586,4012683.35166226,4.46699410848498
usa_NC_0046_0128,01-Jan-1851,741.145570845451,429584.645829998,4012728.57947372,31-Jan-2016,748.88946316378,429592.056601307,4012731.01267503,7.74389231832902
usa_NC_0046_0129,01-Jan-1851,731.86287179641,429565.845845777,4012775.28914491,31-Jan-2016,744.175410576636,429577.631608047,4012779.14346816,12.312538780226
usa_NC_0046_0130,01-Jan-1851,723.213167625358,429547.650011461,4012822.20579224,31-Jan-2016,738.903915749245,429562.67311494,4012827.09929425,15.690748123887
usa_NC_0046_0131,01-Jan-1851,721.712206497027,429536.29879789,4012871.35163961,31-Jan-2016,730.849853562319,429545.049768025,4012874.1907454,9.13764706529207
usa_NC_0046_0132,01-Jan-1851,712.93869496482,429517.982810302,4012918.23775168,31-Jan-2016,728.037742220943,429532.446435738,4012922.91145891,15.099047256123
usa_NC_0046_0133,01-Jan-1851,704.114396737023,429499.616492382,4012965.11655538,31-Jan-2016,722.096617669685,429516.846152058,4012970.6617179,17.982220932662
usa_NC_0046_0134,01-Jan-1851,698.832609011202,429484.643562837,4013013.09209896,31-Jan-2016,719.40066658819,429504.355636947,4013019.41065372,20.5680575769881
usa_NC_0046_0135,01-Jan-1851,696.906380301635,429472.887287224,4013062.09475656,31-Jan-2016,715.191521027446,429490.41571363,4013067.69067183,18.2851407258111
usa_NC_0046_0136,01-Jan-1851,701.785778651677,429467.658101626,4013113.16462996,31-Jan-2016,711.923436697566,429477.378584884,4013116.25529417,10.137658045889
usa_NC_0046_0137,01-Jan-1851,704.166777749565,429460.037440424,4013163.45223922,31-Jan-2016,708.739255937121,429464.422821585,4013164.84091919,4.57247818755604
usa_NC_0046_0138,01-Jan-1851,700.529021842009,429446.646426341,4013211.90128798,31-Jan-2016,706.692718504963,429452.559352155,4013213.7660422,6.16369666295395
usa_NC_0046_0139,01-Jan-1851,695.058101775374,429431.49712868,4013259.79424287,31-Jan-2016,700.12888285427,429436.362784499,4013261.32244228,5.07078107889606
usa_NC_0046_0140,01-Jan-1851,688.515780270783,429415.319391535,4013307.36620136,31-Jan-2016,693.786077037607,429420.37771855,4013308.94839219,5.270296766824
usa_NC_0046_0141,01-Jan-1851,679.3002917461,429396.568700865,4013354.17218523,31-Jan-2016,687.753838026469,429404.684467876,4013356.69890757,8.45354628036898
usa_NC_0046_0142,01-Jan-1851,670.789554154499,429378.492371822,4013401.19997282,31-Jan-2016,681.034687059573,429388.330843081,4013404.24865832,10.245132905074
usa_NC_0046_0143,01-Jan-1851,671.429132101352,429369.243889039,4013450.74680048,31-Jan-2016,674.612191301035,429372.300804108,4013451.6929877,3.18305919968293
usa_NC_0046_0144,01-Jan-1851,666.515091056885,429354.668623002,4013498.60901197,31-Jan-2016,670.394507922466,429358.394420951,4013499.76158719,3.87941686558099
usa_NC_0046_0145,01-Jan-1851,658.104756028145,429336.735416527,4013545.43294599,31-Jan-2016,664.172661129114,429342.563232625,4013547.23476716,6.06790510096903
usa_NC_0046_0146,01-Jan-1851,652.188553226651,429321.197530431,4013592.99812753,31-Jan-2016,658.654459259005,429327.407802789,4013594.91711612,6.46590603235393
usa_NC_0046_0147,01-Jan-1851,647.024907961096,429306.38242773,4013640.78676401,31-Jan-2016,653.888827522202,429312.97519302,4013642.8228008,6.86391956110594
usa_NC_0046_0148,01-Jan-1851,645.393542882916,429294.960173741,4013689.62263261,31-Jan-2016,655.241935413828,429304.419821571,4013692.54240365,9.84839253091195
usa_NC_0046_0149,01-Jan-1851,637.154909648806,429277.191475029,4013736.49955551,31-Jan-2016,652.474880063043,429291.907202423,4013741.03908932,15.319970414237
usa_NC_0046_0150,01-Jan-1851,625.507487792398,429256.148135932,4013782.36790318,31-Jan-2016,651.173827831296,429280.802960948,4013789.96919277,25.6663400388979
usa_NC_0046_0151,01-Jan-1851,617.357202801767,429238.463813007,4013829.27344644,31-Jan-2016,645.511047211618,429265.508993471,4013837.60700593,28.153844409851
usa_NC_0047_0001,01-Jan-1851,609.723797455413,429221.275845627,4013876.33283727,31-Jan-2016,640.962136903573,429251.285038266,4013885.57450147,31.23833944816
usa_NC_0047_0002,01-Jan-1851,602.283545679222,429204.273280289,4013923.45012922,31-Jan-2016,635.910071517315,429236.577745857,4013933.39304149,33.626525838093
usa_NC_0047_0003,01-Jan-1851,597.853970615098,429190.162976571,4013971.4578748,31-Jan-2016,632.873875960346,429223.807139873,4013981.80728424,35.019905345248
usa_NC_0047_0004,01-Jan-1851,596.52365187957,429179.030321002,4014020.380817,31-Jan-2016,628.360440400192,429209.617411742,4014029.78453329,31.836788520622
usa_NC_0047_0005,01-Jan-1851,587.681726896421,429160.680918101,4014067.08501685,31-Jan-2016,622.404282526942,429194.041590865,4014077.3356516,34.722555630521
usa_NC_0047_0006,01-Jan-1851,579.939998336405,429143.388362635,4014114.11499878,31-Jan-2016,617.647905669292,429179.618479762,4014125.2410319,37.707907332887
usa_NC_0047_0007,01-Jan-1851,574.722874996714,429128.521391236,4014161.89029051,31-Jan-2016,612.132901004004,429164.466473628,4014172.9225637,37.41002600729
usa_NC_0047_0008,01-Jan-1851,570.244793225272,429114.364539339,4014209.88343588,31-Jan-2016,608.451388320827,429151.076197582,4014221.14461473,38.206595095555
usa_NC_0047_0009,01-Jan-1851,568.295283427017,429102.637446663,4014258.62124059,31-Jan-2016,603.915541591507,429136.865082178,4014269.11452258,35.62025816449
usa_NC_0047_0010,01-Jan-1852,563.778811845085,429088.443870308,4014306.60225383,31-Jan-2016,597.608646969361,429120.952144603,4014316.56278105,33.829835124276
usa_NC_0047_0011,01-Jan-1940,592.222001369166,429105.923461701,4014364.2822132,31-Jan-2016,592.819007953534,429106.497164979,4014364.45789629,0.597006584367932
usa_NC_0047_0012,01-Jan-1940,583.307770213614,429087.504765328,4014410.96418278,31-Jan-2016,586.093845159573,429090.18217714,4014411.78361307,2.78607494595894
usa_NC_0047_0013,01-Jan-1940,575.879622319741,429070.514001992,4014458.08418295,31-Jan-2016,581.352356396169,429075.773459106,4014459.69294361,5.47273407642797
usa_NC_0047_0014,01-Jan-1940,571.422902181756,429056.378817813,4014506.07790997,31-Jan-2016,575.40313533368,429060.204062674,4014507.24731228,3.98023315192404
usa_NC_0047_0015,01-Jan-1940,565.805516760227,429041.128160986,4014553.73064614,31-Jan-2016,572.671527526239,429047.727028237,4014555.74681851,6.86601076601198
usa_NC_0047_0016,01-Jan-1940,564.96995806532,429030.473378303,4014602.78704689,31-Jan-2016,568.35326315457,429033.725151553,4014603.78000747,3.38330508924992
usa_NC_0047_0017,01-Jan-1940,560.970318014337,429016.777668449,4014650.91410077,31-Jan-2016,563.557592067561,429019.264438885,4014651.67302949,2.58727405322406
usa_NC_0047_0018,01-Jan-1940,559.274831868852,429005.27716375,4014699.81433559,31-Jan-2016,558.578209149074,429004.607503734,4014699.61048402,-0.696622719777906
usa_NC_0047_0019,01-Jan-1940,556.037283409315,428992.290538163,4014748.28205521,31-Jan-2016,553.350089838671,428989.706908272,4014747.4979273,-2.68719357064401
usa_NC_0047_0020,01-Jan-1940,554.844289047703,428981.270519127,4014797.34213073,31-Jan-2016,549.071329999446,428975.719094705,4014795.66234298,-5.77295904825701
usa_NC_0047_0021,01-Jan-1940,551.18680126409,428967.88135672,4014845.68121517,31-Jan-2016,540.137662018546,428957.25439853,4014842.47532066,-11.049139245544
usa_NC_0047_0022,01-Jan-1940,543.454155803102,428950.572444565,4014892.83940594,31-Jan-2016,538.37711878613,428945.688559726,4014891.37050537,-5.07703701697199
usa_NC_0047_0023,01-Jan-1940,538.341646379008,428935.783444806,4014940.75837552,31-Jan-2016,534.359341355186,428931.951986236,4014939.60949553,-3.98230502382205
usa_NC_0047_0024,01-Jan-1940,530.094089358599,428917.977521706,4014987.77604233,31-Jan-2016,529.397131311862,428917.306848833,4014987.5755482,-0.696958046736995
usa_NC_0047_0025,01-Jan-1940,529.117648921623,428907.168546938,4015036.88511492,31-Jan-2016,523.840270473517,428902.089329117,4015035.37132949,-5.27737844810599
usa_NC_0047_0026,01-Jan-1940,524.081761796019,428892.453140072,4015084.82682537,31-Jan-2016,515.119485295204,428883.825909811,4015082.26344908,-8.96227650081505
usa_NC_0047_0027,01-Jan-1940,514.339930567296,428873.206853171,4015131.42686886,31-Jan-2016,508.76297725385,428867.837468913,4015129.8363618,-5.57695331344604
usa_NC_0047_0028,01-Jan-1940,511.160960522009,428860.278610947,4015179.90136002,31-Jan-2016,501.898533760084,428851.359394871,4015177.26743053,-9.26242676192504
usa_NC_0047_0029,01-Jan-1851,469.572123565413,428810.357937158,4015217.48240821,31-Jan-2016,497.062675844782,428836.834386615,4015225.27712592,27.490552279369
usa_NC_0047_0030,01-Jan-1851,465.393018124007,428796.461008351,4015265.70056971,31-Jan-2016,490.395340436662,428820.545140536,4015272.76913229,25.002322312655
usa_NC_0047_0031,01-Jan-1851,461.194323195322,428782.545407062,4015313.9122041,31-Jan-2016,486.198484078391,428806.635433391,4015320.96065297,25.004160883069
usa_NC_0047_0032,01-Jan-1851,456.390449459908,428768.04684386,4015361.9527837,31-Jan-2016,482.791187515741,428793.486742382,4015369.37313161,26.400738055833
usa_NC_0047_0033,01-Jan-1851,450.695851535806,428752.689819589,4015409.7437831,31-Jan-2016,476.600331034798,428777.655791373,4015417.00327708,25.904479498992
usa_NC_0047_0034,01-Jan-1851,444.914093897873,428737.248476968,4015457.51194013,31-Jan-2016,473.211777670173,428764.525613491,4015465.41876143,28.2976837723
usa_NC_0047_0035,01-Jan-1851,442.909076318396,428725.447963999,4015506.33389409,31-Jan-2016,465.03066117859,428746.775386368,4015512.49677127,22.121584860194
usa_NC_0047_0036,01-Jan-1851,440.791449024822,428713.539775413,4015555.12001499,31-Jan-2016,459.72566305316,428731.797373968,4015560.37930154,18.934214028338
usa_NC_0047_0037,01-Jan-1851,432.95615877067,428696.118185156,4015602.31826106,31-Jan-2016,454.183880399622,428716.590829416,4015608.19710763,21.227721628952
usa_NC_0047_0038,01-Jan-1851,433.447777898388,428686.727676819,4015651.82075819,31-Jan-2016,449.593913669241,428702.30214925,4015656.27898748,16.146135770853
usa_NC_0047_0039,01-Jan-1851,441.751507347999,428684.875710183,4015703.46518333,31-Jan-2016,445.339781257142,428688.337530311,4015704.45300994,3.58827390914303
usa_NC_0047_0040,01-Jan-1851,444.797459074133,428677.960323561,4015753.61679332,31-Jan-2016,440.710588521092,428674.016926288,4015752.4944663,-4.08687055304097
usa_NC_0047_0041,01-Jan-1851,443.382889869903,428666.742791502,4015802.53453308,31-Jan-2016,433.514059323829,428657.219098432,4015799.83096686,-9.86883054607404
usa_NC_0047_0042,01-Jan-1851,441.888592931645,428655.44920702,4015851.42599237,31-Jan-2016,424.741827029583,428638.899818262,4015846.74008458,-17.146765902062
usa_NC_0047_0043,01-Jan-1851,440.398801167519,428644.160696443,4015900.31505123,31-Jan-2016,417.767854928859,428622.315170572,4015894.14552941,-22.63094623866
usa_NC_0047_0044,01-Jan-1851,438.997783888168,428632.958327687,4015949.22606779,31-Jan-2016,416.166244652212,428610.916127702,4015943.01708883,-22.831539235956
usa_NC_0047_0045,01-Jan-1852,450.46900694951,428634.185341495,4016001.62682079,31-Jan-2016,416.568882832745,428601.452704064,4015992.43038415,-33.900124116765
usa_NC_0047_0046,01-Jan-1852,445.516598589109,428619.556032031,4016049.56368555,31-Jan-2016,414.20721548738,428589.320734254,4016041.09097828,-31.309383101729
usa_NC_0047_0047,01-Jan-1852,440.762421699505,428605.117682058,4016097.55655397,31-Jan-2016,409.052566666711,428574.491422189,4016088.99663537,-31.709855032794
usa_NC_0047_0048,01-Jan-1852,441.070741320634,428595.568651446,4016146.91692189,31-Jan-2016,400.484014296571,428556.363348818,4016135.98832428,-40.586727024063
usa_NC_0047_0049,01-Jan-1852,437.270652481713,428582.045165356,4016195.20047508,31-Jan-2016,400.969580126366,428546.973344912,4016185.4574052,-36.301072355347
usa_NC_0047_0050,01-Jan-1852,429.325031378154,428564.515558472,4016242.37622437,31-Jan-2016,399.105424480235,428535.314020982,4016234.29165832,-30.219606897919
usa_NC_0047_0051,01-Jan-1852,425.323147295815,428550.795827704,4016290.61203591,31-Jan-2016,394.303679608915,428520.815990502,4016282.34043623,-31.0194676869
usa_NC_0047_0052,01-Jan-1852,432.879412187931,428548.248561913,4016341.92145575,31-Jan-2016,388.890827188393,428505.726630976,4016330.2297754,-43.988584999538
usa_NC_0047_0053,01-Jan-1852,430.480684094421,428536.080188008,4016390.57509715,31-Jan-2016,384.195022668238,428491.32973521,4016378.31308367,-46.285661426183
usa_NC_0047_0054,01-Jan-1852,434.057844690389,428529.690770988,4016440.80548135,31-Jan-2016,378.990475122843,428476.440322911,4016426.26485621,-55.067369567546
usa_NC_0047_0055,01-Jan-1852,426.24650317036,428512.288949856,4016488.02701312,31-Jan-2016,379.057282460842,428466.648526947,4016475.60760103,-47.189220709518
usa_NC_0047_0056,01-Jan-1852,419.258487857966,428495.681935421,4016535.47272266,31-Jan-2016,378.451827116175,428456.207507237,4016524.76854032,-40.8066607417909
usa_NC_0047_0057,01-Jan-1852,419.526835462711,428486.094288683,4016584.82235058,31-Jan-2016,378.817534509269,428446.706979918,4016574.17904713,-40.709300953442
usa_NC_0047_0058,01-Jan-1852,415.009555931553,428471.8767593,4016632.91911052,31-Jan-2016,373.798956313818,428431.99728123,4016622.18052454,-41.210599617735
usa_NC_0047_0059,01-Jan-1852,406.315448077121,428453.616096263,4016679.93357931,31-Jan-2016,372.287299393503,428420.681169713,4016671.09612419,-34.028148683618
usa_NC_0047_0060,01-Jan-1852,401.226968022328,428438.843905837,4016727.89105799,31-Jan-2016,364.402621973895,428403.196224923,4016718.35938209,-36.824346048433
usa_NC_0047_0061,01-Jan-1852,398.617572732537,428426.471319927,4016776.49155291,31-Jan-2016,357.799136853881,428386.950097541,4016765.96145409,-40.818435878656
usa_NC_0047_0062,01-Jan-1852,398.727270319726,428416.732052908,4016825.79030542,31-Jan-2016,354.113943127672,428373.528806261,4016814.31993145,-44.613327192054
usa_NC_0047_0063,01-Jan-1852,398.955962071436,428407.109149073,4016875.11399699,31-Jan-2016,347.752637913234,428357.515316907,4016861.99371456,-51.203324158202
usa_NC_0047_0064,01-Jan-1852,400.883939234099,428399.133564456,4016924.86586502,31-Jan-2016,348.979142000726,428348.85131112,4016911.61086598,-51.904797233373
usa_NC_0047_0065,01-Jan-1852,392.183752939019,428380.86194985,4016971.9041194,31-Jan-2016,347.862691620851,428337.918682182,4016960.62423633,-44.3210613181679
usa_NC_0047_0066,01-Jan-1852,387.268526786781,428366.256342242,4017019.91212348,31-Jan-2016,342.745495806412,428323.109668574,4017008.61944659,-44.523030980369
usa_NC_0047_0067,01-Jan-1852,382.340963385675,428351.638147249,4017067.92015876,31-Jan-2016,333.722505569461,428304.514222417,4017055.63090702,-48.618457816214
usa_NC_0047_0068,01-Jan-1852,377.459154131177,428337.081698498,4017115.85269029,31-Jan-2016,329.438776970213,428290.534356576,4017103.7301922,-48.020377160964
usa_NC_0047_0069,01-Jan-1852,372.123767602789,428322.089462223,4017163.65132075,31-Jan-2016,325.201016405181,428276.604185341,4017151.81537605,-46.922751197608
usa_NC_0047_0070,01-Jan-1852,366.59649368568,428306.911026291,4017211.40250336,31-Jan-2016,323.866338316958,428265.488186276,4017200.63271576,-42.730155368722
usa_NC_0047_0071,01-Jan-1852,362.901248282165,428293.508447407,4017259.61604008,31-Jan-2016,317.974157066572,428249.95407503,4017248.30159591,-44.927091215593
usa_NC_0047_0072,01-Jan-1852,359.688721696266,428280.573807658,4017307.95129748,31-Jan-2016,317.157245769051,428239.340139288,4017297.24874672,-42.531475927215
usa_NC_0047_0073,01-Jan-1852,356.749718558991,428267.904344276,4017356.35538774,31-Jan-2016,320.308007843048,428232.573151968,4017347.19259067,-36.441710715943
usa_NC_0047_0074,01-Jan-1852,353.818122065631,428255.242053061,4017404.76138417,31-Jan-2016,320.770598475809,428223.200280325,4017396.45868582,-33.047523589822
usa_NC_0047_0075,01-Jan-1852,351.463397249691,428243.139069561,4017453.31234985,31-Jan-2016,316.0192700043,428208.772202869,4017444.41468309,-35.444127245391
usa_NC_0047_0076,01-Jan-1852,350.193485821646,428232.08798861,4017502.13533929,31-Jan-2016,313.251295414375,428196.267103271,4017492.86904696,-36.942190407271
usa_NC_0047_0077,01-Jan-1852,348.996833446448,428221.108053293,4017550.97615293,31-Jan-2016,309.358407322153,428182.671172613,4017541.04155663,-39.638426124295
usa_NC_0047_0078,01-Jan-1852,347.857288306296,428210.183603902,4017599.83073009,31-Jan-2016,301.828264861484,428165.5479927,4017588.30370911,-46.029023444812
usa_NC_0047_0079,01-Jan-1852,346.667569445239,428199.210618536,4017648.67214743,31-Jan-2016,293.34917754966,428147.504152064,4017635.33043372,-53.318391895579
usa_NC_0047_0080,01-Jan-1852,345.421691419092,428188.183278196,4017697.49897985,31-Jan-2016,284.514225096515,428129.114719242,4017682.27054122,-60.907466322577
usa_NC_0047_0081,01-Jan-1852,344.50085577525,428177.471286329,4017746.40648216,31-Jan-2016,280.097972380801,428115.010249464,4017730.31707964,-64.402883394449
usa_NC_0047_0082,01-Jan-1852,343.594384570916,428166.773357496,4017795.31691396,31-Jan-2016,275.696008587988,428100.919489648,4017778.36792905,-67.898375982928
usa_NC_0047_0083,01-Jan-1852,342.703942190207,428156.091110841,4017844.23066631,15-Mar-2018,269.013408690485,428084.6165252,4017825.85068787,-73.690533499722
usa_NC_0047_0084,01-Jan-1852,341.652340160807,428145.247839751,4017893.12779773,15-Mar-2018,265.164462477871,428071.05461388,4017874.07720102,-76.487877682936
usa_NC_0047_0085,01-Jan-1852,340.643093500241,428134.444157713,4017942.04296324,15-Mar-2018,261.65710124621,428057.821300187,4017922.40250234,-78.985992254031
usa_NC_0047_0086,01-Jan-1852,339.579843778034,428123.588338611,4017990.94344784,15-Mar-2018,251.005715039378,428037.656964218,4017968.95506693,-88.574128738656
usa_NC_0047_0087,01-Jan-1852,338.56742632331,428112.782084734,4018039.85530225,15-Mar-2018,249.591899036792,428026.454015041,4018017.80367231,-88.975527286518
usa_NC_0047_0088,01-Jan-1852,336.945067842418,428101.384245316,4018088.61495466,15-Mar-2018,248.267177154406,428015.337707243,4018066.67336662,-88.677890688012
usa_NC_0047_0089,01-Jan-1852,331.623215020456,428086.39653861,4018136.45998414,15-Mar-2018,246.438658504969,428003.732713371,4018115.41759842,-85.184556515487
usa_NC_0047_0090,01-Jan-1852,326.23465207858,428071.34364105,4018184.2908107,15-Mar-2018,242.546260313597,427990.124869154,4018163.65222811,-83.688391764983
usa_NC_0047_0091,01-Jan-1852,320.925660781254,428056.367514952,4018232.14352282,15-Mar-2018,242.129056097484,427979.889733654,4018212.74354943,-78.79660468377
usa_NC_0047_0092,01-Jan-1852,315.556764283259,428041.332792286,4018279.98375935,15-Mar-2018,239.355135134896,427967.367396093,4018261.25383234,-76.201629148363
usa_NC_0047_0093,01-Jan-1852,312.126613894078,428028.179623318,4018328.30201725,15-Mar-2018,235.424013906945,427953.721688263,4018309.4803301,-76.702599987133
usa_NC_0047_0094,01-Jan-1852,308.663698084632,428014.994506098,4018376.6129441,15-Mar-2018,232.059370792596,427940.625705009,4018357.84671313,-76.604327292036
usa_NC_0047_0095,01-Jan-1852,305.353524293623,428001.957539561,4018424.96195918,15-Mar-2018,228.148346604637,427926.999114098,4018406.08010408,-77.205177688986
usa_NC_0047_0096,01-Jan-1852,301.76545981762,427988.650625523,4018473.24373059,15-Mar-2018,223.859540755191,427913.00548461,4018454.22235692,-77.905919062429
usa_NC_0047_0097,01-Jan-1852,298.053004656433,427975.222755746,4018521.49600569,15-Mar-2018,218.347633346509,427897.823867649,4018502.06787862,-79.705371309924
usa_NC_0047_0098,01-Jan-1852,294.209916633456,427961.668258427,4018569.71531256,15-Mar-2018,212.904851055743,427882.709527225,4018549.92949019,-81.305065577713
usa_NC_0047_0099,01-Jan-1852,290.44319036768,427948.194183817,4018617.92185173,15-Mar-2018,211.035101013574,427871.074395459,4018598.61412676,-79.408089354106
usa_NC_0047_0100,01-Jan-1852,286.069860752566,427934.130864131,4018665.98150952,15-Mar-2018,209.25798635818,427859.529288969,4018647.32099014,-76.811874394386
usa_NC_0047_0101,01-Jan-1852,281.232015568778,427919.616224384,4018713.92917538,15-Mar-2018,204.319480092026,427844.913698259,4018695.2601478,-76.912535476752
usa_NC_0047_0102,01-Jan-1852,278.781145282604,427907.419884748,4018762.45667006,15-Mar-2018,199.270764177439,427830.190862976,4018743.17356356,-79.510381105165
usa_NC_0047_0103,01-Jan-1852,282.80792934777,427901.515617226,4018812.55375209,15-Mar-2018,197.603113448348,427818.752016763,4018791.90728899,-85.204815899422
usa_NC_0047_0104,01-Jan-1852,280.635604092168,427889.590142935,4018861.14723654,15-Mar-2018,191.734031221869,427803.232014652,4018839.62344321,-88.901572870299
usa_NC_0047_0105,01-Jan-1852,269.52682321065,427868.983543375,4018907.57882735,15-Mar-2018,189.614504818491,427791.354177211,4018888.24798388,-79.912318392159
usa_NC_0047_0106,01-Jan-1852,261.257398615804,427851.134594762,4018954.70021293,15-Mar-2018,184.540815796645,427776.606487268,4018936.15833618,-76.716582819159
usa_NC_0047_0107,01-Jan-1852,262.652953315089,427842.674841894,4019004.15792381,15-Mar-2018,179.942075037,427762.32000873,4018984.18442169,-82.710878278089
usa_NC_0047_0108,01-Jan-1852,263.89982107308,427834.07096109,4019053.57810944,15-Mar-2018,180.388987194946,427752.935497677,4019033.42875271,-83.510833878134
usa_NC_0047_0109,01-Jan-1852,261.911942892906,427822.324515259,4019102.21695888,15-Mar-2018,181.69680801178,427744.387681694,4019082.87943127,-80.215134881126
usa_NC_0047_0110,01-Jan-1852,259.99950352335,427810.65137153,4019150.87396472,15-Mar-2018,174.988618268941,427728.051476811,4019130.39794478,-85.010885254409
usa_NC_0047_0111,01-Jan-1852,248.380879189519,427789.546930244,4019197.19505322,15-Mar-2018,169.263052123702,427712.669680068,4019178.1548745,-79.117827065817
usa_NC_0047_0112,01-Jan-1852,247.464422144808,427778.841227105,4019246.09342973,15-Mar-2018,162.1522085728,427695.941475518,4019225.5802343,-85.312213572008
usa_NC_0047_0113,01-Jan-1852,246.417645098625,427768.008976084,4019294.96003598,15-Mar-2018,155.909912305022,427680.056874649,4019273.21635062,-90.507732793603
usa_NC_0047_0114,01-Jan-1852,245.456413559981,427757.259938964,4019343.84677387,15-Mar-2018,152.849938728848,427667.264519232,4019321.61808909,-92.606474831133
usa_NC_0047_0115,01-Jan-1852,240.020584673622,427742.162374103,4019391.65991962,15-Mar-2018,147.213432966293,427651.968088838,4019369.4023163,-92.807151707329
usa_NC_0047_0116,01-Jan-1852,232.319452552807,427724.862906107,4019438.93167058,15-Mar-2018,142.708258352889,427637.77088657,4019417.45912688,-89.611194199918
usa_NC_0047_0117,01-Jan-1852,228.875157731753,427711.700313515,4019487.22490442,15-Mar-2018,137.664692596301,427623.050203551,4019465.38805475,-91.210465135452
usa_NC_0047_0118,01-Jan-1852,235.576777384294,427708.399137542,4019537.94565435,15-Mar-2018,130.67876754388,427606.441352803,4019512.85362113,-104.898009840414
usa_NC_0047_0119,01-Jan-1852,232.032099294031,427695.139159525,4019586.21395447,15-Mar-2018,126.833403553886,427592.884756338,4019561.07181795,-105.198695740145
usa_NC_0047_0120,01-Jan-1852,223.561548823357,427677.090847012,4019633.30662415,15-Mar-2018,122.857592666223,427579.201210225,4019609.2596075,-100.703956157134
usa_NC_0047_0121,01-Jan-1852,222.213765281791,427665.966007163,4019682.10132528,15-Mar-2018,129.201617079345,427575.549366081,4019659.91031323,-93.012148202446
usa_NC_0047_0122,01-Jan-1852,220.738628804131,427654.717418301,4019730.8653914,15-Mar-2018,125.527685429633,427562.159395877,4019708.16952207,-95.210943374498
usa_NC_0047_0123,01-Jan-1852,219.339366422459,427643.567166054,4019779.52455327,15-Mar-2018,116.437641914567,427543.541789307,4019754.94968793,-102.901724507892
usa_NC_0047_0124,01-Jan-1852,217.46917933247,427631.965584072,4019828.0390638,15-Mar-2018,114.57030140411,427531.955667238,4019803.40135824,-102.89887792836
usa_NC_0047_0125,01-Jan-1852,215.632726818705,427620.396743761,4019876.5618807,15-Mar-2018,110.938553837292,427518.654851651,4019851.42968243,-104.694172981413
usa_NC_0047_0126,01-Jan-1852,216.199969297457,427611.163471393,4019925.66343956,15-Mar-2018,100.919780472393,427499.148301207,4019897.91886084,-115.280188825064
usa_NC_0047_0127,01-Jan-1852,218.592227053357,427603.702657843,4019975.20856782,15-Mar-2018,93.425927979265,427482.096819533,4019945.00740743,-125.166299074092
usa_NC_0047_0128,01-Jan-1852,221.984457553423,427597.212156187,4020025.00106202,15-Mar-2018,97.2213814935467,427476.013468446,4019994.82013941,-124.763076059876
usa_NC_0047_0129,01-Jan-1852,227.274393944544,427592.563569673,4020075.26050285,15-Mar-2018,93.7249240382389,427462.845988657,4020042.8716286,-133.549469906305
usa_NC_0047_0130,01-Jan-1852,223.210430314871,427578.828820299,4020123.25466203,15-Mar-2018,84.67075224581,427444.281312916,4020089.56997327,-138.539678069061
usa_NC_0047_0131,01-Jan-1852,219.269367509079,427565.213915195,4020171.2762765,15-Mar-2018,77.7374642665518,427427.777871808,4020136.77665363,-141.531903242527
usa_NC_0047_0132,01-Jan-1852,215.613365871093,427551.87625548,4020219.36520648,15-Mar-2018,75.9835145879551,427416.30445646,4020185.24296578,-139.629851283138
usa_NC_0047_0133,01-Jan-1852,211.909535943476,427538.49256596,4020267.44040429,15-Mar-2018,74.2815487630151,427404.881440224,4020233.72235156,-137.627987180461
usa_NC_0047_0134,01-Jan-1852,207.100674762733,427524.04208392,4020315.21491531,15-Mar-2018,72.2745205534984,427393.171781266,4020282.07937724,-134.826154209235
usa_NC_0047_0135,01-Jan-1852,202.315001245604,427509.616936594,4020362.98097575,15-Mar-2018,68.1937130086599,427379.452940809,4020329.90796256,-134.121288236944
usa_NC_0047_0136,01-Jan-1852,198.130455983491,427495.775991878,4020410.89121085,15-Mar-2018,62.5170910431671,427364.186313063,4020377.33832082,-135.613364940324
usa_NC_0047_0137,01-Jan-1852,197.889230322538,427485.761425889,4020459.77679275,15-Mar-2018,57.0892664108997,427349.162266692,4020424.82440074,-140.799963911638
usa_NC_0047_0138,01-Jan-1852,197.784473416729,427475.878643201,4020508.69932389,15-Mar-2018,53.6956936719052,427336.112566491,4020472.81152929,-144.088779744824
usa_NC_0047_0139,01-Jan-1852,197.398077793333,427465.722079743,4020557.5546671,15-Mar-2018,49.7213360579781,427322.500049567,4020520.65127874,-147.676741735355
usa_NC_0047_0140,01-Jan-1852,195.560531526224,427454.157837657,4020606.04889102,15-Mar-2018,45.7939300854896,427308.933705275,4020568.4995718,-149.766601440734
usa_NC_0047_0141,01-Jan-1852,193.879957248549,427442.745716477,4020654.58292154,15-Mar-2018,44.5197914314303,427297.940347403,4020617.01212054,-149.360165817119
usa_NC_0047_0142,01-Jan-1852,192.318671742934,427431.449111346,4020703.14763396,15-Mar-2018,41.5679800275739,427285.320505466,4020665.10252201,-150.75069171536
usa_NC_0047_0143,01-Jan-1852,192.034423494712,427421.390019799,4020752.03648086,15-Mar-2018,37.1980355893083,427271.326546313,4020712.83234937,-154.836387905404
usa_NC_0047_0144,01-Jan-1852,191.666915522641,427411.249673086,4020800.90705892,15-Mar-2018,31.3477904709262,427255.898938303,4020760.18226055,-160.319125051715
usa_NC_0047_0145,01-Jan-1852,191.364241080055,427401.171588521,4020849.79691943,15-Mar-2018,31.6520649574786,427246.435364025,4020809.09432947,-159.712176122576
usa_NC_0047_0146,01-Jan-1852,191.266765780081,427391.291703977,4020898.74210746,15-Mar-2018,33.059927425832,427238.040046635,4020858.29239149,-158.206838354249
usa_NC_0047_0147,01-Jan-1852,191.595985853982,427381.824443112,4020947.79993046,15-Mar-2018,32.5988152124237,427227.833467432,4020907.01673038,-158.997170641558
usa_NC_0047_0148,01-Jan-1852,191.852058114589,427372.285351154,4020996.84392726,15-Mar-2018,27.7731476719882,427213.399739359,4020954.62163025,-164.078910442601
usa_NC_0047_0149,01-Jan-1852,191.148838004241,427361.806077896,4021045.69737785,15-Mar-2018,17.4943752762156,427193.665825598,4021000.92176443,-173.654462728025
usa_NC_0047_0150,01-Jan-1852,189.320751311177,427350.197046761,4021094.46401803,15-Mar-2018,18.652078639986,427184.921893029,4021050.58778803,-170.668672671191
usa_NC_0047_0151,01-Jan-1852,187.780355635015,427338.867360127,4021143.3008899,15-Mar-2018,14.7080673137316,427171.238306063,4021098.938065,-173.072288321283
usa_NC_0047_0152,01-Jan-1852,187.427212199902,427328.688551991,4021192.43724996,15-Mar-2018,10.7533952958665,427157.544452348,4021147.28531582,-176.673816904035
usa_NC_0047_0153,01-Jan-1852,186.271962854775,427317.733770824,4021241.36347527,15-Mar-2018,8.89117450825324,427145.877929965,4021196.16546687,-177.380788346522
usa_NC_0047_0154,01-Jan-1852,185.112578098525,427306.775887943,4021290.28411843,15-Mar-2018,7.02485875812636,427134.20813206,4021245.04111201,-178.087719340399
usa_NC_0047_0155,01-Jan-1852,183.935748993928,427295.802002223,4021339.19582188,15-Mar-2018,5.14114022639751,427122.52215812,4021293.90889631,-178.79460876753
usa_NC_0047_0156,01-Jan-1852,176.295472307974,427278.563946198,4021386.47080845,15-Mar-2018,2.98372244203347,427110.571570247,4021342.70413594,-173.311749865941
usa_NC_0047_0157,01-Jan-1852,168.426692726776,427261.103304961,4021433.69357386,15-Mar-2018,0.798070067406115,427098.594213536,4021391.48924701,-167.62862265937
usa_NC_0047_0158,01-Jan-1852,161.982139332094,427245.022476216,4021481.27950731,15-Mar-2018,-2.95803927342058,427085.094715145,4021439.87719773,-164.940178605515
usa_NC_0047_0159,01-Jan-1852,156.657619787865,427230.027117238,4021529.14922252,15-Mar-2018,-7.39102978031951,427070.938922352,4021488.09515758,-164.048649568185
usa_NC_0047_0160,01-Jan-1852,151.413204399521,427215.109093704,4021577.04071847,15-Mar-2018,-5.95236884156293,427062.478040673,4021537.77850189,-157.365573241084
usa_NC_0047_0161,01-Jan-1852,145.38006573076,427199.425620772,4021624.73771115,15-Mar-2018,-9.89512496327188,427048.798519697,4021586.11483682,-155.275190694032
usa_NC_0047_0162,01-Jan-1852,138.827436827438,427183.237553901,4021672.30876162,15-Mar-2018,-13.058930527116,427035.874810543,4021634.64403183,-151.886367354554
usa_NC_0047_0163,01-Jan-1852,132.445191946753,427167.214091589,4021719.92559156,15-Mar-2018,-16.8508928221308,427022.341855453,4021683.01644369,-149.296084768884
usa_NC_0047_0164,01-Jan-1852,125.998841669951,427151.127735464,4021767.53001605,15-Mar-2018,-20.4070604313965,427009.037848902,4021731.44644449,-146.405902101347
usa_NC_0047_0165,01-Jan-1852,119.60970943621,427135.096219164,4021815.15200288,15-Mar-2018,-21.8083900107868,426997.825661918,4021780.40500138,-141.418099446997
usa_NC_0047_0166,01-Jan-1852,114.511663256776,427120.317436862,4021863.09365087,15-Mar-2018,-22.2177851438728,426987.577297456,4021829.60237753,-136.729448400649
usa_NC_0047_0167,01-Jan-1852,110.154040346992,427106.257296924,4021911.21755218,15-Mar-2018,-21.4867974197387,426978.437346277,4021879.07256476,-131.640837766731
usa_NC_0047_0168,01-Jan-1852,105.773111837136,427092.174457384,4021959.33611512,15-Mar-2018,-23.8750225064559,426966.269725152,4021927.77603905,-129.648134343592
usa_NC_0047_0169,01-Jan-1852,101.492569886789,427078.189049547,4022007.47939697,15-Mar-2018,-26.1626352535413,426954.200357824,4021976.50127041,-127.65520514033
usa_NC_0047_0170,01-Jan-1852,95.0872257058536,427062.139502648,4022055.10888109,15-Mar-2018,-28.4771303428452,426942.105437273,4022025.21719078,-123.564356048699
usa_NC_0047_0171,01-Jan-1852,94.0720141705606,427051.32622218,4022104.04164013,15-Mar-2018,-31.5945468611808,426929.230968557,4022073.73670584,-125.666561031741
usa_NC_0047_0172,01-Jan-1852,96.3544712178327,427043.718337317,4022153.76242134,15-Mar-2018,-30.4153948258181,426920.53192276,4022123.28755844,-126.769866043651
usa_NC_0047_0173,01-Jan-1852,94.919739246744,427032.479311006,4022202.68482954,15-Mar-2018,-32.3577631662893,426908.763736546,4022172.26745563,-127.277502413033
usa_NC_0047_0174,01-Jan-1852,87.4669905637138,427015.384939217,4022250.19777972,15-Mar-2018,-34.3242561905599,426896.96354656,4022221.28439595,-121.791246754274
usa_NC_0047_0175,01-Jan-1852,70.168655213939,426988.710465814,4022295.40807379,15-Mar-2018,-35.044431936044,426886.375244463,4022270.59693776,-105.213087149983
usa_NC_0047_0176,01-Jan-1852,60.7244035223093,426969.666868981,4022342.51242058,15-Mar-2018,-36.1018359769887,426875.458459754,4022319.83234935,-96.826239499298
usa_NC_0047_0177,01-Jan-1852,56.323367455484,426955.525835419,4022390.81959308,15-Mar-2018,-40.9085587180962,426860.891956395,4022368.19838752,-97.2319261735802
usa_NC_0047_0178,01-Jan-1852,59.7620798316457,426949.014846389,4022440.9518251,15-Mar-2018,-44.9707803720248,426847.047337672,4022416.75126383,-104.73286020367
usa_NC_0047_0179,01-Jan-1852,63.6604042160798,426942.946548023,4022491.21420941,15-Mar-2018,-41.9785568241959,426840.059330998,4022466.99210023,-105.638961040276
usa_NC_0047_0180,01-Jan-1852,67.5117037324271,426936.833829429,4022541.45890673,15-Mar-2018,-38.233677264574,426833.804541094,4022517.40468163,-105.745380997001
usa_NC_0047_0181,01-Jan-1852,66.034046632034,426925.52998395,4022590.48663411,15-Mar-2018,-41.4166694922842,426820.800126506,4022566.23984134,-107.450716124318
usa_NC_0047_0182,01-Jan-1852,64.6042993484371,426914.271872749,4022639.52998863,15-Mar-2018,-44.1517361897659,426808.230239289,4022615.18636579,-108.756035538203
usa_NC_0047_0183,01-Jan-1852,59.4374836209881,426899.367658921,4022687.74839065,15-Mar-2018,-43.4261770893891,426799.033973987,4022664.910666,-102.863660710377
usa_NC_0047_0184,01-Jan-1852,54.3935327371337,426884.579674309,4022736.01215542,15-Mar-2018,-42.9766972137431,426789.56894506,4022714.5710424,-97.3702299508768
usa_NC_0047_0185,01-Jan-1852,49.3296735872646,426869.768684056,4022784.289451,15-Mar-2018,-42.9461831442059,426779.695372318,4022764.13781303,-92.2758567314705
usa_NC_0047_0186,01-Jan-1852,44.5806185497358,426855.261513908,4022832.65285969,15-Mar-2018,-44.9995856132591,426767.786990886,4022813.25265809,-89.5802041629949
usa_NC_0047_0187,01-Jan-1852,40.0779629984727,426840.991686501,4022881.08596916,15-Mar-2018,-46.2061815538018,426756.704422681,4022862.55633997,-86.2841445522745
usa_NC_0047_0188,01-Jan-1852,36.401565172453,426827.526119034,4022929.71090929,15-Mar-2018,-45.8860944926701,426747.112979823,4022912.1890075,-82.2876596651231
usa_NC_0047_0189,01-Jan-1852,40.2957646064406,426821.458861655,4022979.94703321,15-Mar-2018,-46.3938666709837,426736.71256579,4022961.64524813,-86.6896312774243
usa_NC_0047_0190,01-Jan-1852,38.7637442926189,426810.08797511,4023029.03282689,15-Mar-2018,-49.3280909728837,426723.938945164,4023010.59496803,-88.0918352655026
usa_NC_0047_0191,01-Jan-1852,40.4500183854125,426801.86455352,4023078.79147845,15-Mar-2018,-51.9435887235022,426711.475104279,4023059.62099422,-92.3936071089147
usa_NC_0047_0192,01-Jan-1852,42.0928789737809,426793.599965305,4023128.53459069,15-Mar-2018,-46.4027736627859,426706.991809372,4023110.33356529,-88.4956526365668
usa_NC_0047_0193,01-Jan-1852,41.5405866229385,426783.187529886,4023177.82379066,15-Mar-2018,-44.2566256859036,426699.189141468,4023160.3334864,-85.7972123088421
usa_NC_0047_0194,01-Jan-1852,38.8829407404646,426770.712810041,4023226.68916432,15-Mar-2018,-47.5153931468813,426686.0945672,4023209.23313446,-86.3983338873459
usa_NC_0047_0195,01-Jan-1852,36.1151127409694,426758.128304905,4023275.54165127,15-Mar-2018,-52.9840404629913,426670.832579856,4023257.70162918,-89.0991532039607
usa_NC_0047_0196,01-Jan-1852,33.3504797978885,426745.545016763,4023324.4043533,15-Mar-2018,-54.5492434094704,426659.392575534,4023306.96397285,-87.8997232073589
usa_NC_0047_0197,01-Jan-1852,29.6301533191127,426732.022775842,4023373.08872711,15-Mar-2018,-52.1698289027217,426651.819166537,4023357.00702775,-81.7999822218344
usa_NC_0047_0198,01-Jan-1852,25.8751342902606,426718.463900237,4023421.77938779,15-Mar-2018,-52.3248103225951,426641.761731351,4023406.54727407,-78.1999446128557
usa_NC_0047_0199,01-Jan-1852,23.8712449499881,426706.63439151,4023470.75220511,15-Mar-2018,-54.7284637211069,426629.516512328,4023455.56034182,-78.599708671095
usa_NC_0047_0200,01-Jan-1852,26.7613461998953,426699.662231057,4023520.39257953,15-Mar-2018,-55.3382933305993,426619.106533377,4023504.54361833,-82.0996395304946
usa_NC_0047_0201,01-Jan-1852,31.3869638642327,426694.393311587,4023570.36617498,15-Mar-2018,-54.012597834314,426610.595723861,4023553.9003227,-85.3995616985467
usa_NC_0048_0001,01-Jan-1852,35.0175062180951,426688.14838539,4023620.14589669,15-Mar-2018,-52.5819741343812,426602.188016726,4023603.27654521,-87.5994803524763
usa_NC_0048_0002,01-Jan-1852,37.9970146282185,426681.263029608,4023669.8081404,15-Mar-2018,-55.5023341979067,426589.507916192,4023651.82900911,-93.4993488261252
usa_NC_0048_0003,01-Jan-1852,37.2870553302046,426670.755094846,4023718.77063172,15-Mar-2018,-63.5121098465206,426571.82967237,4023699.42119276,-100.799165176725
usa_NC_0048_0004,01-Jan-1852,36.6504350641435,426660.31898313,4023767.74796537,15-Mar-2018,-63.4485926034586,426562.074058487,4023748.56607856,-100.099027667602
usa_NC_0048_0005,01-Jan-1852,35.9783666165795,426649.847929689,4023816.71925747,15-Mar-2018,-60.620545717501,426555.031894897,4023798.24009228,-96.5989123340805
usa_NC_0048_0006,01-Jan-1852,36.7209268774222,426640.765333153,4023865.96147886,15-Mar-2018,-60.8778122648409,426544.961467824,4023847.32336232,-97.5987391422631
usa_NC_0048_0007,01-Jan-1852,40.3310561478647,426634.497796376,4023915.7501781,15-Mar-2018,-61.6674451623112,426534.368329119,4023896.30564707,-101.998501310176
usa_NC_0048_0008,01-Jan-1852,43.9054554103122,426628.195595622,4023965.53000758,15-Mar-2018,-62.4927802838947,426523.739970301,4023945.28198697,-106.398235694207
usa_NC_0048_0009,01-Jan-1852,45.0144166110267,426619.473214596,4024014.83943291,15-Mar-2018,-63.0835744877486,426513.341713942,4023994.30374279,-108.097991098775
usa_NC_0048_0010,01-Jan-1852,42.4501224614796,426607.144241429,4024063.4518384,15-Mar-2018,-63.3476874003291,426503.264072615,4024043.38817654,-105.797809861809
usa_NC_0048_0011,01-Jan-1852,40.3471745226589,426595.267876387,4024112.15361566,15-Mar-2018,-63.6504406852528,426493.148390493,4024092.46578692,-103.997615207912
usa_NC_0048_0012,01-Jan-1852,38.9685685314607,426584.102480448,4024160.99397815,15-Mar-2018,-63.1288508997427,426483.842116859,4024141.69969162,-102.097419431203
usa_NC_0048_0013,01-Jan-1852,37.6247894834432,426572.971038191,4024209.84215636,15-Mar-2018,-61.9724483088198,426475.159278829,4024191.05333707,-99.597237792263
usa_NC_0048_0014,01-Jan-1852,36.2725778480326,426561.831071646,4024258.6899592,15-Mar-2018,-60.724482370862,426466.566452754,4024240.42380505,-96.9970602188946
usa_NC_0048_0015,01-Jan-1852,34.9128704245431,426550.683498347,4024307.53757575,15-Mar-2018,-62.1839259509179,426455.314499423,4024289.28479393,-97.096796375461
usa_NC_0048_0016,01-Jan-1852,33.4945579430196,426539.4781165,4024356.37540821,15-Mar-2018,-62.6020021753393,426445.085192122,4024338.34249864,-96.0965601183589
usa_NC_0048_0017,01-Jan-1852,32.370430266219,426528.561469005,4024405.26962183,15-Mar-2018,-62.325904005394,426435.537680499,4024387.53082898,-94.696334271613
usa_NC_0048_0018,01-Jan-1852,31.2797559957489,426517.677475662,4024454.17114493,15-Mar-2018,-62.8163164359958,426425.237117806,4024436.57596833,-94.0960724317447
usa_NC_0048_0019,01-Jan-1852,30.1570779904437,426506.761826763,4024503.06775933,15-Mar-2018,-65.3386358296189,426412.940134211,4024485.24249617,-95.4957138200626
usa_NC_0048_0020,01-Jan-1852,29.0766069321794,426495.887438229,4024551.9732865,15-Mar-2018,-69.7186369478368,426398.817515725,4024533.56486058,-98.7952438800162
usa_NC_0048_0021,01-Jan-1852,27.9850274192722,426485.001924836,4024600.87779677,15-Mar-2018,-67.5100535227402,426391.168214445,4024583.11590514,-95.4950809420124
usa_NC_0048_0022,01-Jan-1852,27.0634137274815,426474.283220246,4024649.81492144,15-Mar-2018,-64.9315269038816,426383.882668211,4024632.7345177,-91.9949406313631
usa_NC_0048_0023,01-Jan-1852,25.9824598645432,426463.407747985,4024698.72340809,15-Mar-2018,-66.9120964550748,426372.117014715,4024681.50678766,-92.894556319618
usa_NC_0048_0024,01-Jan-1852,25.0207849098829,426452.649289036,4024747.65503345,15-Mar-2018,-64.173657062865,426364.988885155,4024731.15371255,-89.1944419727479
usa_NC_0048_0025,01-Jan-1852,24.0454357707372,426441.877198518,4024796.58509269,15-Mar-2018,-64.9486781018613,426354.407787995,4024780.15030572,-88.9941138725985
usa_NC_0048_0026,01-Jan-1852,23.0863651514833,426431.120913629,4024845.51912897,15-Mar-2018,-63.4075733477189,426346.103122356,4024829.57468897,-86.4939384992022
usa_NC_0048_0027,01-Jan-1852,22.0537065159424,426420.292106453,4024894.44055154,15-Mar-2018,-63.4399548398983,426336.25185438,4024878.70886277,-85.4936613558407
usa_NC_0048_0028,01-Jan-1852,21.6320554703843,426410.072946256,4024943.42923293,15-Mar-2018,-64.1614385644748,426325.735636993,4024927.65399074,-85.7934940348591
usa_NC_0048_0029,01-Jan-1852,22.7280216493486,426401.347543128,4024992.6874644,15-Mar-2018,-62.6653999095865,426317.401886295,4024976.99394029,-85.3934215589351
usa_NC_0048_0030,01-Jan-1852,23.7047637949486,426392.504948041,4025041.92373121,15-Mar-2018,-64.0883663632821,426306.198592071,4025025.79757484,-87.7931301582307
usa_NC_0048_0031,01-Jan-1852,24.7305088145104,426383.710532525,4025091.16896622,15-Mar-2018,-64.462403266682,426296.02640618,4025074.7941689,-89.1929120811924
usa_NC_0048_0032,01-Jan-1852,26.3222496133558,426375.472564349,4025140.51798178,15-Mar-2018,-62.4705850394243,426288.180056503,4025124.22509763,-88.7928346527801
usa_NC_0048_0033,01-Jan-1852,27.9764284367025,426367.296008779,4025189.87830621,15-Mar-2018,-63.5160752408301,426277.347709793,4025173.09874991,-91.4925036775326
usa_NC_0048_0034,01-Jan-1852,29.7673535139852,426359.253933603,4025239.26349879,15-Mar-2018,-64.5248029518552,426266.551437298,4025221.97948366,-94.2921564658404
usa_NC_0048_0035,01-Jan-1852,31.8579904068274,426351.506563958,4025288.70339657,15-Mar-2018,-63.7339375017259,426257.524385968,4025271.19025235,-95.5919279085533
usa_NC_0048_0036,01-Jan-1852,33.9757486661251,426343.785905969,4025338.14802794,15-Mar-2018,-66.315655435375,426245.181482618,4025319.78345074,-100.2914041015
usa_NC_0048_0037,01-Jan-1852,36.0375985518754,426336.010336807,4025387.58213766,15-Mar-2018,-68.1533381852873,426233.569988676,4025368.51344409,-104.190936737163
usa_NC_0048_0038,01-Jan-1852,38.3324260154445,426328.463884378,4025437.05861806,15-Mar-2018,-68.6581296253512,426223.268919467,4025417.48773772,-106.990555640796
usa_NC_0048_0039,01-Jan-1852,42.0060771974572,426322.273201794,4025486.7868821,15-Mar-2018,-68.8839905461823,426213.242057841,4025466.51326258,-110.89006774364
usa_NC_0048_0040,01-Jan-1852,45.4668140490071,426315.873279081,4025536.47569445,15-Mar-2018,-68.8228001774023,426203.497403438,4025515.59142828,-114.289614226409
usa_NC_0048_0041,01-Jan-1852,49.1332375744023,426309.675709567,4025586.2015383,15-Mar-2018,-68.7558946145405,426193.758344457,4025564.6707588,-117.889132188943
usa_NC_0048_0042,01-Jan-1852,54.1893536428811,426304.844728425,4025636.1804928,15-Mar-2018,-69.7990520047588,426182.927741601,4025613.54758923,-123.98840564764
usa_NC_0048_0043,01-Jan-1852,57.5645703244863,426298.361060329,4025685.85196255,15-Mar-2018,-71.0232337991274,426171.919067352,4025662.39173211,-128.587804123614
usa_NC_0048_0044,01-Jan-1852,57.43271811563,426288.42888281,4025734.8834082,15-Mar-2018,-72.3547978261527,426160.804725575,4025711.21667015,-129.787515941783
usa_NC_0048_0045,01-Jan-1852,57.348689059399,426278.543698272,4025783.92373971,15-Mar-2018,-73.638534292455,426149.737336152,4025760.05071984,-130.987223351854
usa_NC_0048_0046,01-Jan-1852,57.3235556321129,426268.716400079,4025832.97494887,15-Mar-2018,-74.1634400090525,426139.416084365,4025809.02336528,-131.486995641165
usa_NC_0048_0047,01-Jan-1852,58.2724067798736,426259.84687855,4025882.2036293,15-Mar-2018,-72.3144987783789,426131.429197108,4025858.42845121,-130.586905558253
usa_NC_0048_0048,01-Jan-1852,59.3027509133426,426251.057504542,4025931.44710541,15-Mar-2018,-74.7836186077475,426119.195936837,4025907.0475775,-134.08636952109
usa_NC_0048_0049,01-Jan-1852,60.2465457640451,426242.183028978,4025980.67477384,15-Mar-2018,-76.9393178723617,426107.27078142,4025955.72431375,-137.185863636407
usa_NC_0048_0050,01-Jan-1852,61.9500258407311,426234.055670951,4026030.04049487,15-Mar-2018,-77.1354474198065,426097.272648618,4026004.7577972,-139.085473260538
usa_NC_0048_0051,01-Jan-1852,64.3482838546802,426226.611638383,4026079.532266,15-Mar-2018,-75.7368875963994,426088.84279957,4026054.08119428,-140.08517145108
usa_NC_0048_0052,01-Jan-1852,66.8144184964194,426219.236341324,4026129.02645432,15-Mar-2018,-79.2700109136613,426075.566004739,4026102.49261958,-146.084429410081
usa_NC_0048_0053,01-Jan-1852,68.3764228523414,426210.97392516,4026178.34606251,15-Mar-2018,-79.6078043089046,426065.435188869,4026151.4671444,-147.984227161246
usa_NC_0048_0054,01-Jan-1852,69.1503437219112,426201.936450052,4026227.52252226,15-Mar-2018,-78.0339685353083,426057.18440761,4026200.78890656,-147.18431225722
usa_NC_0048_0055,01-Jan-1852,69.9570790351172,426192.931246584,4026276.70494489,15-Mar-2018,-75.9273717956862,426049.457585287,4026250.20742588,-145.884450830803
usa_NC_0048_0056,01-Jan-1852,70.8288368330236,426183.989989879,4026325.89918382,15-Mar-2018,-76.3554754139254,426039.23794731,4026299.1655688,-147.184312246949
usa_NC_0048_0057,01-Jan-1852,72.3955502529802,426175.732205935,4026375.21964246,15-Mar-2018,-78.9883144553492,426026.850010896,4026347.72324268,-151.383864708329
usa_NC_0048_0058,01-Jan-1852,73.9835243609009,426167.49533185,4026424.5439602,15-Mar-2018,-76.4004467811765,426019.596504916,4026397.22918413,-150.383971142077
usa_NC_0048_0059,01-Jan-1852,75.5211290073753,426159.208919892,4026473.85913307,15-Mar-2018,-73.7629593674319,426012.391799807,4026446.74413261,-149.284088374807
usa_NC_0048_0060,01-Jan-1852,77.3102337582955,426151.169851876,4026523.21998701,15-Mar-2018,-75.2735030194212,426001.107612498,4026495.50565294,-152.583736777717
usa_NC_0048_0061,01-Jan-1852,78.9478916012072,426142.981837384,4026572.5533445,31-Jan-2016,-72.0360157772311,425994.492990789,4026545.12958771,-150.983907378438
usa_NC_0048_0062,01-Jan-1852,80.2056831799923,426134.415139628,4026621.84319989,31-Jan-2016,-71.277885319857,425985.431072141,4026594.34778873,-151.483568499849
usa_NC_0048_0063,01-Jan-1852,81.1608914060989,426125.5491895,4026671.08644982,31-Jan-2016,-70.2223047219391,425976.658768396,4026643.63462833,-151.383196128038
usa_NC_0048_0064,01-Jan-1852,81.5701894506319,426116.146315334,4026720.2307203,31-Jan-2016,-69.7126302832635,425967.349549815,4026692.82246295,-151.282819733895
usa_NC_0048_0065,01-Jan-1852,79.977950573706,426104.774706491,4026769.01281474,31-Jan-2016,-69.0047445557366,425958.235278709,4026742.04624088,-148.982695129443
usa_NC_0048_0066,01-Jan-1852,78.4668457152943,426093.482749351,4026817.8103542,31-Jan-2016,-69.1156252129776,425948.315636491,4026791.1219795,-147.582470928272
usa_NC_0048_0067,01-Jan-1852,83.4622540290961,426088.590885722,4026867.78417703,31-Jan-2016,-70.8190125803244,425936.829443204,4026839.91027229,-154.28126660942
usa_NC_0048_0068,01-Jan-1852,89.3916615200683,426084.61808413,4026917.92515576,31-Jan-2016,-69.8885716024506,425927.933987454,4026889.17478448,-159.280233122519
usa_NC_0048_0069,01-Jan-1852,87.4044509246282,426072.857780344,4026966.63676248,31-Jan-2016,-70.175566595542,425917.840909286,4026938.21969564,-157.58001752017
usa_NC_0048_0070,01-Jan-1852,85.6896855425803,426061.365319292,4027015.39835599,31-Jan-2016,-69.6901857423409,425908.507602807,4026987.40409745,-155.379871284921
usa_NC_0048_0071,01-Jan-1852,93.2979890126703,426059.044741485,4027065.83891335,31-Jan-2016,-69.3804868773991,425899.001444186,4027036.55695662,-162.678475890069
usa_NC_0048_0072,01-Jan-1852,91.5815511481978,426047.550618658,4027114.60028781,31-Jan-2016,-69.5966727408882,425888.977872422,4027085.61539259,-161.178223889086
usa_NC_0048_0073,01-Jan-1852,91.9735114881,426038.130716542,4027163.74129286,31-Jan-2016,-68.3043813486788,425880.438378352,4027134.94517374,-160.277892836779
usa_NC_0048_0074,01-Jan-1852,94.6442732811852,426030.952910764,4027213.29143646,31-Jan-2016,-69.2326555272321,425869.714106003,4027183.87617104,-163.876928808417
usa_NC_0048_0075,01-Jan-1852,96.5348669895525,426023.007599924,4027262.70102389,31-Jan-2016,-68.1414746096948,425860.976735986,4027233.16986863,-164.676341599247
usa_NC_0048_0076,01-Jan-1852,98.4029295530236,426015.04019664,4027312.1061868,31-Jan-2016,-70.6722877530524,425848.675460348,4027281.81452923,-169.075217306076
usa_NC_0048_0077,01-Jan-1852,100.318718209847,426007.119831212,4027361.51951566,31-Jan-2016,-70.5557325364243,425838.97897865,4027330.9341646,-170.874450746271
usa_NC_0048_0078,01-Jan-1852,103.014388884808,425999.966979135,4027411.07189931,31-Jan-2016,-70.1592037686983,425829.557965653,4027380.10404301,-173.173592653506
usa_NC_0048_0079,01-Jan-1852,105.639277494209,425992.744603146,4027460.6109839,31-Jan-2016,-70.3333605171351,425819.575334676,4027429.17208351,-175.972638011344
usa_NC_0048_0080,01-Jan-1852,108.320498792122,425985.577789601,4027510.15949633,31-Jan-2016,-70.9510833675308,425809.156127349,4027478.16126062,-179.271582159653
usa_NC_0048_0081,01-Jan-1852,110.973931467381,425978.383761704,4027559.70238563,31-Jan-2016,-70.696714549505,425799.595085403,4027527.30641017,-181.670646016886
usa_NC_0048_0082,01-Jan-1852,113.546751659083,425971.110524197,4027609.23027907,31-Jan-2016,-69.6230866114747,425790.840302527,4027576.59766993,-183.169838270558
usa_NC_0048_0083,01-Jan-1852,114.465190800137,425962.209164609,4027658.4630872,31-Jan-2016,-68.6040934593639,425782.031772433,4027625.8790827,-183.069284259501
usa_NC_0048_0084,01-Jan-1852,115.052713314674,425952.982115333,4027707.63699865,31-Jan-2016,-67.8160294604077,425772.99597237,4027675.11933666,-182.868742775082
usa_NC_0048_0085,01-Jan-1852,112.810251392893,425940.96958711,4027756.30820447,31-Jan-2016,-67.35838090779,425763.634957231,4027724.30087648,-180.168632300683
usa_NC_0048_0086,01-Jan-1852,114.379467809402,425932.708709838,4027805.65691685,31-Jan-2016,-66.0885340654067,425755.073373484,4027773.62666117,-180.468001874809
usa_NC_0048_0087,01-Jan-1852,114.013610914068,425922.543117665,4027854.66225859,31-Jan-2016,-66.3538256283368,425745.000726532,4027822.68008619,-180.367436542405
usa_NC_0048_0088,01-Jan-1852,113.754723819251,425912.482718936,4027903.68707289,31-Jan-2016,-64.4125286515018,425737.100082686,4027872.12489771,-178.167252470753
usa_NC_0048_0089,01-Jan-1852,113.471862625034,425902.398625263,4027952.70811834,31-Jan-2016,-62.6951775939237,425728.979038352,4027921.52981056,-176.167040218958
usa_NC_0048_0090,01-Jan-1852,113.110768150497,425892.237420991,4028001.71580548,31-Jan-2016,-61.2560296685906,425720.584158017,4027970.88534472,-174.366797819088
usa_NC_0048_0091,01-Jan-1852,116.990296947958,425886.250885851,4028051.47309637,31-Jan-2016,-60.5752968636634,425711.442658928,4028020.10681192,-177.565593811621
usa_NC_0048_0092,01-Jan-1852,121.660421352018,425881.042879304,4028101.36899241,31-Jan-2016,-59.6038431856077,425702.587345012,4028069.37973983,-181.264264537626
usa_NC_0048_0093,01-Jan-1852,127.606641887939,425877.091472406,4028151.48870625,31-Jan-2016,-58.5560221774535,425693.807202203,4028118.66620945,-186.162664065393
usa_NC_0048_0094,01-Jan-1852,134.052174585028,425873.631997632,4028201.69475184,31-Jan-2016,-59.0084423853759,425683.549961937,4028167.68843322,-193.060616970404
usa_NC_0048_0095,01-Jan-1857,129.541460542054,425859.385277702,4028249.9710979,31-Jan-2016,-59.8192562515783,425672.939731431,4028216.64815871,-189.360716793632
usa_NC_0048_0096,01-Jan-1857,131.218575046963,425850.737016263,4028301.80906263,31-Jan-2016,-60.5726489388344,425662.304402189,4028266.02652564,-191.791223985797
usa_NC_0048_0097,01-Jan-1857,132.744832626688,425842.928158734,4028348.67646709,31-Jan-2016,-61.4135255059173,425651.745821224,4028314.5743583,-194.158358132605
usa_NC_0048_0098,01-Jan-1857,77.7654396326675,425778.983931844,4028388.10047916,31-Jan-2016,-62.1040647543741,425641.253633074,4028363.55715418,-139.869504387042
usa_NC_0048_0099,01-Jan-1857,133.245806827279,425823.810001162,4028446.9074982,31-Jan-2016,-62.8107445050605,425630.745429116,4028412.53772921,-196.056551332339
usa_NC_0048_0100,01-Jan-1857,132.566360094841,425813.335057688,4028495.86060381,31-Jan-2016,-63.4894829789641,425620.264615036,4028461.52382799,-196.055843073805
usa_NC_0048_0101,01-Jan-1857,132.442017686706,425803.411762035,4028544.88592612,31-Jan-2016,-64.213564285003,425609.749549977,4028510.44993302,-196.655581971709
usa_NC_0048_0102,01-Jan-1857,134.214948502058,425795.358139535,4028594.23707556,31-Jan-2016,-63.7403622452448,425600.41618841,4028559.57245827,-197.955310747303
usa_NC_0048_0103,01-Jan-1857,135.90561518347,425787.223503127,4028643.57382962,31-Jan-2016,-62.3496503165939,425591.986370551,4028608.85564903,-198.255265500064
usa_NC_0048_0104,01-Jan-1857,136.565528956018,425778.073807597,4028692.73006893,31-Jan-2016,-61.2898491498886,425583.230681191,4028658.08088291,-197.855378105907
usa_NC_0048_0105,01-Jan-1857,136.631279594711,425768.33899508,4028741.78225462,31-Jan-2016,-60.824210742519,425573.889871806,4028707.20208027,-197.45549033723
usa_NC_0048_0106,01-Jan-1857,136.7116184798,425758.618550659,4028790.83698531,31-Jan-2016,-60.3439841160366,425564.563430795,4028756.32582111,-197.055602595837
usa_NC_0048_0107,01-Jan-1857,139.141580510593,425751.787542786,4028837.42274714,31-Jan-2016,-59.9465099445965,425555.250829877,4028804.95798965,-199.08809045519
usa_NC_0048_0108,01-Jan-1857,142.443321883427,425744.663856574,4028889.92213957,31-Jan-2016,-59.4112451505093,425545.883265781,4028854.56840251,-201.854567033936
usa_NC_0048_0109,01-Jan-1857,145.599087484561,425737.972001802,4028939.51552671,31-Jan-2016,-58.9548949789209,425536.533316637,4028903.68793791,-204.553982463482
usa_NC_0048_0110,01-Jan-1857,149.059916861985,425731.580561046,4028989.16236437,31-Jan-2016,-58.4934142343272,425527.188422515,4028952.808359,-207.553331096312
usa_NC_0048_0111,01-Jan-1857,152.63487652884,425725.30150739,4029038.82921704,31-Jan-2016,-58.117758831444,425517.759010858,4029001.91374422,-210.752635360284
usa_NC_0048_0112,01-Jan-1857,96.0741336312813,425659.808677256,4029077.93290229,31-Jan-2016,-57.891699514325,425508.192057085,4029050.94400664,-153.965833145606
usa_NC_0048_0113,01-Jan-1857,149.661637861143,425702.4496337,4029138.01517935,31-Jan-2016,-58.1185389214716,425498.135138912,4029100.11495219,-207.780176782615
usa_NC_0048_0114,01-Jan-1857,148.699626761806,425692.044469695,4029185.17706933,31-Jan-2016,-58.355950392438,425488.162458528,4029148.81038784,-207.055577154244
usa_NC_0048_0115,01-Jan-1857,150.326760181695,425683.853357766,4029234.47221818,31-Jan-2016,-58.5291897638594,425478.205780511,4029197.75323169,-208.855949945554
usa_NC_0048_0116,01-Jan-1857,152.064363709025,425675.770981647,4029283.78697543,31-Jan-2016,-57.9920902735016,425468.948598978,4029246.82061197,-210.056453982527
usa_NC_0048_0117,01-Jan-1857,152.866141123292,425666.76718217,4029332.93707028,31-Jan-2016,-55.5913890309862,425461.526304797,4029296.21606464,-208.457530154278
usa_NC_0048_0118,01-Jan-1857,152.442050187294,425656.556494548,4029381.87090023,31-Jan-2016,-54.6164987380726,425452.700166221,4029345.36052634,-207.058548925367
usa_NC_0048_0119,01-Jan-1857,152.09632778013,425646.423071507,4029430.81800811,31-Jan-2016,-48.1642849335831,425449.266462326,4029395.47170057,-200.260612713713
usa_NC_0048_0120,01-Jan-1857,151.746032329093,425636.285249556,4029479.76379213,31-Jan-2016,-50.5148908910651,425437.166321128,4029444.02946211,-202.260923220158
usa_NC_0048_0121,01-Jan-1857,151.386589095629,425626.138525804,4029528.70744013,31-Jan-2016,-48.6754493894537,425429.1912385,4029493.32699321,-200.062038485083
usa_NC_0048_0122,01-Jan-1857,151.064345370376,425616.028527317,4029577.65714174,31-Jan-2016,-51.1979666298789,425416.922205687,4029541.85263522,-202.262312000255
usa_NC_0048_0123,01-Jan-1857,150.665425053131,425605.843152959,4029626.59274809,31-Jan-2016,-51.597571685008,425406.743141868,4029590.75316684,-202.262996738139
usa_NC_0048_0124,01-Jan-1857,150.287227438726,425595.678283519,4029675.5314945,31-Jan-2016,-54.0760710966065,425394.517876436,4029639.28441707,-204.363298535332
usa_NC_0048_0125,01-Jan-1857,149.335095637331,425584.948600594,4029724.36781554,31-Jan-2016,-54.6289526617461,425384.188230894,4029688.15629861,-203.964048299077
usa_NC_0048_0126,01-Jan-1857,148.343205422071,425574.179921431,4029773.19638887,31-Jan-2016,-51.5222237708981,425377.46069869,4029737.6779795,-199.865429192969
usa_NC_0048_0127,01-Jan-1857,147.657042875363,425563.712264511,4029822.07875698,31-Jan-2016,-51.3091910000908,425367.884954712,4029786.68575292,-198.966233875454
usa_NC_0048_0128,01-Jan-1857,148.394777362089,425554.646089157,4029871.21417322,31-Jan-2016,-54.8713836780821,425354.593709828,4029835.02114178,-203.266161040171
usa_NC_0048_0129,01-Jan-1857,149.15968015526,425545.60665195,4029920.35443003,31-Jan-2016,-59.9061841161451,425339.853484048,4029883.09260106,-209.065864271405
usa_NC_0048_0130,01-Jan-1857,149.873286607579,425536.516727579,4029969.48556242,31-Jan-2016,-58.0934162613626,425331.852487791,4029932.3836898,-207.966702868942
usa_NC_0048_0131,01-Jan-1857,150.627502275023,425527.466766221,4030018.62394631,31-Jan-2016,-57.839774633313,425322.317101236,4029981.39673911,-208.467276908336
usa_NC_0048_0132,01-Jan-1857,151.472019813768,425517.369567489,4030073.46393569,31-Jan-2016,-57.5225431085341,425312.722055523,4030031.03286398,-208.994562922302
usa_NC_0048_0133,01-Jan-1857,151.561712455149,425508.801793297,4030116.79800888,31-Jan-2016,-57.2068082759392,425303.370102394,4030079.44482464,-208.768520731088
usa_NC_0048_0134,01-Jan-1857,151.217600648071,425498.671110999,4030165.73962045,31-Jan-2016,-57.2516000196924,425293.54115631,4030128.40395801,-208.469200667763
usa_NC_0048_0135,01-Jan-1857,150.853450267685,425488.52078334,4030214.67728172,31-Jan-2016,-58.0163208640229,425283.003889875,4030177.23377093,-208.869771131708
usa_NC_0048_0136,01-Jan-1857,91.3016442852399,425420.135027919,4030252.99392897,31-Jan-2016,-58.7770831391731,425272.470620026,4030226.06378524,-150.078727424413
usa_NC_0048_0137,01-Jan-1857,89.5279651259762,425408.600089162,4030301.66744162,31-Jan-2016,-59.551344074885,425261.924171447,4030274.890863,-149.079309200861
usa_NC_0048_0138,01-Jan-1857,88.7973020957343,425398.091487676,4030350.52761195,31-Jan-2016,-58.8826324292668,425252.797482321,4030323.97686793,-147.679934525001
usa_NC_0048_0139,01-Jan-1857,88.0723914745013,425387.588646051,4030399.3883141,31-Jan-2016,-58.1081693842166,425243.774841428,4030373.08185862,-146.180560858718
usa_NC_0048_0140,01-Jan-1857,144.362782153435,425433.176121201,4030458.51877342,31-Jan-2016,-55.3112358461194,425236.741847894,4030422.55120094,-199.674017999554
usa_NC_0048_0141,01-Jan-1857,143.734702656383,425422.766764336,4030507.40580199,31-Jan-2016,-52.0403761809812,425230.174930002,4030472.10671775,-195.775078837364
usa_NC_0048_0142,01-Jan-1857,143.16139033223,425412.411376549,4030556.30224288,31-Jan-2016,-55.8138376910479,425216.678299995,4030520.39176053,-198.975228023278
usa_NC_0048_0143,01-Jan-1857,142.736927389983,425402.202497936,4030605.22512141,31-Jan-2016,-59.7384245598419,425203.033319166,4030568.64796695,-202.475351949825
usa_NC_0048_0144,01-Jan-1857,142.343909234224,425392.024626098,4030654.15330289,31-Jan-2016,-60.1319964150916,425192.861897132,4030617.54104551,-202.475905649316
usa_NC_0048_0145,01-Jan-1857,142.043617470028,425381.938037257,4030703.09788151,31-Jan-2016,-59.7329166744789,425183.470202023,4030666.57722465,-201.776534144507
usa_NC_0048_0146,01-Jan-1857,141.759630079038,425371.867555615,4030752.04505993,31-Jan-2016,-59.317522917614,425174.094580188,4030715.61622258,-201.077152996652
usa_NC_0048_0147,01-Jan-1857,141.409743998261,425361.73232806,4030800.97994976,31-Jan-2016,-62.467629275724,425161.212187514,4030764.00856576,-203.877373273985
usa_NC_0048_0148,01-Jan-1857,141.1429575037,425351.678902933,4030849.92955249,31-Jan-2016,-66.9344927495526,425147.0350341,4030812.16055794,-208.077450253253
usa_NC_0049_0001,01-Jan-1857,141.662505557271,425342.39887752,4030899.02168169,31-Jan-2016,-69.2151852174466,425135.008260849,4030860.70794895,-210.877690774718
usa_NC_0049_0002,01-Jan-1857,142.813409042598,425333.739761791,4030948.22854825,31-Jan-2016,-71.5644574503781,425122.914249115,4030909.24184276,-214.377866492976
usa_NC_0049_0003,01-Jan-1857,144.021489902862,425325.130778264,4030997.47632831,31-Jan-2016,-74.5560547837722,425110.176704695,4030957.71823158,-218.577544686634
usa_NC_0049_0004,01-Jan-1857,145.131766186235,425316.424078172,4031046.71399167,31-Jan-2016,-78.4452643914551,425096.553390998,4031006.04654865,-223.57703057769
usa_NC_0049_0005,01-Jan-1857,145.391643207805,425306.881078159,4031095.7969627,31-Jan-2016,-79.0852949081395,425086.125401525,4031054.965832,-224.476938115945
usa_NC_0049_0006,01-Jan-1857,144.943374987054,425296.641671667,4031144.75112847,31-Jan-2016,-78.5336657297976,425076.86931495,4031104.10188219,-223.477040716852
usa_NC_0049_0007,01-Jan-1857,144.612877691794,425286.346023336,4031194.58777077,31-Jan-2016,-80.1739836211796,425065.440718865,4031152.92380004,-224.786861312974
usa_NC_0049_0008,01-Jan-1857,145.893691372536,425277.979094772,4031242.99539534,31-Jan-2016,-84.4826408753124,425051.421823987,4031201.09118249,-230.376332247848
usa_NC_0049_0009,01-Jan-1857,147.865229812605,425270.119379663,4031292.38971568,31-Jan-2016,-88.2105168483431,425037.957175681,4031249.44881394,-236.075746660948
usa_NC_0049_0010,01-Jan-1857,149.808142886675,425262.231515619,4031341.77881974,31-Jan-2016,-90.8671309384763,425025.546028954,4031298.0013095,-240.675273825151
usa_NC_0049_0011,01-Jan-1857,151.786314532453,425254.378323718,4031391.1743468,31-Jan-2016,-92.3885997374532,425014.251211603,4031346.76027214,-244.174914269906
usa_NC_0049_0012,01-Jan-1857,153.73084863203,425246.492051893,4031440.56375539,31-Jan-2016,-94.2436753427755,425002.628318868,4031395.45854821,-247.974523974805
usa_NC_0049_0013,01-Jan-1857,155.753860093624,425238.682958438,4031489.96742875,31-Jan-2016,-97.5201196891203,424989.607624678,4031443.89826214,-253.273979782744
usa_NC_0049_0014,01-Jan-1857,157.657355446529,425230.756328192,4031539.34937259,31-Jan-2016,-100.516120695629,424976.862715463,4031492.38903384,-258.173476142158
usa_NC_0049_0015,01-Jan-1857,159.636490549302,425222.904083811,4031588.74507473,31-Jan-2016,-102.536574653678,424965.077184615,4031541.05723507,-262.17306520298
usa_NC_0049_0016,01-Jan-1857,161.56460942084,425215.001670845,4031638.13148765,31-Jan-2016,-104.408065391721,424953.438149528,4031589.75252201,-265.972674812561
usa_NC_0049_0017,01-Jan-1857,162.956503164135,425206.571921289,4031687.42036776,31-Jan-2016,-106.315832640888,424941.763438855,4031638.44121269,-269.272335805023
usa_NC_0049_0018,01-Jan-1857,163.785059786474,425197.588171145,4031736.60679081,31-Jan-2016,-107.987019360505,424930.321386939,4031687.17293541,-271.772079146979
usa_NC_0049_0019,01-Jan-1857,165.492635758937,425189.507830011,4031785.75812436,31-Jan-2016,-110.982591144676,424917.667199867,4031735.21189005,-276.475226903613
usa_NC_0049_0020,01-Jan-1857,167.958325378092,425182.197411448,4031834.92536535,31-Jan-2016,-111.022167366673,424907.978858202,4031783.49400278,-278.980492744765
usa_NC_0049_0021,01-Jan-1857,170.443733188506,425174.906029283,4031884.09796909,31-Jan-2016,-107.621861566055,424900.536790846,4031838.0896981,-278.065594754561
usa_NC_0049_0022,01-Jan-1857,172.885122464869,425167.569188241,4031933.2734259,31-Jan-2016,-106.768801139065,424892.341951975,4031883.45316478,-279.653923603934
usa_NC_0049_0023,01-Jan-1857,174.966638424105,425159.877997034,4031982.38563884,31-Jan-2016,-106.626180782151,424883.350181328,4031929.17918115,-281.592819206256
usa_NC_0049_0024,01-Jan-1857,176.736698897921,425151.880531411,4032031.44111004,31-Jan-2016,-108.258864367021,424872.098386005,4031977.15528213,-284.995563264942
usa_NC_0049_0025,01-Jan-1857,178.402792698397,425143.780393376,4032080.47981837,31-Jan-2016,-109.194885728349,424861.531754177,4032025.25785109,-287.597678426746
usa_NC_0049_0026,01-Jan-1857,180.079434159245,425135.690024791,4032129.52346468,31-Jan-2016,-106.819700477318,424854.214745512,4032073.99619971,-286.899134636563
usa_NC_0049_0027,01-Jan-1857,181.769161033404,425127.611909822,4032178.57256821,31-Jan-2016,-107.730723261668,424843.673660768,4032122.09849696,-289.499884295072
usa_NC_0049_0028,01-Jan-1857,183.440858360784,425119.515524512,4032227.62109302,31-Jan-2016,-111.35907584804,424830.469285662,4032169.66152257,-294.799934208824
usa_NC_0049_0029,01-Jan-1857,183.071585783735,425109.41804882,4032276.26812316,31-Jan-2016,-115.027672777246,424817.228135506,4032217.20320499,-298.099258560981
usa_NC_0049_0030,01-Jan-1857,182.79045212566,425099.407606458,4032324.92940606,31-Jan-2016,-117.807385769561,424804.860677271,4032264.90885536,-300.597837895221
usa_NC_0049_0031,01-Jan-1857,122.234604803434,425030.354827405,4032361.46015627,31-Jan-2016,-116.461972346424,424796.536196705,4032313.4337267,-238.696577149858
usa_NC_0049_0032,01-Jan-1857,118.186357114221,425016.675096546,4032409.25918553,31-Jan-2016,-117.108012632342,424786.261191234,4032361.55675122,-235.294369746563
usa_NC_0049_0033,01-Jan-1857,114.163198556185,425003.022851251,4032457.04870433,31-Jan-2016,-117.928455304406,424775.816304432,4032409.63989626,-232.091653860591
usa_NC_0049_0034,01-Jan-1857,110.609002478269,424989.832464147,4032504.92017229,31-Jan-2016,-118.779428225499,424765.342491799,4032457.7119917,-229.388430703768
usa_NC_0049_0035,01-Jan-1857,107.640778210625,424977.217978914,4032552.9000069,31-Jan-2016,-118.84396722476,424755.639049768,4032505.94227955,-226.484745435385
usa_NC_0049_0036,01-Jan-1857,104.722804864126,424964.654905852,4032600.87900175,31-Jan-2016,-118.257858961717,424746.572457493,4032554.30598684,-222.980663825843
usa_NC_0049_0037,01-Jan-1857,101.821446358667,424952.110308045,4032648.85033017,13-Feb-2012,-102.256406615457,424752.577941327,4032605.91264705,-204.077852974124
usa_NC_0049_0038,01-Jan-1857,100.549809203135,424941.160860425,4032697.15590152,31-Jan-2016,-116.921315661783,424728.600161485,4032651.06686523,-217.471124864918
usa_NC_0049_0039,01-Jan-1857,155.891789139983,424985.530591121,4032757.54037672,31-Jan-2016,-116.264809001702,424719.602577107,4032699.44449595,-272.156598141685
usa_NC_0049_0040,01-Jan-1857,156.571498539861,424976.472334824,4032806.34004312,31-Jan-2016,-117.376830024877,424708.877532656,4032747.44164032,-273.948328564738
usa_NC_0049_0041,01-Jan-1857,157.154434254421,424967.319607951,4032855.11860964,31-Jan-2016,-119.684603410175,424696.985971881,4032795.17417529,-276.839037664596
usa_NC_0049_0042,01-Jan-1857,157.777922116442,424958.206556214,4032903.90557706,31-Jan-2016,-118.4518481902,424688.552516569,4032843.66946744,-276.229770306642
usa_NC_0049_0043,01-Jan-1857,158.381100274965,424949.073746001,4032952.68777661,31-Jan-2016,-117.038827826114,424680.294676978,4032892.2058615,-275.419928101079
usa_NC_0049_0044,01-Jan-1857,159.199629524405,424940.150663456,4033001.51942354,31-Jan-2016,-117.309217430769,424670.393679382,4032940.37427211,-276.508846955174
usa_NC_0049_0045,01-Jan-1857,160.059069895181,424931.265216382,4033050.37151058,31-Jan-2016,-117.93778390864,424660.14176897,4032988.47089456,-277.996853803821
usa_NC_0049_0046,01-Jan-1857,161.004629426553,424922.461255999,4033099.2553004,31-Jan-2016,-118.579382814584,424649.875594968,4033036.57238885,-279.584012241137
usa_NC_0049_0047,01-Jan-1857,161.549800997512,424913.264524836,4033148.06135876,31-Jan-2016,-119.120773923039,424639.705536647,4033084.70427564,-280.670574920551
usa_NC_0049_0048,01-Jan-1857,162.195361318766,424904.163325325,4033196.90165578,31-Jan-2016,-118.861341869887,424630.314162977,4033133.02618098,-281.056703188653
usa_NC_0049_0049,01-Jan-1857,104.307821799401,424838.045673421,4033232.36113036,31-Jan-2016,-118.467198278034,424621.05189147,4033181.38948536,-222.775020077435
usa_NC_0049_0050,01-Jan-1857,101.34961885279,424825.448593864,4033280.30500236,31-Jan-2016,-117.915613742857,424611.940751487,4033229.7999408,-219.265232595647
usa_NC_0049_0051,01-Jan-1857,99.0160243763635,424813.459397381,4033328.39436992,31-Jan-2016,-117.538733590121,424602.657262781,4033278.18132332,-216.554757966484
usa_NC_0049_0052,01-Jan-1857,154.700375702627,424857.928630707,4033390.02812354,31-Jan-2016,-118.600330428724,424591.971782694,4033326.237803,-273.300706131351
usa_NC_0049_0053,01-Jan-1857,95.4459117271763,424790.546713786,4033424.83861573,31-Jan-2016,-120.183703192204,424580.777412886,4033374.17817357,-215.62961491938
usa_NC_0049_0054,01-Jan-1857,148.68682341248,424832.602702614,4033486.07952073,31-Jan-2016,-122.082051442929,424569.275752729,4033422.04892286,-270.768874855409
usa_NC_0049_0055,01-Jan-1857,93.0278316425279,424768.750631413,4033521.57414917,31-Jan-2016,-123.972648057414,424557.780845056,4033469.92543917,-217.000479699942
usa_NC_0049_0056,01-Jan-1857,145.96372239075,424810.474349727,4033582.9212441,31-Jan-2016,-125.867774447508,424546.280752791,4033517.80478429,-271.831496838258
usa_NC_0049_0057,01-Jan-1857,147.803653660945,424802.51904561,4033632.12229558,31-Jan-2016,-127.405032461227,424535.127589551,4033565.77427959,-275.208686122172
usa_NC_0049_0058,01-Jan-1857,88.8290187263178,424735.492176696,4033666.58404875,31-Jan-2016,-128.924542539524,424523.990661901,4033613.75309911,-217.753561265842
usa_NC_0049_0059,01-Jan-1857,85.0509345579926,424722.094383576,4033714.35088395,31-Jan-2016,-127.692199924815,424515.524722841,4033662.40884641,-212.743134482808
usa_NC_0049_0060,01-Jan-1857,138.707730087065,424764.447543546,4033776.227017,31-Jan-2016,-122.556417307713,424510.84503227,4033712.03724932,-261.264147394778
usa_NC_0049_0061,01-Jan-1857,137.527938471825,424753.554160692,4033824.72073543,31-Jan-2016,-115.925831348903,424507.61076939,4033762.06063429,-253.453769820728
usa_NC_0049_0062,01-Jan-1857,81.023612982724,424688.991388175,4033859.45798021,31-Jan-2016,-112.895381177188,424500.878169957,4033811.21839966,-193.918994159912
usa_NC_0049_0063,01-Jan-1857,76.394042857683,424674.767089709,4033907.01556164,31-Jan-2016,-113.015306421994,424491.086615167,4033859.6069836,-189.409349279677
usa_NC_0049_0064,01-Jan-1857,70.8507220060246,424659.657859433,4033954.33852084,31-Jan-2016,-110.754634390312,424483.601098629,4033908.60421232,-181.605356396337
usa_NC_0049_0065,01-Jan-1857,65.326294821346,424644.568391229,4034001.65900344,31-Jan-2016,-112.369347077244,424472.356448459,4033956.63626733,-177.69564189859
usa_NC_0049_0066,01-Jan-1857,61.7475828690676,424631.365431005,4034049.46827992,31-Jan-2016,-109.64295802301,424465.316614561,4034005.77983114,-171.390540892078
usa_NC_0049_0067,01-Jan-1857,59.2186407828171,424619.179451061,4034097.54550636,31-Jan-2016,-113.752568693026,424451.65234338,4034053.18834018,-172.971209475843
usa_NC_0049_0068,01-Jan-1857,111.157157391137,424659.729497842,4034159.67618447,31-Jan-2016,-113.992871854457,424441.734979819,4034101.59219259,-225.150029245594
usa_NC_0049_0069,01-Jan-1857,113.489433731126,424652.194374402,4034209.28708353,31-Jan-2016,-117.539818954809,424428.535365068,4034149.54683291,-231.029252685935
usa_NC_0049_0070,01-Jan-1857,115.686185896845,424644.503521892,4034258.98568741,31-Jan-2016,-117.937781472775,424418.33256866,4034198.57451366,-233.62396736962
usa_NC_0049_0071,01-Jan-1857,63.0928246214849,424583.770454327,4034294.51651378,31-Jan-2016,-121.131798433725,424405.42292129,4034246.87916017,-184.22462305521
usa_NC_0049_0072,01-Jan-1857,56.8462882735244,424567.905668517,4034342.03182971,31-Jan-2016,-121.789722575087,424394.968459848,4034295.83960246,-178.636010848611
usa_NC_0049_0073,01-Jan-1857,51.1585912920482,424552.581892514,4034389.69165998,31-Jan-2016,-122.886773302213,424384.088880938,4034344.68649306,-174.045364594261
usa_NC_0049_0074,01-Jan-1857,47.3750457367441,424539.10152376,4034437.84386338,31-Jan-2016,-130.163200961092,424367.227061583,4034391.93548451,-177.538246697836
usa_NC_0049_0075,01-Jan-1857,42.760249627368,424524.816424829,4034485.78110942,31-Jan-2016,-131.584501617165,424356.033587765,4034440.69847515,-174.344751244533
usa_NC_0049_0076,01-Jan-1857,40.5549072413755,424512.863910726,4034534.3414146,31-Jan-2016,-134.588215530085,424343.308176843,4034489.05230877,-175.14312277146
usa_NC_0049_0077,01-Jan-1857,38.921675074705,424501.465250752,4034583.0496816,31-Jan-2016,-137.618606577167,424330.556912179,4034537.39938252,-176.540281651872
usa_NC_0049_0078,01-Jan-1857,89.7101848389343,424540.815992976,4034645.31328836,31-Jan-2016,-140.620493880197,424317.833263828,4034585.75371733,-230.330678719131
usa_NC_0049_0079,01-Jan-1857,90.8025995143312,424532.056032224,4034694.72633467,31-Jan-2016,-140.5260414733,424308.107190716,4034634.90864174,-231.328640987631
usa_NC_0049_0080,01-Jan-1857,91.8703368924521,424523.272180636,4034744.13300379,31-Jan-2016,-140.356472090174,424298.453830097,4034684.08303076,-232.226808982626
usa_NC_0049_0081,01-Jan-1857,92.7525834780031,424514.308756929,4034793.49170219,31-Jan-2016,-143.765481070129,424285.336051134,4034732.33207498,-236.518064548132
usa_NC_0049_0082,01-Jan-1857,94.2556423149517,424505.946340123,4034843.01093381,31-Jan-2016,-142.561813384621,424276.683790616,4034781.77390748,-236.817455699573
usa_NC_0049_0083,01-Jan-1857,96.4581897802736,424498.261095267,4034892.71105009,31-Jan-2016,-143.951944054156,424265.520484714,4034830.54499666,-240.41013383443
usa_NC_0049_0084,01-Jan-1857,98.6744349979454,424490.589113639,4034942.41469608,31-Jan-2016,-145.627769943615,424254.080590957,4034879.24224402,-244.30220494156
usa_NC_0049_0085,01-Jan-1857,101.011493628223,424483.03409038,4034992.14958677,31-Jan-2016,-148.080949290855,424241.88815109,4034927.73843895,-249.092442919078
usa_NC_0049_0086,01-Jan-1857,43.5565865247652,424417.594573535,4035026.42327672,31-Jan-2016,-148.651765364996,424231.518017384,4034976.72141307,-192.208351889761
usa_NC_0049_0087,01-Jan-1857,89.5525821117401,424452.305686623,4035087.44764388,31-Jan-2016,-146.666092545866,424223.622819435,4035026.36543489,-236.218674657606
usa_NC_0049_0088,01-Jan-1857,89.6588016687094,424442.590992007,4035136.60567744,31-Jan-2016,-148.456009234872,424212.072479206,4035075.03315714,-238.114810903581
usa_NC_0049_0089,01-Jan-1857,90.2729799275266,424433.368050912,4035185.8950625,31-Jan-2016,-144.648337943754,424205.941153423,4035125.14832351,-234.921317871281
usa_NC_0049_0090,01-Jan-1857,92.2590831491095,424425.473266895,4035235.53920933,31-Jan-2016,-141.364875739895,424199.302347998,4035175.12790704,-233.623958889005
usa_NC_0049_0091,01-Jan-1857,94.1443042383296,424417.480820982,4035285.15726016,31-Jan-2016,-144.669080917863,424186.286026839,4035223.40406461,-238.813385156193
usa_NC_0049_0092,01-Jan-1857,93.2188964274251,424406.767409734,4035334.04853241,31-Jan-2016,-148.18920223698,424173.060676451,4035271.6243959,-241.408098664405
usa_NC_0049_0093,01-Jan-1857,32.4927069845401,424338.160969806,4035367.47632646,31-Jan-2016,-151.432521498271,424160.103294331,4035319.91632011,-183.925228482811
usa_NC_0049_0094,01-Jan-1857,22.660423603985,424318.824829392,4035414.06442529,31-Jan-2016,-152.682292480228,424149.075869559,4035368.7237081,-175.342716084213
usa_NC_0049_0095,01-Jan-1857,9.75238750377889,424296.511052479,4035459.85721536,31-Jan-2016,-156.708429105789,424135.3606355,4035416.81324821,-166.460816609568
usa_NC_0049_0096,01-Jan-1857,1.55012602515217,424278.75293093,4035506.86682247,31-Jan-2016,-155.030822730911,424127.167193903,4035466.37763465,-156.580948756063
usa_NC_0049_0097,01-Jan-1857,-2.82888175547964,424264.696093633,4035554.86506253,31-Jan-2016,-157.613492348091,424114.849383471,4035514.84040196,-154.784610592611
usa_NC_0049_0098,01-Jan-1857,48.6017328656171,424304.668455103,4035617.29471336,31-Jan-2016,-159.174900185213,424103.520263663,4035563.56720569,-207.77663305083
usa_NC_0049_0099,01-Jan-1857,50.8124577354661,424296.991128852,4035666.9969338,31-Jan-2016,-161.554821116755,424091.398742151,4035612.08235895,-212.367278852221
usa_NC_0049_0100,01-Jan-1857,2.23862057317751,424240.149356243,4035703.56713701,31-Jan-2016,-163.124434834777,424080.061673817,4035660.80706293,-165.363055407955
usa_NC_0049_0101,01-Jan-1857,61.3465195702718,424287.554137734,4035767.98173004,31-Jan-2016,-167.187791587559,424066.310554468,4035708.88624067,-228.534311157831
usa_NC_0049_0102,01-Jan-1857,60.9013371270171,424277.305685931,4035816.99690959,31-Jan-2016,-169.329489192228,424054.419795436,4035757.46229934,-230.230826319245
usa_NC_0049_0103,01-Jan-1857,60.5144024590079,424267.113620132,4035866.02716888,31-Jan-2016,-164.027988043569,424049.734776097,4035807.96308216,-224.542390502577
usa_NC_0049_0104,01-Jan-1857,60.4458825572499,424257.229811382,4035915.13976342,31-Jan-2016,-163.298105829164,424040.623988001,4035857.28168467,-223.743988386414
usa_NC_0049_0105,01-Jan-1857,61.6164339520683,424248.545539872,4035964.57278825,31-Jan-2016,-164.02366205033,424030.104186778,4035906.22396428,-225.640096002398
usa_NC_0049_0106,01-Jan-1857,63.8122310809154,424240.853799773,4036014.27096011,31-Jan-2016,-165.220920735827,424019.127729009,4035955.04428079,-229.033151816742
usa_NC_0049_0107,01-Jan-1857,5.42310790918668,424174.510062032,4036048.30211667,31-Jan-2016,-165.728006301393,424008.819423236,4036004.04308126,-171.15111421058
usa_NC_0049_0108,01-Jan-1857,-3.06547778783852,424156.47483697,4036095.23725253,31-Jan-2016,-169.825522803648,423995.035235108,4036052.11341978,-166.760045015809
usa_NC_0049_0109,01-Jan-1857,40.6943644281073,424182.95045084,4036186.06335531,31-Jan-2016,-173.780368933946,423973.278721081,4036140.80834741,-214.474733362053
usa_NC_0049_0110,01-Jan-1857,-66.416220444356,424058.953588487,4036259.97165018,31-Jan-2016,-175.914323476524,423951.451958224,4036239.14739772,-109.498103032168
usa_NC_0049_0111,01-Jan-1857,-88.1457511999406,424007.959261515,4036404.27382367,31-Jan-2016,-181.345305721833,423916.622974114,4036385.72867326,-93.1995545218924
usa_NC_0049_0112,01-Jan-1857,-114.670670469335,423934.966415524,4036634.19246123,31-Jan-2016,-195.025653467742,423856.696355544,4036615.80883507,-80.354982998407
usa_NC_0049_0113,01-Jan-1857,-146.041462488651,423841.065062459,4036944.0150991,31-Jan-2016,-218.074555844793,423771.036935401,4036926.8549295,-72.033093356142
usa_NC_0049_0114,01-Jan-1857,-189.664087417997,423710.435530063,4037375.11439088,31-Jan-2016,-244.217115812895,423657.383781381,4037362.20424132,-54.553028394898
usa_NC_0049_0115,01-Jan-1857,-238.287019659414,423564.932780271,4037855.12671075,31-Jan-2016,-249.885187906193,423553.59985169,4037852.65189161,-11.598168246779
usa_NC_0049_0116,14-Mar-1962,-184.390250553635,423506.819113946,4038421.00104794,31-Jan-2016,-251.954753044855,423440.135223734,4038409.90966452,-67.56450249122
usa_NC_0049_0117,14-Mar-1962,-187.720008689711,423448.393387211,4038696.39243668,31-Jan-2016,-250.255103503798,423386.512180012,4038686.9332509,-62.535094814087
usa_NC_0049_0118,14-Mar-1962,-194.027766743938,423401.587867275,4038898.43431601,31-Jan-2016,-242.073683411675,423354.026553683,4038891.25577511,-48.045916667737
usa_NC_0049_0119,01-Jan-1858,-306.204070489268,423246.296611654,4039103.09952453,31-Jan-2016,-234.428249362443,423317.508642502,4039113.02205761,71.775821126825
usa_NC_0049_0120,01-Jan-1858,-305.763362820464,423212.263941145,4039275.6607935,31-Jan-2016,-228.917683789326,423288.186143846,4039287.88491461,76.845679031138
usa_NC_0049_0121,01-Jan-1858,-301.650213588504,423186.030435271,4039427.93372971,31-Jan-2016,-221.868191819461,423264.597677716,4039441.90614591,79.782021769043
usa_NC_0049_0122,01-Oct-1925,-223.325454926646,423230.53753284,4039604.91897673,31-Jan-2016,-208.555045222216,423245.204893216,4039606.89597941,14.77040970443
usa_NC_0049_0123,01-Oct-1925,-226.645807363321,423209.114517,4039695.18297177,31-Jan-2016,-198.356345359887,423237.006868412,4039699.96906963,28.289462003434
usa_NC_0049_0124,01-Jan-1925,-205.682357645771,423210.530967294,4039795.07747352,31-Jan-2016,-190.486762150833,423225.503672453,4039797.696271,15.195595494938
usa_NC_0049_0125,01-Jan-1925,-197.053227612391,423198.723763857,4039898.2022436,31-Jan-2016,-186.253389474633,423209.325818618,4039900.26050374,10.799838137758
usa_NC_0049_0126,01-Jan-1925,-197.119998875775,423180.265920145,4039990.2314372,31-Jan-2016,-181.82126086554,423195.306577031,4039993.0365469,15.298738010235
usa_NC_0049_0127,01-Jan-1925,-203.094834853454,423164.549772433,4040038.3894833,31-Jan-2016,-179.097104590296,423188.14695016,4040042.76820496,23.997730263158
usa_NC_0049_0128,01-Jan-1925,-206.875008869003,423150.989913085,4040086.95669335,31-Jan-2016,-176.378287284554,423180.983039871,4040092.49405243,30.496721584449
usa_NC_0049_0129,01-Jan-1925,-207.289329629434,423140.73956728,4040136.13884789,31-Jan-2016,-173.79339088834,423173.68835339,4040142.19091314,33.495938741094
usa_NC_0049_0130,01-Jan-1925,-207.913461611298,423130.282647415,4040185.28404486,31-Jan-2016,-174.817956619095,423162.843438212,4040191.23424676,33.095504992203
usa_NC_0049_0131,01-Jan-1925,-207.847927498576,423120.504146631,4040234.55375796,31-Jan-2016,-174.55296238737,423153.267108553,4040240.51012649,33.294965111206
usa_NC_0049_0132,01-Jan-1925,-208.482669368796,423110.036446097,4040283.6987599,31-Jan-2016,-174.188411907245,423143.788844915,4040289.80331345,34.294257461551
usa_NC_0049_0133,01-Jan-1925,-208.987863949336,423099.696040451,4040332.86785041,31-Jan-2016,-168.595316550999,423139.457573248,4040340.02190588,40.392547398337
usa_NC_0049_0134,01-Jan-1925,-205.890423485678,423092.902442782,4040382.67274587,31-Jan-2016,-167.698153112464,423130.504878223,4040389.40303925,38.192270373214
usa_NC_0049_0135,01-Jan-1925,-205.912929764947,423083.037623831,4040431.92513007,31-Jan-2016,-166.521639088784,423121.827582961,4040438.83158146,39.391290676163
usa_NC_0049_0136,01-Jan-1925,-208.750566217536,423070.400131579,4040480.6865303,31-Jan-2016,-167.160574328954,423111.362641101,4040487.9413779,41.589991888582
usa_NC_0049_0137,01-Jan-1925,-208.60021390087,423060.705062395,4040529.97157395,31-Jan-2016,-167.211016579948,423101.477184019,4040537.15447714,41.389197320922
usa_NC_0049_0138,01-Jan-1925,-209.01124341231,423050.456649453,4040579.16085197,31-Jan-2016,-166.623205182935,423092.220276402,4040586.47928515,42.388038229375
usa_NC_0049_0139,01-Jan-1925,-211.085822642487,423038.56794579,4040628.06915057,31-Jan-2016,-167.599052063876,423081.421871569,4040635.53849093,43.486770578611
usa_NC_0049_0140,01-Jan-1925,-215.119809878724,423024.746436756,4040676.6504663,31-Jan-2016,-164.83625595618,423074.30719938,4040685.24236993,50.283553922544
usa_NC_0049_0141,01-Jan-1925,-215.323094902725,423014.698997971,4040725.89417871,31-Jan-2016,-160.942168761509,423068.307931503,4040735.13767619,54.380926141216
usa_NC_0049_0142,01-Jan-1925,-212.645984905698,423007.490687248,4040775.6293773,31-Jan-2016,-160.065715640404,423059.333900133,4040784.51989347,52.580269265294
usa_NC_0049_0143,01-Jan-1925,-211.586928422078,422998.686853947,4040825.0917411,31-Jan-2016,-156.20911182943,423053.298272422,4040834.40586865,55.377816592648
usa_NC_0049_0144,01-Jan-1925,-210.603354550803,422989.808129895,4040874.54367515,31-Jan-2016,-149.029630752053,423050.540686237,4040884.84496635,61.57372379875
usa_NC_0049_0145,01-Jan-1925,-208.040369451916,422982.487056159,4040924.26076745,31-Jan-2016,-149.466946203017,423040.27074405,4040934.0078395,58.573423248899
usa_NC_0049_0146,01-Jan-1925,-204.500512354408,422976.129954062,4040974.13906445,31-Jan-2016,-146.828284485248,423033.034881124,4040983.68470618,57.67222786916
usa_NC_0049_0147,01-Jan-1925,-203.517795831363,422967.249722041,4041023.59416963,31-Jan-2016,-149.145536369659,423020.908281004,4041032.54509417,54.372259461704
usa_NC_0049_0148,01-Jan-1925,-207.304183308312,422953.661669091,4041072.27076179,31-Jan-2016,-152.433795228095,423007.821603321,4041081.25472106,54.870388080217
usa_NC_0049_0149,01-Jan-1925,-204.707057897642,422946.373448383,4041121.99767379,31-Jan-2016,-153.436280743965,422996.989522115,4041130.34651083,51.270777153677
usa_NC_0049_0150,01-Jan-1925,-204.665255668837,422936.562185241,4041171.31023086,31-Jan-2016,-150.997515384029,422989.55418544,4041180.00148594,53.667740284808
usa_NC_0049_0151,01-Jan-1925,-205.851101140523,422925.53771267,4041220.42907652,31-Jan-2016,-149.486783185765,422981.202390858,4041229.50671951,56.364317954758
usa_NC_0049_0152,01-Jan-1925,-209.327285670909,422912.249680789,4041269.18731242,31-Jan-2016,-153.26461485395,422967.626455527,4041278.1663335,56.062670816959
usa_NC_0049_0153,01-Jan-1925,-208.939295955341,422902.777178843,4041318.57128336,31-Jan-2016,-150.580115987983,422960.432775605,4041327.86602177,58.359179967358
usa_NC_0049_0154,01-Jan-1925,-203.0253778213,422898.764293664,4041368.83380838,31-Jan-2016,-143.069379730973,422958.008151335,4041378.32935093,59.955998090327
usa_NC_0049_0155,01-Jan-1925,-203.460287939629,422888.478145783,4041418.09005604,31-Jan-2016,-146.104404688889,422945.163003639,4041427.12260219,57.35588325074
usa_NC_0049_0156,01-Jan-1925,-202.091514452931,422879.973929653,4041467.63360492,31-Jan-2016,-139.941562199646,422941.407855703,4041477.36565147,62.149952253285
usa_NC_0049_0157,01-Jan-1925,-203.074666469243,422869.14413516,4041516.81261594,31-Jan-2016,-134.832140567161,422936.612617452,4041527.43776992,68.242525902082
usa_NC_0049_0158,14-Mar-1962,-157.222357137139,422904.625756656,4041573.2477958,31-Jan-2016,-138.338973786904,422923.298323499,4041576.17102133,18.883383350235
usa_NC_0049_0159,14-Mar-1962,-159.148059118057,422892.869787143,4041622.25160962,31-Jan-2016,-139.46613786953,422912.335488393,4041625.2808793,19.681921248527
usa_NC_0049_0160,01-Jan-1925,-199.338468830844,422843.261142256,4041665.40775403,31-Jan-2016,-132.102877805706,422909.770098442,4041675.69603606,67.235591025138
usa_NC_0049_0161,01-Jan-1925,-196.379249172976,422836.328336181,4041715.20391698,31-Jan-2016,-132.542970525688,422899.48610712,4041724.91504308,63.836278647288
usa_NC_0049_0162,01-Jan-1925,-197.804091499324,422825.057520791,4041764.33587952,31-Jan-2016,-125.778945094874,422896.32997308,4041775.2284249,72.02514640445
usa_NC_0049_0163,01-Jan-1925,-196.524095954792,422816.507270974,4041813.65673696,31-Jan-2016,-126.397469049868,422885.903159302,4041824.25157925,70.126626904924
usa_NC_0049_0164,01-Jan-1925,-193.199334436541,422809.989573615,4041863.2410136,31-Jan-2016,-124.87082630282,422877.60608063,4041873.5641904,68.328508133721
usa_NC_0049_0165,01-Jan-1925,-191.512061830646,422801.851448215,4041912.57790687,31-Jan-2016,-121.685121474592,422870.950773279,4041923.12746969,69.826940356054
usa_NC_0049_0166,14-Mar-1962,-130.130731555015,422852.785354052,4041970.93346364,31-Jan-2016,-121.939302204254,422860.891426487,4041972.17103775,8.19142935076098
usa_NC_0049_0167,01-Jan-1925,-187.164186695565,422786.538388188,4042011.39872956,31-Jan-2016,-116.637977906883,422856.329694802,4042022.05394055,70.526208788682
usa_NC_0049_0168,01-Jan-1925,-182.722734718196,422781.125744576,4042061.15172004,31-Jan-2016,-120.387955396979,422842.810979141,4042070.56935439,62.334779321217
usa_NC_0049_0169,01-Jan-1925,-180.021760014894,422773.981789403,4042110.68664836,31-Jan-2016,-120.983944080519,422832.406183314,4042119.59732713,59.037815934375
usa_NC_0049_0170,01-Jan-1925,-175.623841905786,422768.51395127,4042160.49368609,31-Jan-2016,-111.691794928261,422831.784340651,4042170.12996273,63.932046977525
usa_NC_0049_0171,14-Mar-1962,-138.664246440595,422795.272302757,4042215.20110802,31-Jan-2016,-112.49231686777,422821.174440107,4042219.14055985,26.171929572825
usa_NC_0049_0172,14-Mar-1962,-133.937525080025,422790.131570613,4042265.04916953,31-Jan-2016,-117.954821999406,422805.950170835,4042267.45164471,15.982703080619
usa_NC_0049_0173,14-Mar-1962,-135.389772221382,422778.875259,4042313.96869453,31-Jan-2016,-107.719986509275,422806.262076985,4042318.12227138,27.669785712107
usa_NC_0049_0174,14-Mar-1962,-138.825327526149,422765.655535734,4042362.59243205,31-Jan-2016,-105.362195119053,422798.777824249,4042367.60880559,33.463132407096
usa_NC_0049_0175,14-Mar-1962,-139.59509986931,422755.07408237,4042411.61759352,31-Jan-2016,-98.6406231626186,422795.613087571,4042417.74858507,40.9544767066914
usa_NC_0049_0176,14-Mar-1962,-141.096039484582,422743.768599043,4042460.53469944,31-Jan-2016,-96.545998811076,422787.868515649,4042467.19483123,44.550040673506
usa_NC_0049_0177,14-Mar-1962,-140.202402679113,422734.833284805,4042509.81085536,31-Jan-2016,-100.247604634017,422774.386023686,4042515.77582368,39.954798045096
usa_NC_0049_0178,14-Mar-1962,-137.553559079138,422727.635473265,4042559.34925996,31-Jan-2016,-99.9964222468391,422764.816215833,4042564.94857976,37.5571368322989
usa_NC_0049_0179,14-Mar-1962,-130.206073382874,422725.089436231,4042609.58706602,31-Jan-2016,-88.2543712475036,422766.622419511,4042615.83296867,41.9517021353704
usa_NC_0049_0180,14-Mar-1962,-117.210700062567,422728.1355596,4042660.66252371,31-Jan-2016,-88.0445710169425,422757.011776286,4042664.99889431,29.1661290456245
usa_NC_0049_0181,14-Mar-1962,-110.576590806842,422724.884269976,4042710.78909734,31-Jan-2016,-90.7997572671852,422744.46533079,4042713.72543135,19.7768335396568
usa_NC_0049_0182,14-Mar-1962,-111.145655076368,422714.501168978,4042759.84590463,31-Jan-2016,-85.8755122362757,422739.522194855,4042763.59267177,25.2701428400923
usa_NC_0049_0183,14-Mar-1962,-106.035055199316,422709.741742085,4042809.7448226,31-Jan-2016,-82.5630265998761,422732.983340992,4042813.22017586,23.4720285994399
usa_NC_0049_0184,14-Mar-1962,-110.140670520102,422695.856429591,4042858.27989448,31-Jan-2016,-80.8758439764229,422724.835155318,4042862.60695529,29.2648265436791
usa_NC_0049_0185,14-Mar-1962,-106.271023956773,422689.868215318,4042907.99515629,31-Jan-2016,-78.1051654504519,422717.75987,4042912.15395409,28.1658585063211
usa_NC_0049_0186,14-Mar-1962,-103.37760093209,422682.913369593,4042957.56583338,31-Jan-2016,-76.3106891204945,422709.717884368,4042961.55682169,27.0669118115955
usa_NC_0049_0187,14-Mar-1962,-94.6094528528338,422681.776585971,4043008.00128693,31-Jan-2016,-74.2345710811826,422701.954780096,4043011.00136724,20.3748817716512
usa_NC_0049_0188,14-Mar-1962,-82.9426654298088,422683.511111607,4043058.86028632,31-Jan-2016,-71.2571927189537,422695.084257837,4043060.57850817,11.6854727108551
usa_NC_0049_0189,14-Mar-1962,-82.1622912232718,422674.464190178,4043108.11695236,31-Jan-2016,-68.0799451729516,422688.411746387,4043110.18472309,14.0823460503202
usa_NC_0049_0190,14-Mar-1962,-80.0011413529847,422666.784762952,4043157.57669035,31-Jan-2016,-64.7204576607983,422681.919812652,4043159.81728638,15.2806836921864
usa_NC_0049_0191,14-Mar-1962,-79.7657741593488,422657.197817437,4043206.75449988,31-Jan-2016,-61.3891972875716,422675.400007093,4043209.4452789,18.3765768717772
usa_NC_0049_0192,14-Mar-1962,-78.231976001275,422648.896865336,4043256.12301138,31-Jan-2016,-58.1577750039683,422668.781391324,4043259.05825009,20.0742009973067
usa_NC_0049_0193,14-Mar-1962,-74.4574362436441,422642.815512832,4043305.81901235,31-Jan-2016,-59.9762008478909,422657.160512391,4043307.93348337,14.4812353957532
usa_NC_0049_0194,14-Mar-1962,-73.0768034696866,422634.362787251,4043355.16540488,31-Jan-2016,-56.9978096630319,422650.291172309,4043357.50987699,16.0789938066547
usa_NC_0049_0195,14-Mar-1962,-69.4242168427876,422628.160711416,4043404.84318609,31-Jan-2016,-60.236318511281,422637.262924791,4043406.18098714,9.1878983315066
usa_NC_0049_0196,14-Mar-1962,-66.8569065506439,422620.883507512,4043454.36281013,31-Jan-2016,-62.6624762076354,422625.038993012,4043454.97267919,4.1944303430085
usa_NC_0049_0197,14-Mar-1962,-62.9812215574096,422614.902560631,4043504.07251917,31-Jan-2016,-57.0891090383233,422620.740206799,4043504.92802324,5.8921125190863
usa_NC_0049_0198,14-Mar-1962,-55.4444451687141,422612.549101418,4043554.31260262,31-Jan-2016,-57.541615089427,422610.471231733,4043554.00853425,-2.0971699207129
usa_NC_0049_0199,14-Mar-1962,-47.2208658097463,422610.87653918,4043604.65019049,31-Jan-2016,-60.8023902431157,422597.419449096,4043602.68379111,-13.5815244333694
usa_NC_0049_0200,01-Jan-1925,-105.124336771334,422543.680527432,4043645.42487767,31-Jan-2016,-55.7919838831274,422592.562915151,4043652.55735065,49.3323528882066
usa_NC_0049_0201,14-Mar-1962,-30.901543370142,422607.406071936,4043705.30024032,31-Jan-2016,-54.668692056548,422583.854731733,4043701.86885946,-23.767148686406
usa_NC_0049_0202,14-Mar-1962,-32.1325828036146,422596.365679133,4043754.26811805,31-Jan-2016,-51.1061485313464,422577.563618448,4043751.53269962,-18.9735657277318
usa_NC_0049_0203,14-Mar-1962,-32.365845126776,422586.313752254,4043803.38130717,31-Jan-2016,-46.9453717216991,422571.865415274,4043801.28236493,-14.5795265949231
usa_NC_0049_0204,14-Mar-1962,-34.4924851817844,422574.385160382,4043852.22353883,31-Jan-2016,-38.7864077929359,422570.129699475,4043851.60624435,-4.29392261115149
usa_NC_0049_0205,14-Mar-1962,-34.6282372025195,422564.429299554,4043901.35360267,31-Jan-2016,-36.8251034242128,422562.252021222,4043901.03823136,-2.1968662216933
usa_NC_0049_0206,14-Mar-1962,-38.7622243026217,422550.510449296,4043949.91172011,31-Jan-2016,-30.8735654472733,422558.329093734,4043951.04256013,7.8886588553484
usa_NC_0049_0207,14-Mar-1962,-35.1101827419443,422544.308274649,4043999.58721417,31-Jan-2016,-26.3229143771539,422553.017913159,4044000.8450683,8.7872683647904
usa_NC_0049_0208,14-Mar-1962,-29.612413520132,422539.935665586,4044049.52619571,31-Jan-2016,-22.2232027693714,422547.259900103,4044050.58241006,7.3892107507606
usa_NC_0049_0209,14-Mar-1962,-28.4250646728443,422531.290582011,4044098.84883205,31-Jan-2016,-23.0329987754056,422536.6354542,4044099.61846916,5.3920658974387
usa_NC_0049_0210,14-Mar-1962,-27.4635965858875,422522.421454271,4044148.13992994,31-Jan-2016,-20.5738127001603,422529.251218038,4044149.12193141,6.8897838857272
usa_NC_0049_0211,14-Mar-1962,-23.1262856369707,422516.898746983,4044197.91225641,31-Jan-2016,-17.8341929996017,422522.144954506,4044198.665454,5.292092637369
usa_NC_0049_0212,14-Mar-1962,-22.744441581245,422507.45483241,4044247.12180225,31-Jan-2016,-13.7579718070072,422516.363753093,4044248.39896014,8.9864697742378
usa_NC_0049_0213,14-Mar-1962,-24.4363069391193,422495.954819823,4044296.03805235,31-Jan-2016,-3.46811786302217,422516.742922155,4044299.01375419,20.9681890760971
usa_NC_0049_0214,14-Mar-1962,-20.6632635280819,422489.872635539,4044345.73057954,31-Jan-2016,2.10193691362662,422512.443248158,4044348.95663689,22.7652004417085
usa_NC_0049_0215,14-Mar-1962,-13.3772365022685,422487.273630345,4044395.91981552,31-Jan-2016,1.7993884649795,422502.32115343,4044398.06738368,15.176624967248
usa_NC_0049_0216,01-Jan-1925,-45.528915076588,422445.57115211,4044440.53467122,31-Jan-2016,4.39361455236352,422495.07105464,4044447.58872322,49.9225296289515
usa_NC_0049_0217,14-Mar-1962,-1.88036413791045,422479.027445472,4044495.85889132,31-Jan-2016,11.5985620093319,422492.392815799,4044497.76069993,13.4789261472423
usa_NC_0049_0218,14-Mar-1962,-3.05205420385121,422468.042604781,4044544.85164364,31-Jan-2016,18.6138183551712,422489.526836954,4044547.90414556,21.6658725590224
usa_NC_0049_0219,14-Mar-1962,-6.95899034017921,422454.352630049,4044593.4230935,31-Jan-2016,18.20129879042,422479.302259052,4044596.96653993,25.1602891305992
usa_NC_0049_0220,14-Mar-1962,-2.68489508389371,422448.777912033,4044643.13309191,31-Jan-2016,24.6719272406911,422475.905683211,4044646.98588712,27.3568223245848
usa_NC_0049_0221,14-Mar-1962,3.08908626877928,422444.690522935,4044693.05432185,31-Jan-2016,23.4569393339899,422464.887841753,4044695.92282538,20.3678530652106
usa_NC_0049_0222,14-Mar-1962,2.57996571627804,422434.372637632,4044742.0906767,31-Jan-2016,20.7512856295689,422452.39181417,4044744.6498322,18.1713199132909
usa_NC_0049_0223,14-Mar-1962,15.2321620769877,422437.105873183,4044792.98060411,31-Jan-2016,19.8249132724484,422441.660170528,4044793.62742378,4.5927511954607
usa_NC_0049_0224,01-Jan-1925,-26.8766980735888,422385.536552955,4044836.15825649,31-Jan-2016,25.8400981942633,422437.811966119,4044843.58262034,52.7167962678521
usa_NC_0049_0225,14-Mar-1962,15.953172935948,422418.194793266,4044891.29825617,31-Jan-2016,24.9389904760277,422427.105375069,4044892.56377263,8.9858175400797
usa_NC_0049_0226,14-Mar-1962,19.7424595914461,422412.139325549,4044940.93997795,31-Jan-2016,22.3383624371271,422414.713493624,4044941.30557161,2.595902845681
usa_NC_0049_0227,14-Mar-1962,15.1766600744167,422393.455859315,4045011.13834244,31-Jan-2016,18.0680839349013,422396.334899309,4045011.48637795,2.8914238604846
usa_NC_0049_0228,14-Mar-1962,21.1869366943826,422380.622481618,4045106.03365547,31-Jan-2016,22.9777024620858,422382.414212348,4045106.20599522,1.7907657677032
usa_NC_0049_0229,14-Mar-1962,30.3187543453651,422369.084681717,4045210.37559949,31-Jan-2016,15.5129329157767,422354.238139748,4045209.11457151,-14.8058214295884
usa_NC_0049_0230,14-Mar-1962,42.7317204441025,422353.887569613,4045349.77482165,31-Jan-2016,23.7066421112045,422334.900143792,4045347.70415492,-19.025078332898
