id,date,x_s,UTM_E,UTM_N
usa_NC_0049_0230,31-Jan-2016,23.7066421112045,422334.900143792,4045347.70415492
usa_NC_0049_0229,31-Jan-2016,15.5129329157767,422354.238139748,4045209.11457151
usa_NC_0049_0228,31-Jan-2016,22.9777024620858,422382.414212348,4045106.20599522
usa_NC_0049_0227,31-Jan-2016,18.0680839349013,422396.334899309,4045011.48637795
usa_NC_0049_0226,31-Jan-2016,22.3383624371271,422414.713493624,4044941.30557161
usa_NC_0049_0225,31-Jan-2016,24.9389904760277,422427.105375069,4044892.56377263
usa_NC_0049_0224,31-Jan-2016,25.8400981942633,422437.811966119,4044843.58262034
usa_NC_0049_0223,31-Jan-2016,19.8249132724484,422441.660170528,4044793.62742378
usa_NC_0049_0222,31-Jan-2016,20.7512856295689,422452.39181417,4044744.6498322
usa_NC_0049_0221,31-Jan-2016,23.4569393339899,422464.887841753,4044695.92282538
usa_NC_0049_0220,31-Jan-2016,24.6719272406911,422475.905683211,4044646.98588712
usa_NC_0049_0219,31-Jan-2016,18.20129879042,422479.302259052,4044596.96653993
usa_NC_0049_0218,31-Jan-2016,18.6138183551712,422489.526836954,4044547.90414556
usa_NC_0049_0217,31-Jan-2016,11.5985620093319,422492.392815799,4044497.76069993
usa_NC_0049_0216,31-Jan-2016,4.39361455236352,422495.07105464,4044447.58872322
usa_NC_0049_0215,31-Jan-2016,1.7993884649795,422502.32115343,4044398.06738368
usa_NC_0049_0214,31-Jan-2016,2.10193691362662,422512.443248158,4044348.95663689
usa_NC_0049_0213,31-Jan-2016,-3.46811786302217,422516.742922155,4044299.01375419
usa_NC_0049_0212,31-Jan-2016,-13.7579718070072,422516.363753093,4044248.39896014
usa_NC_0049_0211,31-Jan-2016,-17.8341929996017,422522.144954506,4044198.665454
usa_NC_0049_0210,31-Jan-2016,-20.5738127001603,422529.251218038,4044149.12193141
usa_NC_0049_0209,31-Jan-2016,-23.0329987754056,422536.6354542,4044099.61846916
usa_NC_0049_0208,31-Jan-2016,-22.2232027693714,422547.259900103,4044050.58241006
usa_NC_0049_0207,31-Jan-2016,-26.3229143771539,422553.017913159,4044000.8450683
usa_NC_0049_0206,31-Jan-2016,-30.8735654472733,422558.329093734,4043951.04256013
usa_NC_0049_0205,31-Jan-2016,-36.8251034242128,422562.252021222,4043901.03823136
usa_NC_0049_0204,31-Jan-2016,-38.7864077929359,422570.129699475,4043851.60624435
usa_NC_0049_0203,31-Jan-2016,-46.9453717216991,422571.865415274,4043801.28236493
usa_NC_0049_0202,31-Jan-2016,-51.1061485313464,422577.563618448,4043751.53269962
usa_NC_0049_0201,31-Jan-2016,-54.668692056548,422583.854731733,4043701.86885946
usa_NC_0049_0200,31-Jan-2016,-55.7919838831274,422592.562915151,4043652.55735065
usa_NC_0049_0199,31-Jan-2016,-60.8023902431157,422597.419449096,4043602.68379111
usa_NC_0049_0198,31-Jan-2016,-57.541615089427,422610.471231733,4043554.00853425
usa_NC_0049_0197,31-Jan-2016,-57.0891090383233,422620.740206799,4043504.92802324
usa_NC_0049_0196,31-Jan-2016,-62.6624762076354,422625.038993012,4043454.97267919
usa_NC_0049_0195,31-Jan-2016,-60.236318511281,422637.262924791,4043406.18098714
usa_NC_0049_0194,31-Jan-2016,-56.9978096630319,422650.291172309,4043357.50987699
usa_NC_0049_0193,31-Jan-2016,-59.9762008478909,422657.160512391,4043307.93348337
usa_NC_0049_0192,31-Jan-2016,-58.1577750039683,422668.781391324,4043259.05825009
usa_NC_0049_0191,31-Jan-2016,-61.3891972875716,422675.400007093,4043209.4452789
usa_NC_0049_0190,31-Jan-2016,-64.7204576607983,422681.919812652,4043159.81728638
usa_NC_0049_0189,31-Jan-2016,-68.0799451729516,422688.411746387,4043110.18472309
usa_NC_0049_0188,31-Jan-2016,-71.2571927189537,422695.084257837,4043060.57850817
usa_NC_0049_0187,31-Jan-2016,-74.2345710811826,422701.954780096,4043011.00136724
usa_NC_0049_0186,31-Jan-2016,-76.3106891204945,422709.717884368,4042961.55682169
usa_NC_0049_0185,31-Jan-2016,-78.1051654504519,422717.75987,4042912.15395409
usa_NC_0049_0184,31-Jan-2016,-80.8758439764229,422724.835155318,4042862.60695529
usa_NC_0049_0183,31-Jan-2016,-82.5630265998761,422732.983340992,4042813.22017586
usa_NC_0049_0182,31-Jan-2016,-85.8755122362757,422739.522194855,4042763.59267177
usa_NC_0049_0181,31-Jan-2016,-90.7997572671852,422744.46533079,4042713.72543135
usa_NC_0049_0180,31-Jan-2016,-88.0445710169425,422757.011776286,4042664.99889431
usa_NC_0049_0179,31-Jan-2016,-88.2543712475036,422766.622419511,4042615.83296867
usa_NC_0049_0178,31-Jan-2016,-99.9964222468391,422764.816215833,4042564.94857976
usa_NC_0049_0177,31-Jan-2016,-100.247604634017,422774.386023686,4042515.77582368
usa_NC_0049_0176,31-Jan-2016,-96.545998811076,422787.868515649,4042467.19483123
usa_NC_0049_0175,31-Jan-2016,-98.6406231626186,422795.613087571,4042417.74858507
usa_NC_0049_0174,31-Jan-2016,-105.362195119053,422798.777824249,4042367.60880559
usa_NC_0049_0173,31-Jan-2016,-107.719986509275,422806.262076985,4042318.12227138
usa_NC_0049_0172,31-Jan-2016,-117.954821999406,422805.950170835,4042267.45164471
usa_NC_0049_0171,31-Jan-2016,-112.49231686777,422821.174440107,4042219.14055985
usa_NC_0049_0170,31-Jan-2016,-111.691794928261,422831.784340651,4042170.12996273
usa_NC_0049_0169,31-Jan-2016,-120.983944080519,422832.406183314,4042119.59732713
usa_NC_0049_0168,31-Jan-2016,-120.387955396979,422842.810979141,4042070.56935439
usa_NC_0049_0167,31-Jan-2016,-116.637977906883,422856.329694802,4042022.05394055
usa_NC_0049_0166,31-Jan-2016,-121.939302204254,422860.891426487,4041972.17103775
usa_NC_0049_0165,31-Jan-2016,-121.685121474592,422870.950773279,4041923.12746969
usa_NC_0049_0164,31-Jan-2016,-124.87082630282,422877.60608063,4041873.5641904
usa_NC_0049_0163,31-Jan-2016,-126.397469049868,422885.903159302,4041824.25157925
usa_NC_0049_0162,31-Jan-2016,-125.778945094874,422896.32997308,4041775.2284249
usa_NC_0049_0161,31-Jan-2016,-132.542970525688,422899.48610712,4041724.91504308
usa_NC_0049_0160,31-Jan-2016,-132.102877805706,422909.770098442,4041675.69603606
usa_NC_0049_0159,31-Jan-2016,-139.46613786953,422912.335488393,4041625.2808793
usa_NC_0049_0158,31-Jan-2016,-138.338973786904,422923.298323499,4041576.17102133
usa_NC_0049_0157,31-Jan-2016,-134.832140567161,422936.612617452,4041527.43776992
usa_NC_0049_0156,31-Jan-2016,-139.941562199646,422941.407855703,4041477.36565147
usa_NC_0049_0155,31-Jan-2016,-146.104404688889,422945.163003639,4041427.12260219
usa_NC_0049_0154,31-Jan-2016,-143.069379730973,422958.008151335,4041378.32935093
usa_NC_0049_0153,31-Jan-2016,-150.580115987983,422960.432775605,4041327.86602177
usa_NC_0049_0152,31-Jan-2016,-153.26461485395,422967.626455527,4041278.1663335
usa_NC_0049_0151,31-Jan-2016,-149.486783185765,422981.202390858,4041229.50671951
usa_NC_0049_0150,31-Jan-2016,-150.997515384029,422989.55418544,4041180.00148594
usa_NC_0049_0149,31-Jan-2016,-153.436280743965,422996.989522115,4041130.34651083
usa_NC_0049_0148,31-Jan-2016,-152.433795228095,423007.821603321,4041081.25472106
usa_NC_0049_0147,31-Jan-2016,-149.145536369659,423020.908281004,4041032.54509417
usa_NC_0049_0146,31-Jan-2016,-146.828284485248,423033.034881124,4040983.68470618
usa_NC_0049_0145,31-Jan-2016,-149.466946203017,423040.27074405,4040934.0078395
usa_NC_0049_0144,31-Jan-2016,-149.029630752053,423050.540686237,4040884.84496635
usa_NC_0049_0143,31-Jan-2016,-156.20911182943,423053.298272422,4040834.40586865
usa_NC_0049_0142,31-Jan-2016,-160.065715640404,423059.333900133,4040784.51989347
usa_NC_0049_0141,31-Jan-2016,-160.942168761509,423068.307931503,4040735.13767619
usa_NC_0049_0140,31-Jan-2016,-164.83625595618,423074.30719938,4040685.24236993
usa_NC_0049_0139,31-Jan-2016,-167.599052063876,423081.421871569,4040635.53849093
usa_NC_0049_0138,31-Jan-2016,-166.623205182935,423092.220276402,4040586.47928515
usa_NC_0049_0137,31-Jan-2016,-167.211016579948,423101.477184019,4040537.15447714
usa_NC_0049_0136,31-Jan-2016,-167.160574328954,423111.362641101,4040487.9413779
usa_NC_0049_0135,31-Jan-2016,-166.521639088784,423121.827582961,4040438.83158146
usa_NC_0049_0134,31-Jan-2016,-167.698153112464,423130.504878223,4040389.40303925
usa_NC_0049_0133,31-Jan-2016,-168.595316550999,423139.457573248,4040340.02190588
usa_NC_0049_0132,31-Jan-2016,-174.188411907245,423143.788844915,4040289.80331345
usa_NC_0049_0131,31-Jan-2016,-174.55296238737,423153.267108553,4040240.51012649
usa_NC_0049_0130,31-Jan-2016,-174.817956619095,423162.843438212,4040191.23424676
usa_NC_0049_0129,31-Jan-2016,-173.79339088834,423173.68835339,4040142.19091314
usa_NC_0049_0128,31-Jan-2016,-176.378287284554,423180.983039871,4040092.49405243
usa_NC_0049_0127,31-Jan-2016,-179.097104590296,423188.14695016,4040042.76820496
usa_NC_0049_0126,31-Jan-2016,-181.82126086554,423195.306577031,4039993.0365469
usa_NC_0049_0125,31-Jan-2016,-186.253389474633,423209.325818618,4039900.26050374
usa_NC_0049_0124,31-Jan-2016,-190.486762150833,423225.503672453,4039797.696271
usa_NC_0049_0123,31-Jan-2016,-198.356345359887,423237.006868412,4039699.96906963
usa_NC_0049_0122,31-Jan-2016,-208.555045222216,423245.204893216,4039606.89597941
usa_NC_0049_0121,31-Jan-2016,-221.868191819461,423264.597677716,4039441.90614591
usa_NC_0049_0120,31-Jan-2016,-228.917683789326,423288.186143846,4039287.88491461
usa_NC_0049_0119,31-Jan-2016,-234.428249362443,423317.508642502,4039113.02205761
usa_NC_0049_0118,31-Jan-2016,-242.073683411675,423354.026553683,4038891.25577511
usa_NC_0049_0117,31-Jan-2016,-250.255103503798,423386.512180012,4038686.9332509
usa_NC_0049_0116,31-Jan-2016,-251.954753044855,423440.135223734,4038409.90966452
usa_NC_0049_0115,31-Jan-2016,-249.885187906193,423553.59985169,4037852.65189161
usa_NC_0049_0114,31-Jan-2016,-244.217115812895,423657.383781381,4037362.20424132
usa_NC_0049_0113,31-Jan-2016,-218.074555844793,423771.036935401,4036926.8549295
usa_NC_0049_0112,31-Jan-2016,-195.025653467742,423856.696355544,4036615.80883507
usa_NC_0049_0111,31-Jan-2016,-181.345305721833,423916.622974114,4036385.72867326
usa_NC_0049_0110,31-Jan-2016,-175.914323476524,423951.451958224,4036239.14739772
usa_NC_0049_0109,31-Jan-2016,-173.780368933946,423973.278721081,4036140.80834741
usa_NC_0049_0108,31-Jan-2016,-169.825522803648,423995.035235108,4036052.11341978
usa_NC_0049_0107,31-Jan-2016,-165.728006301393,424008.819423236,4036004.04308126
usa_NC_0049_0106,31-Jan-2016,-165.220920735827,424019.127729009,4035955.04428079
usa_NC_0049_0105,31-Jan-2016,-164.02366205033,424030.104186778,4035906.22396428
usa_NC_0049_0104,31-Jan-2016,-163.298105829164,424040.623988001,4035857.28168467
usa_NC_0049_0103,31-Jan-2016,-164.027988043569,424049.734776097,4035807.96308216
usa_NC_0049_0102,31-Jan-2016,-169.329489192228,424054.419795436,4035757.46229934
usa_NC_0049_0101,31-Jan-2016,-167.187791587559,424066.310554468,4035708.88624067
usa_NC_0049_0100,31-Jan-2016,-163.124434834777,424080.061673817,4035660.80706293
usa_NC_0049_0099,31-Jan-2016,-161.554821116755,424091.398742151,4035612.08235895
usa_NC_0049_0098,31-Jan-2016,-159.174900185213,424103.520263663,4035563.56720569
usa_NC_0049_0097,31-Jan-2016,-157.613492348091,424114.849383471,4035514.84040196
usa_NC_0049_0096,31-Jan-2016,-155.030822730911,424127.167193903,4035466.37763465
usa_NC_0049_0095,31-Jan-2016,-156.708429105789,424135.3606355,4035416.81324821
usa_NC_0049_0094,31-Jan-2016,-152.682292480228,424149.075869559,4035368.7237081
usa_NC_0049_0093,31-Jan-2016,-151.432521498271,424160.103294331,4035319.91632011
usa_NC_0049_0092,31-Jan-2016,-148.18920223698,424173.060676451,4035271.6243959
usa_NC_0049_0091,31-Jan-2016,-144.669080917863,424186.286026839,4035223.40406461
usa_NC_0049_0090,31-Jan-2016,-141.364875739895,424199.302347998,4035175.12790704
usa_NC_0049_0089,31-Jan-2016,-144.648337943754,424205.941153423,4035125.14832351
usa_NC_0049_0088,31-Jan-2016,-148.456009234872,424212.072479206,4035075.03315714
usa_NC_0049_0087,31-Jan-2016,-146.666092545866,424223.622819435,4035026.36543489
usa_NC_0049_0086,31-Jan-2016,-148.651765364996,424231.518017384,4034976.72141307
usa_NC_0049_0085,31-Jan-2016,-148.080949290855,424241.88815109,4034927.73843895
usa_NC_0049_0084,31-Jan-2016,-145.627769943615,424254.080590957,4034879.24224402
usa_NC_0049_0083,31-Jan-2016,-143.951944054156,424265.520484714,4034830.54499666
usa_NC_0049_0082,31-Jan-2016,-142.561813384621,424276.683790616,4034781.77390748
usa_NC_0049_0081,31-Jan-2016,-143.765481070129,424285.336051134,4034732.33207498
usa_NC_0049_0080,31-Jan-2016,-140.356472090174,424298.453830097,4034684.08303076
usa_NC_0049_0079,31-Jan-2016,-140.5260414733,424308.107190716,4034634.90864174
usa_NC_0049_0078,31-Jan-2016,-140.620493880197,424317.833263828,4034585.75371733
usa_NC_0049_0077,31-Jan-2016,-137.618606577167,424330.556912179,4034537.39938252
usa_NC_0049_0076,31-Jan-2016,-134.588215530085,424343.308176843,4034489.05230877
usa_NC_0049_0075,31-Jan-2016,-131.584501617165,424356.033587765,4034440.69847515
usa_NC_0049_0074,31-Jan-2016,-130.163200961092,424367.227061583,4034391.93548451
usa_NC_0049_0073,31-Jan-2016,-122.886773302213,424384.088880938,4034344.68649306
usa_NC_0049_0072,31-Jan-2016,-121.789722575087,424394.968459848,4034295.83960246
usa_NC_0049_0071,31-Jan-2016,-121.131798433725,424405.42292129,4034246.87916017
usa_NC_0049_0070,31-Jan-2016,-117.937781472775,424418.33256866,4034198.57451366
usa_NC_0049_0069,31-Jan-2016,-117.539818954809,424428.535365068,4034149.54683291
usa_NC_0049_0068,31-Jan-2016,-113.992871854457,424441.734979819,4034101.59219259
usa_NC_0049_0067,31-Jan-2016,-113.752568693026,424451.65234338,4034053.18834018
usa_NC_0049_0066,31-Jan-2016,-109.64295802301,424465.316614561,4034005.77983114
usa_NC_0049_0065,31-Jan-2016,-112.369347077244,424472.356448459,4033956.63626733
usa_NC_0049_0064,31-Jan-2016,-110.754634390312,424483.601098629,4033908.60421232
usa_NC_0049_0063,31-Jan-2016,-113.015306421994,424491.086615167,4033859.6069836
usa_NC_0049_0062,31-Jan-2016,-112.895381177188,424500.878169957,4033811.21839966
usa_NC_0049_0061,31-Jan-2016,-115.925831348903,424507.61076939,4033762.06063429
usa_NC_0049_0060,31-Jan-2016,-122.556417307713,424510.84503227,4033712.03724932
usa_NC_0049_0059,31-Jan-2016,-127.692199924815,424515.524722841,4033662.40884641
usa_NC_0049_0058,31-Jan-2016,-128.924542539524,424523.990661901,4033613.75309911
usa_NC_0049_0057,31-Jan-2016,-127.405032461227,424535.127589551,4033565.77427959
usa_NC_0049_0056,31-Jan-2016,-125.867774447508,424546.280752791,4033517.80478429
usa_NC_0049_0055,31-Jan-2016,-123.972648057414,424557.780845056,4033469.92543917
usa_NC_0049_0054,31-Jan-2016,-122.082051442929,424569.275752729,4033422.04892286
usa_NC_0049_0053,31-Jan-2016,-120.183703192204,424580.777412886,4033374.17817357
usa_NC_0049_0052,31-Jan-2016,-118.600330428724,424591.971782694,4033326.237803
usa_NC_0049_0051,31-Jan-2016,-117.538733590121,424602.657262781,4033278.18132332
usa_NC_0049_0050,31-Jan-2016,-117.915613742857,424611.940751487,4033229.7999408
usa_NC_0049_0049,31-Jan-2016,-118.467198278034,424621.05189147,4033181.38948536
usa_NC_0049_0048,31-Jan-2016,-118.861341869887,424630.314162977,4033133.02618098
usa_NC_0049_0047,31-Jan-2016,-119.120773923039,424639.705536647,4033084.70427564
usa_NC_0049_0046,31-Jan-2016,-118.579382814584,424649.875594968,4033036.57238885
usa_NC_0049_0045,31-Jan-2016,-117.93778390864,424660.14176897,4032988.47089456
usa_NC_0049_0044,31-Jan-2016,-117.309217430769,424670.393679382,4032940.37427211
usa_NC_0049_0043,31-Jan-2016,-117.038827826114,424680.294676978,4032892.2058615
usa_NC_0049_0042,31-Jan-2016,-118.4518481902,424688.552516569,4032843.66946744
usa_NC_0049_0041,31-Jan-2016,-119.684603410175,424696.985971881,4032795.17417529
usa_NC_0049_0040,31-Jan-2016,-117.376830024877,424708.877532656,4032747.44164032
usa_NC_0049_0039,31-Jan-2016,-116.264809001702,424719.602577107,4032699.44449595
usa_NC_0049_0038,31-Jan-2016,-116.921315661783,424728.600161485,4032651.06686523
usa_NC_0049_0037,13-Feb-2012,-102.256406615457,424752.577941327,4032605.91264705
usa_NC_0049_0036,31-Jan-2016,-118.257858961717,424746.572457493,4032554.30598684
usa_NC_0049_0035,31-Jan-2016,-118.84396722476,424755.639049768,4032505.94227955
usa_NC_0049_0034,31-Jan-2016,-118.779428225499,424765.342491799,4032457.7119917
usa_NC_0049_0033,31-Jan-2016,-117.928455304406,424775.816304432,4032409.63989626
usa_NC_0049_0032,31-Jan-2016,-117.108012632342,424786.261191234,4032361.55675122
usa_NC_0049_0031,31-Jan-2016,-116.461972346424,424796.536196705,4032313.4337267
usa_NC_0049_0030,31-Jan-2016,-117.807385769561,424804.860677271,4032264.90885536
usa_NC_0049_0029,31-Jan-2016,-115.027672777246,424817.228135506,4032217.20320499
usa_NC_0049_0028,31-Jan-2016,-111.35907584804,424830.469285662,4032169.66152257
usa_NC_0049_0027,31-Jan-2016,-107.730723261668,424843.673660768,4032122.09849696
usa_NC_0049_0026,31-Jan-2016,-106.819700477318,424854.214745512,4032073.99619971
usa_NC_0049_0025,31-Jan-2016,-109.194885728349,424861.531754177,4032025.25785109
usa_NC_0049_0024,31-Jan-2016,-108.258864367021,424872.098386005,4031977.15528213
usa_NC_0049_0023,31-Jan-2016,-106.626180782151,424883.350181328,4031929.17918115
usa_NC_0049_0022,31-Jan-2016,-106.768801139065,424892.341951975,4031883.45316478
usa_NC_0049_0021,31-Jan-2016,-107.621861566055,424900.536790846,4031838.0896981
usa_NC_0049_0020,31-Jan-2016,-111.022167366673,424907.978858202,4031783.49400278
usa_NC_0049_0019,31-Jan-2016,-110.982591144676,424917.667199867,4031735.21189005
usa_NC_0049_0018,31-Jan-2016,-107.987019360505,424930.321386939,4031687.17293541
usa_NC_0049_0017,31-Jan-2016,-106.315832640888,424941.763438855,4031638.44121269
usa_NC_0049_0016,31-Jan-2016,-104.408065391721,424953.438149528,4031589.75252201
usa_NC_0049_0015,31-Jan-2016,-102.536574653678,424965.077184615,4031541.05723507
usa_NC_0049_0014,31-Jan-2016,-100.516120695629,424976.862715463,4031492.38903384
usa_NC_0049_0013,31-Jan-2016,-97.5201196891203,424989.607624678,4031443.89826214
usa_NC_0049_0012,31-Jan-2016,-94.2436753427755,425002.628318868,4031395.45854821
usa_NC_0049_0011,31-Jan-2016,-92.3885997374532,425014.251211603,4031346.76027214
usa_NC_0049_0010,31-Jan-2016,-90.8671309384763,425025.546028954,4031298.0013095
usa_NC_0049_0009,31-Jan-2016,-88.2105168483431,425037.957175681,4031249.44881394
usa_NC_0049_0008,31-Jan-2016,-84.4826408753124,425051.421823987,4031201.09118249
usa_NC_0049_0007,31-Jan-2016,-80.1739836211796,425065.440718865,4031152.92380004
usa_NC_0049_0006,31-Jan-2016,-78.5336657297976,425076.86931495,4031104.10188219
usa_NC_0049_0005,31-Jan-2016,-79.0852949081395,425086.125401525,4031054.965832
usa_NC_0049_0004,31-Jan-2016,-78.4452643914551,425096.553390998,4031006.04654865
usa_NC_0049_0003,31-Jan-2016,-74.5560547837722,425110.176704695,4030957.71823158
usa_NC_0049_0002,31-Jan-2016,-71.5644574503781,425122.914249115,4030909.24184276
usa_NC_0049_0001,31-Jan-2016,-69.2151852174466,425135.008260849,4030860.70794895
usa_NC_0048_0148,31-Jan-2016,-66.9344927495526,425147.0350341,4030812.16055794
usa_NC_0048_0147,31-Jan-2016,-62.467629275724,425161.212187514,4030764.00856576
usa_NC_0048_0146,31-Jan-2016,-59.317522917614,425174.094580188,4030715.61622258
usa_NC_0048_0145,31-Jan-2016,-59.7329166744789,425183.470202023,4030666.57722465
usa_NC_0048_0144,31-Jan-2016,-60.1319964150916,425192.861897132,4030617.54104551
usa_NC_0048_0143,31-Jan-2016,-59.7384245598419,425203.033319166,4030568.64796695
usa_NC_0048_0142,31-Jan-2016,-55.8138376910479,425216.678299995,4030520.39176053
usa_NC_0048_0141,31-Jan-2016,-52.0403761809812,425230.174930002,4030472.10671775
usa_NC_0048_0140,31-Jan-2016,-55.3112358461194,425236.741847894,4030422.55120094
usa_NC_0048_0139,31-Jan-2016,-58.1081693842166,425243.774841428,4030373.08185862
usa_NC_0048_0138,31-Jan-2016,-58.8826324292668,425252.797482321,4030323.97686793
usa_NC_0048_0137,31-Jan-2016,-59.551344074885,425261.924171447,4030274.890863
usa_NC_0048_0136,31-Jan-2016,-58.7770831391731,425272.470620026,4030226.06378524
usa_NC_0048_0135,31-Jan-2016,-58.0163208640229,425283.003889875,4030177.23377093
usa_NC_0048_0134,31-Jan-2016,-57.2516000196924,425293.54115631,4030128.40395801
usa_NC_0048_0133,31-Jan-2016,-57.2068082759392,425303.370102394,4030079.44482464
usa_NC_0048_0132,31-Jan-2016,-57.5225431085341,425312.722055523,4030031.03286398
usa_NC_0048_0131,31-Jan-2016,-57.839774633313,425322.317101236,4029981.39673911
usa_NC_0048_0130,31-Jan-2016,-58.0934162613626,425331.852487791,4029932.3836898
usa_NC_0048_0129,31-Jan-2016,-59.9061841161451,425339.853484048,4029883.09260106
usa_NC_0048_0128,31-Jan-2016,-54.8713836780821,425354.593709828,4029835.02114178
usa_NC_0048_0127,31-Jan-2016,-51.3091910000908,425367.884954712,4029786.68575292
usa_NC_0048_0126,31-Jan-2016,-51.5222237708981,425377.46069869,4029737.6779795
usa_NC_0048_0125,31-Jan-2016,-54.6289526617461,425384.188230894,4029688.15629861
usa_NC_0048_0124,31-Jan-2016,-54.0760710966065,425394.517876436,4029639.28441707
usa_NC_0048_0123,31-Jan-2016,-51.597571685008,425406.743141868,4029590.75316684
usa_NC_0048_0122,31-Jan-2016,-51.1979666298789,425416.922205687,4029541.85263522
usa_NC_0048_0121,31-Jan-2016,-48.6754493894537,425429.1912385,4029493.32699321
usa_NC_0048_0120,31-Jan-2016,-50.5148908910651,425437.166321128,4029444.02946211
usa_NC_0048_0119,31-Jan-2016,-48.1642849335831,425449.266462326,4029395.47170057
usa_NC_0048_0118,31-Jan-2016,-54.6164987380726,425452.700166221,4029345.36052634
usa_NC_0048_0117,31-Jan-2016,-55.5913890309862,425461.526304797,4029296.21606464
usa_NC_0048_0116,31-Jan-2016,-57.9920902735016,425468.948598978,4029246.82061197
usa_NC_0048_0115,31-Jan-2016,-58.5291897638594,425478.205780511,4029197.75323169
usa_NC_0048_0114,31-Jan-2016,-58.355950392438,425488.162458528,4029148.81038784
usa_NC_0048_0113,31-Jan-2016,-58.1185389214716,425498.135138912,4029100.11495219
usa_NC_0048_0112,31-Jan-2016,-57.891699514325,425508.192057085,4029050.94400664
usa_NC_0048_0111,31-Jan-2016,-58.117758831444,425517.759010858,4029001.91374422
usa_NC_0048_0110,31-Jan-2016,-58.4934142343272,425527.188422515,4028952.808359
usa_NC_0048_0109,31-Jan-2016,-58.9548949789209,425536.533316637,4028903.68793791
usa_NC_0048_0108,31-Jan-2016,-59.4112451505093,425545.883265781,4028854.56840251
usa_NC_0048_0107,31-Jan-2016,-59.9465099445965,425555.250829877,4028804.95798965
usa_NC_0048_0106,31-Jan-2016,-60.3439841160366,425564.563430795,4028756.32582111
usa_NC_0048_0105,31-Jan-2016,-60.824210742519,425573.889871806,4028707.20208027
usa_NC_0048_0104,31-Jan-2016,-61.2898491498886,425583.230681191,4028658.08088291
usa_NC_0048_0103,31-Jan-2016,-62.3496503165939,425591.986370551,4028608.85564903
usa_NC_0048_0102,31-Jan-2016,-63.7403622452448,425600.41618841,4028559.57245827
usa_NC_0048_0101,31-Jan-2016,-64.213564285003,425609.749549977,4028510.44993302
usa_NC_0048_0100,31-Jan-2016,-63.4894829789641,425620.264615036,4028461.52382799
usa_NC_0048_0099,31-Jan-2016,-62.8107445050605,425630.745429116,4028412.53772921
usa_NC_0048_0098,31-Jan-2016,-62.1040647543741,425641.253633074,4028363.55715418
usa_NC_0048_0097,31-Jan-2016,-61.4135255059173,425651.745821224,4028314.5743583
usa_NC_0048_0096,31-Jan-2016,-60.5726489388344,425662.304402189,4028266.02652564
usa_NC_0048_0095,31-Jan-2016,-59.8192562515783,425672.939731431,4028216.64815871
usa_NC_0048_0094,31-Jan-2016,-59.0084423853759,425683.549961937,4028167.68843322
usa_NC_0048_0093,31-Jan-2016,-58.5560221774535,425693.807202203,4028118.66620945
usa_NC_0048_0092,31-Jan-2016,-59.6038431856077,425702.587345012,4028069.37973983
usa_NC_0048_0091,31-Jan-2016,-60.5752968636634,425711.442658928,4028020.10681192
usa_NC_0048_0090,31-Jan-2016,-61.2560296685906,425720.584158017,4027970.88534472
usa_NC_0048_0089,31-Jan-2016,-62.6951775939237,425728.979038352,4027921.52981056
usa_NC_0048_0088,31-Jan-2016,-64.4125286515018,425737.100082686,4027872.12489771
usa_NC_0048_0087,31-Jan-2016,-66.3538256283368,425745.000726532,4027822.68008619
usa_NC_0048_0086,31-Jan-2016,-66.0885340654067,425755.073373484,4027773.62666117
usa_NC_0048_0085,31-Jan-2016,-67.35838090779,425763.634957231,4027724.30087648
usa_NC_0048_0084,31-Jan-2016,-67.8160294604077,425772.99597237,4027675.11933666
usa_NC_0048_0083,31-Jan-2016,-68.6040934593639,425782.031772433,4027625.8790827
usa_NC_0048_0082,31-Jan-2016,-69.6230866114747,425790.840302527,4027576.59766993
usa_NC_0048_0081,31-Jan-2016,-70.696714549505,425799.595085403,4027527.30641017
usa_NC_0048_0080,31-Jan-2016,-70.9510833675308,425809.156127349,4027478.16126062
usa_NC_0048_0079,31-Jan-2016,-70.3333605171351,425819.575334676,4027429.17208351
usa_NC_0048_0078,31-Jan-2016,-70.1592037686983,425829.557965653,4027380.10404301
usa_NC_0048_0077,31-Jan-2016,-70.5557325364243,425838.97897865,4027330.9341646
usa_NC_0048_0076,31-Jan-2016,-70.6722877530524,425848.675460348,4027281.81452923
usa_NC_0048_0075,31-Jan-2016,-68.1414746096948,425860.976735986,4027233.16986863
usa_NC_0048_0074,31-Jan-2016,-69.2326555272321,425869.714106003,4027183.87617104
usa_NC_0048_0073,31-Jan-2016,-68.3043813486788,425880.438378352,4027134.94517374
usa_NC_0048_0072,31-Jan-2016,-69.5966727408882,425888.977872422,4027085.61539259
usa_NC_0048_0071,31-Jan-2016,-69.3804868773991,425899.001444186,4027036.55695662
usa_NC_0048_0070,31-Jan-2016,-69.6901857423409,425908.507602807,4026987.40409745
usa_NC_0048_0069,31-Jan-2016,-70.175566595542,425917.840909286,4026938.21969564
usa_NC_0048_0068,31-Jan-2016,-69.8885716024506,425927.933987454,4026889.17478448
usa_NC_0048_0067,31-Jan-2016,-70.8190125803244,425936.829443204,4026839.91027229
usa_NC_0048_0066,31-Jan-2016,-69.1156252129776,425948.315636491,4026791.1219795
usa_NC_0048_0065,31-Jan-2016,-69.0047445557366,425958.235278709,4026742.04624088
usa_NC_0048_0064,31-Jan-2016,-69.7126302832635,425967.349549815,4026692.82246295
usa_NC_0048_0063,31-Jan-2016,-70.2223047219391,425976.658768396,4026643.63462833
usa_NC_0048_0062,31-Jan-2016,-71.277885319857,425985.431072141,4026594.34778873
usa_NC_0048_0061,31-Jan-2016,-72.0360157772311,425994.492990789,4026545.12958771
usa_NC_0048_0060,15-Mar-2018,-75.2735030194212,426001.107612498,4026495.50565294
usa_NC_0048_0059,15-Mar-2018,-73.7629593674319,426012.391799807,4026446.74413261
usa_NC_0048_0058,15-Mar-2018,-76.4004467811765,426019.596504916,4026397.22918413
usa_NC_0048_0057,15-Mar-2018,-78.9883144553492,426026.850010896,4026347.72324268
usa_NC_0048_0056,15-Mar-2018,-76.3554754139254,426039.23794731,4026299.1655688
usa_NC_0048_0055,15-Mar-2018,-75.9273717956862,426049.457585287,4026250.20742588
usa_NC_0048_0054,15-Mar-2018,-78.0339685353083,426057.18440761,4026200.78890656
usa_NC_0048_0053,15-Mar-2018,-79.6078043089046,426065.435188869,4026151.4671444
usa_NC_0048_0052,15-Mar-2018,-79.2700109136613,426075.566004739,4026102.49261958
usa_NC_0048_0051,15-Mar-2018,-75.7368875963994,426088.84279957,4026054.08119428
usa_NC_0048_0050,15-Mar-2018,-77.1354474198065,426097.272648618,4026004.7577972
usa_NC_0048_0049,15-Mar-2018,-76.9393178723617,426107.27078142,4025955.72431375
usa_NC_0048_0048,15-Mar-2018,-74.7836186077475,426119.195936837,4025907.0475775
usa_NC_0048_0047,15-Mar-2018,-72.3144987783789,426131.429197108,4025858.42845121
usa_NC_0048_0046,15-Mar-2018,-74.1634400090525,426139.416084365,4025809.02336528
usa_NC_0048_0045,15-Mar-2018,-73.638534292455,426149.737336152,4025760.05071984
usa_NC_0048_0044,15-Mar-2018,-72.3547978261527,426160.804725575,4025711.21667015
usa_NC_0048_0043,15-Mar-2018,-71.0232337991274,426171.919067352,4025662.39173211
usa_NC_0048_0042,15-Mar-2018,-69.7990520047588,426182.927741601,4025613.54758923
usa_NC_0048_0041,15-Mar-2018,-68.7558946145405,426193.758344457,4025564.6707588
usa_NC_0048_0040,15-Mar-2018,-68.8228001774023,426203.497403438,4025515.59142828
usa_NC_0048_0039,15-Mar-2018,-68.8839905461823,426213.242057841,4025466.51326258
usa_NC_0048_0038,15-Mar-2018,-68.6581296253512,426223.268919467,4025417.48773772
usa_NC_0048_0037,15-Mar-2018,-68.1533381852873,426233.569988676,4025368.51344409
usa_NC_0048_0036,15-Mar-2018,-66.315655435375,426245.181482618,4025319.78345074
usa_NC_0048_0035,15-Mar-2018,-63.7339375017259,426257.524385968,4025271.19025235
usa_NC_0048_0034,15-Mar-2018,-64.5248029518552,426266.551437298,4025221.97948366
usa_NC_0048_0033,15-Mar-2018,-63.5160752408301,426277.347709793,4025173.09874991
usa_NC_0048_0032,15-Mar-2018,-62.4705850394243,426288.180056503,4025124.22509763
usa_NC_0048_0031,15-Mar-2018,-64.462403266682,426296.02640618,4025074.7941689
usa_NC_0048_0030,15-Mar-2018,-64.0883663632821,426306.198592071,4025025.79757484
usa_NC_0048_0029,15-Mar-2018,-62.6653999095865,426317.401886295,4024976.99394029
usa_NC_0048_0028,15-Mar-2018,-64.1614385644748,426325.735636993,4024927.65399074
usa_NC_0048_0027,15-Mar-2018,-63.4399548398983,426336.25185438,4024878.70886277
usa_NC_0048_0026,15-Mar-2018,-63.4075733477189,426346.103122356,4024829.57468897
usa_NC_0048_0025,15-Mar-2018,-64.9486781018613,426354.407787995,4024780.15030572
usa_NC_0048_0024,15-Mar-2018,-64.173657062865,426364.988885155,4024731.15371255
usa_NC_0048_0023,15-Mar-2018,-66.9120964550748,426372.117014715,4024681.50678766
usa_NC_0048_0022,15-Mar-2018,-64.9315269038816,426383.882668211,4024632.7345177
usa_NC_0048_0021,15-Mar-2018,-67.5100535227402,426391.168214445,4024583.11590514
usa_NC_0048_0020,15-Mar-2018,-69.7186369478368,426398.817515725,4024533.56486058
usa_NC_0048_0019,15-Mar-2018,-65.3386358296189,426412.940134211,4024485.24249617
usa_NC_0048_0018,15-Mar-2018,-62.8163164359958,426425.237117806,4024436.57596833
usa_NC_0048_0017,15-Mar-2018,-62.325904005394,426435.537680499,4024387.53082898
usa_NC_0048_0016,15-Mar-2018,-62.6020021753393,426445.085192122,4024338.34249864
usa_NC_0048_0015,15-Mar-2018,-62.1839259509179,426455.314499423,4024289.28479393
usa_NC_0048_0014,15-Mar-2018,-60.724482370862,426466.566452754,4024240.42380505
usa_NC_0048_0013,15-Mar-2018,-61.9724483088198,426475.159278829,4024191.05333707
usa_NC_0048_0012,15-Mar-2018,-63.1288508997427,426483.842116859,4024141.69969162
usa_NC_0048_0011,15-Mar-2018,-63.6504406852528,426493.148390493,4024092.46578692
usa_NC_0048_0010,15-Mar-2018,-63.3476874003291,426503.264072615,4024043.38817654
usa_NC_0048_0009,15-Mar-2018,-63.0835744877486,426513.341713942,4023994.30374279
usa_NC_0048_0008,15-Mar-2018,-62.4927802838947,426523.739970301,4023945.28198697
usa_NC_0048_0007,15-Mar-2018,-61.6674451623112,426534.368329119,4023896.30564707
usa_NC_0048_0006,15-Mar-2018,-60.8778122648409,426544.961467824,4023847.32336232
usa_NC_0048_0005,15-Mar-2018,-60.620545717501,426555.031894897,4023798.24009228
usa_NC_0048_0004,15-Mar-2018,-63.4485926034586,426562.074058487,4023748.56607856
usa_NC_0048_0003,15-Mar-2018,-63.5121098465206,426571.82967237,4023699.42119276
usa_NC_0048_0002,15-Mar-2018,-55.5023341979067,426589.507916192,4023651.82900911
usa_NC_0048_0001,15-Mar-2018,-52.5819741343812,426602.188016726,4023603.27654521
usa_NC_0047_0201,15-Mar-2018,-54.012597834314,426610.595723861,4023553.9003227
usa_NC_0047_0200,15-Mar-2018,-55.3382933305993,426619.106533377,4023504.54361833
usa_NC_0047_0199,15-Mar-2018,-54.7284637211069,426629.516512328,4023455.56034182
usa_NC_0047_0198,15-Mar-2018,-52.3248103225951,426641.761731351,4023406.54727407
usa_NC_0047_0197,15-Mar-2018,-52.1698289027217,426651.819166537,4023357.00702775
usa_NC_0047_0196,15-Mar-2018,-54.5492434094704,426659.392575534,4023306.96397285
usa_NC_0047_0195,15-Mar-2018,-52.9840404629913,426670.832579856,4023257.70162918
usa_NC_0047_0194,15-Mar-2018,-47.5153931468813,426686.0945672,4023209.23313446
usa_NC_0047_0193,15-Mar-2018,-44.2566256859036,426699.189141468,4023160.3334864
usa_NC_0047_0192,15-Mar-2018,-46.4027736627859,426706.991809372,4023110.33356529
usa_NC_0047_0191,15-Mar-2018,-51.9435887235022,426711.475104279,4023059.62099422
usa_NC_0047_0190,15-Mar-2018,-49.3280909728837,426723.938945164,4023010.59496803
usa_NC_0047_0189,15-Mar-2018,-46.3938666709837,426736.71256579,4022961.64524813
usa_NC_0047_0188,15-Mar-2018,-45.8860944926701,426747.112979823,4022912.1890075
usa_NC_0047_0187,15-Mar-2018,-46.2061815538018,426756.704422681,4022862.55633997
usa_NC_0047_0186,15-Mar-2018,-44.9995856132591,426767.786990886,4022813.25265809
usa_NC_0047_0185,15-Mar-2018,-42.9461831442059,426779.695372318,4022764.13781303
usa_NC_0047_0184,15-Mar-2018,-42.9766972137431,426789.56894506,4022714.5710424
usa_NC_0047_0183,15-Mar-2018,-43.4261770893891,426799.033973987,4022664.910666
usa_NC_0047_0182,15-Mar-2018,-44.1517361897659,426808.230239289,4022615.18636579
usa_NC_0047_0181,15-Mar-2018,-41.4166694922842,426820.800126506,4022566.23984134
usa_NC_0047_0180,15-Mar-2018,-38.233677264574,426833.804541094,4022517.40468163
usa_NC_0047_0179,15-Mar-2018,-41.9785568241959,426840.059330998,4022466.99210023
usa_NC_0047_0178,15-Mar-2018,-44.9707803720248,426847.047337672,4022416.75126383
usa_NC_0047_0177,15-Mar-2018,-40.9085587180962,426860.891956395,4022368.19838752
usa_NC_0047_0176,15-Mar-2018,-36.1018359769887,426875.458459754,4022319.83234935
usa_NC_0047_0175,15-Mar-2018,-35.044431936044,426886.375244463,4022270.59693776
usa_NC_0047_0174,15-Mar-2018,-34.3242561905599,426896.96354656,4022221.28439595
usa_NC_0047_0173,15-Mar-2018,-32.3577631662893,426908.763736546,4022172.26745563
usa_NC_0047_0172,15-Mar-2018,-30.4153948258181,426920.53192276,4022123.28755844
usa_NC_0047_0171,15-Mar-2018,-31.5945468611808,426929.230968557,4022073.73670584
usa_NC_0047_0170,15-Mar-2018,-28.4771303428452,426942.105437273,4022025.21719078
usa_NC_0047_0169,15-Mar-2018,-26.1626352535413,426954.200357824,4021976.50127041
usa_NC_0047_0168,15-Mar-2018,-23.8750225064559,426966.269725152,4021927.77603905
usa_NC_0047_0167,15-Mar-2018,-21.4867974197387,426978.437346277,4021879.07256476
usa_NC_0047_0166,15-Mar-2018,-22.2177851438728,426987.577297456,4021829.60237753
usa_NC_0047_0165,15-Mar-2018,-21.8083900107868,426997.825661918,4021780.40500138
usa_NC_0047_0164,15-Mar-2018,-20.4070604313965,427009.037848902,4021731.44644449
usa_NC_0047_0163,15-Mar-2018,-16.8508928221308,427022.341855453,4021683.01644369
usa_NC_0047_0162,15-Mar-2018,-13.058930527116,427035.874810543,4021634.64403183
usa_NC_0047_0161,15-Mar-2018,-9.89512496327188,427048.798519697,4021586.11483682
usa_NC_0047_0160,15-Mar-2018,-5.95236884156293,427062.478040673,4021537.77850189
usa_NC_0047_0159,15-Mar-2018,-7.39102978031951,427070.938922352,4021488.09515758
usa_NC_0047_0158,15-Mar-2018,-2.95803927342058,427085.094715145,4021439.87719773
usa_NC_0047_0157,15-Mar-2018,0.798070067406115,427098.594213536,4021391.48924701
usa_NC_0047_0156,15-Mar-2018,2.98372244203347,427110.571570247,4021342.70413594
usa_NC_0047_0155,15-Mar-2018,5.14114022639751,427122.52215812,4021293.90889631
usa_NC_0047_0154,15-Mar-2018,7.02485875812636,427134.20813206,4021245.04111201
usa_NC_0047_0153,15-Mar-2018,8.89117450825324,427145.877929965,4021196.16546687
usa_NC_0047_0152,15-Mar-2018,10.7533952958665,427157.544452348,4021147.28531582
usa_NC_0047_0151,15-Mar-2018,14.7080673137316,427171.238306063,4021098.938065
usa_NC_0047_0150,15-Mar-2018,18.652078639986,427184.921893029,4021050.58778803
usa_NC_0047_0149,15-Mar-2018,17.4943752762156,427193.665825598,4021000.92176443
usa_NC_0047_0148,15-Mar-2018,27.7731476719882,427213.399739359,4020954.62163025
usa_NC_0047_0147,15-Mar-2018,32.5988152124237,427227.833467432,4020907.01673038
usa_NC_0047_0146,15-Mar-2018,33.059927425832,427238.040046635,4020858.29239149
usa_NC_0047_0145,15-Mar-2018,31.6520649574786,427246.435364025,4020809.09432947
usa_NC_0047_0144,15-Mar-2018,31.3477904709262,427255.898938303,4020760.18226055
usa_NC_0047_0143,15-Mar-2018,37.1980355893083,427271.326546313,4020712.83234937
usa_NC_0047_0142,15-Mar-2018,41.5679800275739,427285.320505466,4020665.10252201
usa_NC_0047_0141,15-Mar-2018,44.5197914314303,427297.940347403,4020617.01212054
usa_NC_0047_0140,15-Mar-2018,45.7939300854896,427308.933705275,4020568.4995718
usa_NC_0047_0139,15-Mar-2018,49.7213360579781,427322.500049567,4020520.65127874
usa_NC_0047_0138,15-Mar-2018,53.6956936719052,427336.112566491,4020472.81152929
usa_NC_0047_0137,15-Mar-2018,57.0892664108997,427349.162266692,4020424.82440074
usa_NC_0047_0136,15-Mar-2018,62.5170910431671,427364.186313063,4020377.33832082
usa_NC_0047_0135,15-Mar-2018,68.1937130086599,427379.452940809,4020329.90796256
usa_NC_0047_0134,15-Mar-2018,72.2745205534984,427393.171781266,4020282.07937724
usa_NC_0047_0133,15-Mar-2018,74.2815487630151,427404.881440224,4020233.72235156
usa_NC_0047_0132,15-Mar-2018,75.9835145879551,427416.30445646,4020185.24296578
usa_NC_0047_0131,15-Mar-2018,77.7374642665518,427427.777871808,4020136.77665363
usa_NC_0047_0130,15-Mar-2018,84.67075224581,427444.281312916,4020089.56997327
usa_NC_0047_0129,15-Mar-2018,93.7249240382389,427462.845988657,4020042.8716286
usa_NC_0047_0128,15-Mar-2018,97.2213814935467,427476.013468446,4019994.82013941
usa_NC_0047_0127,15-Mar-2018,93.425927979265,427482.096819533,4019945.00740743
usa_NC_0047_0126,15-Mar-2018,100.919780472393,427499.148301207,4019897.91886084
usa_NC_0047_0125,15-Mar-2018,110.938553837292,427518.654851651,4019851.42968243
usa_NC_0047_0124,15-Mar-2018,114.57030140411,427531.955667238,4019803.40135824
usa_NC_0047_0123,15-Mar-2018,116.437641914567,427543.541789307,4019754.94968793
usa_NC_0047_0122,15-Mar-2018,125.527685429633,427562.159395877,4019708.16952207
usa_NC_0047_0121,15-Mar-2018,129.201617079345,427575.549366081,4019659.91031323
usa_NC_0047_0120,15-Mar-2018,122.857592666223,427579.201210225,4019609.2596075
usa_NC_0047_0119,15-Mar-2018,126.833403553886,427592.884756338,4019561.07181795
usa_NC_0047_0118,15-Mar-2018,130.67876754388,427606.441352803,4019512.85362113
usa_NC_0047_0117,15-Mar-2018,137.664692596301,427623.050203551,4019465.38805475
usa_NC_0047_0116,15-Mar-2018,142.708258352889,427637.77088657,4019417.45912688
usa_NC_0047_0115,15-Mar-2018,147.213432966293,427651.968088838,4019369.4023163
usa_NC_0047_0114,15-Mar-2018,152.849938728848,427667.264519232,4019321.61808909
usa_NC_0047_0113,15-Mar-2018,155.909912305022,427680.056874649,4019273.21635062
usa_NC_0047_0112,15-Mar-2018,162.1522085728,427695.941475518,4019225.5802343
usa_NC_0047_0111,15-Mar-2018,169.263052123702,427712.669680068,4019178.1548745
usa_NC_0047_0110,15-Mar-2018,174.988618268941,427728.051476811,4019130.39794478
usa_NC_0047_0109,15-Mar-2018,181.69680801178,427744.387681694,4019082.87943127
usa_NC_0047_0108,15-Mar-2018,180.388987194946,427752.935497677,4019033.42875271
usa_NC_0047_0107,15-Mar-2018,179.942075037,427762.32000873,4018984.18442169
usa_NC_0047_0106,15-Mar-2018,184.540815796645,427776.606487268,4018936.15833618
usa_NC_0047_0105,15-Mar-2018,189.614504818491,427791.354177211,4018888.24798388
usa_NC_0047_0104,15-Mar-2018,191.734031221869,427803.232014652,4018839.62344321
usa_NC_0047_0103,15-Mar-2018,197.603113448348,427818.752016763,4018791.90728899
usa_NC_0047_0102,15-Mar-2018,199.270764177439,427830.190862976,4018743.17356356
usa_NC_0047_0101,15-Mar-2018,204.319480092026,427844.913698259,4018695.2601478
usa_NC_0047_0100,15-Mar-2018,209.25798635818,427859.529288969,4018647.32099014
usa_NC_0047_0099,15-Mar-2018,211.035101013574,427871.074395459,4018598.61412676
usa_NC_0047_0098,15-Mar-2018,212.904851055743,427882.709527225,4018549.92949019
usa_NC_0047_0097,15-Mar-2018,218.347633346509,427897.823867649,4018502.06787862
usa_NC_0047_0096,15-Mar-2018,223.859540755191,427913.00548461,4018454.22235692
usa_NC_0047_0095,15-Mar-2018,228.148346604637,427926.999114098,4018406.08010408
usa_NC_0047_0094,15-Mar-2018,232.059370792596,427940.625705009,4018357.84671313
usa_NC_0047_0093,15-Mar-2018,235.424013906945,427953.721688263,4018309.4803301
usa_NC_0047_0092,15-Mar-2018,239.355135134896,427967.367396093,4018261.25383234
usa_NC_0047_0091,15-Mar-2018,242.129056097484,427979.889733654,4018212.74354943
usa_NC_0047_0090,15-Mar-2018,242.546260313597,427990.124869154,4018163.65222811
usa_NC_0047_0089,15-Mar-2018,246.438658504969,428003.732713371,4018115.41759842
usa_NC_0047_0088,15-Mar-2018,248.267177154406,428015.337707243,4018066.67336662
usa_NC_0047_0087,15-Mar-2018,249.591899036792,428026.454015041,4018017.80367231
usa_NC_0047_0086,15-Mar-2018,251.005715039378,428037.656964218,4017968.95506693
usa_NC_0047_0085,15-Mar-2018,261.65710124621,428057.821300187,4017922.40250234
usa_NC_0047_0084,15-Mar-2018,265.164462477871,428071.05461388,4017874.07720102
usa_NC_0047_0083,15-Mar-2018,269.013408690485,428084.6165252,4017825.85068787
usa_NC_0047_0082,31-Jan-2016,275.696008587988,428100.919489648,4017778.36792905
usa_NC_0047_0081,31-Jan-2016,280.097972380801,428115.010249464,4017730.31707964
usa_NC_0047_0080,31-Jan-2016,284.514225096515,428129.114719242,4017682.27054122
usa_NC_0047_0079,31-Jan-2016,293.34917754966,428147.504152064,4017635.33043372
usa_NC_0047_0078,31-Jan-2016,301.828264861484,428165.5479927,4017588.30370911
usa_NC_0047_0077,31-Jan-2016,309.358407322153,428182.671172613,4017541.04155663
usa_NC_0047_0076,31-Jan-2016,313.251295414375,428196.267103271,4017492.86904696
usa_NC_0047_0075,31-Jan-2016,316.0192700043,428208.772202869,4017444.41468309
usa_NC_0047_0074,31-Jan-2016,320.770598475809,428223.200280325,4017396.45868582
usa_NC_0047_0073,31-Jan-2016,320.308007843048,428232.573151968,4017347.19259067
usa_NC_0047_0072,31-Jan-2016,317.157245769051,428239.340139288,4017297.24874672
usa_NC_0047_0071,31-Jan-2016,317.974157066572,428249.95407503,4017248.30159591
usa_NC_0047_0070,31-Jan-2016,323.866338316958,428265.488186276,4017200.63271576
usa_NC_0047_0069,31-Jan-2016,325.201016405181,428276.604185341,4017151.81537605
usa_NC_0047_0068,31-Jan-2016,329.438776970213,428290.534356576,4017103.7301922
usa_NC_0047_0067,31-Jan-2016,333.722505569461,428304.514222417,4017055.63090702
usa_NC_0047_0066,31-Jan-2016,342.745495806412,428323.109668574,4017008.61944659
usa_NC_0047_0065,31-Jan-2016,347.862691620851,428337.918682182,4016960.62423633
usa_NC_0047_0064,31-Jan-2016,348.979142000726,428348.85131112,4016911.61086598
usa_NC_0047_0063,31-Jan-2016,347.752637913234,428357.515316907,4016861.99371456
usa_NC_0047_0062,31-Jan-2016,354.113943127672,428373.528806261,4016814.31993145
usa_NC_0047_0061,31-Jan-2016,357.799136853881,428386.950097541,4016765.96145409
usa_NC_0047_0060,31-Jan-2016,364.402621973895,428403.196224923,4016718.35938209
usa_NC_0047_0059,31-Jan-2016,372.287299393503,428420.681169713,4016671.09612419
usa_NC_0047_0058,31-Jan-2016,373.798956313818,428431.99728123,4016622.18052454
usa_NC_0047_0057,31-Jan-2016,378.817534509269,428446.706979918,4016574.17904713
usa_NC_0047_0056,31-Jan-2016,378.451827116175,428456.207507237,4016524.76854032
usa_NC_0047_0055,31-Jan-2016,379.057282460842,428466.648526947,4016475.60760103
usa_NC_0047_0054,31-Jan-2016,378.990475122843,428476.440322911,4016426.26485621
usa_NC_0047_0053,31-Jan-2016,384.195022668238,428491.32973521,4016378.31308367
usa_NC_0047_0052,31-Jan-2016,388.890827188393,428505.726630976,4016330.2297754
usa_NC_0047_0051,31-Jan-2016,394.303679608915,428520.815990502,4016282.34043623
usa_NC_0047_0050,31-Jan-2016,399.105424480235,428535.314020982,4016234.29165832
usa_NC_0047_0049,31-Jan-2016,400.969580126366,428546.973344912,4016185.4574052
usa_NC_0047_0048,31-Jan-2016,400.484014296571,428556.363348818,4016135.98832428
usa_NC_0047_0047,31-Jan-2016,409.052566666711,428574.491422189,4016088.99663537
usa_NC_0047_0046,31-Jan-2016,414.20721548738,428589.320734254,4016041.09097828
usa_NC_0047_0045,31-Jan-2016,416.568882832745,428601.452704064,4015992.43038415
usa_NC_0047_0044,31-Jan-2016,416.166244652212,428610.916127702,4015943.01708883
usa_NC_0047_0043,31-Jan-2016,417.767854928859,428622.315170572,4015894.14552941
usa_NC_0047_0042,31-Jan-2016,424.741827029583,428638.899818262,4015846.74008458
usa_NC_0047_0041,31-Jan-2016,433.514059323829,428657.219098432,4015799.83096686
usa_NC_0047_0040,31-Jan-2016,440.710588521092,428674.016926288,4015752.4944663
usa_NC_0047_0039,31-Jan-2016,445.339781257142,428688.337530311,4015704.45300994
usa_NC_0047_0038,31-Jan-2016,449.593913669241,428702.30214925,4015656.27898748
usa_NC_0047_0037,31-Jan-2016,454.183880399622,428716.590829416,4015608.19710763
usa_NC_0047_0036,31-Jan-2016,459.72566305316,428731.797373968,4015560.37930154
usa_NC_0047_0035,31-Jan-2016,465.03066117859,428746.775386368,4015512.49677127
usa_NC_0047_0034,31-Jan-2016,473.211777670173,428764.525613491,4015465.41876143
usa_NC_0047_0033,31-Jan-2016,476.600331034798,428777.655791373,4015417.00327708
usa_NC_0047_0032,31-Jan-2016,482.791187515741,428793.486742382,4015369.37313161
usa_NC_0047_0031,31-Jan-2016,486.198484078391,428806.635433391,4015320.96065297
usa_NC_0047_0030,31-Jan-2016,490.395340436662,428820.545140536,4015272.76913229
usa_NC_0047_0029,31-Jan-2016,497.062675844782,428836.834386615,4015225.27712592
usa_NC_0047_0028,31-Jan-2016,501.898533760084,428851.359394871,4015177.26743053
usa_NC_0047_0027,31-Jan-2016,508.76297725385,428867.837468913,4015129.8363618
usa_NC_0047_0026,31-Jan-2016,515.119485295204,428883.825909811,4015082.26344908
usa_NC_0047_0025,31-Jan-2016,523.840270473517,428902.089329117,4015035.37132949
usa_NC_0047_0024,31-Jan-2016,529.397131311862,428917.306848833,4014987.5755482
usa_NC_0047_0023,31-Jan-2016,534.359341355186,428931.951986236,4014939.60949553
usa_NC_0047_0022,31-Jan-2016,538.37711878613,428945.688559726,4014891.37050537
usa_NC_0047_0021,31-Jan-2016,540.137662018546,428957.25439853,4014842.47532066
usa_NC_0047_0020,31-Jan-2016,549.071329999446,428975.719094705,4014795.66234298
usa_NC_0047_0019,31-Jan-2016,553.350089838671,428989.706908272,4014747.4979273
usa_NC_0047_0018,31-Jan-2016,558.578209149074,429004.607503734,4014699.61048402
usa_NC_0047_0017,31-Jan-2016,563.557592067561,429019.264438885,4014651.67302949
usa_NC_0047_0016,31-Jan-2016,568.35326315457,429033.725151553,4014603.78000747
usa_NC_0047_0015,31-Jan-2016,572.671527526239,429047.727028237,4014555.74681851
usa_NC_0047_0014,31-Jan-2016,575.40313533368,429060.204062674,4014507.24731228
usa_NC_0047_0013,31-Jan-2016,581.352356396169,429075.773459106,4014459.69294361
usa_NC_0047_0012,31-Jan-2016,586.093845159573,429090.18217714,4014411.78361307
usa_NC_0047_0011,31-Jan-2016,592.819007953534,429106.497164979,4014364.45789629
usa_NC_0047_0010,31-Jan-2016,597.608646969361,429120.952144603,4014316.56278105
usa_NC_0047_0009,31-Jan-2016,603.915541591507,429136.865082178,4014269.11452258
usa_NC_0047_0008,31-Jan-2016,608.451388320827,429151.076197582,4014221.14461473
usa_NC_0047_0007,31-Jan-2016,612.132901004004,429164.466473628,4014172.9225637
usa_NC_0047_0006,31-Jan-2016,617.647905669292,429179.618479762,4014125.2410319
usa_NC_0047_0005,31-Jan-2016,622.404282526942,429194.041590865,4014077.3356516
usa_NC_0047_0004,31-Jan-2016,628.360440400192,429209.617411742,4014029.78453329
usa_NC_0047_0003,31-Jan-2016,632.873875960346,429223.807139873,4013981.80728424
usa_NC_0047_0002,31-Jan-2016,635.910071517315,429236.577745857,4013933.39304149
usa_NC_0047_0001,31-Jan-2016,640.962136903573,429251.285038266,4013885.57450147
usa_NC_0046_0151,31-Jan-2016,645.511047211618,429265.508993471,4013837.60700593
usa_NC_0046_0150,31-Jan-2016,651.173827831296,429280.802960948,4013789.96919277
usa_NC_0046_0149,31-Jan-2016,652.474880063043,429291.907202423,4013741.03908932
usa_NC_0046_0148,31-Jan-2016,655.241935413828,429304.419821571,4013692.54240365
usa_NC_0046_0147,31-Jan-2016,653.888827522202,429312.97519302,4013642.8228008
usa_NC_0046_0146,31-Jan-2016,658.654459259005,429327.407802789,4013594.91711612
usa_NC_0046_0145,31-Jan-2016,664.172661129114,429342.563232625,4013547.23476716
usa_NC_0046_0144,31-Jan-2016,670.394507922466,429358.394420951,4013499.76158719
usa_NC_0046_0143,31-Jan-2016,674.612191301035,429372.300804108,4013451.6929877
usa_NC_0046_0142,31-Jan-2016,681.034687059573,429388.330843081,4013404.24865832
usa_NC_0046_0141,31-Jan-2016,687.753838026469,429404.684467876,4013356.69890757
usa_NC_0046_0140,31-Jan-2016,693.786077037607,429420.37771855,4013308.94839219
usa_NC_0046_0139,31-Jan-2016,700.12888285427,429436.362784499,4013261.32244228
usa_NC_0046_0138,31-Jan-2016,706.692718504963,429452.559352155,4013213.7660422
usa_NC_0046_0137,31-Jan-2016,708.739255937121,429464.422821585,4013164.84091919
usa_NC_0046_0136,31-Jan-2016,711.923436697566,429477.378584884,4013116.25529417
usa_NC_0046_0135,31-Jan-2016,715.191521027446,429490.41571363,4013067.69067183
usa_NC_0046_0134,31-Jan-2016,719.40066658819,429504.355636947,4013019.41065372
usa_NC_0046_0133,31-Jan-2016,722.096617669685,429516.846152058,4012970.6617179
usa_NC_0046_0132,31-Jan-2016,728.037742220943,429532.446435738,4012922.91145891
usa_NC_0046_0131,31-Jan-2016,730.849853562319,429545.049768025,4012874.1907454
usa_NC_0046_0130,31-Jan-2016,738.903915749245,429562.67311494,4012827.09929425
usa_NC_0046_0129,31-Jan-2016,744.175410576636,429577.631608047,4012779.14346816
usa_NC_0046_0128,31-Jan-2016,748.88946316378,429592.056601307,4012731.01267503
usa_NC_0046_0127,31-Jan-2016,755.096642426648,429607.91036586,4012683.35166226
usa_NC_0046_0126,31-Jan-2016,760.499705576019,429622.994507229,4012635.43847903
usa_NC_0046_0125,31-Jan-2016,768.695247252844,429640.748946849,4012588.41300445
usa_NC_0046_0124,31-Jan-2016,776.77296016147,429658.389331134,4012541.35698885
usa_NC_0046_0123,31-Jan-2016,782.830154963599,429674.097125019,4012493.6610509
usa_NC_0046_0122,31-Jan-2016,788.077457770073,429689.030599554,4012445.70696775
usa_NC_0046_0121,31-Jan-2016,796.19656523774,429706.707612248,4012398.6788991
usa_NC_0046_0120,31-Jan-2016,803.083063764235,429723.205976971,4012351.25884186
usa_NC_0046_0119,31-Jan-2016,805.0834754394,429735.037930692,4012302.25604128
usa_NC_0046_0118,31-Jan-2016,808.944505330758,429748.64760795,4012253.85215626
usa_NC_0046_0117,31-Jan-2016,812.580794141904,429762.043423965,4012205.37158979
usa_NC_0046_0116,31-Jan-2016,815.894874581491,429775.133385881,4012156.77730286
usa_NC_0046_0115,31-Jan-2016,821.139515272623,429790.067229802,4012108.80778557
usa_NC_0046_0114,31-Jan-2016,826.993083195121,429805.583154101,4012061.03286397
usa_NC_0046_0113,31-Jan-2016,829.858242571567,429818.250772905,4012012.26115719
usa_NC_0046_0112,31-Jan-2016,837.801144160449,429835.761131164,4011965.16785668
usa_NC_0046_0111,31-Jan-2016,842.237717187832,429849.93004003,4011916.90254181
usa_NC_0046_0110,31-Jan-2016,849.310654346985,429866.61250596,4011869.51262715
usa_NC_0046_0109,31-Jan-2016,856.560361601486,429883.463837244,4011822.17975948
usa_NC_0046_0108,31-Jan-2016,861.230508523276,429897.859063533,4011773.97386725
usa_NC_0046_0107,31-Jan-2016,866.902704909589,429913.209919849,4011726.09941264
usa_NC_0046_0106,31-Jan-2016,873.541926289519,429929.482358507,4011678.54804234
usa_NC_0046_0105,31-Jan-2016,881.341036968218,429946.859228909,4011631.3889556
usa_NC_0046_0104,31-Jan-2016,889.915512778132,429964.973891905,4011584.49460636
usa_NC_0046_0103,31-Jan-2016,896.817514507786,429981.497610856,4011537.02678471
usa_NC_0046_0102,31-Jan-2016,904.44026127805,429998.721061931,4011489.73542621
usa_NC_0046_0101,31-Jan-2016,913.036736260457,430016.884428771,4011442.70961329
usa_NC_0046_0100,31-Jan-2016,918.721949391451,430032.281469974,4011394.67046072
usa_NC_0046_0099,31-Jan-2016,925.682306516818,430048.89133035,4011347.06936077
usa_NC_0046_0098,31-Jan-2016,931.745657498722,430064.650443621,4011299.14801831
usa_NC_0046_0097,31-Jan-2016,938.668174330765,430081.226417147,4011251.52339014
usa_NC_0046_0096,31-Jan-2016,944.776766035264,430097.031131621,4011203.60471957
usa_NC_0046_0095,31-Jan-2016,950.293294625269,430112.275866742,4011155.46691433
usa_NC_0046_0094,31-Jan-2016,961.631292379644,430133.040837367,4011109.41253991
usa_NC_0046_0093,31-Jan-2016,970.021359965118,430151.010126595,4011062.3046033
usa_NC_0046_0092,31-Jan-2016,979.536997954329,430170.037969723,4011015.64340023
usa_NC_0046_0091,31-Jan-2016,987.871674516859,430187.900098994,4010968.78905462
usa_NC_0046_0090,31-Jan-2016,994.739910625157,430204.373473438,4010921.40085932
usa_NC_0046_0089,31-Jan-2016,1000.5507797645,430219.845983387,4010873.62529429
usa_NC_0046_0088,31-Jan-2016,1005.87190178743,430234.855412348,4010825.66782904
usa_NC_0046_0087,31-Jan-2016,1013.98773408964,430252.51102708,4010778.73012962
usa_NC_0046_0086,31-Jan-2016,1021.66744376939,430269.753860114,4010731.63247584
usa_NC_0046_0085,31-Jan-2016,1020.57868859703,430278.698747502,4010681.31266311
usa_NC_0046_0084,31-Jan-2016,1029.63878765777,430297.249057641,4010634.71645796
usa_NC_0046_0083,31-Jan-2016,1035.41056213636,430312.68804501,4010586.90914034
usa_NC_0046_0082,31-Jan-2016,1040.00608772364,430327.01492361,4010538.66446981
usa_NC_0046_0081,31-Jan-2016,1046.93184189482,430343.546726213,4010491.27741058
usa_NC_0046_0080,31-Jan-2016,1049.15864444766,430355.634937009,4010442.14754629
usa_NC_0046_0079,31-Jan-2016,1048.84204759003,430365.31961646,4010392.06609959
usa_NC_0046_0078,31-Jan-2016,1052.94397524727,430379.183990582,4010343.61699186
usa_NC_0046_0077,31-Jan-2016,1059.26929318192,430395.151284502,4010295.99073378
usa_NC_0046_0076,31-Jan-2016,1064.77693581812,430410.346491021,4010248.0554404
usa_NC_0046_0075,31-Jan-2016,1074.23441828966,430429.275681659,4010201.59114572
usa_NC_0046_0074,31-Jan-2016,1082.29037340054,430446.880535755,4010154.60189972
usa_NC_0046_0073,31-Jan-2016,1090.35768135555,430464.496515057,4010107.61491609
usa_NC_0046_0072,31-Jan-2016,1098.42282310569,430482.110850906,4010060.6251021
usa_NC_0046_0071,31-Jan-2016,1105.73302002413,430499.010034323,4010013.36146187
usa_NC_0046_0070,31-Jan-2016,1113.55119124057,430516.346020065,4009966.50424905
usa_NC_0046_0069,31-Jan-2016,1119.34870250637,430531.773046801,4009918.88812968
usa_NC_0046_0068,31-Jan-2016,1127.56634391636,430549.486084198,4009872.18262905
usa_NC_0046_0067,31-Jan-2016,1132.83661310839,430564.414553483,4009824.37079859
usa_NC_0046_0066,31-Jan-2016,1138.90672582951,430580.098380535,4009776.86072375
usa_NC_0046_0065,31-Jan-2016,1146.70149660776,430597.411412891,4009729.9989586
usa_NC_0046_0064,31-Jan-2016,1154.89861808634,430615.104472465,4009683.28871493
usa_NC_0046_0063,31-Jan-2016,1164.79891797545,430634.40671454,4009637.21736527
usa_NC_0046_0062,31-Jan-2016,1170.82758033247,430650.050643622,4009589.6954208
usa_NC_0046_0061,31-Jan-2016,1177.84132822507,430666.625166118,4009542.54363435
usa_NC_0046_0060,31-Jan-2016,1183.97984013028,430682.372426839,4009495.06517586
usa_NC_0046_0059,31-Jan-2016,1190.51086071423,430698.490366808,4009447.7347927
usa_NC_0046_0058,31-Jan-2016,1195.72360632059,430713.362254737,4009399.91255589
usa_NC_0046_0057,31-Jan-2016,1203.45767351504,430730.61669244,4009353.03423118
usa_NC_0046_0056,31-Jan-2016,1209.14163308916,430745.933401019,4009305.39069579
usa_NC_0046_0055,31-Jan-2016,1219.02457418085,430765.218522462,4009259.31643688
usa_NC_0046_0054,31-Jan-2016,1221.72765958088,430777.717327068,4009210.56242595
usa_NC_0046_0053,31-Jan-2016,1230.98243249031,430796.408470403,4009164.25491953
usa_NC_0046_0052,31-Jan-2016,1242.86765342977,430817.565546987,4009119.03094902
usa_NC_0046_0051,31-Jan-2016,1247.24118136975,430831.600118847,4009071.11616821
usa_NC_0046_0050,31-Jan-2016,1257.90304182092,430851.579559331,4009025.54234302
usa_NC_0046_0049,31-Jan-2016,1266.90830548283,430869.992528962,4008979.35359915
usa_NC_0046_0048,31-Jan-2016,1270.21921956557,430883.018616572,4008931.06280422
usa_NC_0046_0047,31-Jan-2016,1277.17678331448,430899.492901646,4008884.12591828
usa_NC_0046_0046,31-Jan-2016,1283.99740086743,430915.836749728,4008837.14290914
usa_NC_0046_0045,31-Jan-2016,1290.38214197629,430931.767524048,4008790.00266356
usa_NC_0046_0044,31-Jan-2016,1300.7995482663,430951.515312912,4008744.34058469
usa_NC_0046_0043,31-Jan-2016,1306.36792517184,430966.673043044,4008696.90278287
usa_NC_0046_0042,31-Jan-2016,1315.09704143234,430984.823155508,4008650.62020914
usa_NC_0046_0041,31-Jan-2016,1319.74510275533,430999.108450471,4008602.85174473
usa_NC_0046_0040,31-Jan-2016,1331.22834131545,431019.867533478,4008557.56804277
usa_NC_0046_0039,31-Jan-2016,1336.66291293011,431034.897190796,4008510.08831551
usa_NC_0046_0038,31-Jan-2016,1350.13995171079,431057.547119676,4008465.51709152
usa_NC_0046_0037,31-Jan-2016,1358.39744980001,431075.252117408,4008419.0552253
usa_NC_0046_0036,31-Jan-2016,1365.16894799896,431091.548732336,4008372.0579173
usa_NC_0046_0035,31-Jan-2016,1372.3495055542,431108.232900244,4008325.20870538
usa_NC_0046_0034,31-Jan-2016,1380.81105957722,431126.131624829,4008278.81871795
usa_NC_0046_0033,31-Jan-2016,1392.00961734845,431146.626395216,4008233.40492126
usa_NC_0046_0032,31-Jan-2016,1394.46829951594,431158.743808363,4008185.31227067
usa_NC_0046_0031,31-Jan-2016,1408.92897483394,431182.234474698,4008141.55348283
usa_NC_0046_0030,31-Jan-2016,1415.43961141201,431198.181042372,4008094.97668481
usa_NC_0046_0029,31-Jan-2016,1419.2668693355,431211.576869031,4008047.47063934
usa_NC_0046_0028,31-Jan-2016,1425.33593158916,431227.100485757,4008000.75695598
usa_NC_0046_0027,31-Jan-2016,1435.28910926605,431246.31711057,4007955.38391876
usa_NC_0046_0026,31-Jan-2016,1447.26200358839,431267.457976113,4007910.68849867
usa_NC_0046_0025,31-Jan-2016,1452.88191135792,431282.554433787,4007863.82030501
usa_NC_0046_0024,31-Jan-2016,1460.42081376267,431299.477034048,4007817.60663276
usa_NC_0046_0023,31-Jan-2016,1473.87700145603,431322.038849125,4007773.36995364
usa_NC_0046_0022,31-Jan-2016,1480.12000452626,431337.728608283,4007726.71250509
usa_NC_0046_0021,31-Jan-2016,1490.09172286648,431356.97692737,4007681.27547659
usa_NC_0046_0020,31-Jan-2016,1497.70758661945,431374.028725256,4007634.80800864
usa_NC_0046_0019,31-Jan-2016,1512.99560221581,431398.403855993,4007590.84520296
usa_NC_0046_0018,31-Jan-2016,1517.45171365875,431412.440979371,4007543.33910247
usa_NC_0046_0017,31-Jan-2016,1527.6773132989,431431.986867417,4007497.70856227
usa_NC_0046_0016,31-Jan-2016,1537.10283316209,431450.769926648,4007451.81244871
usa_NC_0046_0015,31-Jan-2016,1550.84063758915,431473.675539591,4007407.29245361
usa_NC_0046_0014,31-Jan-2016,1559.53101082408,431491.759303007,4007361.14419772
usa_NC_0046_0013,31-Jan-2016,1566.97538004932,431508.652123278,4007314.59712371
usa_NC_0046_0012,31-Jan-2016,1567.80201598646,431519.21399244,4007265.96016136
usa_NC_0046_0011,31-Jan-2016,1574.24187548053,431535.143372252,4007219.10818054
usa_NC_0046_0010,31-Jan-2016,1578.41467216995,431548.901899018,4007171.55043907
usa_NC_0046_0009,31-Jan-2016,1579.54009788153,431559.740333161,4007123.05425856
usa_NC_0046_0008,31-Jan-2016,1588.46464582291,431578.045334791,4007076.9939097
usa_NC_0046_0007,31-Jan-2016,1593.9208141819,431593.028699466,4007029.85606297
usa_NC_0046_0006,31-Jan-2016,1598.7585995382,431607.420338187,4006982.52363489
usa_NC_0046_0005,31-Jan-2016,1611.68189285767,431629.564713605,4006937.65645551
usa_NC_0046_0004,31-Jan-2016,1622.6802636802,431649.868457784,4006892.17700963
usa_NC_0046_0003,31-Jan-2016,1630.89288804307,431667.503976268,4006845.83383907
usa_NC_0046_0002,31-Jan-2016,1637.60920976187,431683.706193475,4006799.02734996
usa_NC_0046_0001,31-Jan-2016,1645.5608062596,431701.095992032,4006752.58174805
usa_NC_0045_0100,31-Jan-2016,1654.97711505282,431719.894810086,4006706.55976453
usa_NC_0045_0099,31-Jan-2016,1664.60551644034,431738.900736474,4006660.58370742
usa_NC_0045_0098,31-Jan-2016,1672.47316240707,431756.218296201,4006614.07119017
usa_NC_0045_0097,31-Jan-2016,1683.77151361745,431776.840742535,4006568.52773203
usa_NC_0045_0096,31-Jan-2016,1695.40578210451,431797.835835766,4006522.833699
usa_NC_0045_0095,31-Jan-2016,1696.54507555739,431808.742970794,4006474.06448495
usa_NC_0045_0094,31-Jan-2016,1705.29337495433,431826.965561856,4006427.51709869
usa_NC_0045_0093,31-Jan-2016,1717.23063859827,431848.255829076,4006381.89218243
usa_NC_0045_0092,31-Jan-2016,1722.92633461696,431863.545241192,4006334.44514344
usa_NC_0045_0091,31-Jan-2016,1727.7290986867,431877.976217134,4006286.73713279
usa_NC_0045_0090,31-Jan-2016,1735.18675964788,431894.961308284,4006239.79613264
usa_NC_0045_0089,31-Jan-2016,1738.73599442466,431908.187038877,4006191.72247361
usa_NC_0045_0088,31-Jan-2016,1746.38637704233,431925.358769527,4006144.83097769
usa_NC_0045_0087,31-Jan-2016,1752.76488772297,431941.307443774,4006097.5693584
usa_NC_0045_0086,31-Jan-2016,1763.4110343035,431961.363928594,4006051.52978184
usa_NC_0045_0085,31-Jan-2016,1772.44401522973,431979.86924624,4006005.02034373
usa_NC_0045_0084,31-Jan-2016,1776.80346216035,431993.876808971,4005957.16886696
usa_NC_0045_0083,31-Jan-2016,1780.79064934658,432007.526091492,4005909.21060198
usa_NC_0045_0082,31-Jan-2016,1784.43557578302,432020.905638775,4005860.85553079
usa_NC_0045_0081,31-Jan-2016,1788.23975177804,432034.449068279,4005812.49303133
usa_NC_0045_0080,31-Jan-2016,1793.95263113969,432049.829163287,4005764.67987315
usa_NC_0045_0079,31-Jan-2016,1801.39437791238,432066.871844939,4005717.3694536
usa_NC_0045_0078,31-Jan-2016,1807.58823898441,432082.712896255,4005669.70409578
usa_NC_0045_0077,31-Jan-2016,1817.88334131627,432102.497175722,4005623.23524948
usa_NC_0045_0076,31-Jan-2016,1823.78836081485,432118.058019963,4005575.49810496
usa_NC_0045_0075,31-Jan-2016,1830.21242050774,432134.117068872,4005527.91658027
usa_NC_0045_0074,31-Jan-2016,1837.79454868497,432151.288214906,4005480.67968654
usa_NC_0045_0073,31-Jan-2016,1842.44980194386,432165.645440161,4005432.58795873
usa_NC_0045_0072,31-Jan-2016,1851.74701813747,432184.462142935,4005385.86870712
usa_NC_0045_0071,31-Jan-2016,1859.05967737232,432201.371053768,4005338.56895323
usa_NC_0045_0070,31-Jan-2016,1864.28284466031,432216.272860612,4005290.65017605
usa_NC_0045_0069,31-Jan-2016,1868.17739270009,432229.899320659,4005242.33335713
usa_NC_0045_0068,31-Jan-2016,1876.97661965004,432248.235153087,4005195.47916777
usa_NC_0045_0067,31-Jan-2016,1881.07927335128,432262.062185466,4005147.2206373
usa_NC_0045_0066,31-Jan-2016,1889.12192685421,432279.670943256,4005100.14397355
usa_NC_0045_0065,31-Jan-2016,1896.04601115258,432296.205822724,4005052.73299467
usa_NC_0045_0064,31-Jan-2016,1904.51691313887,432314.22399417,4005005.79295604
usa_NC_0045_0063,31-Jan-2016,1910.84752809186,432330.188645454,4004958.20695501
usa_NC_0045_0062,31-Jan-2016,1920.49521406262,432349.333942038,4004911.63185253
usa_NC_0045_0061,31-Jan-2016,1927.54234581531,432365.984825333,4004864.26829624
usa_NC_0045_0060,31-Jan-2016,1933.99184468184,432382.062565492,4004816.72305749
usa_NC_0045_0059,31-Jan-2016,1934.78087130991,432392.715649709,4004767.43768902
usa_NC_0045_0058,31-Jan-2016,1938.03676847322,432405.734365397,4004718.90301764
usa_NC_0045_0057,31-Jan-2016,1940.52312399485,432418.01700144,4004670.12475558
usa_NC_0045_0056,31-Jan-2016,1948.74486136274,432435.794190028,4004623.11912136
usa_NC_0045_0055,31-Jan-2016,1955.00733856363,432451.694486912,4004575.50744583
usa_NC_0045_0054,31-Jan-2016,1965.02759342125,432471.192446555,4004529.06881953
usa_NC_0045_0053,31-Jan-2016,1976.462012289,432492.04264533,4004483.07999827
usa_NC_0045_0052,31-Jan-2016,1990.14743972324,432515.045170816,4004437.80772064
usa_NC_0045_0051,31-Jan-2016,2003.36143565213,432537.593834739,4004392.40087555
usa_NC_0045_0050,31-Jan-2016,2008.47842455038,432552.393897578,4004344.44940233
usa_NC_0045_0049,31-Jan-2016,2014.31027770667,432567.878115843,4004296.72233242
usa_NC_0045_0048,31-Jan-2016,2024.64938550571,432587.672664912,4004250.42666667
usa_NC_0045_0047,31-Jan-2016,2027.09463901825,432599.915119687,4004201.63973047
usa_NC_0045_0046,31-Jan-2016,2029.2771190143,432611.875457733,4004152.92359753
usa_NC_0045_0045,31-Jan-2016,2039.94169159873,432631.945605851,4004106.9096783
usa_NC_0045_0044,31-Jan-2016,2045.20521217912,432646.851753669,4004059.17511256
usa_NC_0045_0043,31-Jan-2016,2052.74086681666,432663.930316425,4004012.16437134
usa_NC_0045_0042,31-Jan-2016,2057.84845990367,432678.687379983,4003964.38013287
usa_NC_0045_0041,31-Jan-2016,2063.8020634182,432694.253321254,4003916.86542012
usa_NC_0045_0040,31-Jan-2016,2069.0833388395,432709.176439935,4003869.13653427
usa_NC_0045_0039,31-Jan-2016,2070.22466109316,432720.141272728,4003820.08893263
usa_NC_0045_0038,31-Jan-2016,2078.89487885312,432738.304614063,4003773.43957948
usa_NC_0045_0037,31-Jan-2016,2083.5473722825,432752.626533468,4003725.51045108
usa_NC_0045_0036,31-Jan-2016,2085.74295152087,432764.599341246,4003676.79876441
usa_NC_0045_0035,31-Jan-2016,2090.68508092099,432779.198176006,4003628.96194976
usa_NC_0045_0034,31-Jan-2016,2095.59170923148,432793.763066923,4003581.11382978
usa_NC_0045_0033,31-Jan-2016,2098.75292673961,432806.659123465,4003532.70981113
usa_NC_0045_0032,31-Jan-2016,2103.01425060901,432820.610119287,4003484.64066406
usa_NC_0045_0031,31-Jan-2016,2106.34588243028,432833.677466565,4003436.24911935
usa_NC_0045_0030,31-Jan-2016,2114.17968602392,432851.04926315,4003389.29247253
usa_NC_0045_0029,31-Jan-2016,2116.25695838801,432862.917726485,4003340.49920799
usa_NC_0045_0028,31-Jan-2016,2121.81738250022,432878.116246132,4003292.81669463
usa_NC_0045_0027,31-Jan-2016,2123.01043886599,432889.139985815,4003243.73831602
usa_NC_0045_0026,31-Jan-2016,2131.63440064773,432907.267136808,4003197.03401435
usa_NC_0045_0025,31-Jan-2016,2134.93954232513,432920.310179144,4003148.62891327
usa_NC_0045_0024,31-Jan-2016,2143.83079638753,432938.692636384,4003102.01103866
usa_NC_0045_0023,31-Jan-2016,2153.00891680381,432957.349057248,4003055.48611515
usa_NC_0045_0022,31-Jan-2016,2154.4282364189,432968.590016571,4003006.47537943
usa_NC_0045_0021,31-Jan-2016,2164.16781417712,432987.782847433,4002960.13134978
usa_NC_0045_0020,31-Jan-2016,2163.93816039557,432997.448407842,4002910.58927924
usa_NC_0045_0019,31-Jan-2016,2170.34435712697,433013.455693889,4002863.17563505
usa_NC_0045_0018,31-Jan-2016,2177.88755072815,433030.549433403,4002816.12741732
usa_NC_0045_0017,31-Jan-2016,2179.46165190638,433041.939470368,4002767.16053941
usa_NC_0045_0016,31-Jan-2016,2188.62799070187,433060.584119476,4002720.63440093
usa_NC_0045_0015,31-Jan-2016,2197.08297709649,433078.548880559,4002673.88042554
usa_NC_0045_0014,31-Jan-2016,2201.11701002503,433092.289924719,4002625.7020193
usa_NC_0045_0013,31-Jan-2016,2212.34694657481,433112.905842928,4002579.84208923
usa_NC_0045_0012,31-Jan-2016,2214.12613023793,433124.492844416,4002530.9361264
usa_NC_0045_0011,31-Jan-2016,2224.92114583705,433144.692854828,4002484.93801864
usa_NC_0045_0010,31-Jan-2016,2224.54864998965,433154.224836965,4002435.33545659
usa_NC_0045_0009,31-Jan-2016,2233.92945636069,433173.073705188,4002388.8818235
usa_NC_0045_0008,31-Jan-2016,2240.63345270766,433189.36553628,4002341.56397284
usa_NC_0045_0007,31-Jan-2016,2248.06252262331,433206.349858071,4002294.48091393
usa_NC_0045_0006,31-Jan-2016,2257.19196052726,433224.958100337,4002247.94865226
usa_NC_0045_0005,31-Jan-2016,2270.55070908585,433247.606869463,4002202.77956063
usa_NC_0045_0004,31-Jan-2016,2275.17304299799,433261.929014169,4002154.69539142
usa_NC_0045_0003,31-Jan-2016,2279.17747115162,433275.661755509,4002106.40745329
usa_NC_0045_0002,31-Jan-2016,2293.97346255975,433299.697216758,4002061.63352951
usa_NC_0045_0001,31-Jan-2016,2299.65504789631,433315.030817916,4002013.89334087
usa_NC_0044_0140,31-Jan-2016,2315.27209717225,433339.846820579,4001969.40340763
usa_NC_0044_0139,31-Jan-2016,2319.10278961708,433353.413462884,4001921.06006426
usa_NC_0044_0138,31-Jan-2016,2329.66694494781,433373.405321203,4001874.92547623
usa_NC_0044_0137,31-Jan-2016,2329.62427604105,433383.277502353,4001825.30363976
usa_NC_0044_0136,31-Jan-2016,2336.24157290626,433399.525601453,4001777.76218613
usa_NC_0044_0135,31-Jan-2016,2342.0553270871,433414.964249741,4001730.17080077
usa_NC_0044_0134,31-Jan-2016,2349.26751640317,433431.758224663,4001682.93350015
usa_NC_0044_0133,31-Jan-2016,2357.95207160029,433449.997169108,4001635.97896916
usa_NC_0044_0132,31-Jan-2016,2364.41766342906,433466.121223181,4001588.28408562
usa_NC_0044_0131,31-Jan-2016,2361.8744671655,433473.664182742,4001537.55758227
usa_NC_0044_0130,31-Jan-2016,2373.47541253727,433494.681645508,4001491.58154559
usa_NC_0044_0129,31-Jan-2016,2378.97321067151,433509.886447999,4001443.54799086
usa_NC_0044_0128,31-Jan-2016,2387.06319115862,433527.558605004,4001396.39557793
usa_NC_0044_0127,31-Jan-2016,2396.33710512844,433546.355944429,4001349.65430932
usa_NC_0044_0126,31-Jan-2016,2406.93401677222,433566.40945589,4001303.3783515
usa_NC_0044_0125,31-Jan-2016,2416.59871302743,433585.574262351,4001256.79242302
usa_NC_0044_0124,31-Jan-2016,2421.86249838598,433600.555669438,4001208.68258302
usa_NC_0044_0123,31-Jan-2016,2430.67752160649,433618.910964377,4001161.81160922
usa_NC_0044_0122,31-Jan-2016,2438.31591254266,433636.144771346,4001114.54826296
usa_NC_0044_0121,31-Jan-2016,2448.36850545526,433655.664564689,4001068.16540371
usa_NC_0044_0120,31-Jan-2016,2456.02478874132,433672.908948844,4001020.94043545
usa_NC_0044_0119,31-Jan-2016,2464.08368066266,433690.538151709,4000973.84432655
usa_NC_0044_0118,31-Jan-2016,2473.76412823815,433709.704812564,4000927.32950184
usa_NC_0044_0117,31-Jan-2016,2478.51572072902,433724.198320833,4000879.04741171
usa_NC_0044_0116,31-Jan-2016,2492.08615224107,433747.050370535,4000833.94131149
usa_NC_0044_0115,31-Jan-2016,2499.92366873503,433764.468245671,4000786.77301846
usa_NC_0044_0114,31-Jan-2016,2510.5633867719,433784.539742221,4000740.62551075
usa_NC_0044_0113,31-Jan-2016,2514.04537730908,433797.833594465,4000691.86777742
usa_NC_0044_0112,31-Jan-2016,2527.47429691136,433820.54344951,4000646.75109349
usa_NC_0044_0111,31-Jan-2016,2531.3882638348,433834.248332561,4000598.1409171
usa_NC_0044_0110,31-Jan-2016,2542.59766933046,433854.85519579,4000552.22152523
usa_NC_0044_0109,31-Jan-2016,2550.17561421055,433872.026730127,4000504.96133963
usa_NC_0044_0108,31-Jan-2016,2560.99690874131,433892.261245194,4000458.92466719
usa_NC_0044_0107,31-Jan-2016,2567.43619742109,433908.355370603,4000411.24532479
usa_NC_0044_0106,31-Jan-2016,2571.4693237237,433922.179421117,4000362.64689694
usa_NC_0044_0105,31-Jan-2016,2585.20719180774,433945.17053971,4000317.69932448
usa_NC_0044_0104,31-Jan-2016,2594.21738484025,433963.700602305,4000270.94975975
usa_NC_0044_0103,31-Jan-2016,2601.77715612597,433980.87450487,4000223.58497719
usa_NC_0044_0102,31-Jan-2016,2610.53821022728,433999.183621261,4000176.66967705
usa_NC_0044_0101,31-Jan-2016,2622.61995676428,434020.624492418,4000131.02842316
usa_NC_0044_0100,31-Jan-2016,2627.47927740774,434035.258472679,4000082.59312866
usa_NC_0044_0099,31-Jan-2016,2638.28821413981,434055.50087846,4000036.45390247
usa_NC_0044_0098,31-Jan-2016,2638.56266986762,434065.824643315,3999986.19055718
usa_NC_0044_0097,31-Jan-2016,2649.72893666701,434086.407025707,3999940.1735265
usa_NC_0044_0096,31-Jan-2016,2656.27501976109,434102.642526519,3999892.33169358
usa_NC_0044_0095,31-Jan-2016,2665.18313972145,434121.100633111,3999845.42131322
usa_NC_0044_0094,31-Jan-2016,2674.44094262346,434139.870738157,3999798.73411588
usa_NC_0044_0093,31-Jan-2016,2683.70964574029,434158.651842154,3999752.04750283
usa_NC_0044_0092,31-Jan-2016,2697.50108143247,434181.682643914,3999707.17471299
usa_NC_0044_0091,31-Jan-2016,2703.6087054742,434197.495125252,3999659.21223587
usa_NC_0044_0090,31-Jan-2016,2716.8635043042,434220.020494684,3999614.13019489
usa_NC_0044_0089,31-Jan-2016,2726.17944681896,434238.847347662,3999567.45571406
usa_NC_0044_0088,31-Jan-2016,2731.2388540566,434253.68114066,3999519.04158555
usa_NC_0044_0087,31-Jan-2016,2739.19697332069,434271.237113944,3999471.7976709
usa_NC_0044_0086,31-Jan-2016,2748.39051990027,434289.953052306,3999425.05362406
usa_NC_0044_0085,31-Jan-2016,2758.13071748648,434309.182205698,3999378.53098607
usa_NC_0044_0084,31-Jan-2016,2771.16353324601,434331.497260889,3999333.3685881
usa_NC_0044_0083,31-Jan-2016,2785.15200553854,434354.659594338,3999288.84310307
usa_NC_0044_0082,31-Jan-2016,2796.80761871417,434375.634694855,3999243.35804958
usa_NC_0044_0081,31-Jan-2016,2802.00424451636,434390.558614112,3999195.19316423
usa_NC_0044_0080,31-Jan-2016,2808.90281575557,434407.077673229,3999147.73115529
usa_NC_0044_0079,31-Jan-2016,2817.5789036527,434425.262256478,3999101.00545678
usa_NC_0044_0078,31-Jan-2016,2827.00170066266,434444.191138549,3999054.36569568
usa_NC_0044_0077,31-Jan-2016,2835.29354054484,434461.972090106,3999007.6989849
usa_NC_0044_0076,31-Jan-2016,2844.58623668347,434480.735316829,3998961.2242802
usa_NC_0044_0075,31-Jan-2016,2855.15890528407,434500.697397658,3998915.2821557
usa_NC_0044_0074,31-Jan-2016,2865.41170986779,434520.360127172,3998869.20573234
usa_NC_0044_0073,31-Jan-2016,2875.35115744139,434539.729674763,3998822.99734344
usa_NC_0044_0072,31-Jan-2016,2884.01297409397,434557.903434974,3998776.2529769
usa_NC_0044_0071,31-Jan-2016,2894.07117099625,434577.423741658,3998729.8961476
usa_NC_0044_0070,31-Jan-2016,2898.77830685051,434591.964836272,3998681.14904169
usa_NC_0044_0069,31-Jan-2016,2911.4704438092,434613.97812634,3998635.75820019
usa_NC_0044_0068,31-Jan-2016,2922.37108928693,434634.31584695,3998589.61000099
usa_NC_0044_0067,31-Jan-2016,2934.1421443639,434655.467372543,3998543.83118611
usa_NC_0044_0066,31-Jan-2016,2940.73680536667,434671.783318718,3998495.83468258
usa_NC_0044_0065,31-Jan-2016,2953.20134927069,434693.583861948,3998450.34702823
usa_NC_0044_0064,31-Jan-2016,2963.88897731885,434713.725123084,3998404.09489202
usa_NC_0044_0063,31-Jan-2016,2975.96609436795,434735.163451809,3998358.4427357
usa_NC_0044_0062,31-Jan-2016,2985.58639879857,434754.309881427,3998311.72222665
usa_NC_0044_0061,31-Jan-2016,2993.63237066334,434771.989805307,3998264.30635581
usa_NC_0044_0060,31-Jan-2016,3005.34060318503,434793.011589532,3998218.85621235
usa_NC_0044_0059,31-Jan-2016,3016.16370982353,434813.108191824,3998173.51895471
usa_NC_0044_0058,31-Jan-2016,3024.39706766554,434830.788333741,3998127.05828115
usa_NC_0044_0057,31-Jan-2016,3030.8073708765,434846.764989563,3998079.81887869
usa_NC_0044_0056,31-Jan-2016,3043.36805380955,434868.480504789,3998035.24736336
usa_NC_0044_0055,31-Jan-2016,3055.90819847764,434890.177652542,3997990.66295262
usa_NC_0044_0054,31-Jan-2016,3063.89175435691,434907.613759084,3997944.14870684
usa_NC_0044_0053,31-Jan-2016,3073.43448785453,434926.488566313,3997898.39162934
usa_NC_0044_0052,31-Jan-2016,3088.17833770334,434950.225571476,3997854.84519689
usa_NC_0044_0051,31-Jan-2016,3097.35509442191,434968.757241854,3997808.93761206
usa_NC_0044_0050,31-Jan-2016,3106.29888329851,434987.097113256,3997762.80095426
usa_NC_0044_0049,31-Jan-2016,3118.11124665212,435008.204322877,3997717.45472194
usa_NC_0044_0048,31-Jan-2016,3124.67976774521,435024.404309397,3997669.90512384
usa_NC_0044_0047,31-Jan-2016,3137.50639360785,435046.460697618,3997624.98494142
usa_NC_0044_0046,31-Jan-2016,3149.6903078318,435067.900433295,3997579.87076311
usa_NC_0044_0045,31-Jan-2016,3159.3850994023,435087.000828986,3997533.76075588
usa_NC_0044_0044,31-Jan-2016,3173.85180535883,435110.566710608,3997489.65633883
usa_NC_0044_0043,31-Jan-2016,3181.58809857746,435127.834593672,3997442.7220886
usa_NC_0044_0042,31-Jan-2016,3189.67412319521,435145.429877169,3997395.93419141
usa_NC_0044_0041,31-Jan-2016,3198.57146575183,435163.78447643,3997349.48680001
usa_NC_0044_0040,31-Jan-2016,3206.78998408613,435181.504005672,3997302.75328697
usa_NC_0044_0039,31-Jan-2016,3218.23616575071,435202.24382717,3997257.37686404
usa_NC_0044_0038,31-Jan-2016,3231.72627683919,435224.896218963,3997212.86002672
usa_NC_0044_0037,31-Jan-2016,3241.43845187791,435244.013662003,3997166.75342138
usa_NC_0044_0036,31-Jan-2016,3249.60296848969,435261.683095912,3997119.99501667
usa_NC_0044_0035,31-Jan-2016,3258.9243095597,435280.359423655,3997074.10137087
usa_NC_0044_0034,31-Jan-2016,3267.27407108792,435298.245675359,3997027.20329082
usa_NC_0044_0033,31-Jan-2016,3279.36125553981,435319.593803301,3996982.05390999
usa_NC_0044_0032,31-Jan-2016,3291.96010197249,435341.368693777,3996937.38001882
usa_NC_0044_0031,31-Jan-2016,3303.80766909507,435362.464344971,3996892.27128488
usa_NC_0044_0030,31-Jan-2016,3317.36439868109,435385.159001864,3996847.88291195
usa_NC_0044_0029,31-Jan-2016,3330.2432536871,435407.219287015,3996803.20976926
usa_NC_0044_0028,31-Jan-2016,3339.39380617314,435425.791263234,3996756.96675067
usa_NC_0044_0027,31-Jan-2016,3345.16256646555,435441.199236231,3996709.29925825
usa_NC_0044_0026,31-Jan-2016,3355.01033540577,435460.423432512,3996663.35039728
usa_NC_0044_0025,31-Jan-2016,3362.43098002276,435477.388120429,3996616.32259672
usa_NC_0044_0024,31-Jan-2016,3375.11388620685,435499.309683839,3996571.34368221
usa_NC_0044_0023,31-Jan-2016,3385.24938069904,435518.848013898,3996525.29113064
usa_NC_0044_0022,31-Jan-2016,3392.33241038311,435535.530700062,3996477.95161913
usa_NC_0044_0021,31-Jan-2016,3399.93470342053,435552.651823615,3996431.06796408
usa_NC_0044_0020,31-Jan-2016,3411.28624794762,435573.248828727,3996385.92328522
usa_NC_0044_0019,31-Jan-2016,3420.14939348723,435591.516136822,3996339.73821351
usa_NC_0044_0018,31-Jan-2016,3431.35396921,435611.974781939,3996294.53591264
usa_NC_0044_0017,31-Jan-2016,3441.03761888188,435631.008614456,3996248.70215186
usa_NC_0044_0016,31-Jan-2016,3452.7470065348,435651.939632103,3996203.71213326
usa_NC_0044_0015,31-Jan-2016,3462.12788191635,435670.688398493,3996157.75979934
usa_NC_0044_0014,31-Jan-2016,3475.10502070337,435692.807636566,3996113.29320666
usa_NC_0044_0013,31-Jan-2016,3481.91288077004,435709.142303379,3996066.29103862
usa_NC_0044_0012,31-Jan-2016,3490.54566142945,435727.186402478,3996020.04736512
usa_NC_0044_0011,31-Jan-2016,3499.08689418575,435745.143148729,3995973.77364073
usa_NC_0044_0010,31-Jan-2016,3508.42536959668,435763.935334812,3995927.38763832
usa_NC_0044_0009,31-Jan-2016,3517.62856638511,435782.721601883,3995880.34088833
usa_NC_0044_0008,31-Jan-2016,3525.05311560144,435799.84253823,3995832.5510886
usa_NC_0044_0007,31-Jan-2016,3537.8846287508,435822.033404307,3995786.98287008
usa_NC_0044_0006,31-Jan-2016,3553.57714176822,435846.902884007,3995742.6104325
usa_NC_0044_0005,31-Jan-2016,3571.02318823354,435873.410603709,3995698.98845164
usa_NC_0044_0004,31-Jan-2016,3583.5298697353,435895.291400324,3995653.31422051
usa_NC_0044_0003,31-Jan-2016,3588.67316408406,435910.284177328,3995604.53257842
usa_NC_0044_0002,31-Jan-2016,3602.35785768695,435933.267958243,3995559.35036066
usa_NC_0044_0001,31-Jan-2016,3611.48716480293,435951.993949835,3995512.22816991
usa_NC_0043_0130,31-Jan-2016,3626.29817796682,435976.000114783,3995467.67751641
usa_NC_0043_0129,01-Jan-2005,3902.13950839417,436243.753801648,3995535.44137306
usa_NC_0043_0128,31-Jan-2016,3650.51781281902,436018.771346808,3995377.23455223
usa_NC_0043_0127,31-Jan-2016,3669.92091835985,436046.96986336,3995335.138668
usa_NC_0043_0126,31-Jan-2016,3682.98577515188,436069.247470178,3995290.32719096
usa_NC_0043_0125,31-Jan-2016,3685.14508034115,436081.338050911,3995240.84100675
usa_NC_0043_0124,31-Jan-2016,3696.54068149879,436102.056476108,3995195.31353098
usa_NC_0043_0123,31-Jan-2016,3704.82540592937,436119.869080702,3995148.45210423
usa_NC_0043_0122,31-Jan-2016,3714.24855349288,436138.745141013,3995102.07847193
usa_NC_0043_0121,31-Jan-2016,3721.62226583289,436155.706965075,3995054.82549329
usa_NC_0043_0120,31-Jan-2016,3734.04510573493,436177.385005275,3995009.7380615
usa_NC_0043_0119,31-Jan-2016,3746.80099212553,436199.374103119,3994964.79361994
usa_NC_0043_0118,31-Jan-2016,3756.44907041316,436218.460415619,3994918.51569797
usa_NC_0043_0117,31-Jan-2016,3768.59658673254,436239.881266414,3994873.31027694
usa_NC_0043_0116,31-Jan-2016,3776.69337453144,436257.51875233,3994826.36611091
usa_NC_0043_0115,31-Jan-2016,3783.62415307005,436274.067301488,3994778.92088656
usa_NC_0043_0114,31-Jan-2016,3793.04661920491,436292.943117109,3994732.54500125
usa_NC_0043_0113,31-Jan-2016,3808.94438002775,436317.86661881,3994688.94966023
usa_NC_0043_0112,31-Jan-2016,3824.34631446706,436342.326925259,3994645.14196644
usa_NC_0043_0111,31-Jan-2016,3833.93170265469,436361.354903983,3994598.83604157
usa_NC_0043_0110,31-Jan-2016,3848.55422088617,436385.087172749,3994554.69411916
usa_NC_0043_0109,31-Jan-2016,3867.60401794455,436412.954009127,3994512.45504435
usa_NC_0043_0108,31-Jan-2016,3878.70608390037,436433.398354485,3994466.80116587
usa_NC_0043_0107,31-Jan-2016,3892.32717378223,436456.195169264,3994422.23000713
usa_NC_0043_0106,31-Jan-2016,3901.54262856258,436474.914634343,3994375.58011558
usa_NC_0043_0105,31-Jan-2016,3913.32524343178,436496.065873913,3994329.86172525
usa_NC_0043_0104,31-Jan-2016,3929.85479239907,436521.647186689,3994286.19866151
usa_NC_0043_0103,31-Jan-2016,3936.90559882606,436538.38245725,3994238.4315528
usa_NC_0043_0102,31-Jan-2016,3950.50506185919,436561.228368809,3994193.50432695
usa_NC_0043_0101,31-Jan-2016,3962.87819095017,436582.929809341,3994148.04610156
usa_NC_0043_0100,31-Jan-2016,3978.45340167756,436607.61614945,3994103.99153318
usa_NC_0043_0099,31-Jan-2016,3994.00354530764,436632.277252064,3994059.93533753
usa_NC_0043_0098,31-Jan-2016,4005.30541956792,436652.978071496,3994014.01765033
usa_NC_0043_0097,31-Jan-2016,4013.62453108444,436670.900600606,3993966.78160813
usa_NC_0043_0096,31-Jan-2016,4019.5898438865,436686.632787357,3993918.49469697
usa_NC_0043_0095,31-Jan-2016,4034.41323187587,436710.615003943,3993874.12704258
usa_NC_0043_0094,31-Jan-2016,4046.35807470578,436731.916411795,3993828.48505335
usa_NC_0043_0093,31-Jan-2016,4059.58982768375,436754.415247747,3993783.41818575
usa_NC_0043_0092,31-Jan-2016,4076.98595406181,436780.787445476,3993740.21964988
usa_NC_0043_0091,31-Jan-2016,4092.32072043902,436805.239711933,3993696.10941188
usa_NC_0043_0090,31-Jan-2016,4102.44303808659,436824.843693316,3993649.66107105
usa_NC_0043_0089,31-Jan-2016,4112.22888357107,436844.135730164,3993603.05669604
usa_NC_0043_0088,31-Jan-2016,4126.76779294519,436867.845774857,3993558.59930942
usa_NC_0043_0087,31-Jan-2016,4144.14081514116,436894.187481701,3993515.43545358
usa_NC_0043_0086,31-Jan-2016,4157.60823537051,436916.89886748,3993470.50758985
usa_NC_0043_0085,31-Jan-2016,4173.32841552602,436941.701222854,3993426.61226143
usa_NC_0043_0084,31-Jan-2016,4182.49690798641,436960.419644698,3993379.72792742
usa_NC_0043_0083,31-Jan-2016,4196.13746786044,436983.289694976,3993334.88963225
usa_NC_0043_0082,31-Jan-2016,4204.97879203437,437001.706041032,3993287.84735772
usa_NC_0043_0081,31-Jan-2016,4217.43162044884,437023.473008812,3993242.46793972
usa_NC_0043_0080,31-Jan-2016,4233.50282549042,437048.593320351,3993198.77282806
usa_NC_0043_0079,31-Jan-2016,4247.4955910574,437071.785972217,3993154.11752823
usa_NC_0043_0078,31-Jan-2016,4258.95656067053,437092.632250087,3993108.28382529
usa_NC_0043_0077,31-Jan-2016,4273.41208897116,437116.254762325,3993063.83896446
usa_NC_0043_0076,31-Jan-2016,4282.8659978935,437135.243873531,3993017.05656794
usa_NC_0043_0075,31-Jan-2016,4296.72036239632,437158.310815657,3992972.32406333
usa_NC_0043_0074,31-Jan-2016,4304.29233642562,437175.561142883,3992924.63909757
usa_NC_0043_0073,31-Jan-2016,4315.550982327,437196.227387798,3992878.67382653
usa_NC_0043_0072,31-Jan-2016,4328.5082285553,437218.467099464,3992833.50282109
usa_NC_0043_0071,31-Jan-2016,4344.89861459313,437243.883856325,3992789.9530653
usa_NC_0043_0070,31-Jan-2016,4362.52048620599,437270.438782073,3992746.99213769
usa_NC_0043_0069,31-Jan-2016,4381.50650459082,437298.253668097,3992704.68755963
usa_NC_0043_0068,31-Jan-2016,4395.08749909127,437321.069553108,3992659.81634723
usa_NC_0043_0067,31-Jan-2016,4406.96523622073,437342.311640813,3992614.1287571
usa_NC_0043_0066,31-Jan-2016,4415.76086816169,437360.707075756,3992566.95794805
usa_NC_0043_0065,31-Jan-2016,4421.56928962334,437376.345729005,3992518.3384486
usa_NC_0043_0064,31-Jan-2016,4437.02215586382,437400.895451084,3992474.34320626
usa_NC_0043_0063,31-Jan-2016,4454.34170920341,437427.159243355,3992431.296396
usa_NC_0043_0062,31-Jan-2016,4469.06701514382,437451.023543348,3992387.01829736
usa_NC_0043_0061,31-Jan-2016,4485.72840196663,437476.674595502,3992343.67904094
usa_NC_0043_0060,31-Jan-2016,4502.48230167619,437502.410143822,3992300.38905592
usa_NC_0043_0059,31-Jan-2016,4517.41795468073,437526.467396641,3992256.21881516
usa_NC_0043_0058,31-Jan-2016,4532.32374460231,437550.496917793,3992212.03495351
usa_NC_0043_0057,31-Jan-2016,4543.72286802584,437571.292650729,3992166.13857613
usa_NC_0043_0056,31-Jan-2016,4555.35631515582,437592.267629572,3992120.54101138
usa_NC_0043_0055,31-Jan-2016,4568.40981299185,437614.516789702,3992075.81392393
usa_NC_0043_0054,31-Jan-2016,4577.28450467622,437632.912398196,3992029.04571261
usa_NC_0043_0053,31-Jan-2016,4590.70081158038,437655.495751367,3991984.49772485
usa_NC_0043_0052,31-Jan-2016,4606.18032748393,437679.981755442,3991940.95735266
usa_NC_0043_0051,31-Jan-2016,4616.2585406349,437699.486437205,3991894.78086539
usa_NC_0043_0050,31-Jan-2016,4632.33148232705,437724.519726497,3991851.53010824
usa_NC_0043_0049,31-Jan-2016,4639.09748070662,437740.968952975,3991803.74100774
usa_NC_0043_0048,31-Jan-2016,4655.59297734824,437766.391896091,3991760.69670544
usa_NC_0043_0047,31-Jan-2016,4660.94955517467,437781.540193723,3991712.22523135
usa_NC_0043_0046,31-Jan-2016,4678.99799377292,437808.395565159,3991669.9376641
usa_NC_0043_0045,31-Jan-2016,4694.15761088148,437832.586281429,3991626.24248025
usa_NC_0043_0044,31-Jan-2016,4712.80431867345,437859.994067159,3991584.24357761
usa_NC_0043_0043,31-Jan-2016,4731.36600828868,437887.323765205,3991542.20158095
usa_NC_0043_0042,31-Jan-2016,4749.71906288132,437914.461315093,3991500.05643662
usa_NC_0043_0041,31-Jan-2016,4768.92849907291,437942.389344038,3991458.32581906
usa_NC_0043_0040,31-Jan-2016,4783.2279432639,437965.787264315,3991414.20835499
usa_NC_0043_0039,31-Jan-2016,4803.09647300433,437994.324062426,3991372.79478664
usa_NC_0043_0038,31-Jan-2016,4819.31646681217,438019.494481543,3991329.60823289
usa_NC_0043_0037,31-Jan-2016,4834.60058787502,438043.801427541,3991285.96677411
usa_NC_0043_0036,31-Jan-2016,4847.42154486524,438065.835299473,3991241.13034162
usa_NC_0043_0035,31-Jan-2016,4859.70763253886,438087.375443551,3991196.03510477
usa_NC_0043_0034,31-Jan-2016,4871.58009395484,438108.533695494,3991150.74013653
usa_NC_0043_0033,31-Jan-2016,4885.22487003235,438131.327623147,3991106.30430401
usa_NC_0043_0032,31-Jan-2016,4907.14693715893,438161.761769078,3991065.87553262
usa_NC_0043_0031,31-Jan-2016,4923.40413393163,438186.967455003,3991022.70234879
usa_NC_0043_0030,31-Jan-2016,4940.311420466,438212.77344211,3990979.84264202
usa_NC_0043_0029,31-Jan-2016,4947.56668884101,438229.669327166,3990932.31519073
usa_NC_0043_0028,31-Jan-2016,4963.55619322046,438254.628112895,3990889.01147091
usa_NC_0043_0027,31-Jan-2016,4976.57376688812,438276.843264593,3990844.27124226
usa_NC_0043_0026,31-Jan-2016,4994.15179345,438303.268920003,3990801.73347691
usa_NC_0043_0025,31-Jan-2016,5010.6750804637,438328.721012379,3990758.68512367
usa_NC_0043_0024,31-Jan-2016,5023.64002497617,438350.887675442,3990713.91896746
usa_NC_0043_0023,31-Jan-2016,5033.45729190224,438370.14768892,3990667.63520267
usa_NC_0043_0022,31-Jan-2016,5050.08202433886,438395.69367948,3990624.6346551
usa_NC_0043_0021,31-Jan-2016,5052.64019347139,438408.249638743,3990574.8550685
usa_NC_0043_0020,31-Jan-2016,5064.17614466256,438429.095879926,3990529.40420327
usa_NC_0043_0019,31-Jan-2016,5080.94521580546,438454.775058415,3990486.47373845
usa_NC_0043_0018,31-Jan-2016,5088.17969362595,438471.730709139,3990438.54109681
usa_NC_0043_0017,31-Jan-2016,5106.76909313828,438499.172561781,3990396.07924878
usa_NC_0043_0016,31-Jan-2016,5117.96095600758,438519.785261291,3990350.04112455
usa_NC_0043_0015,31-Jan-2016,5134.66285737938,438545.483128843,3990306.67434462
usa_NC_0043_0014,31-Jan-2016,5157.96116017617,438577.264461098,3990266.52710441
usa_NC_0043_0013,31-Jan-2016,5181.26265389665,438609.05290695,3990226.36054937
usa_NC_0043_0012,31-Jan-2016,5199.06388666196,438635.769102343,3990183.50790346
usa_NC_0043_0011,31-Jan-2016,5211.26239488855,438657.319644586,3990137.91368538
usa_NC_0043_0010,31-Jan-2016,5222.18247008722,438677.693299905,3990091.68481132
usa_NC_0043_0009,31-Jan-2016,5235.57594847421,438700.346862648,3990046.66896766
usa_NC_0043_0008,31-Jan-2016,5251.17572592032,438725.032363114,3990002.74397271
usa_NC_0043_0007,31-Jan-2016,5273.38573096957,438755.801997177,3989962.10572934
usa_NC_0043_0006,31-Jan-2016,5298.73824296376,438789.459149223,3989923.05444886
usa_NC_0043_0005,31-Jan-2016,5318.71311407807,438818.162732325,3989881.34891891
usa_NC_0043_0004,31-Jan-2016,5343.89038481021,438851.647859437,3989842.26420529
usa_NC_0043_0003,31-Jan-2016,5352.20601369666,438869.623449564,3989794.74485298
usa_NC_0043_0002,31-Jan-2016,5364.66943934635,438891.414717618,3989749.29790828
usa_NC_0043_0001,31-Jan-2016,5373.49939264999,438909.868026655,3989702.01262813
usa_NC_0042_0130,31-Jan-2016,5387.66772453628,438933.22818874,3989657.41501364
usa_NC_0042_0129,31-Jan-2016,5394.8587379797,438950.18058855,3989609.27682866
usa_NC_0042_0128,31-Jan-2016,5403.29801048205,438968.282742167,3989561.75509686
usa_NC_0042_0127,31-Jan-2016,5417.92200397011,438992.064379945,3989517.37364215
usa_NC_0042_0126,31-Jan-2016,5430.13877561997,439013.564682858,3989472.12404433
usa_NC_0042_0125,31-Jan-2016,5446.95085382206,439039.270894764,3989429.27777248
usa_NC_0042_0124,31-Jan-2016,5460.87874204055,439062.329992533,3989384.95973816
usa_NC_0042_0123,31-Jan-2016,5476.56759560026,439087.002769432,3989341.55299957
usa_NC_0042_0122,31-Jan-2016,5490.24937749023,439109.833088316,3989297.1239038
usa_NC_0042_0121,31-Jan-2016,5509.14940653682,439137.45333541,3989255.35454157
usa_NC_0042_0120,31-Jan-2016,5525.8392876523,439163.044811137,3989212.45884302
usa_NC_0042_0119,31-Jan-2016,5542.02824052749,439188.176410609,3989169.30814583
usa_NC_0042_0118,31-Jan-2016,5559.86258929926,439214.818524127,3989126.9952345
usa_NC_0042_0117,31-Jan-2016,5582.04015305967,439245.448126372,3989086.89220478
usa_NC_0042_0116,31-Jan-2016,5593.99196939085,439266.689650795,3989041.58548254
usa_NC_0042_0115,31-Jan-2016,5612.96972641569,439294.381699949,3988999.85346581
usa_NC_0042_0114,31-Jan-2016,5633.25943469353,439323.278481464,3988958.78780992
usa_NC_0042_0113,31-Jan-2016,5640.04651885531,439339.777249287,3988910.85839326
usa_NC_0042_0112,31-Jan-2016,5646.90430617885,439356.340309609,3988862.96805294
usa_NC_0042_0111,31-Jan-2016,5658.8511978537,439377.575904427,3988817.66587262
usa_NC_0042_0110,31-Jan-2016,5675.17919272116,439402.834373089,3988774.58984876
usa_NC_0042_0109,31-Jan-2016,5688.79021630872,439425.597717582,3988730.13481643
usa_NC_0042_0108,31-Jan-2016,5700.75191325318,439446.846166797,3988684.84386376
usa_NC_0042_0107,31-Jan-2016,5714.47954235924,439469.716132676,3988640.4503321
usa_NC_0042_0106,31-Jan-2016,5724.45761079021,439489.142197074,3988594.15620612
usa_NC_0042_0105,31-Jan-2016,5741.67363111533,439515.215586747,3988551.53388071
usa_NC_0042_0104,31-Jan-2016,5756.61535590118,439539.200078614,3988507.75874912
usa_NC_0042_0103,31-Jan-2016,5767.56173438487,439559.514633573,3988461.95986913
usa_NC_0042_0102,31-Jan-2016,5781.00659461589,439582.123801575,3988417.42841073
usa_NC_0042_0101,31-Jan-2016,5789.4319831022,439600.124293737,3988370.34457643
usa_NC_0042_0100,31-Jan-2016,5803.86759918122,439623.6459242,3988326.30294749
usa_NC_0042_0099,31-Jan-2016,5824.84884134025,439653.180731555,3988285.5734825
usa_NC_0042_0098,31-Jan-2016,5844.09079674869,439681.032961389,3988244.38814761
usa_NC_0042_0097,31-Jan-2016,5853.90426552034,439700.220261354,3988198.44888526
usa_NC_0042_0096,31-Jan-2016,5862.6627215544,439718.435218054,3988151.99153666
usa_NC_0042_0095,31-Jan-2016,5871.94179207571,439737.126225495,3988105.80870852
usa_NC_0042_0094,31-Jan-2016,5886.26284574802,439760.454158569,3988062.15176641
usa_NC_0042_0093,31-Jan-2016,5904.44696807438,439787.338456584,3988020.41187565
usa_NC_0042_0092,31-Jan-2016,5914.0663046005,439806.339443437,3987974.41427703
usa_NC_0042_0091,31-Jan-2016,5926.18891772467,439827.643823892,3987929.66462842
usa_NC_0042_0090,31-Jan-2016,5942.66064054285,439852.954564826,3987887.06050262
usa_NC_0042_0089,31-Jan-2016,5957.62654709913,439876.879270405,3987843.707971
usa_NC_0042_0088,31-Jan-2016,5968.99644858491,439897.489463452,3987798.590976
usa_NC_0042_0087,31-Jan-2016,5981.41471183492,439919.065300792,3987753.99164945
usa_NC_0042_0086,31-Jan-2016,5997.07630093514,439943.632756259,3987710.97283973
usa_NC_0042_0085,31-Jan-2016,6013.98399994388,439969.351554378,3987668.55156422
usa_NC_0042_0084,31-Jan-2016,6032.6552365422,439996.700509624,3987626.97224937
usa_NC_0042_0083,31-Jan-2016,6047.62149551555,440020.631134027,3987583.59189623
usa_NC_0042_0082,31-Jan-2016,6070.4458934045,440051.772985857,3987544.22637217
usa_NC_0042_0081,31-Jan-2016,6086.85044758285,440076.982934261,3987501.78386758
usa_NC_0042_0080,31-Jan-2016,6098.78897217754,440098.065159022,3987457.20650855
usa_NC_0042_0079,31-Jan-2016,6111.77239057653,440120.112932841,3987413.12959649
usa_NC_0042_0078,31-Jan-2016,6125.84135840093,440143.165388724,3987369.56477338
usa_NC_0042_0077,31-Jan-2016,6143.39937515856,440169.450509344,3987327.62818045
usa_NC_0042_0076,31-Jan-2016,6165.0286956806,440199.588183362,3987287.18908911
usa_NC_0042_0075,31-Jan-2016,6178.63335936381,440222.30473687,3987242.93575981
usa_NC_0042_0074,31-Jan-2016,6191.42121852895,440244.264227295,3987198.30265177
usa_NC_0042_0073,31-Jan-2016,6206.63713164016,440268.474455193,3987154.7971203
usa_NC_0042_0072,31-Jan-2016,6220.94184922474,440291.840376985,3987110.86670036
usa_NC_0042_0071,31-Jan-2016,6231.48396586585,440311.717015877,3987065.19624317
usa_NC_0042_0070,31-Jan-2016,6244.95938274873,440334.313562009,3987020.88388935
usa_NC_0042_0069,31-Jan-2016,6257.34638818681,440355.900280021,3986976.0705936
usa_NC_0042_0068,31-Jan-2016,6275.23403377205,440382.590998348,3986933.78643571
usa_NC_0042_0067,31-Jan-2016,6286.96467358326,440403.568690094,3986888.6712988
usa_NC_0042_0066,31-Jan-2016,6305.21368155941,440430.596876249,3986846.5424695
usa_NC_0042_0065,31-Jan-2016,6323.6952599996,440457.842676384,3986804.51149731
usa_NC_0042_0064,31-Jan-2016,6337.38103697854,440480.636502374,3986760.28541379
usa_NC_0042_0063,31-Jan-2016,6349.98991993339,440502.430120254,3986715.56902317
usa_NC_0042_0062,31-Jan-2016,6365.01399090829,440526.467185809,3986671.95103119
usa_NC_0042_0061,31-Jan-2016,6372.59649488894,440543.590067485,3986624.95758818
usa_NC_0042_0060,31-Jan-2016,6383.72266509233,440564.004259928,3986579.57761757
usa_NC_0042_0059,31-Jan-2016,6402.79859197325,440591.807345852,3986537.79092239
usa_NC_0042_0058,31-Jan-2016,6411.16825462482,440609.658443503,3986491.17032794
usa_NC_0042_0057,31-Jan-2016,6431.04316843542,440638.206831094,3986449.73134137
usa_NC_0042_0056,31-Jan-2016,6441.23498157447,440657.752079007,3986403.93158169
usa_NC_0042_0055,31-Jan-2016,6456.88391291681,440682.373412156,3986360.57855148
usa_NC_0042_0054,31-Jan-2016,6472.22240725121,440706.70737461,3986317.07937583
usa_NC_0042_0053,31-Jan-2016,6486.51015271431,440730.064854551,3986273.10458809
usa_NC_0042_0052,31-Jan-2016,6493.78900739148,440746.899532166,3986226.00380988
usa_NC_0042_0051,31-Jan-2016,6501.20999122356,440763.865048557,3986178.97359444
usa_NC_0042_0050,31-Jan-2016,6511.0405334129,440783.072775401,3986133.01923927
usa_NC_0042_0049,31-Jan-2016,6520.774336099,440802.19052579,3986087.0214684
usa_NC_0042_0048,31-Jan-2016,6528.5061610959,440819.44414598,3986040.1357922
usa_NC_0042_0047,31-Jan-2016,6542.72981546951,440842.744615272,3985996.11923046
usa_NC_0042_0046,31-Jan-2016,6549.34370182339,440858.955083566,3985948.74869057
usa_NC_0042_0045,31-Jan-2016,6557.05039015339,440876.182394553,3985901.86639529
usa_NC_0042_0044,31-Jan-2016,6566.46349051474,440894.999077661,3985855.73863474
usa_NC_0042_0043,31-Jan-2016,6586.60342490329,440923.815941681,3985814.30857352
usa_NC_0042_0042,31-Jan-2016,6591.45780239579,440938.382064377,3985766.18763722
usa_NC_0042_0041,31-Jan-2016,6610.00776001586,440965.719280925,3985724.04814318
usa_NC_0042_0040,31-Jan-2016,6621.55211925036,440986.523856208,3985678.84869852
usa_NC_0042_0039,31-Jan-2016,6634.12240494705,441008.285639542,3985634.09464615
usa_NC_0042_0038,31-Jan-2016,6646.93549772325,441030.274368245,3985589.44399374
usa_NC_0042_0037,31-Jan-2016,6666.67582795113,441058.72896243,3985547.78756291
usa_NC_0042_0036,31-Jan-2016,6681.95876273038,441083.025350973,3985504.19288361
usa_NC_0042_0035,31-Jan-2016,6693.15236512737,441103.504929695,3985458.82982289
usa_NC_0042_0034,31-Jan-2016,6708.10399329108,441127.493794386,3985415.08334805
usa_NC_0042_0033,31-Jan-2016,6720.53037341586,441149.125230264,3985370.24720856
usa_NC_0042_0032,31-Jan-2016,6730.04550445836,441168.079846968,3985323.94987078
usa_NC_0042_0031,31-Jan-2016,6740.00055027628,441187.450666069,3985277.81472141
usa_NC_0042_0030,31-Jan-2016,6757.99416499052,441214.329556878,3985235.12967124
usa_NC_0042_0029,31-Jan-2016,6763.17513336011,441229.241399295,3985186.94531821
usa_NC_0042_0028,31-Jan-2016,6777.23222132428,441252.44353054,3985142.57083707
usa_NC_0042_0027,31-Jan-2016,6788.10855553671,441272.674854693,3985096.83101761
usa_NC_0042_0026,31-Jan-2016,6800.66955071552,441294.479619672,3985051.81445664
usa_NC_0042_0025,31-Jan-2016,6810.42993814862,441313.668695705,3985005.59541575
usa_NC_0042_0024,31-Jan-2016,6820.72565921438,441333.357773133,3984959.60615363
usa_NC_0042_0023,31-Jan-2016,6825.63557051468,441348.016768001,3984911.30385641
usa_NC_0042_0022,31-Jan-2016,6837.76736427447,441369.42071693,3984866.10278156
usa_NC_0042_0021,31-Jan-2016,6855.67777423536,441396.221544768,3984823.38376816
usa_NC_0042_0020,31-Jan-2016,6867.88329147813,441417.694297332,3984778.21460787
usa_NC_0042_0019,31-Jan-2016,6874.12511891722,441433.597382651,3984730.48359588
usa_NC_0042_0018,31-Jan-2016,6885.95751610971,441454.7216888,3984685.154045
usa_NC_0042_0017,31-Jan-2016,6892.74587076076,441471.135295293,3984637.65729116
usa_NC_0042_0016,31-Jan-2016,6904.63326782809,441492.310995855,3984592.35122475
usa_NC_0042_0015,31-Jan-2016,6916.59358511443,441513.554795398,3984547.07649996
usa_NC_0042_0014,31-Jan-2016,6933.0926533264,441539.017301221,3984503.85243791
usa_NC_0042_0013,31-Jan-2016,6948.75478285472,441563.694738204,3984460.28599755
usa_NC_0042_0012,31-Jan-2016,6954.2230239369,441578.85047495,3984412.34714739
usa_NC_0042_0011,31-Jan-2016,6967.4550490343,441601.258188981,3984367.73767664
usa_NC_0042_0010,31-Jan-2016,6987.83511306304,441630.344447372,3984326.18492091
usa_NC_0042_0009,31-Jan-2016,6999.34230292038,441651.141630274,3984280.83278369
usa_NC_0042_0008,31-Jan-2016,7004.95259235962,441666.428488612,3984232.96266865
usa_NC_0042_0007,31-Jan-2016,7017.14118948048,441687.861959619,3984187.90373936
usa_NC_0042_0006,31-Jan-2016,7028.9733219998,441708.96237656,3984142.6923883
usa_NC_0042_0005,31-Jan-2016,7039.67244950348,441729.003834841,3984096.99838814
usa_NC_0042_0004,31-Jan-2016,7047.55829275116,441746.415420335,3984050.10819715
usa_NC_0042_0003,31-Jan-2016,7058.80455516585,441766.967855107,3984004.64927785
usa_NC_0042_0002,31-Jan-2016,7067.94982933689,441785.555992579,3983958.29844544
usa_NC_0042_0001,31-Jan-2016,7083.10636858285,441809.764229643,3983914.4998737
usa_NC_0041_0150,31-Jan-2016,7093.66507863144,441829.673728189,3983868.7496558
usa_NC_0041_0149,31-Jan-2016,7101.26415197964,441846.814678102,3983821.75035117
usa_NC_0041_0148,31-Jan-2016,7116.4975544237,441871.093622099,3983777.99019212
usa_NC_0041_0147,31-Jan-2016,7125.03252717711,441889.107980778,3983731.39620689
usa_NC_0041_0146,31-Jan-2016,7136.30921223492,441909.686444993,3983685.96228265
usa_NC_0041_0145,31-Jan-2016,7148.00456929761,441930.656522136,3983640.70519331
usa_NC_0041_0144,31-Jan-2016,7156.77162050307,441948.88694863,3983594.21429189
usa_NC_0041_0143,31-Jan-2016,7167.81286001287,441969.244775365,3983548.68296882
usa_NC_0041_0142,31-Jan-2016,7180.02070236431,441990.694154679,3983503.64264276
usa_NC_0041_0141,31-Jan-2016,7191.5178104266,442011.478508462,3983458.30325675
usa_NC_0041_0140,31-Jan-2016,7204.14065478179,442033.316452538,3983413.4362906
usa_NC_0041_0139,31-Jan-2016,7213.9839001809,442052.552900218,3983367.40303403
usa_NC_0041_0138,31-Jan-2016,7226.19875197847,442074.009278427,3983322.36345425
usa_NC_0041_0137,31-Jan-2016,7233.50673595062,442090.872210174,3983275.26993758
usa_NC_0041_0136,31-Jan-2016,7244.11419711346,442110.823763774,3983229.55805244
usa_NC_0041_0135,31-Jan-2016,7253.58486432847,442129.710890516,3983183.37154703
usa_NC_0041_0134,31-Jan-2016,7266.41300464317,442151.741887026,3983138.58616295
usa_NC_0041_0133,31-Jan-2016,7282.5333631137,442176.856507905,3983095.17037458
usa_NC_0041_0132,31-Jan-2016,7294.48941067581,442198.07174891,3983050.01677766
usa_NC_0041_0131,31-Jan-2016,7307.50966762501,442220.284063802,3983005.30443906
usa_NC_0041_0130,31-Jan-2016,7319.10394291386,442241.160963809,3982959.99779148
usa_NC_0041_0129,31-Jan-2016,7322.54740904879,442254.406163969,3982911.28692945
usa_NC_0041_0128,31-Jan-2016,7342.09517319953,442282.792487854,3982868.98942465
usa_NC_0041_0127,31-Jan-2016,7351.00447260972,442301.212606611,3982822.2751687
usa_NC_0041_0126,31-Jan-2016,7362.32713619964,442321.893220496,3982776.56469197
usa_NC_0041_0125,31-Jan-2016,7371.36844552174,442340.437509498,3982729.902729
usa_NC_0041_0124,31-Jan-2016,7388.41658793942,442366.478437727,3982686.58612007
usa_NC_0041_0123,31-Jan-2016,7402.00682979803,442389.280817629,3982641.8296844
usa_NC_0041_0122,31-Jan-2016,7418.55715314763,442414.853054376,3982598.31805857
usa_NC_0041_0121,31-Jan-2016,7427.27913871624,442433.097613335,3982551.52644918
usa_NC_0041_0120,31-Jan-2016,7443.97528315007,442458.804340323,3982508.08595388
usa_NC_0041_0119,31-Jan-2016,7465.73711633955,442489.249081836,3982466.78643505
usa_NC_0041_0118,31-Jan-2016,7463.148188093,442496.911267721,3982415.22989421
usa_NC_0041_0117,31-Jan-2016,7474.45939424019,442517.57838405,3982369.52849342
usa_NC_0041_0116,31-Jan-2016,7491.26330041623,442543.382327485,3982326.1514321
usa_NC_0041_0115,31-Jan-2016,7507.98054122757,442569.103698133,3982282.74531578
usa_NC_0041_0114,31-Jan-2016,7520.68071645045,442591.085275614,3982237.55419767
usa_NC_0041_0113,31-Jan-2016,7533.88865248313,442613.544177907,3982192.5656278
usa_NC_0041_0112,31-Jan-2016,7539.46773176567,442628.872863524,3982144.32691836
usa_NC_0041_0111,31-Jan-2016,7549.14755513622,442648.034962887,3982097.83173555
usa_NC_0041_0110,31-Jan-2016,7561.04308514385,442669.267124816,3982052.28462026
usa_NC_0041_0109,31-Jan-2016,7568.88141903688,442686.709886246,3982004.99595836
usa_NC_0041_0108,31-Jan-2016,7576.34037836697,442703.799633485,3981957.537846
usa_NC_0041_0107,31-Jan-2016,7590.33847109145,442726.994660751,3981912.89784493
usa_NC_0041_0106,31-Jan-2016,7605.07904507802,442750.881191722,3981868.58641172
usa_NC_0041_0105,31-Jan-2016,7610.49928029302,442766.06990874,3981820.2375272
usa_NC_0041_0104,31-Jan-2016,7620.62592654037,442785.651046108,3981773.92559653
usa_NC_0041_0103,31-Jan-2016,7631.35369834578,442805.793618005,3981727.87176677
usa_NC_0041_0102,31-Jan-2016,7641.81042130091,442825.684482294,3981681.69433006
usa_NC_0041_0101,31-Jan-2016,7655.63313000717,442848.714185164,3981636.98663532
usa_NC_0041_0100,31-Jan-2016,7666.00434344001,442868.526916595,3981590.76382318
usa_NC_0041_0099,31-Jan-2016,7675.75401929306,442887.761697845,3981544.2613918
usa_NC_0041_0098,31-Jan-2016,7690.66468420289,442911.805613998,3981500.03037075
usa_NC_0041_0097,31-Jan-2016,7698.47223974288,442929.23340499,3981452.65955508
usa_NC_0041_0096,31-Jan-2016,7707.89303194359,442948.137259213,3981406.13481153
usa_NC_0041_0095,31-Jan-2016,7717.64627060088,442967.323156951,3981359.8951936
usa_NC_0041_0094,31-Jan-2016,7732.81275176528,442991.549987579,3981316.0543094
usa_NC_0041_0093,31-Jan-2016,7749.24483146192,443016.955347918,3981272.77436166
usa_NC_0041_0092,31-Jan-2016,7755.90354403076,443033.25962056,3981225.16315175
usa_NC_0041_0091,28-Feb-2012,7800.37188970942,443084.772521016,3981194.30902723
usa_NC_0041_0090,31-Jan-2016,7773.87520711609,443070.202353794,3981132.00284711
usa_NC_0041_0089,31-Jan-2016,7789.41128450761,443094.773349321,3981088.32579665
usa_NC_0041_0088,31-Jan-2016,7805.94578655977,443120.27405301,3981045.09140803
usa_NC_0041_0087,31-Jan-2016,7824.00290611243,443147.192579767,3981002.53208954
usa_NC_0041_0086,31-Jan-2016,7838.29866031222,443170.608530449,3980958.30556342
usa_NC_0041_0085,31-Jan-2016,7842.9133225876,443185.009598658,3980909.78728078
usa_NC_0041_0084,31-Jan-2016,7852.63610827489,443204.167313395,3980863.53329022
usa_NC_0041_0083,31-Jan-2016,7860.31897887891,443221.425534931,3980816.37475781
usa_NC_0041_0082,31-Jan-2016,7870.37349579955,443240.892205651,3980770.26756284
usa_NC_0041_0081,31-Jan-2016,7882.55706599387,443262.34140931,3980725.10424751
usa_NC_0041_0080,31-Jan-2016,7895.59876343307,443284.589681288,3980680.32138365
usa_NC_0041_0079,31-Jan-2016,7906.74836253087,443305.071583283,3980634.722134
usa_NC_0041_0078,31-Jan-2016,7913.95855312687,443321.826214809,3980587.67152236
usa_NC_0041_0077,31-Jan-2016,7926.09370950304,443343.166492702,3980542.80624163
usa_NC_0041_0076,31-Jan-2016,7935.27135857201,443361.750609383,3980496.64074985
usa_NC_0041_0075,31-Jan-2016,7944.17469811052,443380.077477934,3980450.36273773
usa_NC_0041_0074,31-Jan-2016,7956.52845453505,443401.61917534,3980405.60506194
usa_NC_0041_0073,31-Jan-2016,7961.94632960647,443416.693432714,3980357.81693172
usa_NC_0041_0072,31-Jan-2016,7976.29297448341,443440.091780021,3980313.93821028
usa_NC_0041_0071,31-Jan-2016,7982.36388599109,443455.770903178,3980266.45575194
usa_NC_0041_0070,31-Jan-2016,7993.04670054737,443475.75114582,3980220.98484773
usa_NC_0041_0069,31-Jan-2016,7999.75128046633,443492.018740229,3980173.79126463
usa_NC_0041_0068,31-Jan-2016,8012.32074951467,443513.724525722,3980129.31327877
usa_NC_0041_0067,31-Jan-2016,8025.33999082767,443535.920754804,3980084.67625647
usa_NC_0041_0066,31-Jan-2016,8031.55520994551,443551.729057198,3980037.28378319
usa_NC_0041_0065,31-Jan-2016,8046.66609122781,443575.844819485,3979993.71498313
usa_NC_0041_0064,31-Jan-2016,8061.10739204175,443599.336867552,3979949.85040651
usa_NC_0041_0063,31-Jan-2016,8075.83544015636,443623.098476752,3979906.10020514
usa_NC_0041_0062,31-Jan-2016,8082.88083957525,443639.680848712,3979859.07066454
usa_NC_0041_0061,31-Jan-2016,8092.00161266225,443658.202034431,3979812.92984713
usa_NC_0041_0060,31-Jan-2016,8104.39435553645,443679.782273032,3979768.17825668
usa_NC_0041_0059,31-Jan-2016,8112.20952975717,443697.081789596,3979721.48825467
usa_NC_0041_0058,31-Jan-2016,8122.06505316882,443716.288959064,3979675.6641757
usa_NC_0041_0057,31-Jan-2016,8133.0455992523,443736.548545324,3979630.31474741
usa_NC_0041_0056,31-Jan-2016,8147.84650642189,443760.383907835,3979586.56727914
usa_NC_0041_0055,31-Jan-2016,8157.64506359871,443779.538109948,3979540.71755234
usa_NC_0041_0054,31-Jan-2016,8166.55471428234,443797.859669622,3979494.49831554
usa_NC_0041_0053,31-Jan-2016,8181.30871524399,443821.654071825,3979450.71645111
usa_NC_0041_0052,31-Jan-2016,8189.71920773114,443839.5008979,3979404.32560046
usa_NC_0041_0051,31-Jan-2016,8203.17326591766,443862.138956551,3979359.69650246
usa_NC_0041_0050,31-Jan-2016,8217.70005834911,443885.807160207,3979315.38666753
usa_NC_0041_0049,31-Jan-2016,8225.28959678629,443902.532174161,3979270.42020229
usa_NC_0041_0048,31-Jan-2016,8233.58332058186,443920.200937358,3979224.32453818
usa_NC_0041_0047,31-Jan-2016,8237.29819178803,443933.708413903,3979175.68621089
usa_NC_0041_0046,31-Jan-2016,8249.30512844821,443954.888573275,3979130.96787833
usa_NC_0041_0045,31-Jan-2016,8253.48830239763,443968.619408372,3979083.60167468
usa_NC_0041_0044,31-Jan-2016,8269.30835073304,443993.46790125,3979039.98511506
usa_NC_0041_0043,31-Jan-2016,8279.79450837244,444013.207370099,3978994.71553199
usa_NC_0041_0042,31-Jan-2016,8285.74889964517,444028.734881513,3978947.39715678
usa_NC_0041_0041,31-Jan-2016,8302.9465422445,444054.833766629,3978904.55345545
usa_NC_0041_0040,31-Jan-2016,8309.29913542311,444070.734181348,3978857.40107986
usa_NC_0041_0039,31-Jan-2016,8322.82317767893,444093.380199635,3978813.08929916
usa_NC_0041_0038,31-Jan-2016,8338.79840296103,444118.334408617,3978769.73561247
usa_NC_0041_0037,31-Jan-2016,8352.4359453587,444141.090509104,3978725.45216552
usa_NC_0041_0036,31-Jan-2016,8360.6667793257,444158.757188161,3978679.04598504
usa_NC_0041_0035,31-Jan-2016,8381.92988013195,444188.696617123,3978637.73005391
usa_NC_0041_0034,31-Jan-2016,8395.70494193587,444211.592386376,3978593.4494562
usa_NC_0041_0033,31-Jan-2016,8405.30377216964,444230.641964295,3978547.10403979
usa_NC_0041_0032,31-Jan-2016,8417.47851379544,444252.117847774,3978501.76215378
usa_NC_0041_0031,31-Jan-2016,8431.63005937868,444275.455218842,3978457.19292837
usa_NC_0041_0030,31-Jan-2016,8431.92917099668,444285.747170144,3978407.21461659
usa_NC_0041_0029,31-Jan-2016,8434.20372309893,444297.900858666,3978358.00075796
usa_NC_0041_0028,31-Jan-2016,8446.59767513077,444319.58375441,3978312.74160351
usa_NC_0041_0027,31-Jan-2016,8462.74259235473,444344.797237709,3978268.95640154
usa_NC_0041_0026,31-Jan-2016,8473.37455759119,444364.81446361,3978223.04091951
usa_NC_0041_0025,31-Jan-2016,8483.82474582898,444384.660164416,3978177.05614908
usa_NC_0041_0024,31-Jan-2016,8491.98888933974,444402.35129901,3978130.18724199
usa_NC_0041_0023,31-Jan-2016,8505.56066893087,444425.136771241,3978085.42119997
usa_NC_0041_0022,31-Jan-2016,8516.18536032764,444445.14545264,3978039.51135718
usa_NC_0041_0021,31-Jan-2016,8524.97525520201,444463.427163199,3977992.88038942
usa_NC_0041_0020,31-Jan-2016,8534.8986521454,444482.775281406,3977946.69732984
usa_NC_0041_0019,31-Jan-2016,8548.24756993861,444505.34597987,3977901.86876355
usa_NC_0041_0018,31-Jan-2016,8559.41153866746,444525.860302134,3977856.18060342
usa_NC_0041_0017,31-Jan-2016,8568.47844261797,444544.401426462,3977809.66509495
usa_NC_0041_0016,31-Jan-2016,8584.35967621385,444569.352036456,3977765.84975037
usa_NC_0041_0015,31-Jan-2016,8593.84674910392,444588.287457956,3977719.50528316
usa_NC_0041_0014,31-Jan-2016,8604.34640707942,444608.17493119,3977673.56392722
usa_NC_0041_0013,31-Jan-2016,8619.99443790719,444632.903440772,3977629.66995047
usa_NC_0041_0012,31-Jan-2016,8637.13854468617,444659.037514843,3977586.37694065
usa_NC_0041_0011,31-Jan-2016,8642.25321055624,444673.859755261,3977538.30262741
usa_NC_0041_0010,31-Jan-2016,8656.30302271735,444697.08279767,3977493.78636832
usa_NC_0041_0009,31-Jan-2016,8669.63830215051,444719.633522102,3977448.98815878
usa_NC_0041_0008,31-Jan-2016,8682.17563271077,444741.439178288,3977403.84637004
usa_NC_0041_0007,31-Jan-2016,8689.30494188392,444758.161611653,3977356.54412718
usa_NC_0041_0006,31-Jan-2016,8707.66594577108,444785.466117511,3977313.60404049
usa_NC_0041_0005,31-Jan-2016,8714.65477881783,444802.086704942,3977266.09457976
usa_NC_0041_0004,31-Jan-2016,8727.33746428263,444824.057580702,3977220.86776142
usa_NC_0041_0003,31-Jan-2016,8741.64153840393,444847.550757036,3977176.29722841
usa_NC_0041_0002,31-Jan-2016,8752.0837505286,444867.422160355,3977130.14312843
usa_NC_0041_0001,31-Jan-2016,8762.93566885266,444887.729572109,3977083.89793637
usa_NC_0040_0208,31-Jan-2016,8775.19893858021,444909.361641855,3977038.22622211
usa_NC_0040_0207,31-Jan-2016,8788.52646028372,444931.991114681,3976992.9943361
usa_NC_0040_0206,31-Jan-2016,8801.01134204416,444953.77606725,3976947.6884936
usa_NC_0040_0205,31-Jan-2016,8816.27181404137,444978.151297565,3976903.5846261
usa_NC_0040_0204,31-Jan-2016,8820.99304948678,444992.648873875,3976855.12725661
usa_NC_0040_0203,31-Jan-2016,8832.39164171808,445013.40504883,3976809.42613131
usa_NC_0040_0202,31-Jan-2016,8844.10159901427,445034.452979773,3976763.85394196
usa_NC_0040_0201,31-Jan-2016,8858.4680568775,445057.989037865,3976719.38717607
usa_NC_0040_0200,31-Jan-2016,8875.20566300844,445083.744714985,3976675.91330785
usa_NC_0040_0199,31-Jan-2016,8881.06137463821,445099.309939232,3976627.90261089
usa_NC_0040_0198,31-Jan-2016,8892.90256121596,445120.480301304,3976582.3874339
usa_NC_0040_0197,31-Jan-2016,8906.15486893963,445142.971376705,3976537.4643002
usa_NC_0040_0196,31-Jan-2016,8911.11782267777,445157.70456363,3976489.06141012
usa_NC_0040_0195,31-Jan-2016,8922.93975643506,445178.857578223,3976443.53479332
usa_NC_0040_0194,31-Jan-2016,8932.03500275502,445197.45971489,3976396.85859615
usa_NC_0040_0193,31-Jan-2016,8941.05071262714,445215.988274821,3976350.14470545
usa_NC_0040_0192,31-Jan-2016,8956.98967497864,445240.98762895,3976306.38003465
usa_NC_0040_0191,31-Jan-2016,8968.58734939199,445261.854181126,3976261.14251825
usa_NC_0040_0190,31-Jan-2016,8972.14386393925,445275.1983317,3976212.51339229
usa_NC_0040_0189,31-Jan-2016,8982.71571093656,445295.098095923,3976166.87893048
usa_NC_0040_0188,31-Jan-2016,8999.24976775743,445320.575794347,3976123.75739665
usa_NC_0040_0187,31-Jan-2016,9007.52163211926,445338.321694904,3976077.16415293
usa_NC_0040_0186,31-Jan-2016,9018.78699140354,445358.868369973,3976031.83151454
usa_NC_0040_0185,31-Jan-2016,9031.71605958939,445380.972158729,3975987.19691691
usa_NC_0040_0184,31-Jan-2016,9044.78690292777,445403.247242069,3975942.42861948
usa_NC_0040_0183,31-Jan-2016,9063.94316585289,445431.220301056,3975900.20129518
usa_NC_0040_0182,31-Jan-2016,9080.88621116556,445457.121257134,3975857.04881626
usa_NC_0040_0181,31-Jan-2016,9083.55979603025,445469.666872147,3975807.90999823
usa_NC_0040_0180,31-Jan-2016,9097.90726424763,445493.142655619,3975763.64795905
usa_NC_0040_0179,31-Jan-2016,9110.60075691262,445515.069937185,3975718.69445483
usa_NC_0040_0178,31-Jan-2016,9119.5548113393,445533.496293716,3975672.17738138
usa_NC_0040_0177,31-Jan-2016,9126.09389196777,445549.66173253,3975624.65042914
usa_NC_0040_0176,31-Jan-2016,9136.98755964779,445569.90398389,3975578.94438389
usa_NC_0040_0175,31-Jan-2016,9147.8007079278,445590.070847679,3975533.20469089
usa_NC_0040_0174,31-Jan-2016,9157.33496658636,445609.040408744,3975486.93018006
usa_NC_0040_0173,31-Jan-2016,9174.47187971588,445635.127576305,3975443.83519655
usa_NC_0040_0172,31-Jan-2016,9187.41431967181,445657.287851345,3975398.9861607
usa_NC_0040_0171,31-Jan-2016,9195.7496040901,445675.134913024,3975352.21032102
usa_NC_0040_0170,31-Jan-2016,9202.93215733688,445691.902807171,3975304.95229635
usa_NC_0040_0169,31-Jan-2016,9221.56931827224,445719.394397913,3975262.48528156
usa_NC_0040_0168,31-Jan-2016,9238.54481883788,445745.330321235,3975219.32344264
usa_NC_0040_0167,31-Jan-2016,9246.54906570266,445762.867455413,3975172.40920929
usa_NC_0040_0166,31-Jan-2016,9258.93981616591,445784.511166708,3975127.32980987
usa_NC_0040_0165,31-Jan-2016,9273.55597201857,445808.238241386,3975083.18141144
usa_NC_0040_0164,31-Jan-2016,9282.3455660734,445826.486632559,3975036.71565116
usa_NC_0040_0163,31-Jan-2016,9291.88828311023,445845.437017087,3974990.5802726
usa_NC_0040_0162,31-Jan-2016,9296.05647949333,445859.354017886,3974942.20599107
usa_NC_0040_0161,31-Jan-2016,9308.42410004085,445880.949553572,3974897.24964131
usa_NC_0040_0160,31-Jan-2016,9323.02849596564,445904.640983449,3974853.21960824
usa_NC_0040_0159,31-Jan-2016,9328.13740910521,445919.438818327,3974805.23807148
usa_NC_0040_0158,31-Jan-2016,9345.52014464489,445945.735514775,3974762.34903467
usa_NC_0040_0157,31-Jan-2016,9358.5276053361,445967.938904276,3974717.61605881
usa_NC_0040_0156,31-Jan-2016,9377.85929475196,445996.130696198,3974675.18936864
usa_NC_0040_0155,08-Dec-2019,9414.91567861484,446040.930786517,3974640.10312798
usa_NC_0040_0154,08-Dec-2019,9432.68441478415,446067.657735754,3974597.03082566
usa_NC_0040_0153,08-Dec-2019,9439.89627781651,446084.498723903,3974549.55658816
usa_NC_0040_0152,08-Dec-2019,9453.72672656355,446107.536400963,3974504.8484874
usa_NC_0040_0151,08-Dec-2019,9468.64308522655,446131.589130987,3974460.60241543
usa_NC_0040_0150,08-Dec-2019,9480.63402431058,446152.903698104,3974415.12981572
usa_NC_0040_0149,08-Dec-2019,9491.40995246134,446173.081793561,3974369.14396946
usa_NC_0040_0148,08-Dec-2019,9508.23005690489,446198.911568456,3974325.72030261
usa_NC_0040_0147,08-Dec-2019,9517.14390037036,446217.34848096,3974278.9451942
usa_NC_0040_0146,08-Dec-2019,9525.16386415669,446234.951353576,3974231.78218943
usa_NC_0040_0145,08-Dec-2019,9535.39330326172,446254.620213251,3974185.55584721
usa_NC_0040_0144,01-Jan-2005,9680.88302146612,446400.628718839,3974197.35361577
usa_NC_0040_0143,08-Dec-2019,9559.20189401861,446297.087962433,3974094.53393982
usa_NC_0040_0142,08-Dec-2019,9566.7846428863,446314.287204204,3974047.15961209
usa_NC_0040_0141,08-Dec-2019,9579.10859769266,446335.913499599,3974001.82648951
usa_NC_0040_0140,08-Dec-2019,9592.87713610402,446358.887411433,3973957.12154624
usa_NC_0040_0139,08-Dec-2019,9608.0741102357,446383.192842089,3973913.04293314
usa_NC_0040_0138,08-Dec-2019,9621.7993083178,446406.123990521,3973868.33081484
usa_NC_0040_0137,08-Dec-2019,9628.66131319573,446422.655054046,3973820.62212193
usa_NC_0040_0136,08-Dec-2019,9636.48345223913,446440.083385619,3973773.32302511
usa_NC_0040_0135,08-Dec-2019,9639.56731396093,446453.097945405,3973723.93120151
usa_NC_0040_0134,08-Dec-2019,9645.77687909579,446468.998185516,3973676.04978351
usa_NC_0040_0133,08-Dec-2019,9653.68227452962,446486.478924007,3973628.91330592
usa_NC_0040_0132,08-Dec-2019,9662.39173645163,446504.709412001,3973582.12820086
usa_NC_0040_0131,08-Dec-2019,9672.54732477168,446524.287682108,3973535.97831936
usa_NC_0040_0130,08-Dec-2019,9681.33789453182,446542.59491804,3973489.22305724
usa_NC_0040_0129,08-Dec-2019,9689.91720972304,446560.706064257,3973442.37100414
usa_NC_0040_0128,08-Dec-2019,9700.6466723523,446580.833205863,3973396.4030221
usa_NC_0040_0127,08-Dec-2019,9710.89773791021,446600.519261293,3973350.20099235
usa_NC_0040_0126,08-Dec-2019,9719.65854552106,446618.818793632,3973303.33239647
usa_NC_0040_0125,08-Dec-2019,9730.47605654576,446639.033868838,3973257.37369995
usa_NC_0040_0124,08-Dec-2019,9740.21526095088,446658.24607548,3973210.93080132
usa_NC_0040_0123,08-Dec-2019,9752.48144218463,446679.810401601,3973165.61295979
usa_NC_0040_0122,08-Dec-2019,9762.36566278436,446699.159001956,3973119.22755841
usa_NC_0040_0121,08-Dec-2019,9773.26837815832,446719.455805498,3973073.29468682
usa_NC_0040_0120,08-Dec-2019,9784.59369371015,446740.146176233,3973027.54891694
usa_NC_0040_0119,08-Dec-2019,9797.77133091165,446762.559237201,3972982.63512991
usa_NC_0040_0118,08-Dec-2019,9810.45331925689,446784.503668646,3972937.5370912
usa_NC_0040_0117,08-Dec-2019,9820.87721850462,446804.270343734,3972891.81363416
usa_NC_0040_0116,08-Dec-2019,9832.09555060082,446824.775028116,3972846.45113863
usa_NC_0040_0115,08-Dec-2019,9844.32760617018,446846.222189907,3972801.5454774
usa_NC_0040_0114,08-Dec-2019,9852.42582862245,446863.822957909,3972754.79238301
usa_NC_0040_0113,08-Dec-2019,9863.44805663643,446884.143140973,3972709.35242142
usa_NC_0040_0112,08-Dec-2019,9874.26858565,446904.274976657,3972663.8256883
usa_NC_0040_0111,08-Dec-2019,9884.66205418202,446924.008517774,3972618.11274872
usa_NC_0040_0110,08-Dec-2019,9897.39918282481,446945.923665369,3972573.44265528
usa_NC_0040_0109,08-Dec-2019,9909.58189423341,446967.322485766,3972528.52709398
usa_NC_0040_0108,08-Dec-2019,9917.84192542572,446985.066763313,3972481.8815841
usa_NC_0040_0107,08-Dec-2019,9926.31334095762,447002.999914375,3972435.36964003
usa_NC_0040_0106,08-Dec-2019,9936.73045930662,447022.728244767,3972389.80346917
usa_NC_0040_0105,08-Dec-2019,9953.77219894405,447048.632096879,3972347.14016499
usa_NC_0040_0104,08-Dec-2019,9962.97940201143,447067.228619256,3972301.06341363
usa_NC_0040_0103,08-Dec-2019,9969.31421110617,447083.12056837,3972253.86264543
usa_NC_0040_0102,08-Dec-2019,9983.10289485656,447105.963917735,3972209.91389343
usa_NC_0040_0101,08-Dec-2019,9988.26920321042,447120.75625735,3972162.25276249
usa_NC_0040_0100,08-Dec-2019,9997.41947346505,447139.264193975,3972116.32878165
usa_NC_0040_0099,08-Dec-2019,10007.6131971089,447158.744166619,3972070.86543371
usa_NC_0040_0098,08-Dec-2019,10023.2101973002,447183.273118445,3972027.70969348
usa_NC_0040_0097,08-Dec-2019,10033.8221539015,447203.141582029,3971982.43656344
usa_NC_0040_0096,08-Dec-2019,10038.8952203917,447217.825999647,3971934.83967253
usa_NC_0040_0095,08-Dec-2019,10045.8085748036,447234.226825881,3971888.04478821
usa_NC_0040_0094,08-Dec-2019,10058.0590068664,447255.620083053,3971843.50266674
usa_NC_0040_0093,08-Dec-2019,10072.6897650549,447279.242822706,3971799.95091999
usa_NC_0040_0092,08-Dec-2019,10086.776079268,447302.365460904,3971756.12340232
usa_NC_0040_0091,08-Dec-2019,10099.7266020525,447324.426942015,3971711.81001739
usa_NC_0040_0090,08-Dec-2019,10112.351260545,447346.185540654,3971667.34938356
usa_NC_0040_0089,08-Dec-2019,10115.194661771,447358.770854872,3971618.87852113
usa_NC_0040_0088,08-Dec-2019,10129.1717087291,447381.799991865,3971574.96129394
usa_NC_0040_0087,08-Dec-2019,10140.6924826602,447402.566088932,3971529.83404558
usa_NC_0040_0086,08-Dec-2019,10144.7351139087,447416.316417581,3971481.65305616
usa_NC_0040_0085,08-Dec-2019,10161.8741981672,447442.363315918,3971438.77067483
usa_NC_0040_0084,08-Dec-2019,10168.9736505749,447458.983286445,3971391.82882602
usa_NC_0040_0083,08-Dec-2019,10178.4325407319,447477.819084968,3971345.83908424
usa_NC_0040_0082,08-Dec-2019,10187.7969204592,447496.566146902,3971299.81109765
usa_NC_0040_0081,08-Dec-2019,10199.5921421423,447517.598039532,3971254.75430047
usa_NC_0040_0080,08-Dec-2019,10211.8283078327,447539.045522728,3971209.86800602
usa_NC_0040_0079,08-Dec-2019,10219.7834943405,447556.468066023,3971163.27685814
usa_NC_0040_0078,08-Dec-2019,10228.814546778,447574.881849098,3971117.21565156
usa_NC_0040_0077,08-Dec-2019,10244.0518472744,447599.130651753,3971073.62622401
usa_NC_0040_0076,08-Dec-2019,10252.0208870168,447616.542841948,3971027.15758425
usa_NC_0040_0075,08-Dec-2019,10260.5072078295,447634.441836866,3970980.89263653
usa_NC_0040_0074,08-Dec-2019,10268.9268864067,447652.278207631,3970934.6009876
usa_NC_0040_0073,08-Dec-2019,10278.2273711691,447670.944367496,3970888.65178949
usa_NC_0040_0072,08-Dec-2019,10286.1412595189,447688.304574456,3970842.16183869
usa_NC_0040_0071,08-Dec-2019,10292.8877600269,447704.564277318,3970795.22168153
usa_NC_0040_0070,08-Dec-2019,10303.8891770351,447724.834745582,3970749.9243064
usa_NC_0040_0069,08-Dec-2019,10314.7364905411,447744.961397734,3970704.56020314
usa_NC_0040_0068,08-Dec-2019,10324.5870795509,447764.157687069,3970658.76539065
usa_NC_0040_0067,08-Dec-2019,10335.8861907088,447784.806655674,3970613.0930834
usa_NC_0040_0066,08-Dec-2019,10345.6350768442,447803.97759282,3970566.90612161
usa_NC_0040_0065,08-Dec-2019,10354.0393596473,447821.869783807,3970520.25655804
usa_NC_0040_0064,08-Dec-2019,10363.130323127,447840.409738733,3970473.86968489
usa_NC_0040_0063,08-Dec-2019,10373.1118864056,447859.789862666,3970427.82329745
usa_NC_0040_0062,08-Dec-2019,10382.473610402,447878.585865946,3970381.53683706
usa_NC_0040_0061,08-Dec-2019,10394.5343013077,447899.928066556,3970336.28191408
usa_NC_0040_0060,08-Dec-2019,10406.4122728998,447921.097984254,3970290.95668618
usa_NC_0040_0059,08-Dec-2019,10418.4109341665,447942.381861996,3970245.67707626
usa_NC_0040_0058,08-Dec-2019,10431.635924307,447964.822836525,3970200.86525599
usa_NC_0040_0057,08-Dec-2019,10441.0806803986,447983.697343922,3970154.60967004
usa_NC_0040_0056,08-Dec-2019,10453.2178589884,448005.112169538,3970109.38164463
usa_NC_0040_0055,08-Dec-2019,10465.6065702561,448026.764434123,3970064.24903471
usa_NC_0040_0054,08-Dec-2019,10476.9434663987,448047.427000778,3970018.70150616
usa_NC_0040_0053,08-Dec-2019,10488.6405835472,448068.446949759,3969973.20382177
usa_NC_0040_0052,08-Dec-2019,10497.8341397241,448087.104730058,3969926.75086858
usa_NC_0040_0051,08-Dec-2019,10510.1976180616,448108.753134444,3969881.50880512
usa_NC_0040_0050,08-Dec-2019,10522.9465220005,448130.764900447,3969836.41529002
usa_NC_0040_0049,08-Dec-2019,10531.1043311859,448148.445618248,3969789.56618643
usa_NC_0040_0048,08-Dec-2019,10546.9286144533,448173.357910542,3969745.65196286
usa_NC_0040_0047,08-Dec-2019,10561.1130420763,448196.733725414,3969701.05815748
usa_NC_0040_0046,08-Dec-2019,10571.7381554543,448216.764559854,3969655.03960609
usa_NC_0040_0045,08-Dec-2019,10579.6312462303,448234.219389102,3969607.96999357
usa_NC_0040_0044,08-Dec-2019,10592.0748218751,448255.964636226,3969562.6520541
usa_NC_0040_0043,08-Dec-2019,10604.2733375635,448277.478229045,3969517.24278283
usa_NC_0040_0042,08-Dec-2019,10614.8702694036,448297.481895845,3969471.21636938
usa_NC_0040_0041,08-Dec-2019,10624.349913991,448316.432611139,3969424.75745739
usa_NC_0040_0040,08-Dec-2019,10634.583571915,448336.093566646,3969378.59220051
usa_NC_0040_0039,08-Dec-2019,10645.142522787,448356.060563835,3969332.55546692
usa_NC_0040_0038,08-Dec-2019,10651.5094730079,448372.079106624,3969284.88520274
usa_NC_0040_0037,08-Dec-2019,10677.4694938958,448406.518335423,3969245.02042313
usa_NC_0040_0036,08-Dec-2019,10694.3052962292,448432.3645489,3969201.59460264
usa_NC_0040_0035,08-Dec-2019,10703.7946255879,448451.295347117,3969155.28478753
usa_NC_0040_0034,08-Dec-2019,10702.5290260403,448460.098241118,3969104.77307139
usa_NC_0040_0033,08-Dec-2019,10708.4723984545,448475.690228288,3969057.07580277
usa_NC_0040_0032,08-Dec-2019,10710.6479546902,448487.734523441,3969007.90418301
usa_NC_0040_0031,08-Dec-2019,10721.3272771984,448507.786391171,3968962.05701908
usa_NC_0040_0030,08-Dec-2019,10724.5302970071,448520.798728674,3968913.28441707
usa_NC_0040_0029,08-Dec-2019,10741.0329546635,448546.333483494,3968869.71711209
usa_NC_0040_0028,08-Dec-2019,10755.4664872596,448569.91967014,3968825.34178723
usa_NC_0040_0027,08-Dec-2019,10763.4693641199,448587.45125058,3968778.4483553
usa_NC_0040_0026,08-Dec-2019,10773.3214476532,448606.723801057,3968732.27953057
usa_NC_0040_0025,08-Dec-2019,10778.4860292251,448621.583474033,3968684.27262603
usa_NC_0040_0024,08-Dec-2019,10785.4613321431,448638.147955187,3968636.97489366
usa_NC_0040_0023,08-Dec-2019,10792.337322351,448654.619083491,3968589.63751045
usa_NC_0040_0022,08-Dec-2019,10794.3762925583,448666.537810623,3968540.39723936
usa_NC_0040_0021,08-Dec-2019,10795.0942040285,448677.214227036,3968490.63218528
usa_NC_0040_0020,08-Dec-2019,10812.0772980849,448703.20066575,3968447.25630039
usa_NC_0040_0019,08-Dec-2019,10821.2070243404,448721.7950353,3968400.79493453
usa_NC_0040_0018,08-Dec-2019,10830.4431375422,448740.489596097,3968354.37509961
usa_NC_0040_0017,08-Dec-2019,10838.6939156397,448758.256879757,3968307.56723714
usa_NC_0040_0016,08-Dec-2019,10838.7159289962,448768.294921653,3968257.44546505
usa_NC_0040_0015,08-Dec-2019,10834.9281070555,448774.783972718,3968205.64140504
usa_NC_0040_0014,08-Dec-2019,10852.3665150224,448801.244840998,3968162.21490459
usa_NC_0040_0013,08-Dec-2019,10854.0177140139,448812.856326539,3968112.53326916
usa_NC_0040_0012,08-Dec-2019,10861.3705328932,448829.832088018,3968065.1039167
usa_NC_0040_0011,08-Dec-2019,10875.2157864948,448852.911574153,3968020.26214145
usa_NC_0040_0010,08-Dec-2019,10889.9698838881,448876.843535303,3967975.79237276
usa_NC_0040_0009,08-Dec-2019,10893.699208196,448890.415617499,3967926.90449327
usa_NC_0040_0008,08-Dec-2019,10892.0060382617,448898.897297465,3967875.81822868
usa_NC_0040_0007,08-Dec-2019,10896.2789797465,448912.987070968,3967827.11387451
usa_NC_0040_0006,08-Dec-2019,10908.9700429506,448934.983165311,3967781.80360715
usa_NC_0040_0005,08-Dec-2019,10915.0570300104,448950.779406167,3967733.81708657
usa_NC_0040_0004,08-Dec-2019,10918.8040378578,448964.381700783,3967684.8682574
usa_NC_0040_0003,08-Dec-2019,10915.5660465637,448971.433542801,3967633.05373648
usa_NC_0040_0002,08-Dec-2019,10921.6961816853,448987.356762025,3967584.65196657
usa_NC_0040_0001,08-Dec-2019,10932.7798213755,449007.771222723,3967539.05360718
usa_NC_0039_0165,08-Dec-2019,10933.8701398477,449018.894122654,3967488.95469049
usa_NC_0039_0164,08-Dec-2019,10939.6630803951,449034.429180603,3967440.77461676
usa_NC_0039_0163,08-Dec-2019,10938.1273360426,449043.098460595,3967389.55292281
usa_NC_0039_0162,08-Dec-2019,10943.9413356154,449058.643171297,3967341.43201381
usa_NC_0039_0161,08-Dec-2019,10983.5809400342,449105.859878115,3967307.43509214
usa_NC_0039_0160,08-Dec-2019,10992.6821105466,449124.463901199,3967260.77968762
usa_NC_0039_0159,08-Dec-2019,10992.8895954918,449134.738557156,3967210.42032904
usa_NC_0039_0158,08-Dec-2019,10982.2712675925,449134.877703668,3967155.53538627
usa_NC_0039_0157,08-Dec-2019,10980.1534337038,449142.981400306,3967104.1735004
usa_NC_0039_0156,08-Dec-2019,10996.0169391962,449167.922770158,3967060.31392496
usa_NC_0039_0155,08-Dec-2019,10996.8748317205,449178.816014624,3967010.17814876
usa_NC_0039_0154,08-Dec-2019,11000.7688553513,449192.553645512,3966961.30231319
usa_NC_0039_0153,08-Dec-2019,11013.3361511784,449214.410145474,3966916.05900518
usa_NC_0039_0152,08-Dec-2019,11016.5497651875,449227.513796006,3966866.88350412
usa_NC_0039_0151,08-Dec-2019,11020.4627085865,449241.267211851,3966818.02522814
usa_NC_0039_0150,08-Dec-2019,11027.0257551716,449257.495119661,3966770.30796336
usa_NC_0039_0149,08-Dec-2019,11031.4928370583,449271.763238071,3966721.70186298
usa_NC_0039_0148,08-Dec-2019,11037.4831803049,449287.457440739,3966673.73277645
usa_NC_0039_0147,08-Dec-2019,11046.3817045764,449305.8726146,3966626.98827775
usa_NC_0039_0146,08-Dec-2019,11053.8915740969,449323.007510397,3966579.56403555
usa_NC_0039_0145,08-Dec-2019,11057.7885253224,449336.769002619,3966530.58372936
usa_NC_0039_0144,08-Dec-2019,11058.8983519901,449347.927075706,3966480.40834939
usa_NC_0039_0143,08-Dec-2019,11071.3805464859,449369.718202154,3966435.05789654
usa_NC_0039_0142,08-Dec-2019,11088.4551865477,449395.801160074,3966391.66618098
usa_NC_0039_0141,08-Dec-2019,11082.3921191692,449400.261562782,3966338.4029564
usa_NC_0039_0140,08-Dec-2019,11081.012709908,449409.102930207,3966287.11789881
usa_NC_0039_0139,08-Dec-2019,11090.9173715827,449428.489207335,3966240.64826588
usa_NC_0039_0138,08-Dec-2019,11109.7581625199,449456.222578273,3966198.01047932
usa_NC_0039_0137,08-Dec-2019,11119.786343308,449475.723932694,3966151.59531274
usa_NC_0039_0136,08-Dec-2019,11128.3894679754,449493.895113148,3966104.56433297
usa_NC_0039_0135,08-Dec-2019,11126.5078489649,449502.278510384,3966053.00819814
usa_NC_0039_0134,08-Dec-2019,11120.959860359,449507.243283903,3965999.84951934
usa_NC_0039_0133,08-Dec-2019,11125.6315259581,449521.751182347,3965951.08752382
usa_NC_0039_0132,08-Dec-2019,11136.6397183655,449542.17420968,3965905.06126304
usa_NC_0039_0131,08-Dec-2019,11150.596694474,449565.348779556,3965860.31380761
usa_NC_0039_0130,08-Dec-2019,11163.5408647942,449587.533844145,3965815.34954618
usa_NC_0039_0129,08-Dec-2019,11167.1041572837,449600.966929589,3965766.30994683
usa_NC_0039_0128,08-Dec-2019,11166.3515431392,449610.374578451,3965715.38973405
usa_NC_0039_0127,08-Dec-2019,11165.7212703056,449619.89763142,3965664.51634144
usa_NC_0039_0126,08-Dec-2019,11175.9384397103,449639.540313963,3965618.35838331
usa_NC_0039_0125,08-Dec-2019,11185.4821902105,449658.55502204,3965571.90637976
usa_NC_0039_0124,08-Dec-2019,11196.2699938847,449678.730255275,3965525.99546158
usa_NC_0039_0123,08-Dec-2019,11205.14501207,449697.121647312,3965479.25001722
usa_NC_0039_0122,08-Dec-2019,11203.64421352,449705.837035643,3965427.97591912
usa_NC_0039_0121,08-Dec-2019,11205.566764109,449717.722234692,3965378.30930988
usa_NC_0039_0120,08-Dec-2019,11214.5777333814,449736.21645286,3965331.74308546
usa_NC_0039_0119,08-Dec-2019,11228.5145023019,449759.304314654,3965287.32642616
usa_NC_0039_0118,08-Dec-2019,11233.7256117779,449774.254996693,3965239.1015245
usa_NC_0039_0117,08-Dec-2019,11235.2930357717,449785.807849475,3965189.28577967
usa_NC_0039_0116,08-Dec-2019,11239.8947161683,449800.209756247,3965140.69705001
usa_NC_0039_0115,08-Dec-2019,11249.3196085824,449819.092441037,3965094.29917086
usa_NC_0039_0114,08-Dec-2019,11263.0674269735,449841.982631345,3965049.90746075
usa_NC_0039_0113,08-Dec-2019,11281.5895299363,449869.346522634,3965007.49232542
usa_NC_0039_0112,08-Dec-2019,11294.7868292394,449891.744855146,3964962.75258686
usa_NC_0039_0111,08-Dec-2019,11296.1708739697,449903.127154925,3964912.85451205
usa_NC_0039_0110,08-Dec-2019,11296.9102007728,449913.908377555,3964862.67425755
usa_NC_0039_0109,08-Dec-2019,11301.2863942522,449928.081120743,3964814.08161884
usa_NC_0039_0108,08-Dec-2019,11308.3281689831,449944.739603259,3964766.65269468
usa_NC_0039_0107,08-Dec-2019,11316.2420766935,449962.211410934,3964719.604351
usa_NC_0039_0106,08-Dec-2019,11324.3882453311,449979.899836241,3964672.65727087
usa_NC_0039_0105,08-Dec-2019,11334.3949983643,449999.323266375,3964626.5227141
usa_NC_0039_0104,08-Dec-2019,11342.87161133,450017.319906867,3964579.7195693
usa_NC_0039_0103,08-Dec-2019,11348.1809824656,450032.363220123,3964531.53256597
usa_NC_0039_0102,08-Dec-2019,11355.5535729575,450049.330508952,3964484.24651445
usa_NC_0039_0101,08-Dec-2019,11364.0645473555,450067.359345523,3964437.45760543
usa_NC_0039_0100,08-Dec-2019,11372.170774458,450085.010611172,3964390.49265215
usa_NC_0039_0099,08-Dec-2019,11376.9020000857,450099.508209256,3964342.08615667
usa_NC_0039_0098,08-Dec-2019,11375.7834700422,450108.551087896,3964291.12400874
usa_NC_0039_0097,08-Dec-2019,11379.9853691656,450122.55494266,3964242.48707298
usa_NC_0039_0096,08-Dec-2019,11388.7267956944,450140.762486296,3964195.9799153
usa_NC_0039_0095,08-Dec-2019,11398.2407097557,450159.684275749,3964149.84064672
usa_NC_0039_0094,08-Dec-2019,11404.452155681,450175.525870491,3964102.26231032
usa_NC_0039_0093,08-Dec-2019,11406.3533345469,450187.346755364,3964052.80848676
usa_NC_0039_0092,08-Dec-2019,11412.1251803035,450202.776854161,3964005.04601464
usa_NC_0039_0091,08-Dec-2019,11417.6026418084,450217.931695105,3963957.15870206
usa_NC_0039_0090,08-Dec-2019,11429.3177444189,450238.904617783,3963911.98814023
usa_NC_0039_0089,08-Dec-2019,11445.7979644112,450264.322949668,3963868.8889528
usa_NC_0039_0088,08-Dec-2019,11453.0013886664,450281.086940301,3963821.75697396
usa_NC_0039_0087,08-Dec-2019,11463.2598885581,450300.700872005,3963775.95381799
usa_NC_0039_0086,08-Dec-2019,11471.0256155701,450317.988706616,3963729.06993248
usa_NC_0039_0085,08-Dec-2019,11480.7252090599,450337.080654045,3963683.02670918
usa_NC_0039_0084,08-Dec-2019,11487.508184837,450353.450640974,3963635.72079388
usa_NC_0039_0083,08-Dec-2019,11498.3835133798,450373.639240869,3963590.18965034
usa_NC_0039_0082,08-Dec-2019,11509.4333716047,450393.990646497,3963544.73444485
usa_NC_0039_0081,08-Dec-2019,11519.3544896546,450413.28847057,3963498.79144603
usa_NC_0039_0080,08-Dec-2019,11527.9097017456,450431.31115155,3963452.25910047
usa_NC_0039_0079,08-Dec-2019,11534.6865158313,450447.673413562,3963404.96039853
usa_NC_0039_0078,08-Dec-2019,11540.6727886461,450463.29714349,3963357.32321127
usa_NC_0039_0077,08-Dec-2019,11544.8363474175,450477.218587402,3963308.90302756
usa_NC_0039_0076,08-Dec-2019,11553.2967477313,450495.150874579,3963262.33919264
usa_NC_0039_0075,08-Dec-2019,11562.9124635299,450514.161516368,3963216.27479943
usa_NC_0039_0074,08-Dec-2019,11573.5798654488,450534.153931647,3963170.66432334
usa_NC_0039_0073,08-Dec-2019,11581.2382529409,450551.455412903,3963123.16435825
usa_NC_0039_0072,08-Dec-2019,11590.541689866,450570.412257135,3963075.77553272
usa_NC_0039_0071,08-Dec-2019,11599.792926938,450589.354251293,3963028.19463057
usa_NC_0039_0070,08-Dec-2019,11609.5955972157,450608.81431982,3962980.83522436
usa_NC_0039_0069,08-Dec-2019,11618.0552245245,450627.023282762,3962932.88285562
usa_NC_0039_0068,08-Dec-2019,11624.1193901366,450643.001341459,3962883.86998575
usa_NC_0039_0067,08-Dec-2019,11630.5863114644,450659.358255558,3962835.01656846
usa_NC_0039_0066,08-Dec-2019,11639.1467701034,450677.668724165,3962787.07080082
usa_NC_0039_0065,08-Dec-2019,11645.8221792192,450694.225753649,3962738.27990883
usa_NC_0039_0064,08-Dec-2019,11656.4289793258,450714.445885432,3962691.22058453
usa_NC_0039_0063,08-Dec-2019,11666.894139328,450734.534972533,3962644.09422364
usa_NC_0039_0062,08-Dec-2019,11677.8063003154,450755.040780266,3962597.16362086
usa_NC_0039_0061,08-Dec-2019,11691.6497290644,450778.273332603,3962551.54653233
usa_NC_0039_0060,08-Dec-2019,11705.5872401971,450801.592145605,3962505.97789463
usa_NC_0039_0059,08-Dec-2019,11716.9096348294,450822.479164525,3962459.23311739
usa_NC_0039_0058,08-Dec-2019,11726.005866266,450841.298176517,3962411.4766224
usa_NC_0039_0057,08-Dec-2019,11739.0985145089,450863.830759232,3962365.53097902
usa_NC_0039_0056,08-Dec-2019,11751.1268562474,450885.374389381,3962319.10293957
usa_NC_0039_0055,08-Dec-2019,11766.2459913931,450909.786737778,3962274.09203379
usa_NC_0039_0054,08-Dec-2019,11778.5685150841,450931.602181797,3962227.80503738
usa_NC_0039_0053,08-Dec-2019,11793.2233148752,450955.580679895,3962182.59563413
usa_NC_0039_0052,08-Dec-2019,11809.0006402273,450980.598316852,3962137.91458577
usa_NC_0039_0051,08-Dec-2019,11825.0968704369,451005.909140027,3962093.39379383
usa_NC_0039_0050,08-Dec-2019,11840.8470496023,451030.896930753,3962048.72357181
usa_NC_0039_0049,08-Dec-2019,11854.2799836678,451053.743689998,3962002.94225514
usa_NC_0039_0048,08-Dec-2019,11870.8163915346,451079.463534917,3961958.62092787
usa_NC_0039_0047,08-Dec-2019,11884.8068039699,451102.794080852,3961913.26354583
usa_NC_0039_0046,08-Dec-2019,11897.5338661895,451124.818161448,3961867.99693888
usa_NC_0039_0045,08-Dec-2019,11907.2250393497,451144.032971496,3961821.29589358
usa_NC_0039_0044,08-Dec-2019,11918.0642646283,451164.311313234,3961775.13140222
usa_NC_0039_0043,08-Dec-2019,11928.4491209116,451184.170139775,3961728.7475366
usa_NC_0039_0042,08-Dec-2019,11942.9370565077,451207.826085402,3961684.30074701
usa_NC_0039_0041,08-Dec-2019,11961.0785310925,451234.862261928,3961641.58315485
usa_NC_0039_0040,08-Dec-2019,11984.2534585153,451266.553896454,3961601.25517302
usa_NC_0039_0039,08-Dec-2019,12006.4139976247,451297.305786623,3961560.45328678
usa_NC_0039_0038,08-Dec-2019,12022.5010976582,451322.439406699,3961516.77269128
usa_NC_0039_0037,08-Dec-2019,12037.4923864,451346.559540293,3961472.57169795
usa_NC_0039_0036,08-Dec-2019,12040.5964037037,451359.690912408,3961422.69816194
usa_NC_0039_0035,08-Dec-2019,12045.6580136405,451374.671051611,3961373.56290338
usa_NC_0039_0034,08-Dec-2019,12050.8505858716,451389.775415434,3961324.47431937
usa_NC_0039_0033,08-Dec-2019,12058.2883503416,451406.957665894,3961276.44512242
usa_NC_0039_0032,08-Dec-2019,12063.734645733,451422.317721866,3961227.37178687
usa_NC_0039_0031,08-Dec-2019,12058.2001523165,451427.611735199,3961172.63433912
usa_NC_0039_0030,08-Dec-2019,12056.3396864863,451436.106624194,3961120.62820906
usa_NC_0039_0029,08-Dec-2019,12053.2853843139,451443.925793454,3961065.91111808
usa_NC_0039_0028,08-Dec-2019,12057.0014157577,451457.656900358,3961016.15958195
usa_NC_0039_0027,08-Dec-2019,12059.9071679017,451470.391433658,3960967.26016743
usa_NC_0039_0026,08-Dec-2019,12050.5566481383,451472.098388971,3960910.99933937
usa_NC_0039_0025,08-Dec-2019,12037.1813631066,451470.098186877,3960852.75089412
usa_NC_0039_0024,08-Dec-2019,12009.3250891476,451454.742443091,3960787.43761873
usa_NC_0039_0023,08-Dec-2019,12007.9769804355,451463.696694677,3960735.74738296
usa_NC_0039_0022,08-Dec-2019,11998.9976973003,451465.442470932,3960681.18681538
usa_NC_0039_0021,08-Dec-2019,11985.7436557621,451463.232491186,3960624.60691885
usa_NC_0039_0020,08-Dec-2019,11978.2720409613,451466.352990463,3960570.86081994
usa_NC_0039_0019,08-Dec-2019,11974.0871884979,451472.502082706,3960518.73187173
usa_NC_0039_0018,08-Dec-2019,11976.0630373404,451484.33626702,3960469.59255672
usa_NC_0039_0017,08-Dec-2019,11978.1144831051,451496.236677281,3960420.50761672
usa_NC_0039_0016,08-Dec-2019,11989.4123818184,451516.677993549,3960375.86829189
usa_NC_0039_0015,08-Dec-2019,11998.3115961796,451534.901853773,3960330.08471987
usa_NC_0039_0014,08-Dec-2019,12004.5380689686,451550.653772382,3960283.03184308
usa_NC_0039_0013,08-Dec-2019,12010.6425579595,451566.290745503,3960235.93167552
usa_NC_0039_0012,08-Dec-2019,12019.2915549232,451584.278671586,3960190.05186959
usa_NC_0039_0011,08-Dec-2019,12033.0775699176,451607.01691365,3960146.61549431
usa_NC_0039_0010,08-Dec-2019,12045.3994077428,451628.402649969,3960102.47541564
usa_NC_0039_0009,08-Dec-2019,12054.1474105013,451646.481172714,3960056.64748725
usa_NC_0039_0008,08-Dec-2019,12065.1565173256,451666.65089199,3960011.8935412
usa_NC_0039_0007,08-Dec-2019,12064.9490970468,451676.437315251,3959961.8600922
usa_NC_0039_0006,08-Dec-2019,12059.8792768994,451681.717441503,3959909.56351158
usa_NC_0039_0005,08-Dec-2019,12049.8848379229,451682.431122306,3959854.98728206
usa_NC_0039_0004,08-Dec-2019,12037.4333207443,451680.861048433,3959799.30058667
usa_NC_0039_0003,08-Dec-2019,12012.0733905198,451667.324568643,3959737.62264621
usa_NC_0039_0002,08-Dec-2019,11982.71761217,451650.072875447,3959674.14497691
usa_NC_0039_0001,08-Dec-2019,11942.2313574414,451622.533521111,3959605.34835538
usa_NC_0038_0147,08-Dec-2019,12747.8406912968,452582.98330124,3958910.17157397
usa_NC_0038_0146,08-Dec-2019,12761.9902084588,452606.285433682,3958865.76834416
usa_NC_0038_0145,08-Dec-2019,12786.220407725,452638.921857517,3958826.09766118
usa_NC_0038_0144,08-Dec-2019,12821.304379713,452681.607318953,3958791.5279877
usa_NC_0038_0143,08-Dec-2019,12879.552703118,452745.739013352,3958767.84817807
usa_NC_0038_0142,08-Dec-2019,12916.5012999527,452790.147051294,3958734.17384358
usa_NC_0038_0141,08-Dec-2019,12952.6542605834,452833.816830612,3958700.13365425
usa_NC_0038_0140,08-Dec-2019,12986.8132008625,452875.63898783,3958665.16355565
usa_NC_0038_0139,08-Dec-2019,13017.9080146665,452914.623073103,3958628.75904741
usa_NC_0038_0138,08-Dec-2019,13050.9292456855,452955.389268433,3958593.26729554
usa_NC_0038_0137,08-Dec-2019,13071.9149481177,452985.013025133,3958552.11545694
usa_NC_0038_0136,08-Dec-2019,13088.7174906784,453010.764129067,3958508.99586527
usa_NC_0038_0135,08-Dec-2019,13106.340062515,453037.27405709,3958466.26369655
usa_NC_0038_0134,08-Dec-2019,13120.5290935717,453060.605669615,3958421.91458898
usa_NC_0038_0133,08-Dec-2019,13138.0923107139,453086.950067208,3958379.70789109
usa_NC_0038_0132,08-Dec-2019,13149.7679492698,453107.781846328,3958335.04226712
usa_NC_0038_0131,08-Dec-2019,13160.3265810268,453127.578182369,3958289.85795714
usa_NC_0038_0130,08-Dec-2019,13173.7745160053,453150.049898888,3958246.03004872
usa_NC_0038_0129,08-Dec-2019,13188.4080888092,453173.620325275,3958202.75446095
usa_NC_0038_0128,08-Dec-2019,13199.8616732234,453194.243699206,3958157.99856367
usa_NC_0038_0127,08-Dec-2019,13209.9159080613,453213.568649949,3958112.59914887
usa_NC_0038_0126,08-Dec-2019,13220.6415092755,453233.514593142,3958067.51824542
usa_NC_0038_0125,08-Dec-2019,13234.1954999728,453256.082981993,3958023.74778756
usa_NC_0038_0124,08-Dec-2019,13247.3026487337,453278.236795884,3957979.77164555
usa_NC_0038_0123,08-Dec-2019,13259.7267279998,453299.756458603,3957935.48311872
usa_NC_0038_0122,08-Dec-2019,13272.829508309,453321.905714131,3957891.50749489
usa_NC_0038_0121,08-Dec-2019,13287.5781828124,453345.583199358,3957848.28354414
usa_NC_0038_0120,08-Dec-2019,13302.2827333539,453369.220321916,3957805.03640509
usa_NC_0038_0119,08-Dec-2019,13318.5320739592,453394.293304629,3957762.48722528
usa_NC_0038_0118,08-Dec-2019,13335.129611279,453419.67187868,3957720.18570741
usa_NC_0038_0117,08-Dec-2019,13351.4513737365,453444.793298038,3957677.76372357
usa_NC_0038_0116,08-Dec-2019,13363.1974267639,453465.717245318,3957632.99620245
usa_NC_0038_0115,08-Dec-2019,13366.3179333934,453478.74509465,3957583.72488326
usa_NC_0038_0114,08-Dec-2019,13391.6056171499,453512.384367698,3957544.43223747
usa_NC_0038_0113,08-Dec-2019,13402.8571950777,453532.972676877,3957498.82091593
usa_NC_0038_0112,08-Dec-2019,13417.1094103549,453556.350980253,3957454.56059845
usa_NC_0038_0111,08-Dec-2019,13433.2005914377,453581.439082421,3957411.12861842
usa_NC_0038_0110,08-Dec-2019,13449.4184203861,453606.644880002,3957367.75396967
usa_NC_0038_0109,08-Dec-2019,13462.6913231282,453629.115274078,3957323.03943577
usa_NC_0038_0108,08-Dec-2019,13476.1417203841,453651.740851622,3957278.45411504
usa_NC_0038_0107,08-Dec-2019,13488.5252271564,453673.374610565,3957233.38755412
usa_NC_0038_0106,08-Dec-2019,13491.2430024487,453686.021995382,3957183.96495934
usa_NC_0038_0105,08-Dec-2019,13499.193735052,453703.534636406,3957136.90019911
usa_NC_0038_0104,08-Dec-2019,13520.0167446053,453733.014512734,3957095.63811973
usa_NC_0038_0103,08-Dec-2019,13537.1615339716,453759.074595224,3957052.71887489
usa_NC_0038_0102,08-Dec-2019,13554.410810807,453785.231657148,3957009.8475405
usa_NC_0038_0101,08-Dec-2019,13561.6101912772,453802.04566867,3956962.44460175
usa_NC_0038_0100,08-Dec-2019,13563.641850853,453814.055651085,3956912.71034673
usa_NC_0038_0099,08-Dec-2019,13570.4137150485,453830.449720334,3956865.22720867
usa_NC_0038_0098,08-Dec-2019,13592.9381533846,453861.131430449,3956826.63361962
usa_NC_0038_0097,08-Dec-2019,13619.4288716351,453895.52039896,3956789.72867357
usa_NC_0038_0096,08-Dec-2019,13628.386684362,453913.59763006,3956744.97793402
usa_NC_0038_0095,08-Dec-2019,13630.3919712478,453925.193090207,3956697.18351537
usa_NC_0038_0094,08-Dec-2019,13633.5874754999,453937.888868373,3956649.95674038
usa_NC_0038_0093,08-Dec-2019,13644.1606857362,453957.461938046,3956605.96413722
usa_NC_0038_0092,08-Dec-2019,13664.9482413595,453986.574846334,3956566.35757072
usa_NC_0038_0091,08-Dec-2019,13679.7312620649,454010.08640734,3956524.13924605
usa_NC_0038_0090,08-Dec-2019,13693.8206767841,454032.945815462,3956481.64485289
usa_NC_0038_0089,08-Dec-2019,13704.4017507856,454052.523232292,3956437.67062614
usa_NC_0038_0088,08-Dec-2019,13712.0526206499,454069.353643247,3956392.48970811
usa_NC_0038_0087,08-Dec-2019,13726.0397671078,454092.113691605,3956349.97064187
usa_NC_0038_0086,08-Dec-2019,13742.8537387415,454117.524625822,3956308.61171269
usa_NC_0038_0085,08-Dec-2019,13752.8669701835,454136.559762971,3956264.45338044
usa_NC_0038_0084,08-Dec-2019,13758.0893372539,454151.099018342,3956218.34486257
usa_NC_0038_0083,08-Dec-2019,13770.6729281151,454172.67442856,3956174.59139128
usa_NC_0038_0082,08-Dec-2019,13792.4162012045,454202.913627501,3956134.22576638
usa_NC_0038_0081,08-Dec-2019,13801.8766301177,454221.615924001,3956088.91197136
usa_NC_0038_0080,08-Dec-2019,13804.3788460272,454233.775764207,3956040.82916601
usa_NC_0038_0079,08-Dec-2019,13810.6942423405,454249.514546708,3955994.29583138
usa_NC_0038_0078,08-Dec-2019,13827.9775471995,454275.564274161,3955952.13529429
usa_NC_0038_0077,08-Dec-2019,13853.9840976919,454309.822427614,3955913.4141383
usa_NC_0038_0076,08-Dec-2019,13853.6299832107,454319.281345773,3955864.27102148
usa_NC_0038_0075,08-Dec-2019,13845.130117963,454321.064867395,3955811.9681793
usa_NC_0038_0074,08-Dec-2019,13846.5520570442,454332.17902812,3955763.60535909
usa_NC_0038_0073,08-Dec-2019,13864.626237383,454358.984129884,3955721.7007281
usa_NC_0038_0072,08-Dec-2019,13880.3827780403,454383.612207427,3955678.86310993
usa_NC_0038_0071,08-Dec-2019,13893.0629142273,454405.34625253,3955634.80847096
usa_NC_0038_0070,08-Dec-2019,13911.806715172,454432.799967683,3955593.07521662
usa_NC_0038_0069,08-Dec-2019,13931.0132244805,454460.696858691,3955551.48548814
usa_NC_0038_0068,08-Dec-2019,13936.7473007256,454475.893070269,3955504.70072561
usa_NC_0038_0067,08-Dec-2019,13935.0860205183,454484.111264777,3955455.09578382
usa_NC_0038_0066,08-Dec-2019,13938.739693253,454497.287272763,3955407.8039344
usa_NC_0038_0065,08-Dec-2019,13952.1633854018,454519.568180294,3955364.80718683
usa_NC_0038_0064,08-Dec-2019,13968.142329307,454544.220012544,3955322.98568358
usa_NC_0038_0063,08-Dec-2019,13978.8824079309,454563.787890018,3955279.87064496
usa_NC_0038_0062,08-Dec-2019,13986.8123169951,454580.703214043,3955235.68881328
usa_NC_0038_0061,08-Dec-2019,13992.0453450011,454595.065994368,3955190.51784853
usa_NC_0038_0060,08-Dec-2019,13997.1876788451,454609.34131198,3955145.3217396
usa_NC_0038_0059,08-Dec-2019,14003.7109261248,454624.926565438,3955100.61744925
usa_NC_0038_0058,08-Dec-2019,14014.681848981,454644.740706968,3955057.44808256
usa_NC_0038_0057,08-Dec-2019,14021.5576047385,454660.667165656,3955012.83523319
usa_NC_0038_0056,08-Dec-2019,14026.1426940413,454674.413235605,3954967.44388663
usa_NC_0038_0055,08-Dec-2019,14030.6336396674,454688.06601754,3954922.03894394
usa_NC_0038_0054,08-Dec-2019,14036.7950279318,454703.308231471,3954877.20467344
usa_NC_0038_0053,08-Dec-2019,14043.7471299521,454719.304398118,3954832.63259791
usa_NC_0038_0052,08-Dec-2019,14047.9205585557,454732.646164556,3954787.16370572
usa_NC_0038_0051,08-Dec-2019,14067.5708363228,454760.784391136,3954746.63093114
usa_NC_0038_0050,08-Dec-2019,14080.282429365,454782.303349636,3954703.81319995
usa_NC_0038_0049,08-Dec-2019,14088.4014952062,454799.453346538,3954659.42230285
usa_NC_0038_0048,08-Dec-2019,14093.8336666845,454814.358052212,3954612.55563167
usa_NC_0038_0047,08-Dec-2019,14099.4638607921,454829.451713687,3954565.75392559
usa_NC_0038_0046,08-Dec-2019,14104.4970910749,454843.972270014,3954518.77376137
usa_NC_0038_0045,08-Dec-2019,14108.4360920402,454857.442336883,3954471.46644935
usa_NC_0038_0044,08-Dec-2019,14111.0400678404,454869.630050128,3954423.763469
usa_NC_0038_0043,08-Dec-2019,14117.8975933704,454885.897042907,3954377.3534253
usa_NC_0038_0042,08-Dec-2019,14122.1693992527,454899.682041207,3954330.16848482
usa_NC_0038_0041,08-Dec-2019,14128.9345901899,454915.859511571,3954283.73523284
usa_NC_0038_0040,08-Dec-2019,14138.4694676356,454934.69678841,3954238.12587958
usa_NC_0038_0039,08-Dec-2019,14148.8368324204,454954.335447283,3954192.75455074
usa_NC_0038_0038,08-Dec-2019,14153.6824002244,454968.672161352,3954145.73670238
usa_NC_0038_0037,08-Dec-2019,14147.4768595261,454972.38775217,3954095.47370957
usa_NC_0038_0036,08-Dec-2019,14147.3537163754,454981.946270662,3954047.01087338
usa_NC_0038_0035,08-Dec-2019,14155.3083979973,454999.271568066,3954000.90380369
usa_NC_0038_0034,08-Dec-2019,14158.550074749,455012.060491769,3953953.44652613
usa_NC_0038_0033,08-Dec-2019,14162.994708736,455025.982938039,3953906.45573976
usa_NC_0038_0032,08-Dec-2019,14167.5491057916,455040.011900057,3953859.49206356
usa_NC_0038_0031,08-Dec-2019,14171.9293410571,455053.874080537,3953812.47422319
usa_NC_0038_0030,08-Dec-2019,14177.4907989546,455068.874866898,3953765.78651681
usa_NC_0038_0029,08-Dec-2019,14186.1249405037,455086.837869572,3953719.95562517
usa_NC_0038_0028,08-Dec-2019,14191.9649827655,455102.111235096,3953673.32553271
usa_NC_0038_0027,08-Dec-2019,14196.9223406971,455116.535270167,3953626.44119692
usa_NC_0038_0026,08-Dec-2019,14203.2433541338,455132.188091588,3953580.36670956
usa_NC_0038_0025,08-Dec-2019,14208.1241240376,455146.397752162,3953534.16433154
usa_NC_0038_0024,08-Dec-2019,14212.5080879298,455160.129654027,3953487.81748238
usa_NC_0038_0023,08-Dec-2019,14215.6525355616,455172.665289648,3953441.13156286
usa_NC_0038_0022,08-Dec-2019,14222.4098675434,455188.694152514,3953395.40189167
usa_NC_0038_0021,08-Dec-2019,14227.3528568254,455202.971917051,3953349.17622064
usa_NC_0038_0020,08-Dec-2019,14231.3850192267,455216.370124061,3953302.70395375
usa_NC_0038_0019,08-Dec-2019,14235.3184437295,455229.673784668,3953256.20094244
usa_NC_0038_0018,08-Dec-2019,14241.5489857065,455245.204490784,3953210.27586195
usa_NC_0038_0017,08-Dec-2019,14244.0872339932,455257.15856259,3953163.40668291
usa_NC_0038_0016,08-Dec-2019,14249.2225835775,455271.631722978,3953117.18485196
usa_NC_0038_0015,08-Dec-2019,14255.2584196022,455286.981315914,3953071.172485
usa_NC_0038_0014,08-Dec-2019,14259.8332739373,455300.962257454,3953024.55352103
usa_NC_0038_0013,08-Dec-2019,14276.2919679209,455326.618981151,3952980.15147802
usa_NC_0038_0012,08-Dec-2019,14281.0294222871,455340.803888433,3952933.34159135
usa_NC_0038_0011,08-Dec-2019,14281.1092478975,455350.640275381,3952884.52400973
usa_NC_0038_0010,08-Dec-2019,14288.2574344645,455367.25807841,3952837.84171335
usa_NC_0038_0009,08-Dec-2019,14296.7696549338,455385.204247387,3952791.47286294
usa_NC_0038_0008,08-Dec-2019,14303.2240832718,455401.171965809,3952744.50337069
usa_NC_0038_0007,08-Dec-2019,14312.7483734889,455420.185586643,3952697.95749629
usa_NC_0038_0006,08-Dec-2019,14320.222789712,455437.206284096,3952650.92381616
usa_NC_0038_0005,08-Dec-2019,14324.3971904316,455451.017152262,3952603.11232463
usa_NC_0038_0004,08-Dec-2019,14333.4715228875,455469.595978004,3952556.44605414
usa_NC_0038_0003,08-Dec-2019,14341.9095103147,455487.55672482,3952509.62541668
usa_NC_0038_0002,08-Dec-2019,14340.2487994647,455495.690243312,3952460.44713093
usa_NC_0038_0001,08-Dec-2019,14354.7088052107,455519.511708316,3952415.02948588
usa_NC_0037_0178,08-Dec-2019,14369.4955782414,455543.652878339,3952369.67951166
usa_NC_0037_0177,08-Dec-2019,14378.9022873076,455562.559361743,3952323.06974013
usa_NC_0037_0176,08-Dec-2019,14387.7677100476,455580.940678139,3952276.32574952
usa_NC_0037_0175,08-Dec-2019,14393.5523567705,455596.323931291,3952228.86303779
usa_NC_0037_0174,08-Dec-2019,14395.5491439652,455608.019648695,3952180.52351781
usa_NC_0037_0173,08-Dec-2019,14398.7671228221,455620.905073992,3952132.46237254
usa_NC_0037_0172,08-Dec-2019,14401.1052406221,455632.899893751,3952084.36794793
usa_NC_0037_0171,08-Dec-2019,14403.9951085346,455645.501090481,3952036.05473731
usa_NC_0037_0170,08-Dec-2019,14409.4113694509,455660.529830142,3951988.4861572
usa_NC_0037_0169,08-Dec-2019,14415.1506848385,455675.874375066,3951940.98581612
usa_NC_0037_0168,08-Dec-2019,14422.3377099244,455692.630682163,3951893.80859855
usa_NC_0037_0167,08-Dec-2019,14430.4017113857,455710.242997541,3951846.82307651
usa_NC_0037_0166,08-Dec-2019,14436.4131690747,455725.856482969,3951799.36568273
usa_NC_0037_0165,08-Dec-2019,14447.0364474553,455745.966254621,3951752.94273547
usa_NC_0037_0164,08-Dec-2019,14457.0461340747,455765.47997495,3951706.37130382
usa_NC_0037_0163,08-Dec-2019,14463.4713620567,455781.501188551,3951658.98508328
usa_NC_0037_0162,08-Dec-2019,14462.9076878967,455790.70954097,3951610.0264434
usa_NC_0037_0161,08-Dec-2019,14469.3105124869,455806.711480744,3951562.62234488
usa_NC_0037_0160,08-Dec-2019,14481.818757473,455828.670533486,3951516.56446979
usa_NC_0037_0159,08-Dec-2019,14492.7163550165,455849.060829316,3951470.13760999
usa_NC_0037_0158,08-Dec-2019,14495.597727797,455861.63399599,3951421.92131896
usa_NC_0037_0157,08-Dec-2019,14494.4167820806,455870.216309944,3951372.94548242
usa_NC_0037_0156,08-Dec-2019,14497.8799427531,455883.32056567,3951325.04046632
usa_NC_0037_0155,08-Dec-2019,14506.8969997451,455901.845699791,3951278.35059442
usa_NC_0037_0154,08-Dec-2019,14518.3991194123,455922.853624894,3951231.91794973
usa_NC_0037_0153,08-Dec-2019,14524.9717870836,455939.085613845,3951184.22936077
usa_NC_0037_0152,08-Dec-2019,14527.9645930463,455951.823594702,3951135.75695587
usa_NC_0037_0151,08-Dec-2019,14532.8747186697,455966.432463608,3951087.70660146
usa_NC_0037_0150,08-Dec-2019,14536.2619826052,455979.404558488,3951040.07564317
usa_NC_0037_0149,08-Dec-2019,14538.0562106711,455990.802622729,3950992.19196916
usa_NC_0037_0148,08-Dec-2019,14539.0590807632,456001.42733145,3950944.13991141
usa_NC_0037_0147,08-Dec-2019,14536.8904199823,456008.951079122,3950895.42092159
usa_NC_0037_0146,08-Dec-2019,14535.1054872812,456016.846552442,3950846.79996043
usa_NC_0037_0145,08-Dec-2019,14540.5480102267,456031.809754921,3950799.69337611
usa_NC_0037_0144,08-Dec-2019,14545.9300431521,456046.716712304,3950752.55956405
usa_NC_0037_0143,08-Dec-2019,14551.853330314,456062.156580905,3950705.52105236
usa_NC_0037_0142,08-Dec-2019,14556.6333561975,456076.479863402,3950658.23593998
usa_NC_0037_0141,08-Dec-2019,14562.0638764424,456091.44306343,3950611.06811444
usa_NC_0037_0140,08-Dec-2019,14557.7755341794,456096.880095029,3950561.97444345
usa_NC_0037_0139,08-Dec-2019,14556.5517115348,456105.317783383,3950513.50355327
usa_NC_0037_0138,08-Dec-2019,14567.2767984466,456125.47859277,3950467.34475444
usa_NC_0037_0137,08-Dec-2019,14579.0736212739,456146.69907739,3950421.35234359
usa_NC_0037_0136,08-Dec-2019,14590.10744976,456167.290645619,3950374.61347
usa_NC_0037_0135,08-Dec-2019,14598.1287434039,456184.929017685,3950327.27959939
usa_NC_0037_0134,08-Dec-2019,14600.2202776361,456196.745298841,3950278.82025668
usa_NC_0037_0133,08-Dec-2019,14601.2388978883,456207.507916331,3950230.15842985
usa_NC_0037_0132,08-Dec-2019,14593.1971973828,456209.378008224,3950179.76051364
usa_NC_0037_0131,08-Dec-2019,14590.3926553893,456216.39271525,3950130.34385554
usa_NC_0037_0130,08-Dec-2019,14603.5032560334,456239.040554593,3950083.91304156
usa_NC_0037_0129,08-Dec-2019,14609.841224049,456255.036938965,3950036.20576124
usa_NC_0037_0128,08-Dec-2019,14607.4926423087,456262.499923769,3949986.87265939
usa_NC_0037_0127,08-Dec-2019,14595.9998466684,456260.977802883,3949935.83864098
usa_NC_0037_0126,08-Dec-2019,14585.3428127638,456260.275023158,3949884.96948306
usa_NC_0037_0125,08-Dec-2019,14585.6049691615,456270.262896415,3949836.32429757
usa_NC_0037_0124,08-Dec-2019,14591.2353670892,456285.522526013,3949788.69306513
usa_NC_0037_0123,08-Dec-2019,14593.7794388394,456297.750442413,3949740.48318434
usa_NC_0037_0122,08-Dec-2019,14595.8555978256,456309.519662647,3949692.18088745
usa_NC_0037_0121,08-Dec-2019,14591.0750980326,456314.549839787,3949642.61163658
usa_NC_0037_0120,08-Dec-2019,14585.0274602782,456318.33439488,3949592.80934818
usa_NC_0037_0119,08-Dec-2019,14584.3359286149,456327.384814258,3949543.98856799
usa_NC_0037_0118,08-Dec-2019,14585.2028616384,456337.968314377,3949495.44900471
usa_NC_0037_0117,08-Dec-2019,14587.2679804392,456349.730992399,3949447.12310603
usa_NC_0037_0116,08-Dec-2019,14589.0721492109,456361.238205412,3949398.74394125
usa_NC_0037_0115,08-Dec-2019,14588.9134051584,456370.8160437,3949350.0027392
usa_NC_0037_0114,08-Dec-2019,14588.7863448441,456380.425856295,3949301.26321766
usa_NC_0037_0113,08-Dec-2019,14588.7957421592,456390.170703684,3949252.5443169
usa_NC_0037_0112,08-Dec-2019,14589.5276771233,456400.627165522,3949203.95156393
usa_NC_0037_0111,08-Dec-2019,14592.5763019016,456413.366254676,3949155.75847332
usa_NC_0037_0110,08-Dec-2019,14594.5021485521,456424.991631126,3949107.4089343
usa_NC_0037_0109,08-Dec-2019,14595.1698614578,456435.379026926,3949058.83406862
usa_NC_0037_0108,08-Dec-2019,14590.3948389749,456440.407414654,3949009.30172503
usa_NC_0037_0107,08-Dec-2019,14583.8177093361,456443.678640574,3948959.36616729
usa_NC_0037_0106,08-Dec-2019,14579.5078072269,456449.186594261,3948909.80754912
usa_NC_0037_0105,08-Dec-2019,14577.2781999834,456456.742238889,3948860.61790642
usa_NC_0037_0104,08-Dec-2019,14577.6747798773,456466.884255859,3948811.88733275
usa_NC_0037_0103,08-Dec-2019,14579.8717402856,456478.800075627,3948763.46788392
usa_NC_0037_0102,08-Dec-2019,14583.5216847999,456492.148116191,3948715.29609292
usa_NC_0037_0101,08-Dec-2019,14587.1683264124,456505.49366953,3948667.11989321
usa_NC_0037_0100,08-Dec-2019,14588.7991280728,456516.970417672,3948618.0084402
usa_NC_0037_0099,08-Dec-2019,14591.3642196204,456529.382091017,3948568.98624149
usa_NC_0037_0098,08-Dec-2019,14593.95473253,456541.817681691,3948519.97408457
usa_NC_0037_0097,08-Dec-2019,14592.5729851303,456550.342179314,3948470.26282964
usa_NC_0037_0096,08-Dec-2019,14594.5184578615,456562.142132017,3948421.13980374
usa_NC_0037_0095,08-Dec-2019,14594.888665597,456572.391886718,3948371.73548494
usa_NC_0037_0094,08-Dec-2019,14599.5850827282,456586.896003485,3948323.11872904
usa_NC_0037_0093,08-Dec-2019,14604.5249342419,456601.695429113,3948274.26645796
usa_NC_0037_0092,08-Dec-2019,14607.2261844566,456614.207646112,3948225.43596089
usa_NC_0037_0091,08-Dec-2019,14604.4448496881,456621.377610033,3948175.36077289
usa_NC_0037_0090,08-Dec-2019,14606.9873393028,456633.777015358,3948126.2846233
usa_NC_0037_0089,08-Dec-2019,14614.690406585,456651.23924878,3948078.20820904
usa_NC_0037_0088,08-Dec-2019,14609.2754138818,456655.828354157,3948027.60823313
usa_NC_0037_0087,08-Dec-2019,14603.1600158669,456659.735773649,3947976.84528385
usa_NC_0037_0086,08-Dec-2019,14603.688987669,456670.056717199,3947927.89493143
usa_NC_0037_0085,08-Dec-2019,14615.1736468024,456691.088063338,3947881.25597264
usa_NC_0037_0084,08-Dec-2019,14608.6259080861,456694.437857616,3947831.07722041
usa_NC_0037_0083,08-Dec-2019,14607.893530295,456703.490144418,3947782.03864455
usa_NC_0037_0082,08-Dec-2019,14604.1963340307,456709.634428984,3947732.42241572
usa_NC_0037_0081,08-Dec-2019,14599.9503779235,456715.239926307,3947682.70198891
usa_NC_0037_0080,08-Dec-2019,14596.2357148677,456721.36605959,3947633.08745746
usa_NC_0037_0079,08-Dec-2019,14594.3553635493,456729.29141484,3947583.83000532
usa_NC_0037_0078,08-Dec-2019,14592.8758030818,456737.609893385,3947534.65057661
usa_NC_0037_0077,08-Dec-2019,14594.6843061192,456749.154946772,3947486.10416356
usa_NC_0037_0076,08-Dec-2019,14595.8797632573,456760.098884353,3947437.43739638
usa_NC_0037_0075,08-Dec-2019,14598.8114119055,456772.80644299,3947388.805131
usa_NC_0037_0074,08-Dec-2019,14601.0210816366,456784.85042022,3947339.80919393
usa_NC_0037_0073,08-Dec-2019,14604.0538133631,456797.699591474,3947290.98410422
usa_NC_0037_0072,08-Dec-2019,14607.2281036604,456810.685069564,3947242.19930119
usa_NC_0037_0071,08-Dec-2019,14611.3562128389,456824.602816302,3947193.61670932
usa_NC_0037_0070,08-Dec-2019,14615.4896904329,456838.522688965,3947145.05087522
usa_NC_0037_0069,08-Dec-2019,14618.6156260568,456851.452556132,3947096.29760123
usa_NC_0037_0068,08-Dec-2019,14620.6755540374,456863.338944769,3947047.32611804
usa_NC_0037_0067,08-Dec-2019,14622.6035366137,456875.095312147,3946998.33195173
usa_NC_0037_0066,08-Dec-2019,14624.3198546899,456886.643253193,3946949.30063948
usa_NC_0037_0065,08-Dec-2019,14625.7461804405,456897.906329343,3946900.21497735
usa_NC_0037_0064,08-Dec-2019,14629.6470534275,456911.588440247,3946851.65193891
usa_NC_0037_0063,08-Dec-2019,14634.3729842812,456926.048521753,3946803.40616954
usa_NC_0037_0062,08-Dec-2019,14636.439346003,456937.824430878,3946755.02040048
usa_NC_0037_0061,08-Dec-2019,14637.548024375,456948.684415481,3946706.33090658
usa_NC_0037_0060,08-Dec-2019,14640.0258917585,456960.898801646,3946657.85087483
usa_NC_0037_0059,08-Dec-2019,14642.9635520841,456973.563071602,3946609.46592164
usa_NC_0037_0058,08-Dec-2019,14653.95745793,456994.107722145,3946562.75810413
usa_NC_0037_0057,08-Dec-2019,14658.7880095012,457008.624139593,3946514.76432044
usa_NC_0037_0056,08-Dec-2019,14656.1952564261,457015.879329934,3946465.22501812
usa_NC_0037_0055,08-Dec-2019,14657.6022300562,457027.047048096,3946416.51780316
usa_NC_0037_0054,08-Dec-2019,14662.1090157464,457041.247274353,3946368.45408123
usa_NC_0037_0053,08-Dec-2019,14664.6159887879,457053.491372254,3946319.973896
usa_NC_0037_0052,08-Dec-2019,14667.0230081842,457065.637834737,3946271.47222062
usa_NC_0037_0051,08-Dec-2019,14668.4301337333,457076.806204823,3946222.76251849
usa_NC_0037_0050,08-Dec-2019,14671.3369914078,457089.423225034,3946174.45682525
usa_NC_0037_0049,08-Dec-2019,14674.4437130464,457102.221047569,3946126.26629705
usa_NC_0037_0048,08-Dec-2019,14677.3504847053,457114.823142925,3946078.0348544
usa_NC_0037_0047,08-Dec-2019,14679.6573296576,457126.83813923,3946029.67986382
usa_NC_0037_0046,08-Dec-2019,14680.5642926419,457137.483248309,3945981.03627152
usa_NC_0037_0045,08-Dec-2019,14681.0713090366,457147.736794936,3945932.31115328
usa_NC_0037_0044,08-Dec-2019,14682.4160049319,457158.809805194,3945883.76006959
usa_NC_0037_0043,08-Dec-2019,14686.4148089021,457172.468502562,3945835.81397323
usa_NC_0037_0042,08-Dec-2019,14688.7147903396,457184.462189631,3945787.5305954
usa_NC_0037_0041,08-Dec-2019,14689.2151983312,457194.693989662,3945738.88058053
usa_NC_0037_0040,08-Dec-2019,14689.0159641633,457204.240114491,3945690.09145094
usa_NC_0037_0039,08-Dec-2019,14689.8170190446,457214.764579396,3945641.51112546
usa_NC_0037_0038,08-Dec-2019,14688.9167643883,457223.630064938,3945592.5506455
usa_NC_0037_0037,08-Dec-2019,14689.5581424406,457234.039189084,3945543.73264818
usa_NC_0037_0036,08-Dec-2019,14686.7838457119,457241.181821645,3945493.83015381
usa_NC_0037_0035,08-Dec-2019,14675.4080848025,457239.908535497,3945442.1481377
usa_NC_0037_0034,08-Dec-2019,14675.9297601745,457250.279582673,3945392.90981208
usa_NC_0037_0033,08-Dec-2019,14674.7494848479,457258.985082962,3945343.32092629
usa_NC_0037_0032,08-Dec-2019,14669.9675449824,457264.169381377,3945292.97304582
usa_NC_0037_0031,08-Dec-2019,14664.9836911279,457269.158372151,3945242.57212843
usa_NC_0037_0030,08-Dec-2019,14662.3974931314,457276.492055488,3945192.67347041
usa_NC_0037_0029,08-Dec-2019,14660.7474595966,457284.740805175,3945142.97301433
usa_NC_0037_0028,08-Dec-2019,14660.159793335,457294.02699519,3945093.50240693
usa_NC_0037_0027,08-Dec-2019,14662.5709501515,457306.239861807,3945044.68953498
usa_NC_0037_0026,08-Dec-2019,14663.0820893061,457316.596359785,3944995.47024942
usa_NC_0037_0025,08-Dec-2019,14661.3842846029,457324.745072798,3944946.02662323
usa_NC_0037_0024,08-Dec-2019,14659.3897890533,457332.563638073,3944896.72107483
usa_NC_0037_0023,08-Dec-2019,14654.3019782745,457337.363292578,3944846.73714265
usa_NC_0037_0022,08-Dec-2019,14649.6157677008,457342.554234647,3944796.84455096
usa_NC_0037_0021,08-Dec-2019,14635.9755592287,457339.004578707,3944744.99816581
usa_NC_0037_0020,08-Dec-2019,14619.1485522607,457332.341719817,3944692.46819624
usa_NC_0037_0019,08-Dec-2019,14613.9183337704,457336.998057258,3944642.47472574
usa_NC_0037_0018,08-Dec-2019,14615.2864835537,457348.09619904,3944593.91756694
usa_NC_0037_0017,08-Dec-2019,14607.9566260145,457350.70152387,3944543.47302451
usa_NC_0037_0016,08-Dec-2019,14596.5275193817,457349.302599839,3944492.14750764
usa_NC_0037_0015,08-Dec-2019,14583.498539929,457346.339315683,3944440.48598912
usa_NC_0037_0014,08-Dec-2019,14569.631420783,457342.555252103,3944388.65467226
usa_NC_0037_0013,08-Dec-2019,14563.5874775624,457346.447601615,3944338.33179464
usa_NC_0037_0012,08-Dec-2019,14587.4473964833,457379.654573848,3944293.91621946
usa_NC_0037_0011,08-Dec-2019,14591.7355765521,457393.743383633,3944245.2944553
usa_NC_0037_0010,08-Dec-2019,14583.5754861466,457395.687968186,3944193.91956981
usa_NC_0037_0009,08-Dec-2019,14558.7104409056,457381.470518414,3944138.17500832
usa_NC_0037_0008,08-Dec-2019,14557.1558301536,457390.029440417,3944087.40930594
usa_NC_0037_0007,08-Dec-2019,14555.6920735603,457398.685621952,3944036.6205373
usa_NC_0037_0006,08-Dec-2019,14555.9003737368,457408.976163864,3943986.18583985
usa_NC_0037_0005,08-Dec-2019,14558.0313841515,457421.140355007,3943936.18688468
usa_NC_0037_0004,08-Dec-2019,14560.3563331178,457433.49543384,3943886.22238442
usa_NC_0037_0003,08-Dec-2019,14561.9846747889,457445.176177575,3943836.07750714
usa_NC_0037_0002,08-Dec-2019,14555.4897595523,457448.989746688,3943783.84742682
usa_NC_0037_0001,08-Dec-2019,14547.8690171489,457451.730625081,3943731.24004855
usa_NC_0036_0112,08-Dec-2019,14546.2833391942,457460.327717585,3943680.1247812
usa_NC_0036_0111,08-Dec-2019,14546.9121846671,457471.073777012,3943629.5566762
usa_NC_0036_0110,08-Dec-2019,14542.4183325423,457476.878974196,3943577.57178684
usa_NC_0036_0109,08-Dec-2019,14535.4652409645,457480.325647482,3943524.8395752
usa_NC_0036_0108,08-Dec-2019,14533.7113578249,457488.801505467,3943473.47260776
usa_NC_0036_0107,08-Dec-2019,14532.8611599508,457498.156858404,3943422.31610348
usa_NC_0036_0106,08-Dec-2019,14529.757069693,457505.349290311,3943370.48135649
usa_NC_0036_0105,08-Dec-2019,14525.5425153151,457511.482809537,3943318.27876346
usa_NC_0036_0104,08-Dec-2019,14524.8737868877,457521.035300701,3943267.06180036
usa_NC_0036_0103,08-Dec-2019,14523.701267238,457530.111687583,3943215.65643906
usa_NC_0036_0102,08-Dec-2019,14524.8494695968,457541.421426893,3943164.9179076
usa_NC_0036_0101,08-Dec-2019,14523.8241568083,457550.65332602,3943113.48554692
usa_NC_0036_0100,08-Dec-2019,14516.7532209529,457554.106678122,3943060.1185163
usa_NC_0036_0099,08-Dec-2019,14509.472190664,457557.355087532,3943006.70491882
usa_NC_0036_0098,08-Dec-2019,14502.0382516722,457560.310348604,3942953.97800492
usa_NC_0036_0097,08-Dec-2019,14496.9289453952,457565.496532066,3942901.95003922
usa_NC_0036_0096,08-Dec-2019,14491.9649777358,457570.824189309,3942849.95579364
usa_NC_0036_0095,08-Dec-2019,14487.4622103524,457576.084375269,3942800.65284681
usa_NC_0036_0094,08-Dec-2019,14485.9688583161,457584.205743062,3942752.38945133
usa_NC_0036_0093,08-Dec-2019,14479.8298852697,457587.868920393,3942702.72847045
usa_NC_0036_0092,08-Dec-2019,14471.7488950099,457589.654102998,3942652.55496433
usa_NC_0036_0091,08-Dec-2019,14466.2389396846,457593.881597021,3942603.28000323
usa_NC_0036_0090,08-Dec-2019,14458.9977163347,457596.432170109,3942553.56178658
usa_NC_0036_0089,08-Dec-2019,14455.1740497135,457602.241353284,3942504.97711311
usa_NC_0036_0088,08-Dec-2019,14457.0356446089,457613.080914966,3942460.23218833
usa_NC_0036_0087,08-Dec-2019,14459.3636023474,457624.327944886,3942415.82813361
usa_NC_0036_0086,08-Dec-2019,14450.0220578909,457624.315334602,3942368.21845818
usa_NC_0036_0085,08-Dec-2019,14438.5739066189,457622.220401098,3942320.27884216
usa_NC_0036_0084,08-Dec-2019,14435.0043327718,457627.679164489,3942274.74451403
usa_NC_0036_0083,08-Dec-2019,14435.7595807744,457637.285763896,3942230.5237639
usa_NC_0036_0082,08-Dec-2019,14438.3000498654,457648.586795781,3942186.93397412
usa_NC_0036_0081,08-Dec-2019,14435.2938259372,457654.412972454,3942142.43592098
usa_NC_0036_0080,08-Dec-2019,14432.4273385931,457660.339867135,3942098.14695616
usa_NC_0036_0079,08-Dec-2019,14429.2411203752,457665.91886241,3942053.96732474
usa_NC_0036_0078,08-Dec-2019,14422.244739185,457667.747185017,3942009.11302446
usa_NC_0036_0077,08-Dec-2019,14415.6647394455,457669.932666514,3941964.59629056
usa_NC_0036_0076,08-Dec-2019,14412.8166718957,457675.717656624,3941921.11147114
usa_NC_0036_0075,08-Dec-2019,14412.3180881686,457683.765365014,3941878.29330428
usa_NC_0036_0074,08-Dec-2019,14409.6567314316,457689.662458318,3941835.20032144
usa_NC_0036_0073,08-Dec-2019,14407.6605033408,457696.175812661,3941792.41769463
usa_NC_0036_0072,08-Dec-2019,14399.3182051995,457696.413835975,3941748.65321709
usa_NC_0036_0071,08-Dec-2019,14393.4891954786,457698.776959191,3941707.08003129
usa_NC_0036_0070,08-Dec-2019,14392.5920828772,457706.092970184,3941665.88973592
usa_NC_0036_0069,08-Dec-2019,14392.4353863257,457714.624650462,3941622.39434854
usa_NC_0036_0068,08-Dec-2019,14389.776653723,457720.842934727,3941577.70739786
usa_NC_0036_0067,08-Dec-2019,14385.9320442592,457725.889848279,3941532.83052868
usa_NC_0036_0066,08-Dec-2019,14384.7238874268,457733.55312457,3941488.31503335
usa_NC_0036_0065,08-Dec-2019,14378.2225914898,457735.968923141,3941443.04735651
usa_NC_0036_0064,08-Dec-2019,14371.5507458096,457738.152998763,3941398.06893997
usa_NC_0036_0063,08-Dec-2019,14367.7425798459,457742.78072001,3941355.47584816
usa_NC_0036_0062,08-Dec-2019,14365.5151009969,457749.004697193,3941312.96122888
usa_NC_0036_0061,08-Dec-2019,14365.441143458,457757.413782022,3941270.50159765
usa_NC_0036_0060,08-Dec-2019,14366.4773199762,457766.973869624,3941227.94727481
usa_NC_0036_0059,08-Dec-2019,14360.4240894116,457769.473454702,3941184.54691474
usa_NC_0036_0058,08-Dec-2019,14357.609087609,457775.2449623,3941141.29831156
usa_NC_0036_0057,08-Dec-2019,14360.2900316037,457786.565624404,3941098.32717158
usa_NC_0036_0056,08-Dec-2019,14360.8967959353,457795.806010173,3941055.18133339
usa_NC_0036_0055,08-Dec-2019,14355.459222279,457799.004601827,3941011.42477024
usa_NC_0036_0054,08-Dec-2019,14349.2793572035,457801.48237845,3940967.48729288
usa_NC_0036_0053,08-Dec-2019,14348.4177498323,457809.397503883,3940923.47999908
usa_NC_0036_0052,08-Dec-2019,14347.4780626338,457817.31375056,3940879.06862873
usa_NC_0036_0051,08-Dec-2019,14341.7102847674,457820.373992737,3940834.31928416
usa_NC_0036_0050,08-Dec-2019,14339.7503970303,457827.326549093,3940789.52418237
usa_NC_0036_0049,08-Dec-2019,14338.9021768414,457835.446040833,3940744.56248212
usa_NC_0036_0048,08-Dec-2019,14332.4096726317,457837.858354041,3940699.35711423
usa_NC_0036_0047,08-Dec-2019,14327.5202129783,457841.928966025,3940654.03383024
usa_NC_0036_0046,08-Dec-2019,14328.6516147531,457852.182211149,3940608.49665197
usa_NC_0036_0045,08-Dec-2019,14330.3602997146,457863.666268789,3940559.74608201
usa_NC_0036_0044,08-Dec-2019,14329.5832759546,457872.621661013,3940510.96456068
usa_NC_0036_0043,08-Dec-2019,14328.8521436453,457881.627777011,3940462.16339685
usa_NC_0036_0042,08-Dec-2019,14327.7562221622,457890.264269111,3940413.3503375
usa_NC_0036_0041,08-Dec-2019,14323.1690387439,457895.33288602,3940364.57527273
usa_NC_0036_0040,08-Dec-2019,14317.6830373053,457899.482353467,3940315.81302984
usa_NC_0036_0039,08-Dec-2019,14310.9508375146,457902.367184613,3940267.01976515
usa_NC_0036_0038,08-Dec-2019,14309.6632390708,457911.281772834,3940215.83682224
usa_NC_0036_0037,08-Dec-2019,14306.4610011082,457918.252109568,3940164.61264449
usa_NC_0036_0036,08-Dec-2019,14311.0012633447,457933.132775813,3940113.31458771
usa_NC_0036_0035,08-Dec-2019,14316.0146139119,457948.485152776,3940062.07022984
usa_NC_0036_0034,08-Dec-2019,14305.5170847688,457947.97973242,3940011.02741386
usa_NC_0036_0033,08-Dec-2019,14305.8795419394,457958.564692342,3939959.90604934
usa_NC_0036_0032,08-Dec-2019,14307.408640388,457970.340970432,3939908.77661368
usa_NC_0036_0031,08-Dec-2019,14298.3180936433,457971.332252269,3939857.42400564
usa_NC_0036_0030,08-Dec-2019,14298.612343465,457981.891890853,3939806.08127542
usa_NC_0036_0029,08-Dec-2019,14299.3681548089,457992.910683596,3939754.79625697
usa_NC_0036_0028,08-Dec-2019,14293.0296184882,457996.690583613,3939703.53271922
usa_NC_0036_0027,08-Dec-2019,14294.6268699055,458008.545489915,3939652.35760423
usa_NC_0036_0026,08-Dec-2019,14300.9134443417,458025.160692447,3939601.2912493
usa_NC_0036_0025,08-Dec-2019,14303.2377055085,458037.675085656,3939550.52597029
usa_NC_0036_0024,08-Dec-2019,14290.0499789833,458034.32531212,3939499.9884538
usa_NC_0036_0023,08-Dec-2019,14286.9803740695,458041.264310247,3939449.59797351
usa_NC_0036_0022,08-Dec-2019,14287.2973971961,458051.643154201,3939399.27622638
usa_NC_0036_0021,08-Dec-2019,14288.1087477933,458062.520377446,3939348.98310854
usa_NC_0036_0020,08-Dec-2019,14290.1128929839,458074.605299096,3939298.73341518
usa_NC_0036_0019,08-Dec-2019,14287.6097931284,458081.86698689,3939249.6191252
usa_NC_0036_0018,08-Dec-2019,14276.4000840163,458080.202380429,3939200.74283571
usa_NC_0036_0017,08-Dec-2019,14266.7913118303,458080.163440164,3939151.90117984
usa_NC_0036_0016,08-Dec-2019,14259.5491814551,458082.532439279,3939103.08699838
usa_NC_0036_0015,08-Dec-2019,14256.8455391787,458089.525759728,3939054.29228908
usa_NC_0036_0014,08-Dec-2019,14262.7141480621,458105.290013274,3939005.35139378
usa_NC_0036_0013,08-Dec-2019,14261.4423447377,458113.89723574,3938955.78723134
usa_NC_0036_0012,08-Dec-2019,14246.805775726,458108.88122317,3938906.19430769
usa_NC_0036_0011,08-Dec-2019,14240.8757077501,458112.741256929,3938856.61429067
usa_NC_0036_0010,08-Dec-2019,14234.9498136117,458116.606588718,3938807.02906071
usa_NC_0036_0009,08-Dec-2019,14226.6119258035,458118.01226764,3938757.44370543
usa_NC_0036_0008,08-Dec-2019,14221.804377412,458123.020341584,3938707.84702987
usa_NC_0036_0007,08-Dec-2019,14221.0167917893,458132.132743727,3938658.22587179
usa_NC_0036_0006,08-Dec-2019,14219.752733663,458140.761953048,3938608.59120505
usa_NC_0036_0005,08-Dec-2019,14212.5368560589,458143.317179162,3938558.97905007
usa_NC_0036_0004,08-Dec-2019,14203.3851895279,458143.900727873,3938509.35497785
usa_NC_0036_0003,08-Dec-2019,14202.6025186995,458153.019905043,3938459.72499671
usa_NC_0036_0002,08-Dec-2019,14207.9725092971,458168.408881246,3938410.11752661
usa_NC_0036_0001,08-Dec-2019,14205.7655368628,458176.06190804,3938360.55605958
usa_NC_0035_0090,08-Dec-2019,14189.045211881,458168.881091463,3938311.16257492
usa_NC_0035_0089,08-Dec-2019,14187.2806021956,458176.991046668,3938261.57198087
usa_NC_0035_0088,08-Dec-2019,14198.4465898112,458198.333982278,3938211.74743289
usa_NC_0035_0087,08-Dec-2019,14195.9517249725,458205.712679256,3938162.08961105
usa_NC_0035_0086,08-Dec-2019,14183.187171344,458202.586041436,3938112.59502183
usa_NC_0035_0085,08-Dec-2019,14165.8235129993,458194.750563144,3938063.19458052
usa_NC_0035_0084,08-Dec-2019,14159.0418008396,458197.748861091,3938013.58080866
usa_NC_0035_0083,08-Dec-2019,14149.8459821563,458198.277382125,3937964.00679345
usa_NC_0035_0082,08-Dec-2019,14142.2140466463,458200.410129119,3937914.38561009
usa_NC_0035_0081,08-Dec-2019,14134.3238636574,458202.280864633,3937864.75771357
usa_NC_0035_0080,08-Dec-2019,14124.4948460476,458202.166336762,3937815.17034602
usa_NC_0035_0079,08-Dec-2019,14115.2129024344,458202.614259591,3937765.56015227
usa_NC_0035_0078,08-Dec-2019,14100.7168570098,458197.69832832,3937716.1835196
usa_NC_0035_0077,08-Dec-2019,14089.3989093627,458196.026637363,3937666.79030895
usa_NC_0035_0076,08-Dec-2019,14082.6675379128,458199.064776905,3937617.23405902
usa_NC_0035_0075,08-Dec-2019,14073.6077230677,458199.715771956,3937567.74120758
usa_NC_0035_0074,08-Dec-2019,14067.4736146338,458203.407822011,3937517.96056241
usa_NC_0035_0073,08-Dec-2019,14064.2416557687,458210.023687907,3937468.35861428
usa_NC_0035_0072,08-Dec-2019,14057.7831961929,458213.361119603,3937418.69734802
usa_NC_0035_0071,08-Dec-2019,14042.2222219237,458207.338836122,3937369.42265499
usa_NC_0035_0070,08-Dec-2019,14024.1316403254,458198.710339012,3937320.28106268
usa_NC_0035_0069,08-Dec-2019,14012.8980602088,458197.136940754,3937270.82651216
usa_NC_0035_0068,08-Dec-2019,14005.9186830647,458199.946023003,3937221.15090099
usa_NC_0035_0067,08-Dec-2019,14001.656025364,458205.532891814,3937171.43846483
usa_NC_0035_0066,08-Dec-2019,13995.1886480078,458208.838584537,3937121.89052207
usa_NC_0035_0065,08-Dec-2019,13990.1123761102,458213.615668364,3937072.07842847
usa_NC_0035_0064,08-Dec-2019,13984.4629007632,458217.851454409,3937022.04995729
usa_NC_0035_0063,08-Dec-2019,13979.0791002471,458222.364721447,3936971.98868812
usa_NC_0035_0062,08-Dec-2019,13971.3718592421,458224.482780828,3936922.0566999
usa_NC_0035_0061,08-Dec-2019,13964.6299809849,458227.599898656,3936872.05159364
usa_NC_0035_0060,08-Dec-2019,13957.8560877544,458230.686661582,3936822.03501237
usa_NC_0035_0059,08-Dec-2019,13951.1460432839,458233.842089961,3936772.00064343
usa_NC_0035_0058,08-Dec-2019,13945.1674031103,458237.756094072,3936721.90265969
usa_NC_0035_0057,08-Dec-2019,13938.8440551364,458241.31690551,3936671.81303389
usa_NC_0035_0056,08-Dec-2019,13926.4406380782,458238.594251555,3936622.13974971
usa_NC_0035_0055,08-Dec-2019,13911.7224116421,458233.477358588,3936572.63494625
usa_NC_0035_0054,08-Dec-2019,13896.2011069583,458227.529176277,3936523.19186939
usa_NC_0035_0053,08-Dec-2019,13874.0584054667,458214.73164516,3936474.23446394
usa_NC_0035_0052,08-Dec-2019,13850.9115019415,458200.892046292,3936425.36720231
usa_NC_0035_0051,08-Dec-2019,13834.7320506313,458194.260284955,3936375.98628518
usa_NC_0035_0050,08-Dec-2019,13822.6033539027,458191.821464153,3936326.29457638
usa_NC_0035_0049,08-Dec-2019,13812.6759173783,458191.663092007,3936276.42435989
usa_NC_0035_0048,08-Dec-2019,13804.1113972015,458192.918328029,3936226.43530225
usa_NC_0035_0047,08-Dec-2019,13794.8187482511,458193.42142887,3936176.49434447
usa_NC_0035_0046,08-Dec-2019,13789.5025387765,458198.047975848,3936126.21111807
usa_NC_0035_0045,08-Dec-2019,13779.30751603,458197.595734594,3936076.44595742
usa_NC_0035_0044,08-Dec-2019,13766.3571009017,458194.275829439,3936026.97004162
usa_NC_0035_0043,08-Dec-2019,13755.7424405365,458193.377357378,3935977.29644652
usa_NC_0035_0042,08-Dec-2019,13747.9632110041,458195.423836113,3935927.35529495
usa_NC_0035_0041,08-Dec-2019,13736.6313955091,458193.78604296,3935877.72167512
usa_NC_0035_0040,08-Dec-2019,13722.7268855573,458189.478436973,3935828.3195433
usa_NC_0035_0039,08-Dec-2019,13712.8770884943,458189.387286245,3935778.50914383
usa_NC_0035_0038,08-Dec-2019,13709.3946535657,458195.923516462,3935728.02746581
usa_NC_0035_0037,08-Dec-2019,13701.122139728,458197.486414457,3935677.98895107
usa_NC_0035_0036,08-Dec-2019,13687.1198237299,458193.091099066,3935628.52661548
usa_NC_0035_0035,08-Dec-2019,13670.6417133979,458186.118483731,3935579.32731005
usa_NC_0035_0034,08-Dec-2019,13651.5395846604,458176.410683824,3935530.42471531
usa_NC_0035_0033,08-Dec-2019,13628.742124333,458162.847307393,3935481.95844977
usa_NC_0035_0032,08-Dec-2019,13611.4463053279,458155.014229914,3935432.89219897
usa_NC_0035_0031,08-Dec-2019,13596.5428614095,458149.675199616,3935383.5538318
usa_NC_0035_0030,08-Dec-2019,13585.4352515898,458148.298474568,3935333.7579203
usa_NC_0035_0029,08-Dec-2019,13575.8907699098,458148.557826536,3935283.7515929
usa_NC_0035_0028,08-Dec-2019,13564.2137161173,458146.603838424,3935233.93847331
usa_NC_0035_0027,08-Dec-2019,13555.851625148,458148.125458964,3935183.64938665
usa_NC_0035_0026,08-Dec-2019,13547.9918079298,458150.176801251,3935133.27263224
usa_NC_0035_0025,08-Dec-2019,13534.7550996627,458146.610552503,3935083.56846968
usa_NC_0035_0024,08-Dec-2019,13515.1200162692,458136.352571353,3935034.69935554
usa_NC_0035_0023,08-Dec-2019,13493.1961135859,458123.689645623,3934986.18493221
usa_NC_0035_0022,08-Dec-2019,13467.815726551,458107.387394156,3934938.24354944
usa_NC_0035_0021,08-Dec-2019,13449.4245950488,458098.395683798,3934889.38581313
usa_NC_0035_0020,08-Dec-2019,13433.6492402846,458092.142396189,3934840.1731013
usa_NC_0035_0019,08-Dec-2019,13420.8639053973,458089.025128825,3934790.52556564
usa_NC_0035_0018,08-Dec-2019,13411.4810683062,458089.481054431,3934740.36043248
usa_NC_0035_0017,08-Dec-2019,13410.4310063215,458098.703694262,3934688.84810599
usa_NC_0035_0016,08-Dec-2019,13399.8812492269,458097.975613609,3934638.65303001
usa_NC_0035_0015,08-Dec-2019,13388.1354742162,458095.995935037,3934588.61776952
usa_NC_0035_0014,08-Dec-2019,13371.5714757262,458088.959232359,3934539.30086734
usa_NC_0035_0013,08-Dec-2019,13350.7748892391,458077.476159901,3934490.6350595
usa_NC_0035_0012,08-Dec-2019,13321.6498335414,458057.238264052,3934443.27891311
usa_NC_0035_0011,08-Dec-2019,13308.5796265557,458053.869969797,3934393.43381966
usa_NC_0035_0010,08-Dec-2019,13290.3682763031,458045.098084805,3934344.39347422
usa_NC_0035_0009,08-Dec-2019,13270.9831256047,458035.090794724,3934295.5452919
usa_NC_0035_0008,08-Dec-2019,13233.8129479936,458006.368815464,3934249.58993156
usa_NC_0035_0007,08-Dec-2019,13206.7781143456,457988.301487294,3934202.03850101
usa_NC_0035_0006,08-Dec-2019,13201.0919000332,457992.688423407,3934151.06612813
usa_NC_0035_0005,08-Dec-2019,13184.9320847629,457986.041961009,3934101.85898937
usa_NC_0035_0004,08-Dec-2019,13159.7164473267,457969.851322036,3934054.19982397
usa_NC_0035_0003,08-Dec-2019,13144.3842057468,457964.072375194,3934004.8746769
usa_NC_0035_0002,08-Dec-2019,13128.4829598322,457957.694876939,3933955.64110021
usa_NC_0035_0001,08-Dec-2019,13112.0676235973,457950.775914419,3933906.49365161
usa_NC_0034_0250,08-Dec-2019,13097.7015873455,457946.021627406,3933856.97156756
usa_NC_0034_0249,08-Dec-2019,13086.7074262302,457944.8325131,3933806.81574552
usa_NC_0034_0248,08-Dec-2019,13079.0400580009,457947.16673214,3933756.00549665
usa_NC_0034_0247,08-Dec-2019,13056.590474069,457933.879982343,3933707.93020858
usa_NC_0034_0246,08-Dec-2019,13024.3177804421,457910.195667402,3933661.75786433
usa_NC_0034_0245,08-Dec-2019,12992.3508319552,457886.84385438,3933615.48186794
usa_NC_0034_0244,08-Dec-2019,12969.7449113755,457873.402578191,3933567.38205356
usa_NC_0034_0243,08-Dec-2019,12950.6872708421,457863.716692766,3933518.59682759
usa_NC_0034_0242,08-Dec-2019,12933.2697777913,457855.768149664,3933469.48746974
usa_NC_0034_0241,08-Dec-2019,12914.5971835137,457846.490271453,3933420.62543298
usa_NC_0034_0240,08-Dec-2019,12895.5783475188,457836.84529663,3933371.83350659
usa_NC_0034_0239,08-Dec-2019,12876.4376490991,457827.070819118,3933323.06775853
usa_NC_0034_0238,08-Dec-2019,12861.2987894168,457821.541015073,3933273.48269525
usa_NC_0034_0237,08-Dec-2019,12847.6776153947,457817.631177685,3933223.53593134
usa_NC_0034_0236,08-Dec-2019,12834.542913723,457814.242437842,3933173.46401898
usa_NC_0034_0235,08-Dec-2019,12817.3186680342,457806.515234094,3933124.23319717
usa_NC_0034_0234,08-Dec-2019,12803.9562400849,457802.889613294,3933074.18456823
usa_NC_0034_0233,08-Dec-2019,12793.3317485101,457802.17503519,3933023.54052735
usa_NC_0034_0232,08-Dec-2019,12780.634713341,457799.262937964,3932973.31686434
usa_NC_0034_0231,08-Dec-2019,12764.8734232459,457793.096121609,3932923.74319439
usa_NC_0034_0230,08-Dec-2019,12750.0009588735,457787.875456175,3932873.97058338
usa_NC_0034_0229,08-Dec-2019,12736.4774212846,457784.092157704,3932823.88884026
usa_NC_0034_0228,08-Dec-2019,12716.6826512626,457773.642956086,3932775.1617347
usa_NC_0034_0227,08-Dec-2019,12695.3435147074,457761.551189619,3932726.77325885
usa_NC_0034_0226,08-Dec-2019,12674.704362367,457750.203785515,3932678.23195085
usa_NC_0034_0225,08-Dec-2019,12656.2046200166,457741.133430708,3932629.21350611
usa_NC_0034_0224,08-Dec-2019,12633.9275186883,457728.042559645,3932581.03819956
usa_NC_0034_0223,08-Dec-2019,12614.28415252,457717.761206932,3932532.2437759
usa_NC_0034_0222,08-Dec-2019,12593.0184951313,457705.76474022,3932483.7533713
usa_NC_0034_0221,08-Dec-2019,12570.9326621322,457692.894479927,3932435.45014728
usa_NC_0034_0220,08-Dec-2019,12550.8179463472,457682.133510992,3932386.65046
usa_NC_0034_0219,08-Dec-2019,12528.6742797524,457669.212483066,3932338.30615351
usa_NC_0034_0218,08-Dec-2019,12507.0013434575,457656.792792706,3932289.85524837
usa_NC_0034_0217,08-Dec-2019,12488.306494358,457647.545515108,3932240.72650148
usa_NC_0034_0216,08-Dec-2019,12464.4958190156,457632.848420293,3932192.76303776
usa_NC_0034_0215,08-Dec-2019,12446.0343433464,457623.849833519,3932143.58072563
usa_NC_0034_0214,08-Dec-2019,12424.3370639411,457611.404040231,3932095.13621889
usa_NC_0034_0213,08-Dec-2019,12406.5073126747,457603.078653326,3932045.80884746
usa_NC_0034_0212,08-Dec-2019,12387.4700761518,457593.467773872,3931996.75239154
usa_NC_0034_0211,08-Dec-2019,12369.8417200148,457585.358296658,3931947.37230878
usa_NC_0034_0210,08-Dec-2019,12354.1428207025,457579.304800038,3931897.54994393
usa_NC_0034_0209,08-Dec-2019,12334.7450739436,457569.310338937,3931848.57327901
usa_NC_0034_0208,08-Dec-2019,12310.9860055394,457554.668656163,3931800.59587885
usa_NC_0034_0207,08-Dec-2019,12284.8023853676,457537.443148656,3931753.17566795
usa_NC_0034_0206,08-Dec-2019,12260.1643424939,457521.878100576,3931705.33345509
usa_NC_0034_0205,08-Dec-2019,12235.6809367338,457506.488163922,3931657.40408009
usa_NC_0034_0204,08-Dec-2019,12212.9101247735,457492.923867052,3931609.07841561
usa_NC_0034_0203,08-Dec-2019,12187.9141285922,457476.992392732,3931561.24319049
usa_NC_0034_0202,08-Dec-2019,12164.8979915043,457463.188451186,3931512.86482774
usa_NC_0034_0201,08-Dec-2019,12144.6361718706,457452.318130493,3931463.86166122
usa_NC_0034_0200,08-Dec-2019,12122.4384613,457439.387809647,3931415.28805691
usa_NC_0034_0199,08-Dec-2019,12102.4901915514,457428.851911698,3931366.21145575
usa_NC_0034_0198,08-Dec-2019,12080.078656393,457415.696028063,3931317.67543912
usa_NC_0034_0197,08-Dec-2019,12055.9182008339,457400.681855876,3931269.51371276
usa_NC_0034_0196,08-Dec-2019,12036.5810281532,457390.79737011,3931220.29581837
usa_NC_0034_0195,08-Dec-2019,12014.3979848,457377.888690603,3931171.68876404
usa_NC_0034_0194,08-Dec-2019,11995.8953999884,457368.892166741,3931122.2863357
usa_NC_0034_0193,08-Dec-2019,11977.81106085,457360.339551217,3931072.79686078
usa_NC_0034_0192,08-Dec-2019,11959.1426168523,457351.166102362,3931023.43340064
usa_NC_0034_0191,08-Dec-2019,11939.3599639139,457340.809558938,3930974.30443607
usa_NC_0034_0190,08-Dec-2019,11922.493103393,457333.547986625,3930924.56726726
usa_NC_0034_0189,08-Dec-2019,11905.3953256142,457326.040134825,3930874.88413106
usa_NC_0034_0188,08-Dec-2019,11888.7438429212,457318.992559412,3930825.17518125
usa_NC_0034_0187,08-Dec-2019,11873.8508549273,457313.78907189,3930775.21186718
usa_NC_0034_0186,08-Dec-2019,11851.7496030172,457300.937443521,3930726.73671459
usa_NC_0034_0185,08-Dec-2019,11827.1420625255,457285.427768753,3930678.77305605
usa_NC_0034_0184,08-Dec-2019,11799.1124289369,457266.289096741,3930631.5062596
usa_NC_0034_0183,08-Dec-2019,11781.2016948427,457257.883135839,3930582.16883021
usa_NC_0034_0182,08-Dec-2019,11758.904356422,457244.824965156,3930533.72660262
usa_NC_0034_0181,08-Dec-2019,11735.714555924,457230.82068307,3930485.46456088
usa_NC_0034_0180,08-Dec-2019,11715.3797269906,457219.844294655,3930436.61960791
usa_NC_0034_0179,08-Dec-2019,11697.244704653,457211.200653274,3930387.3270084
usa_NC_0034_0178,08-Dec-2019,11678.2261836847,457201.619781558,3930338.21589379
usa_NC_0034_0177,08-Dec-2019,11657.8062053945,457190.549962324,3930289.40396013
usa_NC_0034_0176,08-Dec-2019,11643.0156224658,457185.448863176,3930239.450861
usa_NC_0034_0175,08-Dec-2019,11625.3667132929,457177.317142824,3930190.07720273
usa_NC_0034_0174,08-Dec-2019,11610.8604702694,457172.517061258,3930140.06877335
usa_NC_0034_0173,08-Dec-2019,11591.6943601926,457162.776828531,3930091.00196806
usa_NC_0034_0172,08-Dec-2019,11571.8576221422,457152.325854657,3930042.06955574
usa_NC_0034_0171,08-Dec-2019,11551.88740773,457141.733611542,3929993.16293646
usa_NC_0034_0170,08-Dec-2019,11531.7377483444,457130.937333837,3929944.36161949
usa_NC_0034_0169,08-Dec-2019,11507.5195159356,457115.826273037,3929896.38990688
usa_NC_0034_0168,08-Dec-2019,11480.1071889608,457097.328587842,3929849.06567885
usa_NC_0034_0167,08-Dec-2019,11459.3795592982,457085.91681385,3929800.39497478
usa_NC_0034_0166,08-Dec-2019,11436.8771887569,457072.623220578,3929752.08454766
usa_NC_0034_0165,08-Dec-2019,11418.0762498563,457063.253580182,3929703.02674098
usa_NC_0034_0164,08-Dec-2019,11402.9443717662,457057.774039851,3929653.2257685
usa_NC_0034_0163,08-Dec-2019,11384.7848451162,457049.093778327,3929603.99137681
usa_NC_0034_0162,08-Dec-2019,11367.2414705615,457041.10505521,3929554.44068264
usa_NC_0034_0161,08-Dec-2019,11347.155078291,457030.420259908,3929505.40433766
usa_NC_0034_0160,08-Dec-2019,11328.8728464758,457021.647554005,3929456.00636989
usa_NC_0034_0159,08-Dec-2019,11311.8925000763,457014.253737552,3929406.35184674
usa_NC_0034_0158,08-Dec-2019,11292.42451338,457004.223752339,3929357.19450171
usa_NC_0034_0157,08-Dec-2019,11274.2044234741,456995.515433715,3929307.79144526
usa_NC_0034_0156,08-Dec-2019,11257.4400579231,456988.348147645,3929258.10549628
usa_NC_0034_0155,08-Dec-2019,11242.56994003,456983.185350615,3929208.05526496
usa_NC_0034_0154,08-Dec-2019,11224.8008284484,456974.952034756,3929158.57659862
usa_NC_0034_0153,08-Dec-2019,11206.9531960907,456966.632532123,3929109.12852737
usa_NC_0034_0152,08-Dec-2019,11190.8614592634,456960.149437677,3929059.45125961
usa_NC_0034_0151,08-Dec-2019,11177.6829496446,456956.748960117,3929009.21452172
usa_NC_0034_0150,08-Dec-2019,11162.0194773623,456950.718159103,3928959.45937463
usa_NC_0034_0149,08-Dec-2019,11146.2786436061,456944.605077686,3928909.72118997
usa_NC_0034_0148,08-Dec-2019,11127.5852721057,456935.367483285,3928860.55152539
usa_NC_0034_0147,08-Dec-2019,11106.3206310156,456923.40926617,3928811.874892
usa_NC_0034_0146,08-Dec-2019,11083.8386150704,456910.186019916,3928763.3162979
usa_NC_0034_0145,08-Dec-2019,11053.7536843659,456888.974432775,3928715.93432847
usa_NC_0034_0144,08-Dec-2019,11030.8825179,456875.397213977,3928667.16119015
usa_NC_0034_0143,08-Dec-2019,11008.0502019816,456861.864248342,3928618.36485879
usa_NC_0034_0142,08-Dec-2019,10992.7992181656,456856.339657677,3928568.18150178
usa_NC_0034_0141,08-Dec-2019,10974.3784639462,456847.465413432,3928518.58474728
usa_NC_0034_0140,08-Dec-2019,10959.2736987734,456842.088219723,3928468.40995965
usa_NC_0034_0139,08-Dec-2019,10940.7104516279,456833.059879887,3928418.85717173
usa_NC_0034_0138,08-Dec-2019,10920.2752904983,456822.073024203,3928369.55257475
usa_NC_0034_0137,08-Dec-2019,10903.2826145612,456814.738104508,3928319.54038878
usa_NC_0034_0136,08-Dec-2019,10887.8196081626,456809.012955439,3928269.27868435
usa_NC_0034_0135,08-Dec-2019,10866.7841212965,456797.423629546,3928219.92542609
usa_NC_0034_0134,08-Dec-2019,10848.8962678217,456789.148280973,3928170.05113066
usa_NC_0034_0133,08-Dec-2019,10830.4373015132,456780.273739847,3928120.26085379
usa_NC_0034_0132,08-Dec-2019,10811.0647145577,456770.441494167,3928070.60080052
usa_NC_0034_0131,08-Dec-2019,10793.3886727069,456762.341075718,3928020.93202941
usa_NC_0034_0130,08-Dec-2019,10775.5586346409,456754.075533007,3927971.30371165
usa_NC_0034_0129,08-Dec-2019,10753.5646472128,456741.442786493,3927922.28059618
usa_NC_0034_0128,08-Dec-2019,10735.8985771176,456733.351498816,3927872.61702022
usa_NC_0034_0127,08-Dec-2019,10718.2978512552,456725.329041272,3927822.94246431
usa_NC_0034_0126,08-Dec-2019,10699.0057130476,456715.534450328,3927773.50452745
usa_NC_0034_0125,08-Dec-2019,10679.5213210946,456705.539906471,3927724.08609954
usa_NC_0034_0124,08-Dec-2019,10665.1691298497,456700.921426903,3927673.95503961
usa_NC_0034_0123,08-Dec-2019,10645.8337136076,456691.084232019,3927624.50944763
usa_NC_0034_0122,08-Dec-2019,10625.06233675,456679.745727861,3927575.24881849
usa_NC_0034_0121,08-Dec-2019,10604.4023907129,456668.519143096,3927525.99676872
usa_NC_0034_0120,08-Dec-2019,10585.47924498,456659.018104381,3927476.97286918
usa_NC_0034_0119,08-Dec-2019,10568.4209250391,456651.435007585,3927427.86765257
usa_NC_0034_0118,08-Dec-2019,10550.4060540968,456642.848867782,3927378.9004633
usa_NC_0034_0117,08-Dec-2019,10532.4762658437,456634.349533093,3927329.933072
usa_NC_0034_0116,08-Dec-2019,10515.2982416405,456626.635091422,3927280.87426647
usa_NC_0034_0115,08-Dec-2019,10497.5717772847,456618.344367416,3927231.90053389
usa_NC_0034_0114,08-Dec-2019,10480.701475381,456610.948270964,3927182.81901171
usa_NC_0034_0113,08-Dec-2019,10464.8516060931,456604.609777975,3927133.65242886
usa_NC_0034_0112,08-Dec-2019,10446.8590033656,456595.97896202,3927085.02245731
usa_NC_0034_0111,08-Dec-2019,10431.1421872971,456589.729538354,3927036.08914989
usa_NC_0034_0110,08-Dec-2019,10414.3048388953,456582.301771594,3926987.33428963
usa_NC_0034_0109,08-Dec-2019,10397.0957838348,456574.480034044,3926938.65407275
usa_NC_0034_0108,08-Dec-2019,10379.7987736398,456566.561726263,3926890.00826722
usa_NC_0034_0107,08-Dec-2019,10365.8663039813,456562.142823223,3926841.02042045
usa_NC_0034_0106,08-Dec-2019,10352.0866825815,456557.980678817,3926791.52768932
usa_NC_0034_0105,08-Dec-2019,10335.3762760285,456550.712318671,3926742.6229222
usa_NC_0034_0104,08-Dec-2019,10320.1054089829,456545.105965407,3926692.74726554
usa_NC_0034_0103,08-Dec-2019,10307.9476473184,456542.816980155,3926642.15739633
usa_NC_0034_0102,08-Dec-2019,10288.383334161,456532.746070115,3926592.71327079
usa_NC_0034_0101,08-Dec-2019,10270.9466748766,456524.911581025,3926542.93533283
usa_NC_0034_0100,08-Dec-2019,10250.302021477,456513.710484517,3926493.63377335
usa_NC_0034_0099,08-Dec-2019,10228.410778085,456501.204132366,3926444.50246775
usa_NC_0034_0098,08-Dec-2019,10204.9535976372,456487.058657557,3926395.58248483
usa_NC_0034_0097,08-Dec-2019,10184.4164917385,456475.980451423,3926346.21478404
usa_NC_0034_0096,08-Dec-2019,10164.2344582567,456465.238129535,3926296.978237
usa_NC_0034_0095,08-Dec-2019,10149.034330238,456459.591230122,3926247.66649149
usa_NC_0034_0094,08-Dec-2019,10133.0103104419,456453.063393149,3926198.55871295
usa_NC_0034_0093,08-Dec-2019,10121.0776425988,456450.828436736,3926148.84718642
usa_NC_0034_0092,08-Dec-2019,10109.0065163024,456448.450363914,3926099.1452717
usa_NC_0034_0091,08-Dec-2019,10092.4017025205,456441.317741293,3926050.10009575
usa_NC_0034_0090,08-Dec-2019,10075.6960662756,456434.080422402,3926001.06433095
usa_NC_0034_0089,08-Dec-2019,10058.9792819116,456426.83247834,3925952.02484618
usa_NC_0034_0088,08-Dec-2019,10041.1286109258,456418.395576753,3925903.14877611
usa_NC_0034_0087,08-Dec-2019,10018.7768954468,456405.235080685,3925854.94112009
usa_NC_0034_0086,08-Dec-2019,9998.43911298261,456394.188502348,3925806.43235094
usa_NC_0034_0085,08-Dec-2019,9978.101110662,456383.141960584,3925757.92227677
usa_NC_0034_0084,08-Dec-2019,9961.82789629396,456376.363556246,3925708.79671422
usa_NC_0034_0083,08-Dec-2019,9948.82460805359,456373.019983561,3925659.16941179
usa_NC_0034_0082,08-Dec-2019,9931.15733532192,456364.780274385,3925610.24245505
usa_NC_0034_0081,08-Dec-2019,9915.9680252376,456359.206087221,3925560.62203753
usa_NC_0034_0080,08-Dec-2019,9901.57757317079,456354.472922465,3925510.86964837
usa_NC_0034_0079,08-Dec-2019,9887.44529328755,456350.038767809,3925460.9384332
usa_NC_0034_0078,08-Dec-2019,9872.18793987839,456344.433379938,3925411.1269096
usa_NC_0034_0077,08-Dec-2019,9856.56915022215,456338.449336796,3925361.36579787
usa_NC_0034_0076,08-Dec-2019,9841.78442393213,456333.34097677,3925311.47892312
usa_NC_0034_0075,08-Dec-2019,9830.8998665392,456332.323711307,3925261.02244684
usa_NC_0034_0074,08-Dec-2019,9820.83159065444,456332.161334984,3925210.45352207
usa_NC_0034_0073,08-Dec-2019,9812.35503389018,456333.66639016,3925159.66318043
usa_NC_0034_0072,08-Dec-2019,9804.57785669927,456335.902550177,3925108.78326657
usa_NC_0034_0071,08-Dec-2019,9788.34533742583,456329.274522532,3925059.11284246
usa_NC_0034_0070,08-Dec-2019,9771.27489517531,456321.848467225,3925009.15986768
usa_NC_0034_0069,08-Dec-2019,9754.18000728363,456314.432369238,3924959.03230909
usa_NC_0034_0068,08-Dec-2019,9739.12280248769,456309.152338051,3924908.61399915
usa_NC_0034_0067,08-Dec-2019,9723.9894056283,456303.808296278,3924858.12719051
usa_NC_0034_0066,08-Dec-2019,9707.75952317445,456297.362510499,3924807.5582165
usa_NC_0034_0065,08-Dec-2019,9692.00175288622,456291.413602414,3924756.91201479
usa_NC_0034_0064,08-Dec-2019,9677.37142419176,456286.643167172,3924706.12197668
usa_NC_0034_0063,08-Dec-2019,9661.91099143402,456281.009527147,3924655.41546088
usa_NC_0034_0062,08-Dec-2019,9652.26022888577,456281.422398028,3924604.09848342
usa_NC_0034_0061,08-Dec-2019,9642.09098242951,456281.287799944,3924552.87526199
usa_NC_0034_0060,08-Dec-2019,9628.50673622051,456277.599741539,3924502.00708718
usa_NC_0034_0059,08-Dec-2019,9611.35870426567,456270.213877433,3924451.45701642
usa_NC_0034_0058,08-Dec-2019,9593.92792308986,456262.541019943,3924400.90021134
usa_NC_0034_0057,08-Dec-2019,9578.93303089736,456257.396898581,3924350.11975827
usa_NC_0034_0056,08-Dec-2019,9565.16198498507,456253.520633902,3924299.2401415
usa_NC_0034_0055,08-Dec-2019,9554.02786539694,456252.369105301,3924248.1819753
usa_NC_0034_0054,08-Dec-2019,9538.87087112858,456246.942950958,3924197.98566379
usa_NC_0034_0053,08-Dec-2019,9525.81620553265,456243.652822286,3924147.82871306
usa_NC_0034_0052,08-Dec-2019,9510.97351746805,456238.516077157,3924097.78809117
usa_NC_0034_0051,08-Dec-2019,9494.97486013118,456232.186558898,3924047.81728411
usa_NC_0034_0050,08-Dec-2019,9474.16771495397,456220.895557885,3923998.13639472
usa_NC_0034_0049,08-Dec-2019,9461.69480242197,456218.207393428,3923947.93585537
usa_NC_0034_0048,08-Dec-2019,9447.54653808772,456213.790366096,3923897.83735508
usa_NC_0034_0047,08-Dec-2019,9432.92423076904,456208.884651018,3923847.76524338
usa_NC_0034_0046,08-Dec-2019,9423.22936220068,456209.059726126,3923797.41319821
usa_NC_0034_0045,08-Dec-2019,9410.85100398604,456206.466635506,3923747.21941369
usa_NC_0034_0044,08-Dec-2019,9393.97972018899,456199.242757774,3923697.27103377
usa_NC_0034_0043,08-Dec-2019,9377.66858570379,456192.597555521,3923647.28536015
usa_NC_0034_0042,08-Dec-2019,9365.86941942998,456190.601100867,3923597.06158136
usa_NC_0034_0041,08-Dec-2019,9355.42564726286,456190.000454839,3923546.76964866
usa_NC_0034_0040,08-Dec-2019,9339.95383944124,456184.223201626,3923496.72377647
usa_NC_0034_0039,08-Dec-2019,9329.19528478022,456183.299451993,3923446.44234282
usa_NC_0034_0038,08-Dec-2019,9317.74821195674,456181.667179107,3923396.19290381
usa_NC_0034_0037,08-Dec-2019,9305.12126983551,456178.821429234,3923345.99492029
usa_NC_0034_0036,08-Dec-2019,9288.91089045023,456172.283306817,3923295.9875635
usa_NC_0034_0035,08-Dec-2019,9275.11740195248,456168.200984553,3923246.02460447
usa_NC_0034_0034,08-Dec-2019,9260.2957627381,456163.061887464,3923196.10317143
usa_NC_0034_0033,08-Dec-2019,9246.01847692267,456158.483241656,3923146.15503399
usa_NC_0034_0032,08-Dec-2019,9232.81813107678,456155.012493944,3923096.1585172
usa_NC_0034_0031,08-Dec-2019,9221.78825375906,456153.773606541,3923046.06950754
usa_NC_0034_0030,08-Dec-2019,9208.10441668474,456149.80648506,3922996.08962576
usa_NC_0034_0029,08-Dec-2019,9194.58819767992,456146.012168245,3922946.10037155
usa_NC_0034_0028,08-Dec-2019,9185.17745198339,456146.438050616,3922895.94315974
usa_NC_0034_0027,08-Dec-2019,9171.23715860098,456142.20849287,3922845.96783148
usa_NC_0034_0026,08-Dec-2019,9152.67267434838,456133.227424373,3922796.17216678
usa_NC_0034_0025,08-Dec-2019,9140.17649004895,456130.483292224,3922746.13294767
usa_NC_0034_0024,08-Dec-2019,9136.71129385583,456137.018597224,3922695.74387436
usa_NC_0034_0023,08-Dec-2019,9123.02075005139,456133.047202113,3922645.75115291
usa_NC_0034_0022,08-Dec-2019,9109.19163406969,456128.933957991,3922595.76112037
usa_NC_0034_0021,08-Dec-2019,9098.83296718066,456128.386141894,3922545.63912543
usa_NC_0034_0020,08-Dec-2019,9094.67177447176,456134.203847066,3922495.289305
usa_NC_0034_0019,08-Dec-2019,9077.75131949819,456126.916122398,3922445.40950332
usa_NC_0034_0018,08-Dec-2019,9046.47520420672,456104.886886444,3922396.04037184
usa_NC_0034_0017,08-Dec-2019,9030.10266779935,456098.146526728,3922346.2175488
usa_NC_0034_0016,08-Dec-2019,9020.56011791978,456098.365530458,3922296.42299763
usa_NC_0034_0015,08-Dec-2019,9012.07728784177,456099.673521654,3922246.58682314
usa_NC_0034_0014,08-Dec-2019,9003.50901036877,456100.86931176,3922196.87608043
usa_NC_0034_0013,08-Dec-2019,8995.53076851158,456102.67258974,3922147.13637506
usa_NC_0034_0012,08-Dec-2019,8976.7527150836,456093.45171312,3922097.45089047
usa_NC_0034_0011,08-Dec-2019,8954.71461224208,456080.827317021,3922048.16085185
usa_NC_0034_0010,08-Dec-2019,8939.25428391735,456074.962105117,3921998.61374123
usa_NC_0034_0009,08-Dec-2019,8928.63330645368,456074.07200657,3921948.86600383
usa_NC_0034_0008,08-Dec-2019,8919.35918112706,456074.567693758,3921899.05667851
usa_NC_0034_0007,08-Dec-2019,8904.27426040313,456069.083343905,3921849.5194126
usa_NC_0034_0006,08-Dec-2019,8888.8356367127,456063.232065544,3921800.01333877
usa_NC_0034_0005,08-Dec-2019,8876.39804708241,456060.467695675,3921750.37442344
usa_NC_0034_0004,08-Dec-2019,8863.46299394653,456057.191429109,3921700.75852082
usa_NC_0034_0003,08-Dec-2019,8851.92604636568,456055.354168296,3921651.07625941
usa_NC_0034_0002,08-Dec-2019,8841.73035564367,456054.898168757,3921601.32649773
usa_NC_0034_0001,08-Dec-2019,8834.68061672157,456057.682501641,3921551.41566379
usa_NC_0033_0260,08-Dec-2019,8830.57502069912,456063.50108526,3921501.34517432
usa_NC_0033_0259,08-Dec-2019,8822.10189566921,456064.823927668,3921451.48420667
usa_NC_0033_0258,08-Dec-2019,8811.39438474789,456063.846298251,3921401.73289954
usa_NC_0033_0257,08-Dec-2019,8802.47058971295,456064.707436297,3921351.88256505
usa_NC_0033_0256,08-Dec-2019,8792.02322564843,456063.999700408,3921302.10821948
usa_NC_0033_0255,08-Dec-2019,8781.82834942789,456063.553051942,3921252.31581818
usa_NC_0033_0254,08-Dec-2019,8771.49647628709,456062.966072202,3921202.52654951
usa_NC_0033_0253,08-Dec-2019,8763.58038668688,456064.871132954,3921152.59466725
usa_NC_0033_0252,08-Dec-2019,8756.42539737668,456067.562958412,3921102.60964985
usa_NC_0033_0251,08-Dec-2019,8741.21854680197,456061.950659631,3921053.09044257
usa_NC_0033_0250,08-Dec-2019,8716.79019463095,456046.822900052,3921004.12999095
usa_NC_0033_0249,08-Dec-2019,8697.24011146242,456036.769741275,3920954.66965147
usa_NC_0033_0248,08-Dec-2019,8685.90501477192,456035.221319556,3920904.57203863
usa_NC_0033_0247,08-Dec-2019,8672.73043523325,456031.774987741,3920854.58482897
usa_NC_0033_0246,08-Dec-2019,8658.49182460007,456027.240311417,3920804.61402318
usa_NC_0033_0245,08-Dec-2019,8645.77030171361,456024.308301668,3920754.36504151
usa_NC_0033_0244,08-Dec-2019,8634.99266812701,456023.380544856,3920704.00629564
usa_NC_0033_0243,08-Dec-2019,8623.69888146338,456021.919768389,3920653.680891
usa_NC_0033_0242,08-Dec-2019,8613.01529583407,456021.08682206,3920603.32763377
usa_NC_0033_0241,08-Dec-2019,8605.81741580063,456023.844083208,3920552.79626714
usa_NC_0033_0240,08-Dec-2019,8599.40758356713,456027.410324091,3920502.23811452
usa_NC_0033_0239,08-Dec-2019,8593.21174247083,456031.193778716,3920451.68500592
usa_NC_0033_0238,08-Dec-2019,8587.22788673223,456035.192232563,3920401.13778751
usa_NC_0033_0237,08-Dec-2019,8581.46818829806,456039.418062537,3920350.59663783
usa_NC_0033_0236,08-Dec-2019,8578.20779928341,456046.212570657,3920299.95560943
usa_NC_0033_0235,08-Dec-2019,8570.45074866063,456048.375779691,3920249.54348164
usa_NC_0033_0234,08-Dec-2019,8559.36557456017,456047.082068316,3920199.44663509
usa_NC_0033_0233,08-Dec-2019,8545.45297443067,456042.865336908,3920149.54844625
usa_NC_0033_0232,08-Dec-2019,8524.31253855793,456031.213263796,3920099.97361139
usa_NC_0033_0231,08-Dec-2019,8496.99939563496,456013.212119808,3920050.67067239
usa_NC_0033_0230,08-Dec-2019,8468.13160400043,455993.612973732,3920001.43088127
usa_NC_0033_0229,08-Dec-2019,8444.84733422734,455979.758320966,3919951.93793266
usa_NC_0033_0228,08-Dec-2019,8430.51501494647,455975.112104722,3919902.04709018
usa_NC_0033_0227,08-Dec-2019,8418.88779594366,455973.248242248,3919852.03727052
usa_NC_0033_0226,08-Dec-2019,8409.66102639147,455973.853076695,3919801.92340265
usa_NC_0033_0225,08-Dec-2019,8398.85361460528,455972.832020683,3919751.87959351
usa_NC_0033_0224,08-Dec-2019,8388.651880406,455972.430275611,3919701.82748047
usa_NC_0033_0223,08-Dec-2019,8377.98321577347,455971.546161026,3919651.80643477
usa_NC_0033_0222,08-Dec-2019,8367.54417582266,455970.898236548,3919601.77525105
usa_NC_0033_0221,08-Dec-2019,8358.57608575812,455971.762892258,3919551.68126167
usa_NC_0033_0220,08-Dec-2019,8350.81657337666,455973.870171455,3919501.53646457
usa_NC_0033_0219,08-Dec-2019,8345.16614766701,455978.145823089,3919451.3036411
usa_NC_0033_0218,08-Dec-2019,8339.10611670822,455981.999991589,3919401.08973485
usa_NC_0033_0217,08-Dec-2019,8336.68759917789,455989.601304349,3919350.7074843
usa_NC_0033_0216,08-Dec-2019,8332.46605105306,455995.349954162,3919300.3952304
usa_NC_0033_0215,08-Dec-2019,8322.78650236159,455995.487226599,3919250.31054597
usa_NC_0033_0214,08-Dec-2019,8309.37846207141,455991.791916228,3919200.37789586
usa_NC_0033_0213,08-Dec-2019,8296.78004218441,455988.863560617,3919150.73886008
usa_NC_0033_0212,08-Dec-2019,8279.90802684267,455981.529099227,3919101.3401488
usa_NC_0033_0211,08-Dec-2019,8259.50458985113,455970.558891537,3919052.11413709
usa_NC_0033_0210,08-Dec-2019,8242.10218960499,455962.67116029,3919002.77747723
usa_NC_0033_0209,08-Dec-2019,8228.1235248451,455958.309494979,3918953.26744363
usa_NC_0033_0208,08-Dec-2019,8212.84941922027,455952.616296862,3918903.80986359
usa_NC_0033_0207,08-Dec-2019,8198.20660650278,455947.571533671,3918854.32895524
usa_NC_0033_0206,08-Dec-2019,8185.12284599821,455944.131041918,3918804.77599727
usa_NC_0033_0205,08-Dec-2019,8176.27568854309,455945.027447633,3918755.14027539
usa_NC_0033_0204,08-Dec-2019,8168.13443357828,455946.61248016,3918705.66084568
usa_NC_0033_0203,08-Dec-2019,8162.10339641002,455950.3770261,3918656.04340847
usa_NC_0033_0202,08-Dec-2019,8154.60056032303,455952.629081424,3918606.48399581
usa_NC_0033_0201,08-Dec-2019,8147.33349878931,455955.128813661,3918556.88834556
usa_NC_0033_0200,08-Dec-2019,8136.65109519337,455954.106713999,3918507.48771458
usa_NC_0033_0199,08-Dec-2019,8127.52368322834,455954.650751038,3918458.18515205
usa_NC_0033_0198,08-Dec-2019,8115.11046472321,455951.774840925,3918409.22879916
usa_NC_0033_0197,08-Dec-2019,8098.96635858844,455945.03799978,3918360.55411798
usa_NC_0033_0196,08-Dec-2019,8081.65772255,455937.089068201,3918312.00223512
usa_NC_0033_0195,08-Dec-2019,8064.43080999232,455929.216722957,3918263.48414573
usa_NC_0033_0194,08-Dec-2019,8046.70833493129,455920.822521347,3918215.04861236
usa_NC_0033_0193,08-Dec-2019,8028.49355340804,455911.908692827,3918166.70109455
usa_NC_0033_0192,08-Dec-2019,8011.41217492002,455904.127743772,3918118.46832971
usa_NC_0033_0191,08-Dec-2019,7996.36802699911,455898.45390998,3918070.08738844
usa_NC_0033_0190,08-Dec-2019,7981.14667273987,455892.590048402,3918021.75307863
usa_NC_0033_0189,08-Dec-2019,7965.00892078998,455885.765997055,3917973.54725727
usa_NC_0033_0188,08-Dec-2019,7951.28436589453,455881.462687302,3917925.04199164
usa_NC_0033_0187,08-Dec-2019,7936.15094644816,455875.694432949,3917876.67798602
usa_NC_0033_0186,08-Dec-2019,7921.13815135662,455870.052409603,3917828.29785654
usa_NC_0033_0185,08-Dec-2019,7907.77586771082,455866.135377874,3917779.70829322
usa_NC_0033_0184,08-Dec-2019,7893.71622551491,455861.534276057,3917730.98323655
usa_NC_0033_0183,08-Dec-2019,7881.67668495133,455859.067494842,3917681.88644352
usa_NC_0033_0182,08-Dec-2019,7870.25526412792,455857.253270913,3917632.6784656
usa_NC_0033_0181,08-Dec-2019,7857.1455888737,455853.678103342,3917583.66722479
usa_NC_0033_0180,08-Dec-2019,7844.94282593656,455851.053209135,3917534.52871416
usa_NC_0033_0179,08-Dec-2019,7832.63613603509,455848.320649609,3917485.39862967
usa_NC_0033_0178,08-Dec-2019,7818.47156342861,455843.645892466,3917436.50667953
usa_NC_0033_0177,08-Dec-2019,7803.6500359136,455838.286559347,3917387.68795993
usa_NC_0033_0176,08-Dec-2019,7783.61175178034,455827.448508499,3917339.66407364
usa_NC_0033_0175,08-Dec-2019,7766.26686234891,455819.440691243,3917291.22186447
usa_NC_0033_0174,08-Dec-2019,7751.11529194791,455813.742409429,3917242.41506019
usa_NC_0033_0173,08-Dec-2019,7734.87823675386,455806.905072274,3917193.76895089
usa_NC_0033_0172,08-Dec-2019,7719.80173278448,455801.293481686,3917144.91139847
usa_NC_0033_0171,08-Dec-2019,7701.71016270353,455792.506523858,3917096.55775828
usa_NC_0033_0170,08-Dec-2019,7686.36984883803,455786.6230148,3917047.71468426
usa_NC_0033_0169,08-Dec-2019,7668.22482186343,455777.781675888,3916999.36038033
usa_NC_0033_0168,08-Dec-2019,7652.17984620854,455771.144296836,3916950.69384708
usa_NC_0033_0167,08-Dec-2019,7636.13105550241,455764.494759718,3916902.06868795
usa_NC_0033_0166,08-Dec-2019,7620.07142468175,455757.838941518,3916853.41964126
usa_NC_0033_0165,08-Dec-2019,7602.24092650833,455749.312916475,3916805.09252635
usa_NC_0033_0164,08-Dec-2019,7582.59610426727,455738.866390873,3916757.11725877
usa_NC_0033_0163,08-Dec-2019,7565.32523609951,455731.005389762,3916708.31808008
usa_NC_0033_0162,08-Dec-2019,7544.79830776771,455719.702585822,3916660.12628991
usa_NC_0033_0161,08-Dec-2019,7522.95457308161,455707.001182656,3916612.21354407
usa_NC_0033_0160,08-Dec-2019,7506.85690469851,455700.399348381,3916563.10022423
usa_NC_0033_0159,08-Dec-2019,7500.68548378387,455704.34619557,3916511.85406189
usa_NC_0033_0158,08-Dec-2019,7480.49800197391,455693.408840474,3916463.56572941
usa_NC_0033_0157,08-Dec-2019,7465.01811492435,455687.47665711,3916414.2539548
usa_NC_0033_0156,08-Dec-2019,7445.97049347377,455677.753055546,3916365.70860496
usa_NC_0033_0155,08-Dec-2019,7428.09225477614,455669.296942989,3916316.78798723
usa_NC_0033_0154,08-Dec-2019,7409.67871769277,455660.30735238,3916267.80530032
usa_NC_0033_0153,08-Dec-2019,7390.91712930077,455650.947710636,3916218.89827442
usa_NC_0033_0152,08-Dec-2019,7372.24763091341,455641.686470242,3916169.96877508
usa_NC_0033_0151,08-Dec-2019,7354.89542387942,455633.828563147,3916120.73901545
usa_NC_0033_0150,08-Dec-2019,7336.73407480908,455625.109664186,3916071.68867956
usa_NC_0033_0149,08-Dec-2019,7318.04012255008,455615.823897358,3916022.75712402
usa_NC_0033_0148,08-Dec-2019,7298.68103852653,455605.789821704,3915974.176013
usa_NC_0033_0147,08-Dec-2019,7275.12563131464,455591.273693632,3915926.60963605
usa_NC_0033_0146,08-Dec-2019,7254.04766433545,455579.396743041,3915878.47897016
usa_NC_0033_0145,08-Dec-2019,7223.56313394464,455557.220851649,3915833.88345915
usa_NC_0033_0144,08-Dec-2019,7203.34167237545,455545.884899169,3915787.41644776
usa_NC_0033_0143,08-Dec-2019,7162.31971283445,455512.807857326,3915743.59861719
usa_NC_0033_0142,08-Dec-2019,7135.30574091031,455494.798408692,3915695.86399961
usa_NC_0033_0141,08-Dec-2019,7108.55123212072,455477.1476396,3915647.65853595
usa_NC_0033_0140,08-Dec-2019,7085.36852446194,455463.079295334,3915599.75328224
usa_NC_0033_0139,08-Dec-2019,7064.64376745031,455451.59183082,3915551.47602184
usa_NC_0033_0138,08-Dec-2019,7041.13031074401,455437.121274949,3915503.89567094
usa_NC_0033_0137,08-Dec-2019,7019.87242284555,455425.062073976,3915455.75886214
usa_NC_0033_0136,08-Dec-2019,7003.11375948592,455417.817591581,3915406.48833246
usa_NC_0033_0135,08-Dec-2019,6980.75031546815,455404.575107565,3915358.63112042
usa_NC_0033_0134,08-Dec-2019,6959.76491983565,455392.807082398,3915310.42777113
usa_NC_0033_0133,08-Dec-2019,6938.24992711054,455380.471371207,3915262.36263758
usa_NC_0033_0132,08-Dec-2019,6915.40098577996,455366.704833235,3915214.65034488
usa_NC_0033_0131,08-Dec-2019,6891.21025384133,455351.496236694,3915167.30708094
usa_NC_0033_0130,08-Dec-2019,6872.29188692645,455341.937878891,3915118.59441532
usa_NC_0033_0129,08-Dec-2019,6852.98862004303,455331.967652679,3915069.97862991
usa_NC_0033_0128,08-Dec-2019,6834.74134074902,455323.130968354,3915021.07920757
usa_NC_0033_0127,08-Dec-2019,6811.3708625931,455308.797841693,3914973.54077317
usa_NC_0033_0126,08-Dec-2019,6788.83477557696,455295.35841554,3914925.78808273
usa_NC_0033_0125,08-Dec-2019,6768.58115405877,455284.368409772,3914877.42570256
usa_NC_0033_0124,08-Dec-2019,6749.96058724611,455275.132525215,3914828.61902606
usa_NC_0033_0123,08-Dec-2019,6729.05022614426,455263.437192958,3914780.43481862
usa_NC_0033_0122,08-Dec-2019,6707.01610516876,455250.633580532,3914732.06196617
usa_NC_0033_0121,08-Dec-2019,6685.225836701,455237.895285065,3914684.60669778
usa_NC_0033_0120,08-Dec-2019,6662.34756587098,455224.086036445,3914636.95846766
usa_NC_0033_0119,08-Dec-2019,6639.48167895347,455210.287726947,3914589.31869299
usa_NC_0033_0118,08-Dec-2019,6619.107099729,455199.185640646,3914540.89992122
usa_NC_0033_0117,08-Dec-2019,6600.40868501673,455189.895753347,3914491.96621278
usa_NC_0033_0116,08-Dec-2019,6581.283515704,455180.148416259,3914443.14389372
usa_NC_0033_0115,08-Dec-2019,6558.52376593612,455166.489176384,3914395.34981329
usa_NC_0033_0114,08-Dec-2019,6536.02057480009,455153.106173238,3914347.48263886
usa_NC_0033_0113,08-Dec-2019,6516.43955769534,455142.87124749,3914298.77406382
usa_NC_0033_0112,08-Dec-2019,6498.49420476559,455134.400348393,3914249.58493884
usa_NC_0033_0111,08-Dec-2019,6480.73829667616,455126.135990655,3914200.32899915
usa_NC_0033_0110,08-Dec-2019,6464.52786626119,455119.54019377,3914150.61000653
usa_NC_0033_0109,08-Dec-2019,6444.47277326128,455108.80192977,3914102.00096873
usa_NC_0033_0108,08-Dec-2019,6426.60767247938,455100.426998786,3914052.74113491
usa_NC_0033_0107,08-Dec-2019,6409.16076315495,455092.50563485,3914003.34564204
usa_NC_0033_0106,08-Dec-2019,6385.69413632427,455078.091217794,3913955.72333882
usa_NC_0033_0105,08-Dec-2019,6359.271231178,455060.485584581,3913908.984274
usa_NC_0033_0104,08-Dec-2019,6335.45879829846,455045.763512835,3913861.13683492
usa_NC_0033_0103,08-Dec-2019,6325.6828194214,455046.207006587,3913809.02759163
usa_NC_0033_0102,08-Dec-2019,6307.32746304432,455037.389893192,3913759.47867836
usa_NC_0033_0101,08-Dec-2019,6287.76019154211,455027.264174674,3913710.29373758
usa_NC_0033_0100,08-Dec-2019,6269.14311946305,455018.16280351,3913660.83174049
usa_NC_0033_0099,08-Dec-2019,6248.03497339244,455006.373341625,3913612.1092352
usa_NC_0033_0098,08-Dec-2019,6226.66376369044,454994.340254744,3913563.26342561
usa_NC_0033_0097,08-Dec-2019,6203.86018057248,454980.769747226,3913514.80160021
usa_NC_0033_0096,08-Dec-2019,6183.43960885063,454969.767308726,3913465.64943971
usa_NC_0033_0095,08-Dec-2019,6161.64530842155,454957.28319083,3913416.90159543
usa_NC_0033_0094,08-Dec-2019,6138.12147974333,454942.935379043,3913368.65405589
usa_NC_0033_0093,08-Dec-2019,6112.06376994169,454925.85972484,3913321.1264825
usa_NC_0033_0092,08-Dec-2019,6092.55531327672,454915.834924697,3913271.7366587
usa_NC_0033_0091,08-Dec-2019,6070.06860062213,454902.603340992,3913223.19581956
usa_NC_0033_0090,08-Dec-2019,6042.84121988781,454884.272558486,3913175.9801858
usa_NC_0033_0089,08-Dec-2019,6016.41072640873,454866.801571401,3913128.52857583
usa_NC_0033_0088,08-Dec-2019,5992.65556564442,454852.208578049,3913080.3274575
usa_NC_0033_0087,08-Dec-2019,5969.34117627218,454838.089726591,3913032.00294827
usa_NC_0033_0086,08-Dec-2019,5944.5249795008,454822.357927858,3912984.08604372
usa_NC_0033_0085,08-Dec-2019,5920.6778693142,454807.668007601,3912935.90073759
usa_NC_0033_0084,08-Dec-2019,5898.7655221862,454795.055550734,3912887.19272077
usa_NC_0033_0083,08-Dec-2019,5876.09496998298,454781.628703269,3912838.69086456
usa_NC_0033_0082,08-Dec-2019,5853.68704970743,454768.483365014,3912790.12052276
usa_NC_0033_0081,08-Dec-2019,5827.36849136813,454751.143828887,3912742.58232261
usa_NC_0033_0080,08-Dec-2019,5800.89521107634,454733.640728477,3912695.07306543
usa_NC_0033_0079,08-Dec-2019,5771.25304224129,454712.745046908,3912648.3697368
usa_NC_0033_0078,08-Dec-2019,5744.57852485924,454695.035827991,3912600.86499872
usa_NC_0033_0077,08-Dec-2019,5719.28884076491,454678.814703876,3912552.98050944
usa_NC_0033_0076,08-Dec-2019,5698.13849795511,454667.029396206,3912504.02187194
usa_NC_0033_0075,08-Dec-2019,5679.99258519877,454658.460889774,3912454.2976919
usa_NC_0033_0074,08-Dec-2019,5674.39624039689,454663.319205883,3912401.42498919
usa_NC_0033_0073,08-Dec-2019,5657.89544384102,454656.504070888,3912351.32181849
usa_NC_0033_0072,08-Dec-2019,5638.45478196445,454646.543235983,3912301.95786645
usa_NC_0033_0071,08-Dec-2019,5621.44330259733,454639.178982898,3912251.99651602
usa_NC_0033_0070,08-Dec-2019,5591.45844722456,454617.949510567,3912205.21476604
usa_NC_0033_0069,08-Dec-2019,5567.86604317804,454603.557862573,3912156.83663801
usa_NC_0033_0068,08-Dec-2019,5542.0843086239,454586.832482399,3912108.96454926
usa_NC_0033_0067,08-Dec-2019,5523.00574979472,454577.267453947,3912059.46775732
usa_NC_0033_0066,08-Dec-2019,5505.24412152696,454569.12034324,3912009.59587784
usa_NC_0033_0065,08-Dec-2019,5487.620032225,454561.13854844,3911959.59859953
usa_NC_0033_0064,08-Dec-2019,5468.33172191111,454551.380442616,3911909.99761241
usa_NC_0033_0063,08-Dec-2019,5445.76017287232,454538.123156685,3911861.15245059
usa_NC_0033_0062,08-Dec-2019,5420.47968487809,454521.983248881,3911812.90845507
usa_NC_0033_0061,08-Dec-2019,5390.71067388555,454501.069996092,3911765.64574475
usa_NC_0033_0060,08-Dec-2019,5349.82326684373,454468.334485386,3911720.80542764
usa_NC_0033_0059,30-Jan-2016,5332.73992307838,454460.940200697,3911670.62762039
usa_NC_0033_0058,08-Dec-2019,5302.14361311461,454439.176123103,3911623.40079361
usa_NC_0033_0057,08-Dec-2019,5283.67212548714,454430.308109188,3911573.51395198
usa_NC_0033_0056,08-Dec-2019,5264.4721587885,454420.665075761,3911523.78794429
usa_NC_0033_0055,08-Dec-2019,5241.65906985792,454407.185280015,3911474.82365219
usa_NC_0033_0054,08-Dec-2019,5223.87495870878,454398.966896877,3911425.19370951
usa_NC_0033_0053,08-Dec-2019,5214.75470834266,454399.923156078,3911373.86478108
usa_NC_0033_0052,08-Dec-2019,5197.62852258969,454392.380012049,3911324.21328574
usa_NC_0033_0051,08-Dec-2019,5180.70215324787,454385.048262575,3911274.5236178
usa_NC_0033_0050,08-Dec-2019,5161.68967534334,454375.502421717,3911225.2680353
usa_NC_0033_0049,08-Dec-2019,5141.13300749294,454364.318256076,3911176.33076482
usa_NC_0033_0048,08-Dec-2019,5123.36645139971,454356.093967848,3911126.81996228
usa_NC_0033_0047,08-Dec-2019,5105.30446170013,454347.555871578,3911077.37188367
usa_NC_0033_0046,08-Dec-2019,5081.24777412297,454332.660285652,3911029.14626735
usa_NC_0033_0045,08-Dec-2019,5047.43148304481,454307.440371859,3910982.78117984
usa_NC_0033_0044,08-Dec-2019,5028.87361318393,454298.401137589,3910933.31035369
usa_NC_0033_0043,08-Dec-2019,5021.46801853,454301.180944707,3910881.60612684
usa_NC_0033_0042,08-Dec-2019,5008.53101791045,454298.094408984,3910831.03080156
usa_NC_0033_0041,08-Dec-2019,4995.51923594745,454294.92606323,3910780.483252
usa_NC_0033_0040,08-Dec-2019,4979.20610722396,454288.258980368,3910730.59689991
usa_NC_0033_0039,08-Dec-2019,4961.01197772735,454279.599194644,3910681.08345067
usa_NC_0033_0038,08-Dec-2019,4923.65273439904,454250.648293123,3910635.30884223
usa_NC_0033_0037,08-Dec-2019,4898.37891297432,454234.498509408,3910587.14829101
usa_NC_0033_0036,08-Dec-2019,4872.990544356,454218.230537848,3910538.99462629
usa_NC_0033_0035,08-Dec-2019,4848.16934010095,454202.56577943,3910490.71667222
usa_NC_0033_0034,08-Dec-2019,4824.59184416384,454188.219577809,3910442.18719423
usa_NC_0033_0033,08-Dec-2019,4806.68308877335,454179.871427299,3910392.57055798
usa_NC_0033_0032,08-Dec-2019,4792.83357047608,454175.815702378,3910342.18855855
usa_NC_0033_0031,08-Dec-2019,4777.90447684724,454170.616744535,3910292.01831809
usa_NC_0033_0030,08-Dec-2019,4760.7252821994,454163.037945906,3910242.27473095
usa_NC_0033_0029,08-Dec-2019,4745.0495350368,454157.047625972,3910192.25435891
usa_NC_0033_0028,08-Dec-2019,4729.2056695133,454150.878607934,3910142.27029913
usa_NC_0033_0027,08-Dec-2019,4715.37685380548,454146.837324041,3910091.9216831
usa_NC_0033_0026,08-Dec-2019,4703.38504448946,454144.734442642,3910041.24738666
usa_NC_0033_0025,08-Dec-2019,4693.65349269673,454145.057858283,3909989.96578423
usa_NC_0033_0024,08-Dec-2019,4680.11373299748,454141.359206885,3909939.3776491
usa_NC_0033_0023,08-Dec-2019,4663.26647517269,454134.167351588,3909889.39162888
usa_NC_0033_0022,08-Dec-2019,4642.68436944986,454123.035306228,3909840.06371172
usa_NC_0033_0021,08-Dec-2019,4620.01575988261,454109.705172841,3909791.08777599
usa_NC_0033_0020,08-Dec-2019,4594.97406986382,454093.87772873,3909742.49875508
usa_NC_0033_0019,08-Dec-2019,4587.89393756827,454096.979899217,3909690.84223623
usa_NC_0033_0018,08-Dec-2019,4547.96944071901,454065.48253369,3909644.71980556
usa_NC_0033_0017,08-Dec-2019,4507.19333920397,454033.105402656,3909598.65404906
usa_NC_0033_0016,08-Dec-2019,4489.91481307301,454025.459429056,3909548.73971139
usa_NC_0033_0015,08-Dec-2019,4487.35276826857,454033.273094203,3909496.5623062
usa_NC_0033_0014,08-Dec-2019,4472.63761852391,454028.294247323,3909446.38236984
usa_NC_0033_0013,08-Dec-2019,4456.81482786121,454022.149130351,3909396.3862517
usa_NC_0033_0012,08-Dec-2019,4446.13998600297,454021.416568669,3909345.57525434
usa_NC_0033_0011,08-Dec-2019,4432.13659946976,454017.181485603,3909295.30559305
usa_NC_0033_0010,08-Dec-2019,4415.63379801371,454010.317747275,3909245.43541996
usa_NC_0033_0009,08-Dec-2019,4400.3090561221,454004.694638954,3909195.36867192
usa_NC_0033_0008,08-Dec-2019,4382.60504014073,453996.623837423,3909145.40892607
usa_NC_0033_0007,08-Dec-2019,4363.00839039702,453986.566104738,3909095.73383254
usa_NC_0033_0006,08-Dec-2019,4344.87794861045,453978.049053214,3909045.83110604
usa_NC_0033_0005,08-Dec-2019,4311.16647663708,453953.18674793,3908998.21133612
usa_NC_0033_0004,08-Dec-2019,4287.63939330081,453939.018375956,3908949.04920317
usa_NC_0033_0003,08-Dec-2019,4260.82036699031,453921.404525319,3908900.32973296
usa_NC_0033_0002,08-Dec-2019,4235.86913555476,453905.755790126,3908851.30802389
usa_NC_0033_0001,08-Dec-2019,4216.52276031155,453895.983838435,3908801.48000341
usa_NC_0032_0214,08-Dec-2019,4194.84179534112,453883.77184191,3908751.94874789
usa_NC_0032_0213,08-Dec-2019,4173.67946606058,453872.107858256,3908702.32178902
usa_NC_0032_0212,08-Dec-2019,4154.58049947928,453862.606975749,3908652.39983974
usa_NC_0032_0211,08-Dec-2019,4136.86927201188,453854.586563771,3908602.1511233
usa_NC_0032_0210,08-Dec-2019,4119.22952244576,453846.589454481,3908552.15056527
usa_NC_0032_0209,08-Dec-2019,4106.7905848529,453844.027739201,3908501.49061157
usa_NC_0032_0208,08-Dec-2019,4096.3603226438,453843.561752238,3908450.59374007
usa_NC_0032_0207,08-Dec-2019,4085.6377945076,453842.785463555,3908399.75821118
usa_NC_0032_0206,08-Dec-2019,4075.07752289742,453842.175144262,3908348.92015453
usa_NC_0032_0205,08-Dec-2019,4063.22919204329,453840.217211825,3908298.25269416
usa_NC_0032_0204,08-Dec-2019,4051.36724630743,453838.242455977,3908247.59994348
usa_NC_0032_0203,08-Dec-2019,4037.62623310818,453834.305555873,3908197.17703524
usa_NC_0032_0202,08-Dec-2019,4019.60707509943,453825.907452101,3908147.24696517
usa_NC_0032_0201,08-Dec-2019,3996.46691121679,453812.174154543,3908097.88212654
usa_NC_0032_0200,08-Dec-2019,3966.19700523758,453791.018211253,3908049.27770861
usa_NC_0032_0199,08-Dec-2019,3936.46447215881,453770.431878864,3908000.56512448
usa_NC_0032_0198,08-Dec-2019,3914.74738852216,453758.199982486,3907950.94913056
usa_NC_0032_0197,08-Dec-2019,3891.79640134312,453744.686145531,3907901.45145611
usa_NC_0032_0196,08-Dec-2019,3872.61833095951,453735.104139855,3907851.53178639
usa_NC_0032_0195,08-Dec-2019,3847.95146625456,453719.81705135,3907802.15147325
usa_NC_0032_0194,08-Dec-2019,3828.95003483983,453710.42813554,3907752.16695281
usa_NC_0032_0193,08-Dec-2019,3814.09502324587,453705.352732184,3907701.75646299
usa_NC_0032_0192,08-Dec-2019,3802.17202523462,453703.324756241,3907651.05847697
usa_NC_0032_0191,08-Dec-2019,3788.36170366255,453699.335194478,3907600.54540535
usa_NC_0032_0190,08-Dec-2019,3771.91653449278,453692.617650888,3907550.2377345
usa_NC_0032_0189,08-Dec-2019,3753.02176247495,453683.335647081,3907500.26250223
usa_NC_0032_0188,08-Dec-2019,3736.37855207959,453676.388266448,3907450.09435639
usa_NC_0032_0187,08-Dec-2019,3720.89471197375,453670.645503831,3907399.81447591
usa_NC_0032_0186,08-Dec-2019,3704.75126742412,453664.219681691,3907349.58671567
usa_NC_0032_0185,08-Dec-2019,3689.24690478267,453658.458016833,3907299.29669624
usa_NC_0032_0184,08-Dec-2019,3672.69867300407,453651.615330118,3907249.08932808
usa_NC_0032_0183,08-Dec-2019,3657.99147112069,453646.682321981,3907198.72055789
usa_NC_0032_0182,08-Dec-2019,3641.55578104262,453639.959147116,3907148.48944277
usa_NC_0032_0181,08-Dec-2019,3622.54010526829,453630.565249203,3907098.45716128
usa_NC_0032_0180,08-Dec-2019,3602.34804547792,453619.956273026,3907048.50213512
usa_NC_0032_0179,08-Dec-2019,3582.43465813392,453609.639525326,3906998.50683989
usa_NC_0032_0178,08-Dec-2019,3564.04362316575,453600.901891018,3906948.37810471
usa_NC_0032_0177,08-Dec-2019,3545.88554061839,453592.407986318,3906898.21848353
usa_NC_0032_0176,08-Dec-2019,3527.37019935114,453583.547117574,3906848.07208615
usa_NC_0032_0175,08-Dec-2019,3507.32724727474,453573.109345186,3906798.0212349
usa_NC_0032_0174,08-Dec-2019,3489.522346578,453564.988900424,3906747.79507651
usa_NC_0032_0173,08-Dec-2019,3472.23493860769,453557.400758062,3906697.54600295
usa_NC_0032_0172,08-Dec-2019,3451.26271811254,453545.885812424,3906648.1433859
usa_NC_0032_0171,08-Dec-2019,3435.39198537184,453539.637235005,3906598.4203593
usa_NC_0032_0170,08-Dec-2019,3414.19355119724,453527.882680042,3906549.06239869
usa_NC_0032_0169,08-Dec-2019,3395.80551623922,453519.032753086,3906499.51092787
usa_NC_0032_0168,08-Dec-2019,3376.93258186768,453509.681830408,3906449.99203564
usa_NC_0032_0167,08-Dec-2019,3357.6774316156,453499.936046446,3906400.49861134
usa_NC_0032_0166,08-Dec-2019,3339.72940991747,453491.541221611,3906350.91516277
usa_NC_0032_0165,08-Dec-2019,3325.56724470865,453487.058719064,3906301.07338448
usa_NC_0032_0164,08-Dec-2019,3302.45380919556,453473.325377851,3906251.84516742
usa_NC_0032_0163,08-Dec-2019,3285.0418268131,453465.484114164,3906202.22706593
usa_NC_0032_0162,08-Dec-2019,3262.26533175244,453452.099428202,3906152.97355872
usa_NC_0032_0161,08-Dec-2019,3243.10366805247,453442.450431967,3906103.47286317
usa_NC_0032_0160,08-Dec-2019,3225.43326481274,453434.342599881,3906053.86996823
usa_NC_0032_0159,08-Dec-2019,3205.35613255939,453423.747941058,3906004.42980335
usa_NC_0032_0158,08-Dec-2019,3185.74713002336,453413.63744205,3905954.95573212
usa_NC_0032_0157,08-Dec-2019,3165.55960479386,453402.931745157,3905905.50787383
usa_NC_0032_0156,08-Dec-2019,3144.57370533936,453391.401362062,3905856.11270364
usa_NC_0032_0155,08-Dec-2019,3123.05807770926,453379.323919203,3905806.75185872
usa_NC_0032_0154,08-Dec-2019,3115.36720918597,453381.531316437,3905756.45634432
usa_NC_0032_0153,08-Dec-2019,3104.96423339466,453380.936299916,3905706.34443595
usa_NC_0032_0152,08-Dec-2019,3084.45928220762,453369.90362947,3905656.91295297
usa_NC_0032_0151,08-Dec-2019,3062.6987807668,453357.573996068,3905607.56449721
usa_NC_0032_0150,08-Dec-2019,3041.9541200294,453346.294239379,3905558.14621438
usa_NC_0032_0149,08-Dec-2019,3008.76995420637,453322.162623881,3905509.56080559
usa_NC_0032_0148,08-Dec-2019,3003.50009779997,453326.871522774,3905459.10201344
usa_NC_0032_0147,08-Dec-2019,2984.72971410222,453317.632963321,3905409.54416135
usa_NC_0032_0146,08-Dec-2019,2963.62597875204,453305.900928423,3905360.55677922
usa_NC_0032_0145,08-Dec-2019,2941.79791391,453293.289254722,3905312.27496165
usa_NC_0032_0144,08-Dec-2019,2921.7082105524,453282.469341798,3905263.89789825
usa_NC_0032_0143,08-Dec-2019,2901.21077571157,453271.223360169,3905215.57226238
usa_NC_0032_0142,08-Dec-2019,2880.32341138929,453259.56933961,3905167.29867543
usa_NC_0032_0141,08-Dec-2019,2859.45930665267,453247.934475547,3905119.04792305
usa_NC_0032_0140,08-Dec-2019,2841.86439445089,453239.665459712,3905070.63690588
usa_NC_0032_0139,08-Dec-2019,2820.95147067693,453227.897361436,3905022.80376869
usa_NC_0032_0138,08-Dec-2019,2803.09954067027,453219.293610596,3904974.75624947
usa_NC_0032_0137,08-Dec-2019,2784.32660139837,453209.731179672,3904926.80612937
usa_NC_0032_0136,08-Dec-2019,2764.12447725708,453198.682036526,3904879.00250174
usa_NC_0032_0135,08-Dec-2019,2743.74584941455,453187.443673255,3904831.24504952
usa_NC_0032_0134,08-Dec-2019,2728.13387367357,453181.14501017,3904783.09318707
usa_NC_0032_0133,08-Dec-2019,2705.08855908156,453167.127871797,3904735.63283912
usa_NC_0032_0132,08-Dec-2019,2707.85142598589,453179.903081441,3904685.80067754
usa_NC_0032_0131,08-Dec-2019,2686.48136343977,453168.029795333,3904636.16101945
usa_NC_0032_0130,08-Dec-2019,2663.84545743269,453154.930714929,3904586.1957046
usa_NC_0032_0129,08-Dec-2019,2635.59659799622,453136.011308873,3904536.71284225
usa_NC_0032_0128,08-Dec-2019,2635.44105991544,453146.247493066,3904484.69339231
usa_NC_0032_0127,08-Dec-2019,2602.13407933192,453122.089515465,3904435.61314775
usa_NC_0032_0126,08-Dec-2019,2601.60054703967,453131.928458896,3904383.65261803
usa_NC_0032_0125,08-Dec-2019,2569.55006429094,453109.085305768,3904334.40479633
usa_NC_0032_0124,08-Dec-2019,2553.53871614642,453102.876302918,3904283.76612003
usa_NC_0032_0123,08-Dec-2019,2535.29538130595,453094.355760201,3904233.30473671
usa_NC_0032_0122,08-Dec-2019,2512.45316009152,453081.132688736,3904182.90702933
usa_NC_0032_0121,08-Dec-2019,2486.48213176917,453064.675376777,3904132.72740258
usa_NC_0032_0120,08-Dec-2019,2469.286663885,453057.293124073,3904081.91717884
usa_NC_0032_0119,08-Dec-2019,2468.04359419469,453066.419180554,3904029.90321368
usa_NC_0032_0118,08-Dec-2019,2441.02546621153,453048.869699489,3903979.84553684
usa_NC_0032_0117,08-Dec-2019,2420.14729040785,453037.676669269,3903929.3118738
usa_NC_0032_0116,08-Dec-2019,2397.4487606102,453024.60425343,3903878.89353098
usa_NC_0032_0115,08-Dec-2019,2392.73349389958,453030.120601485,3903827.22420369
usa_NC_0032_0114,08-Dec-2019,2358.49204322522,453005.124337482,3903777.57016853
usa_NC_0032_0113,08-Dec-2019,2343.22572895286,452999.736737815,3903726.62302132
usa_NC_0032_0112,08-Dec-2019,2329.57558271398,452996.016310242,3903675.58052575
usa_NC_0032_0111,08-Dec-2019,2306.93234193362,452983.011837271,3903625.10432833
usa_NC_0032_0110,08-Dec-2019,2291.74054645863,452977.69894722,3903574.16359869
usa_NC_0032_0109,08-Dec-2019,2270.62059013217,452966.270419396,3903523.5745731
usa_NC_0032_0108,08-Dec-2019,2267.40426801304,452973.274815774,3903472.10807237
usa_NC_0032_0107,08-Dec-2019,2234.60689807881,452949.731507939,3903422.55249087
usa_NC_0032_0106,08-Dec-2019,2214.77325039673,452939.578104059,3903372.1466982
usa_NC_0032_0105,08-Dec-2019,2195.08453552645,452929.58342198,3903321.68623915
usa_NC_0032_0104,08-Dec-2019,2179.26863338443,452923.583112313,3903271.00060538
usa_NC_0032_0103,08-Dec-2019,2166.48747159701,452920.711209885,3903220.1464685
usa_NC_0032_0102,08-Dec-2019,2148.54178079846,452914.182700388,3903161.23517582
usa_NC_0032_0101,08-Dec-2019,2126.08964630598,452905.819846494,3903088.5058562
usa_NC_0032_0100,08-Dec-2019,2099.09381656141,452891.739290835,3903021.20217502
usa_NC_0032_0099,08-Dec-2019,2073.62801505375,452875.506556965,3902972.47700382
usa_NC_0032_0098,08-Dec-2019,2053.19861005489,452864.457511828,3902923.51300141
usa_NC_0032_0097,08-Dec-2019,2037.15991747447,452858.043505662,3902873.76069122
usa_NC_0032_0096,08-Dec-2019,2021.48303109145,452852.179798742,3902823.10088655
usa_NC_0032_0095,08-Dec-2019,2003.48057691929,452843.924652597,3902772.54064793
usa_NC_0032_0094,08-Dec-2019,1998.39257369473,452848.965412908,3902721.34915007
usa_NC_0032_0093,08-Dec-2019,1979.66769799795,452839.971404842,3902670.79971281
usa_NC_0032_0092,08-Dec-2019,1962.85344660386,452832.94706079,3902620.14384572
usa_NC_0032_0091,08-Dec-2019,1947.56826244189,452827.498665106,3902569.40464563
usa_NC_0032_0090,08-Dec-2019,1931.7116846746,452821.185122553,3902520.07896603
usa_NC_0032_0089,08-Dec-2019,1906.18884344492,452812.389039813,3902433.84692208
usa_NC_0032_0088,08-Dec-2019,1887.86610782451,452806.015274627,3902372.23705503
usa_NC_0032_0087,08-Dec-2019,1864.21141411631,452795.886152518,3902302.20977114
usa_NC_0032_0086,08-Dec-2019,1839.2196227748,452786.507201569,3902221.60472887
usa_NC_0032_0085,08-Dec-2019,1813.98775033862,452777.455799419,3902138.13530214
usa_NC_0032_0084,08-Dec-2019,1778.99592597449,452764.759776953,3902023.09687318
usa_NC_0032_0083,08-Dec-2019,1738.48166784059,452748.437913978,3901898.0208227
usa_NC_0032_0082,08-Dec-2019,1699.29097644409,452733.385806901,3901773.34500837
usa_NC_0032_0081,08-Dec-2019,1676.053401036,452730.668385212,3901668.35548901
usa_NC_0032_0080,08-Dec-2019,1652.8063388522,452721.685735217,3901594.67109957
usa_NC_0032_0079,08-Dec-2019,1599.42446258893,452688.356229647,3901489.0402254
usa_NC_0032_0078,08-Dec-2019,1557.87152217576,452661.346126681,3901412.15140625
usa_NC_0032_0077,08-Dec-2019,1504.63789267648,452626.386969218,3901315.43246813
usa_NC_0032_0076,08-Dec-2019,1475.9237867559,452605.541856401,3901273.21226581
usa_NC_0032_0075,08-Dec-2019,1446.92060792333,452583.804625149,3901233.98132933
usa_NC_0032_0074,08-Dec-2019,1415.66453940173,452559.665755972,3901195.27189575
usa_NC_0032_0073,08-Dec-2019,1387.66397439598,452538.903861276,3901156.27665818
usa_NC_0032_0072,08-Dec-2019,1361.29396197428,452519.865733707,3901116.97625835
usa_NC_0032_0071,08-Dec-2019,1336.22465581935,452502.238569973,3901077.25277336
usa_NC_0032_0070,08-Dec-2019,1313.1318153849,452486.674238884,3901037.29261695
usa_NC_0032_0069,08-Dec-2019,1289.89469816643,452470.93951648,3900997.44887344
usa_NC_0032_0068,08-Dec-2019,1268.34470665149,452456.972666201,3900957.36795985
usa_NC_0032_0067,08-Dec-2019,1244.3734600671,452440.425081895,3900917.84559254
usa_NC_0032_0066,08-Dec-2019,1221.74468863276,452425.282057582,3900878.14534679
usa_NC_0032_0065,08-Dec-2019,1198.33130170649,452409.493397484,3900837.67196898
usa_NC_0032_0064,08-Dec-2019,1176.75566016098,452395.84982871,3900795.84233391
usa_NC_0032_0063,08-Dec-2019,1156.63961065574,452383.744627536,3900753.76288073
usa_NC_0032_0062,08-Dec-2019,1139.37096909433,452374.663571632,3900711.08067523
usa_NC_0032_0061,08-Dec-2019,1124.81058341827,452368.468251272,3900667.77823554
usa_NC_0032_0060,08-Dec-2019,1112.1340010586,452364.286884877,3900624.01084679
usa_NC_0032_0059,08-Dec-2019,1098.16505904815,452357.554478,3900586.41450816
usa_NC_0032_0058,08-Dec-2019,1084.55418987517,452351.093387177,3900549.28775871
usa_NC_0032_0057,08-Dec-2019,1070.90088452184,452344.571991381,3900512.24623297
usa_NC_0032_0056,08-Dec-2019,1057.27366944404,452338.063651265,3900475.27251844
usa_NC_0032_0055,08-Dec-2019,1043.16790995567,452331.02261903,3900438.52243466
usa_NC_0032_0054,08-Dec-2019,1028.9358191919,452323.826753745,3900401.90248587
usa_NC_0032_0053,08-Dec-2019,1013.70077269739,452315.918142922,3900363.73098974
usa_NC_0032_0052,08-Dec-2019,997.063192649119,452306.746176998,3900324.72423346
usa_NC_0032_0051,08-Dec-2019,978.116448623445,452295.307475826,3900285.27669163
usa_NC_0032_0050,08-Dec-2019,958.953367128783,452285.419950823,3900236.96244772
usa_NC_0032_0049,08-Dec-2019,938.794256149376,452274.449201991,3900188.98601508
usa_NC_0032_0048,08-Dec-2019,919.929128242231,452264.891475383,3900140.54188579
usa_NC_0032_0047,08-Dec-2019,903.084618624671,452257.539926156,3900091.36905863
usa_NC_0032_0046,08-Dec-2019,886.340508615667,452250.301358336,3900042.14320045
usa_NC_0032_0045,08-Dec-2019,866.212247984877,452239.374565655,3899994.10423364
usa_NC_0032_0044,08-Dec-2019,843.550421739485,452225.685631891,3899946.95848646
usa_NC_0032_0043,08-Dec-2019,818.525341134529,452209.418938133,3899900.6523979
usa_NC_0032_0042,08-Dec-2019,794.037547211825,452193.738977778,3899854.15201574
usa_NC_0032_0041,08-Dec-2019,778.747458078145,452188.10040677,3899804.33949247
usa_NC_0032_0040,08-Dec-2019,765.999029236285,452185.095023217,3899754.32039134
usa_NC_0032_0039,08-Dec-2019,752.096976213001,452180.616756161,3899705.78484976
usa_NC_0032_0038,08-Dec-2019,736.156445484587,452174.041558386,3899657.34015283
usa_NC_0032_0037,08-Dec-2019,718.07766490713,452165.602718631,3899607.30966849
usa_NC_0032_0036,08-Dec-2019,700.521027164457,452157.734031145,3899557.09058503
usa_NC_0032_0035,08-Dec-2019,679.442292575812,452146.015406094,3899508.16368161
usa_NC_0032_0034,08-Dec-2019,657.354010784973,452132.794629409,3899461.60207567
usa_NC_0032_0033,08-Dec-2019,631.774551469523,452115.724367187,3899416.48817849
usa_NC_0032_0032,08-Dec-2019,610.157609326408,452102.983768467,3899369.92897414
usa_NC_0032_0031,08-Dec-2019,594.608062273423,452096.87266586,3899321.1570818
usa_NC_0032_0030,08-Dec-2019,579.622729183917,452091.376803627,3899272.18565456
usa_NC_0032_0029,08-Dec-2019,564.528922047801,452085.761066027,3899223.26055194
usa_NC_0032_0028,08-Dec-2019,548.611043304991,452079.243522362,3899174.64293236
usa_NC_0032_0027,08-Dec-2019,532.735530253984,452072.770980102,3899126.01631413
usa_NC_0032_0026,08-Dec-2019,513.402762376107,452062.9110565,3899076.69798056
usa_NC_0032_0025,08-Dec-2019,490.406302126063,452049.938846485,3899024.25773938
usa_NC_0032_0024,08-Dec-2019,466.050861347947,452035.483924217,3898972.30224772
usa_NC_0032_0023,08-Dec-2019,454.216424411636,452034.664931456,3898916.00601252
usa_NC_0032_0022,08-Dec-2019,444.67455479972,452036.31421233,3898859.05729161
usa_NC_0032_0021,08-Dec-2019,442.184746453033,452045.596862161,3898799.897183
usa_NC_0032_0020,08-Dec-2019,425.223567173271,452039.122888251,3898745.73723973
usa_NC_0032_0019,08-Dec-2019,406.684979987625,452030.923935149,3898692.15973802
usa_NC_0032_0018,08-Dec-2019,387.701469226533,452022.232186603,3898638.77778667
usa_NC_0032_0017,08-Dec-2019,372.467797016921,452017.589922941,3898584.26728206
usa_NC_0032_0016,08-Dec-2019,358.056571441499,452013.819515592,3898529.59088142
usa_NC_0032_0015,08-Dec-2019,343.965364184809,452010.375676931,3898474.91336119
usa_NC_0032_0014,08-Dec-2019,322.262834271824,451998.222183919,3898424.97927967
usa_NC_0032_0013,08-Dec-2019,303.307386189052,451989.028345565,3898374.25318586
usa_NC_0032_0012,08-Dec-2019,278.542610995304,451973.508339541,3898325.53881161
usa_NC_0032_0011,08-Dec-2019,268.412958359633,451973.795147223,3898272.40877772
usa_NC_0032_0010,08-Dec-2019,261.967375953602,451978.062321264,3898218.16044947
usa_NC_0032_0009,08-Dec-2019,252.019980065383,451979.465295581,3898160.37481299
usa_NC_0032_0008,08-Dec-2019,239.377098641489,451978.070416118,3898102.83478854
usa_NC_0032_0007,08-Dec-2019,224.437506298236,451974.247840876,3898045.72303699
usa_NC_0032_0006,08-Dec-2019,206.5009974024,451967.264372162,3897989.13538833
usa_NC_0032_0005,08-Dec-2019,189.312760980833,451961.142814078,3897932.05308195
usa_NC_0032_0004,08-Dec-2019,181.791367702604,451965.388991377,3897872.41963461
usa_NC_0032_0003,08-Dec-2019,158.14623005009,451952.506559652,3897816.2197085
usa_NC_0032_0002,08-Dec-2019,134.033893155312,451939.229473724,3897759.6105177
usa_NC_0032_0001,08-Dec-2019,105.94575551842,451921.680383451,3897704.09029597
